frame,timestamp_seconds,was_ocr_sampled,primary_min_temp,primary_max_temp,primary_min_text,primary_max_text,accepted_sample_min_temp,accepted_sample_max_temp,accepted_min_text,accepted_max_text,accepted_min_method,accepted_max_method,clean_min_temp_used,clean_max_temp_used,status,retry_attempted
0,0.0,1,29.2,74.9,29.20,74.90,29.2,74.9,29.20,74.90,green_difference/PSM7,gray_otsu/PSM7,29.2,74.9,ACCEPT_PRIMARY,0
1,0.040519289650949177,0,,,,,,,,,,,29.2,74.9,UNSAMPLED,0
2,0.08103857930189835,0,,,,,,,,,,,29.2,74.9,UNSAMPLED,0
3,0.12155786895284752,0,,,,,,,,,,,29.2,74.9,UNSAMPLED,0
4,0.1620771586037967,0,,,,,,,,,,,29.2,74.9,UNSAMPLED,0
5,0.20259644825474588,0,,,,,,,,,,,29.2,74.9,UNSAMPLED,0
6,0.24311573790569505,0,,,,,,,,,,,29.2,74.9,UNSAMPLED,0
7,0.2836350275566442,0,,,,,,,,,,,29.2,74.9,UNSAMPLED,0
8,0.3241543172075934,1,29.2,747.0,29.20,7470,,,,,,,29.2,74.9,HOLD_PREVIOUS,1
9,0.36467360685854255,0,,,,,,,,,,,29.2,74.9,UNSAMPLED,0
10,0.40519289650949175,0,,,,,,,,,,,29.2,74.9,UNSAMPLED,0
11,0.44571218616044095,0,,,,,,,,,,,29.2,74.9,UNSAMPLED,0
12,0.4862314758113901,0,,,,,,,,,,,29.2,74.9,UNSAMPLED,0
13,0.5267507654623392,0,,,,,,,,,,,29.2,74.9,UNSAMPLED,0
14,0.5672700551132884,0,,,,,,,,,,,29.2,74.9,UNSAMPLED,0
15,0.6077893447642376,0,,,,,,,,,,,29.2,74.9,UNSAMPLED,0
16,0.6483086344151868,1,29.2,747.0,29.20,7470,,,,,,,29.2,74.9,HOLD_PREVIOUS,1
17,0.688827924066136,0,,,,,,,,,,,29.2,74.9,UNSAMPLED,0
18,0.7293472137170851,0,,,,,,,,,,,29.2,74.9,UNSAMPLED,0
19,0.7698665033680343,0,,,,,,,,,,,29.2,74.9,UNSAMPLED,0
20,0.8103857930189835,0,,,,,,,,,,,29.2,74.9,UNSAMPLED,0
21,0.8509050826699327,0,,,,,,,,,,,29.2,74.9,UNSAMPLED,0
22,0.8914243723208819,0,,,,,,,,,,,29.2,74.9,UNSAMPLED,0
23,0.931943661971831,0,,,,,,,,,,,29.2,74.9,UNSAMPLED,0
24,0.9724629516227802,1,29.2,74.8,29.20,748,29.2,74.8,29.20,748,green_difference/PSM7,gray_otsu/PSM7,29.2,74.8,ACCEPT_PRIMARY,0
25,1.0129822412737295,0,,,,,,,,,,,29.2,74.8,UNSAMPLED,0
26,1.0535015309246785,0,,,,,,,,,,,29.2,74.8,UNSAMPLED,0
27,1.0940208205756277,0,,,,,,,,,,,29.2,74.8,UNSAMPLED,0
28,1.1345401102265769,0,,,,,,,,,,,29.2,74.8,UNSAMPLED,0
29,1.175059399877526,0,,,,,,,,,,,29.2,74.8,UNSAMPLED,0
30,1.2155786895284753,0,,,,,,,,,,,29.2,74.8,UNSAMPLED,0
31,1.2560979791794245,0,,,,,,,,,,,29.2,74.8,UNSAMPLED,0
32,1.2966172688303736,1,29.2,74.8,29.20,748,29.2,74.8,29.20,748,green_difference/PSM7,gray_otsu/PSM7,29.2,74.8,ACCEPT_PRIMARY,0
33,1.3371365584813228,0,,,,,,,,,,,29.2,74.8,UNSAMPLED,0
34,1.377655848132272,0,,,,,,,,,,,29.2,74.8,UNSAMPLED,0
35,1.4181751377832212,0,,,,,,,,,,,29.2,74.8,UNSAMPLED,0
36,1.4586944274341702,0,,,,,,,,,,,29.2,74.8,UNSAMPLED,0
37,1.4992137170851194,0,,,,,,,,,,,29.2,74.8,UNSAMPLED,0
38,1.5397330067360686,0,,,,,,,,,,,29.2,74.8,UNSAMPLED,0
39,1.5802522963870178,0,,,,,,,,,,,29.2,74.8,UNSAMPLED,0
40,1.620771586037967,1,29.2,749.0,29.20,7490,29.2,74.9,29.20,74.90,green_difference/PSM7,green_channel_otsu/PSM7,29.2,74.9,ACCEPT_RETRY,1
41,1.6612908756889162,0,,,,,,,,,,,29.2,74.9,UNSAMPLED,0
42,1.7018101653398654,0,,,,,,,,,,,29.2,74.9,UNSAMPLED,0
43,1.7423294549908146,0,,,,,,,,,,,29.2,74.9,UNSAMPLED,0
44,1.7828487446417638,0,,,,,,,,,,,29.2,74.9,UNSAMPLED,0
45,1.823368034292713,0,,,,,,,,,,,29.2,74.9,UNSAMPLED,0
46,1.863887323943662,0,,,,,,,,,,,29.2,74.9,UNSAMPLED,0
47,1.9044066135946112,0,,,,,,,,,,,29.2,74.9,UNSAMPLED,0
48,1.9449259032455604,1,29.2,75.0,29.20,75.0,29.2,75.0,29.20,75.0,green_difference/PSM7,gray_otsu/PSM7,29.2,75.0,ACCEPT_PRIMARY,0
49,1.9854451928965096,0,,,,,,,,,,,29.2,75.0,UNSAMPLED,0
50,2.025964482547459,0,,,,,,,,,,,29.2,75.0,UNSAMPLED,0
51,2.0664837721984077,0,,,,,,,,,,,29.2,75.0,UNSAMPLED,0
52,2.107003061849357,0,,,,,,,,,,,29.2,75.0,UNSAMPLED,0
53,2.147522351500306,0,,,,,,,,,,,29.2,75.0,UNSAMPLED,0
54,2.1880416411512553,0,,,,,,,,,,,29.2,75.0,UNSAMPLED,0
55,2.2285609308022045,0,,,,,,,,,,,29.2,75.0,UNSAMPLED,0
56,2.2690802204531537,1,29.2,75.0,29.20,75.0-,29.2,75.0,29.20,75.0-,green_difference/PSM7,gray_otsu/PSM7,29.2,75.0,ACCEPT_PRIMARY,0
57,2.309599510104103,0,,,,,,,,,,,29.2,75.0,UNSAMPLED,0
58,2.350118799755052,0,,,,,,,,,,,29.2,75.0,UNSAMPLED,0
59,2.3906380894060013,0,,,,,,,,,,,29.2,75.0,UNSAMPLED,0
60,2.4311573790569505,0,,,,,,,,,,,29.2,75.0,UNSAMPLED,0
61,2.4716766687078997,0,,,,,,,,,,,29.2,75.0,UNSAMPLED,0
62,2.512195958358849,0,,,,,,,,,,,29.2,75.0,UNSAMPLED,0
63,2.552715248009798,0,,,,,,,,,,,29.2,75.0,UNSAMPLED,0
64,2.5932345376607473,1,29.2,749.0,29.20,7490,29.2,74.9,29.20,749,green_difference/PSM7,green_channel_otsu/PSM7,29.2,74.9,ACCEPT_RETRY,1
65,2.6337538273116965,0,,,,,,,,,,,29.2,74.9,UNSAMPLED,0
66,2.6742731169626457,0,,,,,,,,,,,29.2,74.9,UNSAMPLED,0
67,2.714792406613595,0,,,,,,,,,,,29.2,74.9,UNSAMPLED,0
68,2.755311696264544,0,,,,,,,,,,,29.2,74.9,UNSAMPLED,0
69,2.7958309859154933,0,,,,,,,,,,,29.2,74.9,UNSAMPLED,0
70,2.8363502755664425,0,,,,,,,,,,,29.2,74.9,UNSAMPLED,0
71,2.8768695652173912,0,,,,,,,,,,,29.2,74.9,UNSAMPLED,0
72,2.9173888548683404,1,29.2,74.8,29.20,748,29.2,74.8,29.20,748,green_difference/PSM7,gray_otsu/PSM7,29.2,74.8,ACCEPT_PRIMARY,0
73,2.9579081445192896,0,,,,,,,,,,,29.2,74.8,UNSAMPLED,0
74,2.998427434170239,0,,,,,,,,,,,29.2,74.8,UNSAMPLED,0
75,3.038946723821188,0,,,,,,,,,,,29.2,74.8,UNSAMPLED,0
76,3.079466013472137,0,,,,,,,,,,,29.2,74.8,UNSAMPLED,0
77,3.1199853031230864,0,,,,,,,,,,,29.2,74.8,UNSAMPLED,0
78,3.1605045927740356,0,,,,,,,,,,,29.2,74.8,UNSAMPLED,0
79,3.201023882424985,0,,,,,,,,,,,29.2,74.8,UNSAMPLED,0
80,3.241543172075934,1,29.2,74.8,29.20,748,29.2,74.8,29.20,748,green_difference/PSM7,gray_otsu/PSM7,29.2,74.8,ACCEPT_PRIMARY,0
81,3.282062461726883,0,,,,,,,,,,,29.2,74.8,UNSAMPLED,0
82,3.3225817513778324,0,,,,,,,,,,,29.2,74.8,UNSAMPLED,0
83,3.3631010410287816,0,,,,,,,,,,,29.2,74.8,UNSAMPLED,0
84,3.403620330679731,0,,,,,,,,,,,29.2,74.8,UNSAMPLED,0
85,3.44413962033068,0,,,,,,,,,,,29.2,74.8,UNSAMPLED,0
86,3.484658909981629,0,,,,,,,,,,,29.2,74.8,UNSAMPLED,0
87,3.5251781996325784,0,,,,,,,,,,,29.2,74.8,UNSAMPLED,0
88,3.5656974892835276,1,29.2,74.8,29.20,748,29.2,74.8,29.20,748,green_difference/PSM7,gray_otsu/PSM7,29.2,74.8,ACCEPT_PRIMARY,0
89,3.606216778934477,0,,,,,,,,,,,29.2,74.8,UNSAMPLED,0
90,3.646736068585426,0,,,,,,,,,,,29.2,74.8,UNSAMPLED,0
91,3.687255358236375,0,,,,,,,,,,,29.2,74.8,UNSAMPLED,0
92,3.727774647887324,0,,,,,,,,,,,29.2,74.8,UNSAMPLED,0
93,3.768293937538273,0,,,,,,,,,,,29.2,74.8,UNSAMPLED,0
94,3.8088132271892223,0,,,,,,,,,,,29.2,74.8,UNSAMPLED,0
95,3.8493325168401715,0,,,,,,,,,,,29.2,74.8,UNSAMPLED,0
96,3.8898518064911207,1,29.2,74.8,29.20,748,29.2,74.8,29.20,748,green_difference/PSM7,gray_otsu/PSM7,29.2,74.8,ACCEPT_PRIMARY,0
97,3.93037109614207,0,,,,,,,,,,,29.2,74.8,UNSAMPLED,0
98,3.970890385793019,0,,,,,,,,,,,29.2,74.8,UNSAMPLED,0
99,4.011409675443969,0,,,,,,,,,,,29.2,74.8,UNSAMPLED,0
100,4.051928965094918,0,,,,,,,,,,,29.2,74.8,UNSAMPLED,0
101,4.092448254745867,0,,,,,,,,,,,29.2,74.8,UNSAMPLED,0
102,4.1329675443968155,0,,,,,,,,,,,29.2,74.8,UNSAMPLED,0
103,4.173486834047765,0,,,,,,,,,,,29.2,74.8,UNSAMPLED,0
104,4.214006123698714,1,2.2,74.8,2.20,748,29.2,74.8,29.20,748,hsv_green/PSM7,gray_otsu/PSM7,29.2,74.8,ACCEPT_RETRY,1
105,4.254525413349663,0,,,,,,,,,,,29.2,74.8,UNSAMPLED,0
106,4.295044703000612,0,,,,,,,,,,,29.2,74.8,UNSAMPLED,0
107,4.3355639926515614,0,,,,,,,,,,,29.2,74.8,UNSAMPLED,0
108,4.376083282302511,0,,,,,,,,,,,29.2,74.8,UNSAMPLED,0
109,4.41660257195346,0,,,,,,,,,,,29.2,74.8,UNSAMPLED,0
110,4.457121861604409,0,,,,,,,,,,,29.2,74.8,UNSAMPLED,0
111,4.497641151255358,0,,,,,,,,,,,29.2,74.8,UNSAMPLED,0
112,4.538160440906307,1,2.2,74.8,2.20,748,29.2,74.8,29.20,748,hsv_green/PSM7,gray_otsu/PSM7,29.2,74.8,ACCEPT_RETRY,1
113,4.578679730557257,0,,,,,,,,,,,29.2,74.8,UNSAMPLED,0
114,4.619199020208206,0,,,,,,,,,,,29.2,74.8,UNSAMPLED,0
115,4.659718309859155,0,,,,,,,,,,,29.2,74.8,UNSAMPLED,0
116,4.700237599510104,0,,,,,,,,,,,29.2,74.8,UNSAMPLED,0
117,4.740756889161053,0,,,,,,,,,,,29.2,74.8,UNSAMPLED,0
118,4.781276178812003,0,,,,,,,,,,,29.2,74.8,UNSAMPLED,0
119,4.821795468462952,0,,,,,,,,,,,29.2,74.8,UNSAMPLED,0
120,4.862314758113901,1,2.2,74.8,2.20,748,29.2,74.8,29.20,748,hsv_green/PSM7,gray_otsu/PSM7,29.2,74.8,ACCEPT_RETRY,1
121,4.90283404776485,0,,,,,,,,,,,29.2,74.8,UNSAMPLED,0
122,4.943353337415799,0,,,,,,,,,,,29.2,74.8,UNSAMPLED,0
123,4.983872627066749,0,,,,,,,,,,,29.2,74.8,UNSAMPLED,0
124,5.024391916717698,0,,,,,,,,,,,29.2,74.8,UNSAMPLED,0
125,5.064911206368647,0,,,,,,,,,,,29.2,74.8,UNSAMPLED,0
126,5.105430496019596,0,,,,,,,,,,,29.2,74.8,UNSAMPLED,0
127,5.145949785670545,0,,,,,,,,,,,29.2,74.8,UNSAMPLED,0
128,5.186469075321495,1,23.5,74.7,235,74.70,29.3,74.7,293,74.70,green_difference/PSM8,gray_otsu/PSM7,29.3,74.7,ACCEPT_RETRY,1
129,5.226988364972444,0,,,,,,,,,,,29.3,74.7,UNSAMPLED,0
130,5.267507654623393,0,,,,,,,,,,,29.3,74.7,UNSAMPLED,0
131,5.308026944274342,0,,,,,,,,,,,29.3,74.7,UNSAMPLED,0
132,5.348546233925291,0,,,,,,,,,,,29.3,74.7,UNSAMPLED,0
133,5.389065523576241,0,,,,,,,,,,,29.3,74.7,UNSAMPLED,0
134,5.42958481322719,0,,,,,,,,,,,29.3,74.7,UNSAMPLED,0
135,5.470104102878139,0,,,,,,,,,,,29.3,74.7,UNSAMPLED,0
136,5.510623392529088,1,23.5,74.7,235,74.70,29.3,74.7,293,74.70,green_difference/PSM8,gray_otsu/PSM7,29.3,74.7,ACCEPT_RETRY,1
137,5.551142682180037,0,,,,,,,,,,,29.3,74.7,UNSAMPLED,0
138,5.591661971830987,0,,,,,,,,,,,29.3,74.7,UNSAMPLED,0
139,5.632181261481936,0,,,,,,,,,,,29.3,74.7,UNSAMPLED,0
140,5.672700551132885,0,,,,,,,,,,,29.3,74.7,UNSAMPLED,0
141,5.713219840783834,0,,,,,,,,,,,29.3,74.7,UNSAMPLED,0
142,5.7537391304347825,0,,,,,,,,,,,29.3,74.7,UNSAMPLED,0
143,5.794258420085732,0,,,,,,,,,,,29.3,74.7,UNSAMPLED,0
144,5.834777709736681,1,23.5,74.6,235,74.6,29.3,74.6,293,74.60,green_difference/PSM8,green_channel_otsu/PSM7,29.3,74.6,ACCEPT_RETRY,1
145,5.87529699938763,0,,,,,,,,,,,29.3,74.6,UNSAMPLED,0
146,5.915816289038579,0,,,,,,,,,,,29.3,74.6,UNSAMPLED,0
147,5.9563355786895285,0,,,,,,,,,,,29.3,74.6,UNSAMPLED,0
148,5.996854868340478,0,,,,,,,,,,,29.3,74.6,UNSAMPLED,0
149,6.037374157991427,0,,,,,,,,,,,29.3,74.6,UNSAMPLED,0
150,6.077893447642376,0,,,,,,,,,,,29.3,74.6,UNSAMPLED,0
151,6.118412737293325,0,,,,,,,,,,,29.3,74.6,UNSAMPLED,0
152,6.158932026944274,1,29.3,747.0,293,7470,,,,,,,29.3,74.6,HOLD_PREVIOUS,1
153,6.199451316595224,0,,,,,,,,,,,29.3,74.6,UNSAMPLED,0
154,6.239970606246173,0,,,,,,,,,,,29.3,74.6,UNSAMPLED,0
155,6.280489895897122,0,,,,,,,,,,,29.3,74.6,UNSAMPLED,0
156,6.321009185548071,0,,,,,,,,,,,29.3,74.6,UNSAMPLED,0
157,6.36152847519902,0,,,,,,,,,,,29.3,74.6,UNSAMPLED,0
158,6.40204776484997,0,,,,,,,,,,,29.3,74.6,UNSAMPLED,0
159,6.442567054500919,0,,,,,,,,,,,29.3,74.6,UNSAMPLED,0
160,6.483086344151868,1,29.3,74.8,29.30,748,29.3,74.8,29.30,748,green_difference/PSM7,gray_otsu/PSM7,29.3,74.8,ACCEPT_PRIMARY,0
161,6.523605633802817,0,,,,,,,,,,,29.3,74.8,UNSAMPLED,0
162,6.564124923453766,0,,,,,,,,,,,29.3,74.8,UNSAMPLED,0
163,6.604644213104716,0,,,,,,,,,,,29.3,74.8,UNSAMPLED,0
164,6.645163502755665,0,,,,,,,,,,,29.3,74.8,UNSAMPLED,0
165,6.685682792406614,0,,,,,,,,,,,29.3,74.8,UNSAMPLED,0
166,6.726202082057563,0,,,,,,,,,,,29.3,74.8,UNSAMPLED,0
167,6.766721371708512,0,,,,,,,,,,,29.3,74.8,UNSAMPLED,0
168,6.807240661359462,1,293.0,74.8,2930,748,29.3,74.8,293,748,green_difference/PSM8,gray_otsu/PSM7,29.3,74.8,ACCEPT_RETRY,1
169,6.847759951010411,0,,,,,,,,,,,29.3,74.8,UNSAMPLED,0
170,6.88827924066136,0,,,,,,,,,,,29.3,74.8,UNSAMPLED,0
171,6.928798530312309,0,,,,,,,,,,,29.3,74.8,UNSAMPLED,0
172,6.969317819963258,0,,,,,,,,,,,29.3,74.8,UNSAMPLED,0
173,7.009837109614208,0,,,,,,,,,,,29.3,74.8,UNSAMPLED,0
174,7.050356399265157,0,,,,,,,,,,,29.3,74.8,UNSAMPLED,0
175,7.090875688916106,0,,,,,,,,,,,29.3,74.8,UNSAMPLED,0
176,7.131394978567055,1,29.3,74.8,29.30,748,29.3,74.8,29.30,748,green_difference/PSM7,gray_otsu/PSM7,29.3,74.8,ACCEPT_PRIMARY,0
177,7.171914268218004,0,,,,,,,,,,,29.3,74.8,UNSAMPLED,0
178,7.212433557868954,0,,,,,,,,,,,29.3,74.8,UNSAMPLED,0
179,7.252952847519903,0,,,,,,,,,,,29.3,74.8,UNSAMPLED,0
180,7.293472137170852,0,,,,,,,,,,,29.3,74.8,UNSAMPLED,0
181,7.333991426821801,0,,,,,,,,,,,29.3,74.8,UNSAMPLED,0
182,7.37451071647275,0,,,,,,,,,,,29.3,74.8,UNSAMPLED,0
183,7.415030006123699,0,,,,,,,,,,,29.3,74.8,UNSAMPLED,0
184,7.455549295774648,1,29.3,74.8,29.30,748,29.3,74.8,29.30,748,green_difference/PSM7,gray_otsu/PSM7,29.3,74.8,ACCEPT_PRIMARY,0
185,7.496068585425597,0,,,,,,,,,,,29.3,74.8,UNSAMPLED,0
186,7.536587875076546,0,,,,,,,,,,,29.3,74.8,UNSAMPLED,0
187,7.5771071647274955,0,,,,,,,,,,,29.3,74.8,UNSAMPLED,0
188,7.617626454378445,0,,,,,,,,,,,29.3,74.8,UNSAMPLED,0
189,7.658145744029394,0,,,,,,,,,,,29.3,74.8,UNSAMPLED,0
190,7.698665033680343,0,,,,,,,,,,,29.3,74.8,UNSAMPLED,0
191,7.739184323331292,0,,,,,,,,,,,29.3,74.8,UNSAMPLED,0
192,7.7797036129822414,1,29.3,744.0,29.30,7440,,,,,,,29.3,74.8,HOLD_PREVIOUS,1
193,7.820222902633191,0,,,,,,,,,,,29.3,74.8,UNSAMPLED,0
194,7.86074219228414,0,,,,,,,,,,,29.3,74.8,UNSAMPLED,0
195,7.901261481935089,0,,,,,,,,,,,29.3,74.8,UNSAMPLED,0
196,7.941780771586038,0,,,,,,,,,,,29.3,74.8,UNSAMPLED,0
197,7.982300061236987,0,,,,,,,,,,,29.3,74.8,UNSAMPLED,0
198,8.022819350887938,0,,,,,,,,,,,29.3,74.8,UNSAMPLED,0
199,8.063338640538886,0,,,,,,,,,,,29.3,74.8,UNSAMPLED,0
200,8.103857930189836,1,29.3,744.0,29.30,7440,,,,,,,29.3,74.8,HOLD_PREVIOUS,1
201,8.144377219840784,0,,,,,,,,,,,29.3,74.8,UNSAMPLED,0
202,8.184896509491734,0,,,,,,,,,,,29.3,74.8,UNSAMPLED,0
203,8.225415799142683,0,,,,,,,,,,,29.3,74.8,UNSAMPLED,0
204,8.265935088793631,0,,,,,,,,,,,29.3,74.8,UNSAMPLED,0
205,8.306454378444581,0,,,,,,,,,,,29.3,74.8,UNSAMPLED,0
206,8.34697366809553,0,,,,,,,,,,,29.3,74.8,UNSAMPLED,0
207,8.38749295774648,0,,,,,,,,,,,29.3,74.8,UNSAMPLED,0
208,8.428012247397428,1,29.4,74.8,294,748,29.4,74.8,294,748,green_difference/PSM7,gray_otsu/PSM7,29.4,74.8,ACCEPT_PRIMARY,0
209,8.468531537048378,0,,,,,,,,,,,29.4,74.8,UNSAMPLED,0
210,8.509050826699326,0,,,,,,,,,,,29.4,74.8,UNSAMPLED,0
211,8.549570116350276,0,,,,,,,,,,,29.4,74.8,UNSAMPLED,0
212,8.590089406001225,0,,,,,,,,,,,29.4,74.8,UNSAMPLED,0
213,8.630608695652175,0,,,,,,,,,,,29.4,74.8,UNSAMPLED,0
214,8.671127985303123,0,,,,,,,,,,,29.4,74.8,UNSAMPLED,0
215,8.711647274954073,0,,,,,,,,,,,29.4,74.8,UNSAMPLED,0
216,8.752166564605021,1,29.4,74.8,294,748,29.4,74.8,294,748,green_difference/PSM7,gray_otsu/PSM7,29.4,74.8,ACCEPT_PRIMARY,0
217,8.792685854255971,0,,,,,,,,,,,29.4,74.8,UNSAMPLED,0
218,8.83320514390692,0,,,,,,,,,,,29.4,74.8,UNSAMPLED,0
219,8.87372443355787,0,,,,,,,,,,,29.4,74.8,UNSAMPLED,0
220,8.914243723208818,0,,,,,,,,,,,29.4,74.8,UNSAMPLED,0
221,8.954763012859768,0,,,,,,,,,,,29.4,74.8,UNSAMPLED,0
222,8.995282302510716,0,,,,,,,,,,,29.4,74.8,UNSAMPLED,0
223,9.035801592161667,0,,,,,,,,,,,29.4,74.8,UNSAMPLED,0
224,9.076320881812615,1,29.4,74.8,294,748,29.4,74.8,294,748,green_difference/PSM7,gray_otsu/PSM7,29.4,74.8,ACCEPT_PRIMARY,0
225,9.116840171463565,0,,,,,,,,,,,29.4,74.8,UNSAMPLED,0
226,9.157359461114513,0,,,,,,,,,,,29.4,74.8,UNSAMPLED,0
227,9.197878750765463,0,,,,,,,,,,,29.4,74.8,UNSAMPLED,0
228,9.238398040416412,0,,,,,,,,,,,29.4,74.8,UNSAMPLED,0
229,9.278917330067362,0,,,,,,,,,,,29.4,74.8,UNSAMPLED,0
230,9.31943661971831,0,,,,,,,,,,,29.4,74.8,UNSAMPLED,0
231,9.35995590936926,0,,,,,,,,,,,29.4,74.8,UNSAMPLED,0
232,9.400475199020208,1,29.5,74.9,295,74.90,29.5,74.9,295,74.90,green_difference/PSM7,gray_otsu/PSM7,29.5,74.9,ACCEPT_PRIMARY,0
233,9.440994488671159,0,,,,,,,,,,,29.5,74.9,UNSAMPLED,0
234,9.481513778322107,0,,,,,,,,,,,29.5,74.9,UNSAMPLED,0
235,9.522033067973057,0,,,,,,,,,,,29.5,74.9,UNSAMPLED,0
236,9.562552357624005,0,,,,,,,,,,,29.5,74.9,UNSAMPLED,0
237,9.603071647274955,0,,,,,,,,,,,29.5,74.9,UNSAMPLED,0
238,9.643590936925904,0,,,,,,,,,,,29.5,74.9,UNSAMPLED,0
239,9.684110226576854,0,,,,,,,,,,,29.5,74.9,UNSAMPLED,0
240,9.724629516227802,1,,74.9,29,74.90,,,,,,,29.5,74.9,HOLD_PREVIOUS,1
241,9.765148805878752,0,,,,,,,,,,,29.5,74.9,UNSAMPLED,0
242,9.8056680955297,0,,,,,,,,,,,29.5,74.9,UNSAMPLED,0
243,9.84618738518065,0,,,,,,,,,,,29.5,74.9,UNSAMPLED,0
244,9.886706674831599,0,,,,,,,,,,,29.5,74.9,UNSAMPLED,0
245,9.927225964482547,0,,,,,,,,,,,29.5,74.9,UNSAMPLED,0
246,9.967745254133497,0,,,,,,,,,,,29.5,74.9,UNSAMPLED,0
247,10.008264543784446,0,,,,,,,,,,,29.5,74.9,UNSAMPLED,0
248,10.048783833435396,1,,75.0,29,75.0,,,,,,,29.5,74.9,HOLD_PREVIOUS,1
249,10.089303123086344,0,,,,,,,,,,,29.5,74.9,UNSAMPLED,0
250,10.129822412737294,0,,,,,,,,,,,29.5,74.9,UNSAMPLED,0
251,10.170341702388242,0,,,,,,,,,,,29.5,74.9,UNSAMPLED,0
252,10.210860992039192,0,,,,,,,,,,,29.5,74.9,UNSAMPLED,0
253,10.25138028169014,0,,,,,,,,,,,29.5,74.9,UNSAMPLED,0
254,10.29189957134109,0,,,,,,,,,,,29.5,74.9,UNSAMPLED,0
255,10.332418860992039,0,,,,,,,,,,,29.5,74.9,UNSAMPLED,0
256,10.37293815064299,1,,74.9,29,74.90,,,,,,,29.5,74.9,HOLD_PREVIOUS,1
257,10.413457440293937,0,,,,,,,,,,,29.5,74.9,UNSAMPLED,0
258,10.453976729944888,0,,,,,,,,,,,29.5,74.9,UNSAMPLED,0
259,10.494496019595836,0,,,,,,,,,,,29.5,74.9,UNSAMPLED,0
260,10.535015309246786,0,,,,,,,,,,,29.5,74.9,UNSAMPLED,0
261,10.575534598897734,0,,,,,,,,,,,29.5,74.9,UNSAMPLED,0
262,10.616053888548684,0,,,,,,,,,,,29.5,74.9,UNSAMPLED,0
263,10.656573178199633,0,,,,,,,,,,,29.5,74.9,UNSAMPLED,0
264,10.697092467850583,1,29.4,45.0,29.4,45.00,29.4,75.0,29.4,75.00,green_difference/PSM7,green_channel_otsu/PSM7,29.4,75.0,ACCEPT_RETRY,1
265,10.737611757501531,0,,,,,,,,,,,29.4,75.0,UNSAMPLED,0
266,10.778131047152481,0,,,,,,,,,,,29.4,75.0,UNSAMPLED,0
267,10.81865033680343,0,,,,,,,,,,,29.4,75.0,UNSAMPLED,0
268,10.85916962645438,0,,,,,,,,,,,29.4,75.0,UNSAMPLED,0
269,10.899688916105328,0,,,,,,,,,,,29.4,75.0,UNSAMPLED,0
270,10.940208205756278,0,,,,,,,,,,,29.4,75.0,UNSAMPLED,0
271,10.980727495407226,0,,,,,,,,,,,29.4,75.0,UNSAMPLED,0
272,11.021246785058176,1,294.0,74.9,2940,74.90,29.4,74.9,294,74.90,green_difference/PSM8,gray_otsu/PSM7,29.4,74.9,ACCEPT_RETRY,1
273,11.061766074709125,0,,,,,,,,,,,29.4,74.9,UNSAMPLED,0
274,11.102285364360075,0,,,,,,,,,,,29.4,74.9,UNSAMPLED,0
275,11.142804654011023,0,,,,,,,,,,,29.4,74.9,UNSAMPLED,0
276,11.183323943661973,0,,,,,,,,,,,29.4,74.9,UNSAMPLED,0
277,11.223843233312921,0,,,,,,,,,,,29.4,74.9,UNSAMPLED,0
278,11.264362522963872,0,,,,,,,,,,,29.4,74.9,UNSAMPLED,0
279,11.30488181261482,0,,,,,,,,,,,29.4,74.9,UNSAMPLED,0
280,11.34540110226577,1,294.0,791.0,2940,7910,29.4,75.4,294,75.40,green_difference/PSM8,green_difference/PSM7,29.4,75.4,ACCEPT_RETRY,1
281,11.385920391916718,0,,,,,,,,,,,29.4,75.4,UNSAMPLED,0
282,11.426439681567668,0,,,,,,,,,,,29.4,75.4,UNSAMPLED,0
283,11.466958971218617,0,,,,,,,,,,,29.4,75.4,UNSAMPLED,0
284,11.507478260869565,0,,,,,,,,,,,29.4,75.4,UNSAMPLED,0
285,11.547997550520515,0,,,,,,,,,,,29.4,75.4,UNSAMPLED,0
286,11.588516840171463,0,,,,,,,,,,,29.4,75.4,UNSAMPLED,0
287,11.629036129822413,0,,,,,,,,,,,29.4,75.4,UNSAMPLED,0
288,11.669555419473362,1,294.0,75.3,2940,75.3-,29.4,75.3,294,75.3-,green_difference/PSM8,gray_otsu/PSM7,29.4,75.3,ACCEPT_RETRY,1
289,11.710074709124312,0,,,,,,,,,,,29.4,75.3,UNSAMPLED,0
290,11.75059399877526,0,,,,,,,,,,,29.4,75.3,UNSAMPLED,0
291,11.79111328842621,0,,,,,,,,,,,29.4,75.3,UNSAMPLED,0
292,11.831632578077159,0,,,,,,,,,,,29.4,75.3,UNSAMPLED,0
293,11.872151867728109,0,,,,,,,,,,,29.4,75.3,UNSAMPLED,0
294,11.912671157379057,0,,,,,,,,,,,29.4,75.3,UNSAMPLED,0
295,11.953190447030007,0,,,,,,,,,,,29.4,75.3,UNSAMPLED,0
296,11.993709736680955,1,294.0,5.2,2940,5.20,,,,,,,29.4,75.3,HOLD_PREVIOUS,1
297,12.034229026331905,0,,,,,,,,,,,29.4,75.3,UNSAMPLED,0
298,12.074748315982854,0,,,,,,,,,,,29.4,75.3,UNSAMPLED,0
299,12.115267605633804,0,,,,,,,,,,,29.4,75.3,UNSAMPLED,0
300,12.155786895284752,0,,,,,,,,,,,29.4,75.3,UNSAMPLED,0
301,12.196306184935702,0,,,,,,,,,,,29.4,75.3,UNSAMPLED,0
302,12.23682547458665,0,,,,,,,,,,,29.4,75.3,UNSAMPLED,0
303,12.2773447642376,0,,,,,,,,,,,29.4,75.3,UNSAMPLED,0
304,12.317864053888549,1,294.0,75.1,2940,75.10,29.4,75.1,294,75.10,green_difference/PSM8,gray_otsu/PSM7,29.4,75.1,ACCEPT_RETRY,1
305,12.358383343539499,0,,,,,,,,,,,29.4,75.1,UNSAMPLED,0
306,12.398902633190447,0,,,,,,,,,,,29.4,75.1,UNSAMPLED,0
307,12.439421922841397,0,,,,,,,,,,,29.4,75.1,UNSAMPLED,0
308,12.479941212492346,0,,,,,,,,,,,29.4,75.1,UNSAMPLED,0
309,12.520460502143296,0,,,,,,,,,,,29.4,75.1,UNSAMPLED,0
310,12.560979791794244,0,,,,,,,,,,,29.4,75.1,UNSAMPLED,0
311,12.601499081445194,0,,,,,,,,,,,29.4,75.1,UNSAMPLED,0
312,12.642018371096142,1,294.0,75.1,2940,75.10,29.4,75.1,294,75.10,green_difference/PSM8,gray_otsu/PSM7,29.4,75.1,ACCEPT_RETRY,1
313,12.682537660747093,0,,,,,,,,,,,29.4,75.1,UNSAMPLED,0
314,12.72305695039804,0,,,,,,,,,,,29.4,75.1,UNSAMPLED,0
315,12.763576240048991,0,,,,,,,,,,,29.4,75.1,UNSAMPLED,0
316,12.80409552969994,0,,,,,,,,,,,29.4,75.1,UNSAMPLED,0
317,12.84461481935089,0,,,,,,,,,,,29.4,75.1,UNSAMPLED,0
318,12.885134109001838,0,,,,,,,,,,,29.4,75.1,UNSAMPLED,0
319,12.925653398652788,0,,,,,,,,,,,29.4,75.1,UNSAMPLED,0
320,12.966172688303736,1,29.4,75.2,294,75.2-,29.4,75.2,294,75.2-,green_difference/PSM7,gray_otsu/PSM7,29.4,75.2,ACCEPT_PRIMARY,0
321,13.006691977954686,0,,,,,,,,,,,29.4,75.2,UNSAMPLED,0
322,13.047211267605634,0,,,,,,,,,,,29.4,75.2,UNSAMPLED,0
323,13.087730557256585,0,,,,,,,,,,,29.4,75.2,UNSAMPLED,0
324,13.128249846907533,0,,,,,,,,,,,29.4,75.2,UNSAMPLED,0
325,13.168769136558481,0,,,,,,,,,,,29.4,75.2,UNSAMPLED,0
326,13.209288426209431,0,,,,,,,,,,,29.4,75.2,UNSAMPLED,0
327,13.24980771586038,0,,,,,,,,,,,29.4,75.2,UNSAMPLED,0
328,13.29032700551133,1,29.4,75.0,294,75.0,29.4,75.0,294,75.0,green_difference/PSM7,gray_otsu/PSM7,29.4,75.0,ACCEPT_PRIMARY,0
329,13.330846295162278,0,,,,,,,,,,,29.4,75.0,UNSAMPLED,0
330,13.371365584813228,0,,,,,,,,,,,29.4,75.0,UNSAMPLED,0
331,13.411884874464176,0,,,,,,,,,,,29.4,75.0,UNSAMPLED,0
332,13.452404164115126,0,,,,,,,,,,,29.4,75.0,UNSAMPLED,0
333,13.492923453766075,0,,,,,,,,,,,29.4,75.0,UNSAMPLED,0
334,13.533442743417025,0,,,,,,,,,,,29.4,75.0,UNSAMPLED,0
335,13.573962033067973,0,,,,,,,,,,,29.4,75.0,UNSAMPLED,0
336,13.614481322718923,1,29.4,75.0,294,75.0,29.4,75.0,294,75.0,green_difference/PSM7,gray_otsu/PSM7,29.4,75.0,ACCEPT_PRIMARY,0
337,13.655000612369872,0,,,,,,,,,,,29.4,75.0,UNSAMPLED,0
338,13.695519902020822,0,,,,,,,,,,,29.4,75.0,UNSAMPLED,0
339,13.73603919167177,0,,,,,,,,,,,29.4,75.0,UNSAMPLED,0
340,13.77655848132272,0,,,,,,,,,,,29.4,75.0,UNSAMPLED,0
341,13.817077770973668,0,,,,,,,,,,,29.4,75.0,UNSAMPLED,0
342,13.857597060624618,0,,,,,,,,,,,29.4,75.0,UNSAMPLED,0
343,13.898116350275567,0,,,,,,,,,,,29.4,75.0,UNSAMPLED,0
344,13.938635639926517,1,29.4,79.1,294,79.10,,,,,,,29.4,75.0,HOLD_PREVIOUS,1
345,13.979154929577465,0,,,,,,,,,,,29.4,75.0,UNSAMPLED,0
346,14.019674219228415,0,,,,,,,,,,,29.4,75.0,UNSAMPLED,0
347,14.060193508879363,0,,,,,,,,,,,29.4,75.0,UNSAMPLED,0
348,14.100712798530314,0,,,,,,,,,,,29.4,75.0,UNSAMPLED,0
349,14.141232088181262,0,,,,,,,,,,,29.4,75.0,UNSAMPLED,0
350,14.181751377832212,0,,,,,,,,,,,29.4,75.0,UNSAMPLED,0
351,14.22227066748316,0,,,,,,,,,,,29.4,75.0,UNSAMPLED,0
352,14.26278995713411,1,29.4,79.1,294,79.10,,,,,,,29.4,75.0,HOLD_PREVIOUS,1
353,14.303309246785059,0,,,,,,,,,,,29.4,75.0,UNSAMPLED,0
354,14.343828536436009,0,,,,,,,,,,,29.4,75.0,UNSAMPLED,0
355,14.384347826086957,0,,,,,,,,,,,29.4,75.0,UNSAMPLED,0
356,14.424867115737907,0,,,,,,,,,,,29.4,75.0,UNSAMPLED,0
357,14.465386405388855,0,,,,,,,,,,,29.4,75.0,UNSAMPLED,0
358,14.505905695039806,0,,,,,,,,,,,29.4,75.0,UNSAMPLED,0
359,14.546424984690754,0,,,,,,,,,,,29.4,75.0,UNSAMPLED,0
360,14.586944274341704,1,29.4,79.1,294,79.10,,,,,,,29.4,75.0,HOLD_PREVIOUS,1
361,14.627463563992652,0,,,,,,,,,,,29.4,75.0,UNSAMPLED,0
362,14.667982853643602,0,,,,,,,,,,,29.4,75.0,UNSAMPLED,0
363,14.70850214329455,0,,,,,,,,,,,29.4,75.0,UNSAMPLED,0
364,14.7490214329455,0,,,,,,,,,,,29.4,75.0,UNSAMPLED,0
365,14.789540722596449,0,,,,,,,,,,,29.4,75.0,UNSAMPLED,0
366,14.830060012247397,0,,,,,,,,,,,29.4,75.0,UNSAMPLED,0
367,14.870579301898347,0,,,,,,,,,,,29.4,75.0,UNSAMPLED,0
368,14.911098591549296,1,29.4,751.0,29.4,7510,29.4,75.1,29.4,75.10,green_difference/PSM7,green_difference/PSM7,29.4,75.1,ACCEPT_RETRY,1
369,14.951617881200246,0,,,,,,,,,,,29.4,75.1,UNSAMPLED,0
370,14.992137170851194,0,,,,,,,,,,,29.4,75.1,UNSAMPLED,0
371,15.032656460502144,0,,,,,,,,,,,29.4,75.1,UNSAMPLED,0
372,15.073175750153093,0,,,,,,,,,,,29.4,75.1,UNSAMPLED,0
373,15.113695039804043,0,,,,,,,,,,,29.4,75.1,UNSAMPLED,0
374,15.154214329454991,0,,,,,,,,,,,29.4,75.1,UNSAMPLED,0
375,15.194733619105941,0,,,,,,,,,,,29.4,75.1,UNSAMPLED,0
376,15.23525290875689,1,29.4,75.3,29.4,75.30,29.4,75.3,29.4,75.30,green_difference/PSM7,gray_otsu/PSM7,29.4,75.3,ACCEPT_PRIMARY,0
377,15.27577219840784,0,,,,,,,,,,,29.4,75.3,UNSAMPLED,0
378,15.316291488058788,0,,,,,,,,,,,29.4,75.3,UNSAMPLED,0
379,15.356810777709738,0,,,,,,,,,,,29.4,75.3,UNSAMPLED,0
380,15.397330067360686,0,,,,,,,,,,,29.4,75.3,UNSAMPLED,0
381,15.437849357011636,0,,,,,,,,,,,29.4,75.3,UNSAMPLED,0
382,15.478368646662584,0,,,,,,,,,,,29.4,75.3,UNSAMPLED,0
383,15.518887936313535,0,,,,,,,,,,,29.4,75.3,UNSAMPLED,0
384,15.559407225964483,1,29.4,45.2,29.4,45.20,,,,,,,29.4,75.3,HOLD_PREVIOUS,1
385,15.599926515615433,0,,,,,,,,,,,29.4,75.3,UNSAMPLED,0
386,15.640445805266381,0,,,,,,,,,,,29.4,75.3,UNSAMPLED,0
387,15.680965094917331,0,,,,,,,,,,,29.4,75.3,UNSAMPLED,0
388,15.72148438456828,0,,,,,,,,,,,29.4,75.3,UNSAMPLED,0
389,15.76200367421923,0,,,,,,,,,,,29.4,75.3,UNSAMPLED,0
390,15.802522963870178,0,,,,,,,,,,,29.4,75.3,UNSAMPLED,0
391,15.843042253521128,0,,,,,,,,,,,29.4,75.3,UNSAMPLED,0
392,15.883561543172076,1,29.4,45.2,29.4,45.20,,,,,,,29.4,75.3,HOLD_PREVIOUS,1
393,15.924080832823027,0,,,,,,,,,,,29.4,75.3,UNSAMPLED,0
394,15.964600122473975,0,,,,,,,,,,,29.4,75.3,UNSAMPLED,0
395,16.005119412124923,0,,,,,,,,,,,29.4,75.3,UNSAMPLED,0
396,16.045638701775875,0,,,,,,,,,,,29.4,75.3,UNSAMPLED,0
397,16.086157991426823,0,,,,,,,,,,,29.4,75.3,UNSAMPLED,0
398,16.12667728107777,0,,,,,,,,,,,29.4,75.3,UNSAMPLED,0
399,16.16719657072872,0,,,,,,,,,,,29.4,75.3,UNSAMPLED,0
400,16.207715860379672,1,29.4,75.1,29.4,75.10,29.4,75.1,29.4,75.10,green_difference/PSM7,gray_otsu/PSM7,29.4,75.1,ACCEPT_PRIMARY,0
401,16.24823515003062,0,,,,,,,,,,,29.4,75.1,UNSAMPLED,0
402,16.28875443968157,0,,,,,,,,,,,29.4,75.1,UNSAMPLED,0
403,16.329273729332517,0,,,,,,,,,,,29.4,75.1,UNSAMPLED,0
404,16.36979301898347,0,,,,,,,,,,,29.4,75.1,UNSAMPLED,0
405,16.410312308634417,0,,,,,,,,,,,29.4,75.1,UNSAMPLED,0
406,16.450831598285365,0,,,,,,,,,,,29.4,75.1,UNSAMPLED,0
407,16.491350887936314,0,,,,,,,,,,,29.4,75.1,UNSAMPLED,0
408,16.531870177587262,1,29.4,751.0,29.4,7510,,,,,,,29.4,75.1,HOLD_PREVIOUS,1
409,16.572389467238214,0,,,,,,,,,,,29.4,75.1,UNSAMPLED,0
410,16.612908756889162,0,,,,,,,,,,,29.4,75.1,UNSAMPLED,0
411,16.65342804654011,0,,,,,,,,,,,29.4,75.1,UNSAMPLED,0
412,16.69394733619106,0,,,,,,,,,,,29.4,75.1,UNSAMPLED,0
413,16.73446662584201,0,,,,,,,,,,,29.4,75.1,UNSAMPLED,0
414,16.77498591549296,0,,,,,,,,,,,29.4,75.1,UNSAMPLED,0
415,16.815505205143907,0,,,,,,,,,,,29.4,75.1,UNSAMPLED,0
416,16.856024494794855,1,,75.3,,75.3,,,,,,,29.4,75.1,HOLD_PREVIOUS,1
417,16.896543784445807,0,,,,,,,,,,,29.4,75.1,UNSAMPLED,0
418,16.937063074096756,0,,,,,,,,,,,29.4,75.1,UNSAMPLED,0
419,16.977582363747704,0,,,,,,,,,,,29.4,75.1,UNSAMPLED,0
420,17.018101653398652,0,,,,,,,,,,,29.4,75.1,UNSAMPLED,0
421,17.058620943049604,0,,,,,,,,,,,29.4,75.1,UNSAMPLED,0
422,17.099140232700552,0,,,,,,,,,,,29.4,75.1,UNSAMPLED,0
423,17.1396595223515,0,,,,,,,,,,,29.4,75.1,UNSAMPLED,0
424,17.18017881200245,1,29.5,75.3,295,75.3,29.5,75.3,295,75.3,green_difference/PSM7,gray_otsu/PSM7,29.5,75.3,ACCEPT_PRIMARY,0
425,17.2206981016534,0,,,,,,,,,,,29.5,75.3,UNSAMPLED,0
426,17.26121739130435,0,,,,,,,,,,,29.5,75.3,UNSAMPLED,0
427,17.301736680955297,0,,,,,,,,,,,29.5,75.3,UNSAMPLED,0
428,17.342255970606246,0,,,,,,,,,,,29.5,75.3,UNSAMPLED,0
429,17.382775260257198,0,,,,,,,,,,,29.5,75.3,UNSAMPLED,0
430,17.423294549908146,0,,,,,,,,,,,29.5,75.3,UNSAMPLED,0
431,17.463813839559094,0,,,,,,,,,,,29.5,75.3,UNSAMPLED,0
432,17.504333129210043,1,29.8,75.3,29.8,75.3,29.8,75.3,29.8,75.3,green_difference/PSM7,gray_otsu/PSM7,29.8,75.3,ACCEPT_PRIMARY,0
433,17.544852418860994,0,,,,,,,,,,,29.8,75.3,UNSAMPLED,0
434,17.585371708511943,0,,,,,,,,,,,29.8,75.3,UNSAMPLED,0
435,17.62589099816289,0,,,,,,,,,,,29.8,75.3,UNSAMPLED,0
436,17.66641028781384,0,,,,,,,,,,,29.8,75.3,UNSAMPLED,0
437,17.70692957746479,0,,,,,,,,,,,29.8,75.3,UNSAMPLED,0
438,17.74744886711574,0,,,,,,,,,,,29.8,75.3,UNSAMPLED,0
439,17.787968156766688,0,,,,,,,,,,,29.8,75.3,UNSAMPLED,0
440,17.828487446417636,1,29.8,154.0,29.8,1540,,,,,,,29.8,75.3,HOLD_PREVIOUS,1
441,17.869006736068588,0,,,,,,,,,,,29.8,75.3,UNSAMPLED,0
442,17.909526025719536,0,,,,,,,,,,,29.8,75.3,UNSAMPLED,0
443,17.950045315370485,0,,,,,,,,,,,29.8,75.3,UNSAMPLED,0
444,17.990564605021433,0,,,,,,,,,,,29.8,75.3,UNSAMPLED,0
445,18.031083894672385,0,,,,,,,,,,,29.8,75.3,UNSAMPLED,0
446,18.071603184323333,0,,,,,,,,,,,29.8,75.3,UNSAMPLED,0
447,18.11212247397428,0,,,,,,,,,,,29.8,75.3,UNSAMPLED,0
448,18.15264176362523,1,29.8,154.0,29.8,1540,,,,,,,29.8,75.3,HOLD_PREVIOUS,1
449,18.193161053276178,0,,,,,,,,,,,29.8,75.3,UNSAMPLED,0
450,18.23368034292713,0,,,,,,,,,,,29.8,75.3,UNSAMPLED,0
451,18.274199632578078,0,,,,,,,,,,,29.8,75.3,UNSAMPLED,0
452,18.314718922229027,0,,,,,,,,,,,29.8,75.3,UNSAMPLED,0
453,18.355238211879975,0,,,,,,,,,,,29.8,75.3,UNSAMPLED,0
454,18.395757501530927,0,,,,,,,,,,,29.8,75.3,UNSAMPLED,0
455,18.436276791181875,0,,,,,,,,,,,29.8,75.3,UNSAMPLED,0
456,18.476796080832823,1,29.3,45.2,29.3,45.20,29.92,75.2,29.92,752,hsv_green/PSM7,green_difference/PSM8,29.92,75.2,ACCEPT_RETRY,1
457,18.51731537048377,0,,,,,,,,,,,29.92,75.2,UNSAMPLED,0
458,18.557834660134723,0,,,,,,,,,,,29.92,75.2,UNSAMPLED,0
459,18.598353949785672,0,,,,,,,,,,,29.92,75.2,UNSAMPLED,0
460,18.63887323943662,0,,,,,,,,,,,29.92,75.2,UNSAMPLED,0
461,18.67939252908757,0,,,,,,,,,,,29.92,75.2,UNSAMPLED,0
462,18.71991181873852,0,,,,,,,,,,,29.92,75.2,UNSAMPLED,0
463,18.76043110838947,0,,,,,,,,,,,29.92,75.2,UNSAMPLED,0
464,18.800950398040417,1,29.3,75.2,293,75.20,29.3,75.2,293,75.20,green_difference/PSM7,gray_otsu/PSM7,29.3,75.2,ACCEPT_PRIMARY,0
465,18.841469687691365,0,,,,,,,,,,,29.3,75.2,UNSAMPLED,0
466,18.881988977342317,0,,,,,,,,,,,29.3,75.2,UNSAMPLED,0
467,18.922508266993265,0,,,,,,,,,,,29.3,75.2,UNSAMPLED,0
468,18.963027556644214,0,,,,,,,,,,,29.3,75.2,UNSAMPLED,0
469,19.003546846295162,0,,,,,,,,,,,29.3,75.2,UNSAMPLED,0
470,19.044066135946114,0,,,,,,,,,,,29.3,75.2,UNSAMPLED,0
471,19.084585425597062,0,,,,,,,,,,,29.3,75.2,UNSAMPLED,0
472,19.12510471524801,1,29.3,75.3,29.3,75.3,29.3,75.3,29.3,75.3,green_difference/PSM7,gray_otsu/PSM7,29.3,75.3,ACCEPT_PRIMARY,0
473,19.16562400489896,0,,,,,,,,,,,29.3,75.3,UNSAMPLED,0
474,19.20614329454991,0,,,,,,,,,,,29.3,75.3,UNSAMPLED,0
475,19.24666258420086,0,,,,,,,,,,,29.3,75.3,UNSAMPLED,0
476,19.287181873851807,0,,,,,,,,,,,29.3,75.3,UNSAMPLED,0
477,19.327701163502756,0,,,,,,,,,,,29.3,75.3,UNSAMPLED,0
478,19.368220453153707,0,,,,,,,,,,,29.3,75.3,UNSAMPLED,0
479,19.408739742804656,0,,,,,,,,,,,29.3,75.3,UNSAMPLED,0
480,19.449259032455604,1,29.3,75.3,29.3,75.3,29.3,75.3,29.3,75.3,green_difference/PSM7,gray_otsu/PSM7,29.3,75.3,ACCEPT_PRIMARY,0
481,19.489778322106552,0,,,,,,,,,,,29.3,75.3,UNSAMPLED,0
482,19.530297611757504,0,,,,,,,,,,,29.3,75.3,UNSAMPLED,0
483,19.570816901408453,0,,,,,,,,,,,29.3,75.3,UNSAMPLED,0
484,19.6113361910594,0,,,,,,,,,,,29.3,75.3,UNSAMPLED,0
485,19.65185548071035,0,,,,,,,,,,,29.3,75.3,UNSAMPLED,0
486,19.6923747703613,0,,,,,,,,,,,29.3,75.3,UNSAMPLED,0
487,19.73289406001225,0,,,,,,,,,,,29.3,75.3,UNSAMPLED,0
488,19.773413349663198,1,29.3,754.0,29.3,7540,,,,,,,29.3,75.3,HOLD_PREVIOUS,1
489,19.813932639314146,0,,,,,,,,,,,29.3,75.3,UNSAMPLED,0
490,19.854451928965094,0,,,,,,,,,,,29.3,75.3,UNSAMPLED,0
491,19.894971218616046,0,,,,,,,,,,,29.3,75.3,UNSAMPLED,0
492,19.935490508266994,0,,,,,,,,,,,29.3,75.3,UNSAMPLED,0
493,19.976009797917943,0,,,,,,,,,,,29.3,75.3,UNSAMPLED,0
494,20.01652908756889,0,,,,,,,,,,,29.3,75.3,UNSAMPLED,0
495,20.057048377219843,0,,,,,,,,,,,29.3,75.3,UNSAMPLED,0
496,20.09756766687079,1,29.3,754.0,29.3,7540,,,,,,,29.3,75.3,HOLD_PREVIOUS,1
497,20.13808695652174,0,,,,,,,,,,,29.3,75.3,UNSAMPLED,0
498,20.178606246172688,0,,,,,,,,,,,29.3,75.3,UNSAMPLED,0
499,20.21912553582364,0,,,,,,,,,,,29.3,75.3,UNSAMPLED,0
500,20.259644825474588,0,,,,,,,,,,,29.3,75.3,UNSAMPLED,0
501,20.300164115125536,0,,,,,,,,,,,29.3,75.3,UNSAMPLED,0
502,20.340683404776485,0,,,,,,,,,,,29.3,75.3,UNSAMPLED,0
503,20.381202694427436,0,,,,,,,,,,,29.3,75.3,UNSAMPLED,0
504,20.421721984078385,1,29.3,75.2,29.3,75.20,29.3,75.2,29.3,75.20,green_difference/PSM7,gray_otsu/PSM7,29.3,75.2,ACCEPT_PRIMARY,0
505,20.462241273729333,0,,,,,,,,,,,29.3,75.2,UNSAMPLED,0
506,20.50276056338028,0,,,,,,,,,,,29.3,75.2,UNSAMPLED,0
507,20.543279853031233,0,,,,,,,,,,,29.3,75.2,UNSAMPLED,0
508,20.58379914268218,0,,,,,,,,,,,29.3,75.2,UNSAMPLED,0
509,20.62431843233313,0,,,,,,,,,,,29.3,75.2,UNSAMPLED,0
510,20.664837721984078,0,,,,,,,,,,,29.3,75.2,UNSAMPLED,0
511,20.70535701163503,0,,,,,,,,,,,29.3,75.2,UNSAMPLED,0
512,20.74587630128598,1,29.3,75.2,29.3,75.20,29.3,75.2,29.3,75.20,green_difference/PSM7,gray_otsu/PSM7,29.3,75.2,ACCEPT_PRIMARY,0
513,20.786395590936927,0,,,,,,,,,,,29.3,75.2,UNSAMPLED,0
514,20.826914880587875,0,,,,,,,,,,,29.3,75.2,UNSAMPLED,0
515,20.867434170238827,0,,,,,,,,,,,29.3,75.2,UNSAMPLED,0
516,20.907953459889775,0,,,,,,,,,,,29.3,75.2,UNSAMPLED,0
517,20.948472749540723,0,,,,,,,,,,,29.3,75.2,UNSAMPLED,0
518,20.988992039191672,0,,,,,,,,,,,29.3,75.2,UNSAMPLED,0
519,21.029511328842624,0,,,,,,,,,,,29.3,75.2,UNSAMPLED,0
520,21.070030618493572,1,29.3,75.2,293,75.20,29.3,75.2,293,75.20,green_difference/PSM7,gray_otsu/PSM7,29.3,75.2,ACCEPT_PRIMARY,0
521,21.11054990814452,0,,,,,,,,,,,29.3,75.2,UNSAMPLED,0
522,21.15106919779547,0,,,,,,,,,,,29.3,75.2,UNSAMPLED,0
523,21.19158848744642,0,,,,,,,,,,,29.3,75.2,UNSAMPLED,0
524,21.23210777709737,0,,,,,,,,,,,29.3,75.2,UNSAMPLED,0
525,21.272627066748317,0,,,,,,,,,,,29.3,75.2,UNSAMPLED,0
526,21.313146356399265,0,,,,,,,,,,,29.3,75.2,UNSAMPLED,0
527,21.353665646050214,0,,,,,,,,,,,29.3,75.2,UNSAMPLED,0
528,21.394184935701166,1,29.3,75.2,293,75.20,29.3,75.2,293,75.20,green_difference/PSM7,gray_otsu/PSM7,29.3,75.2,ACCEPT_PRIMARY,0
529,21.434704225352114,0,,,,,,,,,,,29.3,75.2,UNSAMPLED,0
530,21.475223515003062,0,,,,,,,,,,,29.3,75.2,UNSAMPLED,0
531,21.51574280465401,0,,,,,,,,,,,29.3,75.2,UNSAMPLED,0
532,21.556262094304962,0,,,,,,,,,,,29.3,75.2,UNSAMPLED,0
533,21.59678138395591,0,,,,,,,,,,,29.3,75.2,UNSAMPLED,0
534,21.63730067360686,0,,,,,,,,,,,29.3,75.2,UNSAMPLED,0
535,21.677819963257807,0,,,,,,,,,,,29.3,75.2,UNSAMPLED,0
536,21.71833925290876,1,29.3,75.2,293,75.20,29.3,75.2,293,75.20,green_difference/PSM7,gray_otsu/PSM7,29.3,75.2,ACCEPT_PRIMARY,0
537,21.758858542559707,0,,,,,,,,,,,29.3,75.2,UNSAMPLED,0
538,21.799377832210656,0,,,,,,,,,,,29.3,75.2,UNSAMPLED,0
539,21.839897121861604,0,,,,,,,,,,,29.3,75.2,UNSAMPLED,0
540,21.880416411512556,0,,,,,,,,,,,29.3,75.2,UNSAMPLED,0
541,21.920935701163504,0,,,,,,,,,,,29.3,75.2,UNSAMPLED,0
542,21.961454990814453,0,,,,,,,,,,,29.3,75.2,UNSAMPLED,0
543,22.0019742804654,0,,,,,,,,,,,29.3,75.2,UNSAMPLED,0
544,22.042493570116353,1,29.3,75.3,293,75.30,29.3,75.3,293,75.30,green_difference/PSM7,gray_otsu/PSM7,29.3,75.3,ACCEPT_PRIMARY,0
545,22.0830128597673,0,,,,,,,,,,,29.3,75.3,UNSAMPLED,0
546,22.12353214941825,0,,,,,,,,,,,29.3,75.3,UNSAMPLED,0
547,22.164051439069198,0,,,,,,,,,,,29.3,75.3,UNSAMPLED,0
548,22.20457072872015,0,,,,,,,,,,,29.3,75.3,UNSAMPLED,0
549,22.245090018371098,0,,,,,,,,,,,29.3,75.3,UNSAMPLED,0
550,22.285609308022046,0,,,,,,,,,,,29.3,75.3,UNSAMPLED,0
551,22.326128597672994,0,,,,,,,,,,,29.3,75.3,UNSAMPLED,0
552,22.366647887323946,1,24.3,75.3,243,75.30,29.3,75.3,293,75.30,green_difference/PSM8,gray_otsu/PSM7,29.3,75.3,ACCEPT_RETRY,1
553,22.407167176974895,0,,,,,,,,,,,29.3,75.3,UNSAMPLED,0
554,22.447686466625843,0,,,,,,,,,,,29.3,75.3,UNSAMPLED,0
555,22.48820575627679,0,,,,,,,,,,,29.3,75.3,UNSAMPLED,0
556,22.528725045927743,0,,,,,,,,,,,29.3,75.3,UNSAMPLED,0
557,22.56924433557869,0,,,,,,,,,,,29.3,75.3,UNSAMPLED,0
558,22.60976362522964,0,,,,,,,,,,,29.3,75.3,UNSAMPLED,0
559,22.650282914880588,0,,,,,,,,,,,29.3,75.3,UNSAMPLED,0
560,22.69080220453154,1,24.3,75.3,243,75.30,29.3,75.3,293,75.30,green_difference/PSM8,gray_otsu/PSM7,29.3,75.3,ACCEPT_RETRY,1
561,22.731321494182488,0,,,,,,,,,,,29.3,75.3,UNSAMPLED,0
562,22.771840783833436,0,,,,,,,,,,,29.3,75.3,UNSAMPLED,0
563,22.812360073484385,0,,,,,,,,,,,29.3,75.3,UNSAMPLED,0
564,22.852879363135337,0,,,,,,,,,,,29.3,75.3,UNSAMPLED,0
565,22.893398652786285,0,,,,,,,,,,,29.3,75.3,UNSAMPLED,0
566,22.933917942437233,0,,,,,,,,,,,29.3,75.3,UNSAMPLED,0
567,22.97443723208818,0,,,,,,,,,,,29.3,75.3,UNSAMPLED,0
568,23.01495652173913,1,29.3,794.0,29.3,7940,,,,,,,29.3,75.3,HOLD_PREVIOUS,1
569,23.05547581139008,0,,,,,,,,,,,29.3,75.3,UNSAMPLED,0
570,23.09599510104103,0,,,,,,,,,,,29.3,75.3,UNSAMPLED,0
571,23.13651439069198,0,,,,,,,,,,,29.3,75.3,UNSAMPLED,0
572,23.177033680342927,0,,,,,,,,,,,29.3,75.3,UNSAMPLED,0
573,23.21755296999388,0,,,,,,,,,,,29.3,75.3,UNSAMPLED,0
574,23.258072259644827,0,,,,,,,,,,,29.3,75.3,UNSAMPLED,0
575,23.298591549295775,0,,,,,,,,,,,29.3,75.3,UNSAMPLED,0
576,23.339110838946723,1,29.3,794.0,29.3,7940,,,,,,,29.3,75.3,HOLD_PREVIOUS,1
577,23.379630128597675,0,,,,,,,,,,,29.3,75.3,UNSAMPLED,0
578,23.420149418248624,0,,,,,,,,,,,29.3,75.3,UNSAMPLED,0
579,23.460668707899572,0,,,,,,,,,,,29.3,75.3,UNSAMPLED,0
580,23.50118799755052,0,,,,,,,,,,,29.3,75.3,UNSAMPLED,0
581,23.541707287201472,0,,,,,,,,,,,29.3,75.3,UNSAMPLED,0
582,23.58222657685242,0,,,,,,,,,,,29.3,75.3,UNSAMPLED,0
583,23.62274586650337,0,,,,,,,,,,,29.3,75.3,UNSAMPLED,0
584,23.663265156154317,1,29.3,794.0,29.3,7940,,,,,,,29.3,75.3,HOLD_PREVIOUS,1
585,23.70378444580527,0,,,,,,,,,,,29.3,75.3,UNSAMPLED,0
586,23.744303735456217,0,,,,,,,,,,,29.3,75.3,UNSAMPLED,0
587,23.784823025107166,0,,,,,,,,,,,29.3,75.3,UNSAMPLED,0
588,23.825342314758114,0,,,,,,,,,,,29.3,75.3,UNSAMPLED,0
589,23.865861604409066,0,,,,,,,,,,,29.3,75.3,UNSAMPLED,0
590,23.906380894060014,0,,,,,,,,,,,29.3,75.3,UNSAMPLED,0
591,23.946900183710962,0,,,,,,,,,,,29.3,75.3,UNSAMPLED,0
592,23.98741947336191,1,29.3,75.5,29.3,75.5,29.3,75.5,29.3,75.5,green_difference/PSM7,gray_otsu/PSM7,29.3,75.5,ACCEPT_PRIMARY,0
593,24.027938763012862,0,,,,,,,,,,,29.3,75.5,UNSAMPLED,0
594,24.06845805266381,0,,,,,,,,,,,29.3,75.5,UNSAMPLED,0
595,24.10897734231476,0,,,,,,,,,,,29.3,75.5,UNSAMPLED,0
596,24.149496631965707,0,,,,,,,,,,,29.3,75.5,UNSAMPLED,0
597,24.19001592161666,0,,,,,,,,,,,29.3,75.5,UNSAMPLED,0
598,24.230535211267608,0,,,,,,,,,,,29.3,75.5,UNSAMPLED,0
599,24.271054500918556,0,,,,,,,,,,,29.3,75.5,UNSAMPLED,0
600,24.311573790569504,1,29.3,75.3,29.3,75.3,29.3,75.3,29.3,75.3,green_difference/PSM7,gray_otsu/PSM7,29.3,75.3,ACCEPT_PRIMARY,0
601,24.352093080220456,0,,,,,,,,,,,29.3,75.3,UNSAMPLED,0
602,24.392612369871404,0,,,,,,,,,,,29.3,75.3,UNSAMPLED,0
603,24.433131659522353,0,,,,,,,,,,,29.3,75.3,UNSAMPLED,0
604,24.4736509491733,0,,,,,,,,,,,29.3,75.3,UNSAMPLED,0
605,24.514170238824253,0,,,,,,,,,,,29.3,75.3,UNSAMPLED,0
606,24.5546895284752,0,,,,,,,,,,,29.3,75.3,UNSAMPLED,0
607,24.59520881812615,0,,,,,,,,,,,29.3,75.3,UNSAMPLED,0
608,24.635728107777098,1,29.3,754.0,29.3,7540,,,,,,,29.3,75.3,HOLD_PREVIOUS,1
609,24.676247397428046,0,,,,,,,,,,,29.3,75.3,UNSAMPLED,0
610,24.716766687078998,0,,,,,,,,,,,29.3,75.3,UNSAMPLED,0
611,24.757285976729946,0,,,,,,,,,,,29.3,75.3,UNSAMPLED,0
612,24.797805266380895,0,,,,,,,,,,,29.3,75.3,UNSAMPLED,0
613,24.838324556031843,0,,,,,,,,,,,29.3,75.3,UNSAMPLED,0
614,24.878843845682795,0,,,,,,,,,,,29.3,75.3,UNSAMPLED,0
615,24.919363135333743,0,,,,,,,,,,,29.3,75.3,UNSAMPLED,0
616,24.95988242498469,1,29.3,754.0,29.3.,7540,29.3,75.4,29.3.,754,green_difference/PSM7,green_difference/PSM7,29.3,75.4,ACCEPT_RETRY,1
617,25.00040171463564,0,,,,,,,,,,,29.3,75.4,UNSAMPLED,0
618,25.04092100428659,0,,,,,,,,,,,29.3,75.4,UNSAMPLED,0
619,25.08144029393754,0,,,,,,,,,,,29.3,75.4,UNSAMPLED,0
620,25.121959583588488,0,,,,,,,,,,,29.3,75.4,UNSAMPLED,0
621,25.162478873239436,0,,,,,,,,,,,29.3,75.4,UNSAMPLED,0
622,25.20299816289039,0,,,,,,,,,,,29.3,75.4,UNSAMPLED,0
623,25.243517452541337,0,,,,,,,,,,,29.3,75.4,UNSAMPLED,0
624,25.284036742192285,1,29.3,754.0,29.3,7540,29.3,75.4,29.3,754,green_difference/PSM7,green_difference/PSM7,29.3,75.4,ACCEPT_RETRY,1
625,25.324556031843233,0,,,,,,,,,,,29.3,75.4,UNSAMPLED,0
626,25.365075321494185,0,,,,,,,,,,,29.3,75.4,UNSAMPLED,0
627,25.405594611145133,0,,,,,,,,,,,29.3,75.4,UNSAMPLED,0
628,25.44611390079608,0,,,,,,,,,,,29.3,75.4,UNSAMPLED,0
629,25.48663319044703,0,,,,,,,,,,,29.3,75.4,UNSAMPLED,0
630,25.527152480097982,0,,,,,,,,,,,29.3,75.4,UNSAMPLED,0
631,25.56767176974893,0,,,,,,,,,,,29.3,75.4,UNSAMPLED,0
632,25.60819105939988,1,29.3,754.0,29.3,7540,29.3,75.4,29.3,754,green_difference/PSM7,green_difference/PSM7,29.3,75.4,ACCEPT_RETRY,1
633,25.648710349050827,0,,,,,,,,,,,29.3,75.4,UNSAMPLED,0
634,25.68922963870178,0,,,,,,,,,,,29.3,75.4,UNSAMPLED,0
635,25.729748928352727,0,,,,,,,,,,,29.3,75.4,UNSAMPLED,0
636,25.770268218003675,0,,,,,,,,,,,29.3,75.4,UNSAMPLED,0
637,25.810787507654624,0,,,,,,,,,,,29.3,75.4,UNSAMPLED,0
638,25.851306797305575,0,,,,,,,,,,,29.3,75.4,UNSAMPLED,0
639,25.891826086956524,0,,,,,,,,,,,29.3,75.4,UNSAMPLED,0
640,25.932345376607472,1,29.3,45.2,29.3,45.20,,,,,,,29.3,75.4,HOLD_PREVIOUS,1
641,25.97286466625842,0,,,,,,,,,,,29.3,75.4,UNSAMPLED,0
642,26.013383955909372,0,,,,,,,,,,,29.3,75.4,UNSAMPLED,0
643,26.05390324556032,0,,,,,,,,,,,29.3,75.4,UNSAMPLED,0
644,26.09442253521127,0,,,,,,,,,,,29.3,75.4,UNSAMPLED,0
645,26.134941824862217,0,,,,,,,,,,,29.3,75.4,UNSAMPLED,0
646,26.17546111451317,0,,,,,,,,,,,29.3,75.4,UNSAMPLED,0
647,26.215980404164117,0,,,,,,,,,,,29.3,75.4,UNSAMPLED,0
648,26.256499693815066,1,29.3,45.2,29.3,45.20,,,,,,,29.3,75.4,HOLD_PREVIOUS,1
649,26.297018983466014,0,,,,,,,,,,,29.3,75.4,UNSAMPLED,0
650,26.337538273116962,0,,,,,,,,,,,29.3,75.4,UNSAMPLED,0
651,26.378057562767914,0,,,,,,,,,,,29.3,75.4,UNSAMPLED,0
652,26.418576852418862,0,,,,,,,,,,,29.3,75.4,UNSAMPLED,0
653,26.45909614206981,0,,,,,,,,,,,29.3,75.4,UNSAMPLED,0
654,26.49961543172076,0,,,,,,,,,,,29.3,75.4,UNSAMPLED,0
655,26.54013472137171,0,,,,,,,,,,,29.3,75.4,UNSAMPLED,0
656,26.58065401102266,1,29.3,75.0,29.3,75.00,29.3,75.0,29.3,75.00,green_difference/PSM7,gray_otsu/PSM7,29.3,75.0,ACCEPT_PRIMARY,0
657,26.621173300673608,0,,,,,,,,,,,29.3,75.0,UNSAMPLED,0
658,26.661692590324556,0,,,,,,,,,,,29.3,75.0,UNSAMPLED,0
659,26.702211879975508,0,,,,,,,,,,,29.3,75.0,UNSAMPLED,0
660,26.742731169626456,0,,,,,,,,,,,29.3,75.0,UNSAMPLED,0
661,26.783250459277404,0,,,,,,,,,,,29.3,75.0,UNSAMPLED,0
662,26.823769748928353,0,,,,,,,,,,,29.3,75.0,UNSAMPLED,0
663,26.864289038579305,0,,,,,,,,,,,29.3,75.0,UNSAMPLED,0
664,26.904808328230253,1,26.3,75.0,263,75.00,29.3,75.0,293,75.00,green_difference/PSM8,gray_otsu/PSM7,29.3,75.0,ACCEPT_RETRY,1
665,26.9453276178812,0,,,,,,,,,,,29.3,75.0,UNSAMPLED,0
666,26.98584690753215,0,,,,,,,,,,,29.3,75.0,UNSAMPLED,0
667,27.0263661971831,0,,,,,,,,,,,29.3,75.0,UNSAMPLED,0
668,27.06688548683405,0,,,,,,,,,,,29.3,75.0,UNSAMPLED,0
669,27.107404776484998,0,,,,,,,,,,,29.3,75.0,UNSAMPLED,0
670,27.147924066135946,0,,,,,,,,,,,29.3,75.0,UNSAMPLED,0
671,27.188443355786898,0,,,,,,,,,,,29.3,75.0,UNSAMPLED,0
672,27.228962645437846,1,29.3,75.0,293,75.00,29.3,75.0,293,75.00,green_difference/PSM7,gray_otsu/PSM7,29.3,75.0,ACCEPT_PRIMARY,0
673,27.269481935088795,0,,,,,,,,,,,29.3,75.0,UNSAMPLED,0
674,27.310001224739743,0,,,,,,,,,,,29.3,75.0,UNSAMPLED,0
675,27.350520514390695,0,,,,,,,,,,,29.3,75.0,UNSAMPLED,0
676,27.391039804041643,0,,,,,,,,,,,29.3,75.0,UNSAMPLED,0
677,27.43155909369259,0,,,,,,,,,,,29.3,75.0,UNSAMPLED,0
678,27.47207838334354,0,,,,,,,,,,,29.3,75.0,UNSAMPLED,0
679,27.51259767299449,0,,,,,,,,,,,29.3,75.0,UNSAMPLED,0
680,27.55311696264544,1,29.3,75.0,293,75.00,29.3,75.0,293,75.00,green_difference/PSM7,gray_otsu/PSM7,29.3,75.0,ACCEPT_PRIMARY,0
681,27.59363625229639,0,,,,,,,,,,,29.3,75.0,UNSAMPLED,0
682,27.634155541947337,0,,,,,,,,,,,29.3,75.0,UNSAMPLED,0
683,27.67467483159829,0,,,,,,,,,,,29.3,75.0,UNSAMPLED,0
684,27.715194121249237,0,,,,,,,,,,,29.3,75.0,UNSAMPLED,0
685,27.755713410900185,0,,,,,,,,,,,29.3,75.0,UNSAMPLED,0
686,27.796232700551133,0,,,,,,,,,,,29.3,75.0,UNSAMPLED,0
687,27.836751990202085,0,,,,,,,,,,,29.3,75.0,UNSAMPLED,0
688,27.877271279853034,1,29.3,75.0,293,75.00,29.3,75.0,293,75.00,green_difference/PSM7,gray_otsu/PSM7,29.3,75.0,ACCEPT_PRIMARY,0
689,27.917790569503982,0,,,,,,,,,,,29.3,75.0,UNSAMPLED,0
690,27.95830985915493,0,,,,,,,,,,,29.3,75.0,UNSAMPLED,0
691,27.99882914880588,0,,,,,,,,,,,29.3,75.0,UNSAMPLED,0
692,28.03934843845683,0,,,,,,,,,,,29.3,75.0,UNSAMPLED,0
693,28.07986772810778,0,,,,,,,,,,,29.3,75.0,UNSAMPLED,0
694,28.120387017758727,0,,,,,,,,,,,29.3,75.0,UNSAMPLED,0
695,28.160906307409675,0,,,,,,,,,,,29.3,75.0,UNSAMPLED,0
696,28.201425597060627,1,29.3,75.1,293,75.10,29.3,75.1,293,75.10,green_difference/PSM7,gray_otsu/PSM7,29.3,75.1,ACCEPT_PRIMARY,0
697,28.241944886711575,0,,,,,,,,,,,29.3,75.1,UNSAMPLED,0
698,28.282464176362524,0,,,,,,,,,,,29.3,75.1,UNSAMPLED,0
699,28.322983466013472,0,,,,,,,,,,,29.3,75.1,UNSAMPLED,0
700,28.363502755664424,0,,,,,,,,,,,29.3,75.1,UNSAMPLED,0
701,28.404022045315372,0,,,,,,,,,,,29.3,75.1,UNSAMPLED,0
702,28.44454133496632,0,,,,,,,,,,,29.3,75.1,UNSAMPLED,0
703,28.48506062461727,0,,,,,,,,,,,29.3,75.1,UNSAMPLED,0
704,28.52557991426822,1,29.3,75.1,293,75.10,29.3,75.1,293,75.10,green_difference/PSM7,gray_otsu/PSM7,29.3,75.1,ACCEPT_PRIMARY,0
705,28.56609920391917,0,,,,,,,,,,,29.3,75.1,UNSAMPLED,0
706,28.606618493570117,0,,,,,,,,,,,29.3,75.1,UNSAMPLED,0
707,28.647137783221066,0,,,,,,,,,,,29.3,75.1,UNSAMPLED,0
708,28.687657072872017,0,,,,,,,,,,,29.3,75.1,UNSAMPLED,0
709,28.728176362522966,0,,,,,,,,,,,29.3,75.1,UNSAMPLED,0
710,28.768695652173914,0,,,,,,,,,,,29.3,75.1,UNSAMPLED,0
711,28.809214941824862,0,,,,,,,,,,,29.3,75.1,UNSAMPLED,0
712,28.849734231475814,1,29.3,75.1,293,75.10,29.3,75.1,293,75.10,green_difference/PSM7,gray_otsu/PSM7,29.3,75.1,ACCEPT_PRIMARY,0
713,28.890253521126763,0,,,,,,,,,,,29.3,75.1,UNSAMPLED,0
714,28.93077281077771,0,,,,,,,,,,,29.3,75.1,UNSAMPLED,0
715,28.97129210042866,0,,,,,,,,,,,29.3,75.1,UNSAMPLED,0
716,29.01181139007961,0,,,,,,,,,,,29.3,75.1,UNSAMPLED,0
717,29.05233067973056,0,,,,,,,,,,,29.3,75.1,UNSAMPLED,0
718,29.092849969381508,0,,,,,,,,,,,29.3,75.1,UNSAMPLED,0
719,29.133369259032456,0,,,,,,,,,,,29.3,75.1,UNSAMPLED,0
720,29.173888548683408,1,29.3,73.1,29.3,73.10,29.3,73.1,29.3,73.10,green_difference/PSM7,gray_otsu/PSM7,29.3,73.1,ACCEPT_PRIMARY,0
721,29.214407838334356,0,,,,,,,,,,,29.3,73.1,UNSAMPLED,0
722,29.254927127985304,0,,,,,,,,,,,29.3,73.1,UNSAMPLED,0
723,29.295446417636253,0,,,,,,,,,,,29.3,73.1,UNSAMPLED,0
724,29.335965707287205,0,,,,,,,,,,,29.3,73.1,UNSAMPLED,0
725,29.376484996938153,0,,,,,,,,,,,29.3,73.1,UNSAMPLED,0
726,29.4170042865891,0,,,,,,,,,,,29.3,73.1,UNSAMPLED,0
727,29.45752357624005,0,,,,,,,,,,,29.3,73.1,UNSAMPLED,0
728,29.498042865891,1,29.3,45.0,29.3,45.00,29.3,75.0,29.3,750,green_difference/PSM7,green_difference/PSM8,29.3,75.0,ACCEPT_RETRY,1
729,29.53856215554195,0,,,,,,,,,,,29.3,75.0,UNSAMPLED,0
730,29.579081445192898,0,,,,,,,,,,,29.3,75.0,UNSAMPLED,0
731,29.619600734843846,0,,,,,,,,,,,29.3,75.0,UNSAMPLED,0
732,29.660120024494795,0,,,,,,,,,,,29.3,75.0,UNSAMPLED,0
733,29.700639314145747,0,,,,,,,,,,,29.3,75.0,UNSAMPLED,0
734,29.741158603796695,0,,,,,,,,,,,29.3,75.0,UNSAMPLED,0
735,29.781677893447643,0,,,,,,,,,,,29.3,75.0,UNSAMPLED,0
736,29.82219718309859,1,29.3,749.0,29.3,7490,,,,,,,29.3,75.0,HOLD_PREVIOUS,1
737,29.862716472749543,0,,,,,,,,,,,29.3,75.0,UNSAMPLED,0
738,29.90323576240049,0,,,,,,,,,,,29.3,75.0,UNSAMPLED,0
739,29.94375505205144,0,,,,,,,,,,,29.3,75.0,UNSAMPLED,0
740,29.98427434170239,0,,,,,,,,,,,29.3,75.0,UNSAMPLED,0
741,30.02479363135334,0,,,,,,,,,,,29.3,75.0,UNSAMPLED,0
742,30.06531292100429,0,,,,,,,,,,,29.3,75.0,UNSAMPLED,0
743,30.105832210655237,0,,,,,,,,,,,29.3,75.0,UNSAMPLED,0
744,30.146351500306185,1,29.3,75.0,29.3,75.0,29.3,75.0,29.3,75.0,green_difference/PSM7,gray_otsu/PSM7,29.3,75.0,ACCEPT_PRIMARY,0
745,30.186870789957137,0,,,,,,,,,,,29.3,75.0,UNSAMPLED,0
746,30.227390079608085,0,,,,,,,,,,,29.3,75.0,UNSAMPLED,0
747,30.267909369259034,0,,,,,,,,,,,29.3,75.0,UNSAMPLED,0
748,30.308428658909982,0,,,,,,,,,,,29.3,75.0,UNSAMPLED,0
749,30.348947948560934,0,,,,,,,,,,,29.3,75.0,UNSAMPLED,0
750,30.389467238211882,0,,,,,,,,,,,29.3,75.0,UNSAMPLED,0
751,30.42998652786283,0,,,,,,,,,,,29.3,75.0,UNSAMPLED,0
752,30.47050581751378,1,29.3,75.0,29.3,75.0,29.3,75.0,29.3,75.0,green_difference/PSM7,gray_otsu/PSM7,29.3,75.0,ACCEPT_PRIMARY,0
753,30.51102510716473,0,,,,,,,,,,,29.3,75.0,UNSAMPLED,0
754,30.55154439681568,0,,,,,,,,,,,29.3,75.0,UNSAMPLED,0
755,30.592063686466627,0,,,,,,,,,,,29.3,75.0,UNSAMPLED,0
756,30.632582976117575,0,,,,,,,,,,,29.3,75.0,UNSAMPLED,0
757,30.673102265768527,0,,,,,,,,,,,29.3,75.0,UNSAMPLED,0
758,30.713621555419476,0,,,,,,,,,,,29.3,75.0,UNSAMPLED,0
759,30.754140845070424,0,,,,,,,,,,,29.3,75.0,UNSAMPLED,0
760,30.794660134721372,1,29.3,75.0,29.3,75.0,29.3,75.0,29.3,75.0,green_difference/PSM7,gray_otsu/PSM7,29.3,75.0,ACCEPT_PRIMARY,0
761,30.835179424372324,0,,,,,,,,,,,29.3,75.0,UNSAMPLED,0
762,30.875698714023272,0,,,,,,,,,,,29.3,75.0,UNSAMPLED,0
763,30.91621800367422,0,,,,,,,,,,,29.3,75.0,UNSAMPLED,0
764,30.95673729332517,0,,,,,,,,,,,29.3,75.0,UNSAMPLED,0
765,30.99725658297612,0,,,,,,,,,,,29.3,75.0,UNSAMPLED,0
766,31.03777587262707,0,,,,,,,,,,,29.3,75.0,UNSAMPLED,0
767,31.078295162278017,0,,,,,,,,,,,29.3,75.0,UNSAMPLED,0
768,31.118814451928966,1,29.3,75.0,29.30,75.0,29.3,75.0,29.30,75.0,green_difference/PSM7,gray_otsu/PSM7,29.3,75.0,ACCEPT_PRIMARY,0
769,31.159333741579918,0,,,,,,,,,,,29.3,75.0,UNSAMPLED,0
770,31.199853031230866,0,,,,,,,,,,,29.3,75.0,UNSAMPLED,0
771,31.240372320881814,0,,,,,,,,,,,29.3,75.0,UNSAMPLED,0
772,31.280891610532763,0,,,,,,,,,,,29.3,75.0,UNSAMPLED,0
773,31.32141090018371,0,,,,,,,,,,,29.3,75.0,UNSAMPLED,0
774,31.361930189834663,0,,,,,,,,,,,29.3,75.0,UNSAMPLED,0
775,31.40244947948561,0,,,,,,,,,,,29.3,75.0,UNSAMPLED,0
776,31.44296876913656,1,29.3,75.1,29.30,75.10,29.3,75.1,29.30,75.10,green_difference/PSM7,gray_otsu/PSM7,29.3,75.1,ACCEPT_PRIMARY,0
777,31.483488058787508,0,,,,,,,,,,,29.3,75.1,UNSAMPLED,0
778,31.52400734843846,0,,,,,,,,,,,29.3,75.1,UNSAMPLED,0
779,31.564526638089408,0,,,,,,,,,,,29.3,75.1,UNSAMPLED,0
780,31.605045927740356,0,,,,,,,,,,,29.3,75.1,UNSAMPLED,0
781,31.645565217391304,0,,,,,,,,,,,29.3,75.1,UNSAMPLED,0
782,31.686084507042256,0,,,,,,,,,,,29.3,75.1,UNSAMPLED,0
783,31.726603796693205,0,,,,,,,,,,,29.3,75.1,UNSAMPLED,0
784,31.767123086344153,1,29.3,75.1,29.30,75.10,29.3,75.1,29.30,75.10,green_difference/PSM7,gray_otsu/PSM7,29.3,75.1,ACCEPT_PRIMARY,0
785,31.8076423759951,0,,,,,,,,,,,29.3,75.1,UNSAMPLED,0
786,31.848161665646053,0,,,,,,,,,,,29.3,75.1,UNSAMPLED,0
787,31.888680955297,0,,,,,,,,,,,29.3,75.1,UNSAMPLED,0
788,31.92920024494795,0,,,,,,,,,,,29.3,75.1,UNSAMPLED,0
789,31.969719534598898,0,,,,,,,,,,,29.3,75.1,UNSAMPLED,0
790,32.010238824249846,0,,,,,,,,,,,29.3,75.1,UNSAMPLED,0
791,32.0507581139008,0,,,,,,,,,,,29.3,75.1,UNSAMPLED,0
792,32.09127740355175,1,29.3,75.1,29.30,75.10,29.3,75.1,29.30,75.10,green_difference/PSM7,gray_otsu/PSM7,29.3,75.1,ACCEPT_PRIMARY,0
793,32.131796693202695,0,,,,,,,,,,,29.3,75.1,UNSAMPLED,0
794,32.17231598285365,0,,,,,,,,,,,29.3,75.1,UNSAMPLED,0
795,32.21283527250459,0,,,,,,,,,,,29.3,75.1,UNSAMPLED,0
796,32.25335456215554,0,,,,,,,,,,,29.3,75.1,UNSAMPLED,0
797,32.293873851806495,0,,,,,,,,,,,29.3,75.1,UNSAMPLED,0
798,32.33439314145744,0,,,,,,,,,,,29.3,75.1,UNSAMPLED,0
799,32.37491243110839,0,,,,,,,,,,,29.3,75.1,UNSAMPLED,0
800,32.415431720759344,1,29.3,75.1,29.30,75.10,29.3,75.1,29.30,75.10,green_difference/PSM7,gray_otsu/PSM7,29.3,75.1,ACCEPT_PRIMARY,0
801,32.45595101041029,0,,,,,,,,,,,29.3,75.1,UNSAMPLED,0
802,32.49647030006124,0,,,,,,,,,,,29.3,75.1,UNSAMPLED,0
803,32.536989589712185,0,,,,,,,,,,,29.3,75.1,UNSAMPLED,0
804,32.57750887936314,0,,,,,,,,,,,29.3,75.1,UNSAMPLED,0
805,32.61802816901409,0,,,,,,,,,,,29.3,75.1,UNSAMPLED,0
806,32.65854745866503,0,,,,,,,,,,,29.3,75.1,UNSAMPLED,0
807,32.699066748315985,0,,,,,,,,,,,29.3,75.1,UNSAMPLED,0
808,32.73958603796694,1,29.3,75.3,29.30,75.3,29.3,75.3,29.30,75.3,green_difference/PSM7,gray_otsu/PSM7,29.3,75.3,ACCEPT_PRIMARY,0
809,32.78010532761788,0,,,,,,,,,,,29.3,75.3,UNSAMPLED,0
810,32.820624617268834,0,,,,,,,,,,,29.3,75.3,UNSAMPLED,0
811,32.86114390691978,0,,,,,,,,,,,29.3,75.3,UNSAMPLED,0
812,32.90166319657073,0,,,,,,,,,,,29.3,75.3,UNSAMPLED,0
813,32.94218248622168,0,,,,,,,,,,,29.3,75.3,UNSAMPLED,0
814,32.98270177587263,0,,,,,,,,,,,29.3,75.3,UNSAMPLED,0
815,33.02322106552358,0,,,,,,,,,,,29.3,75.3,UNSAMPLED,0
816,33.063740355174524,1,79.3,754.0,79.3,7540,28.37,75.4,28.37-,75.4,hsv_green/PSM7,green_difference/PSM7,28.37,75.4,ACCEPT_RETRY,1
817,33.104259644825476,0,,,,,,,,,,,28.37,75.4,UNSAMPLED,0
818,33.14477893447643,0,,,,,,,,,,,28.37,75.4,UNSAMPLED,0
819,33.18529822412737,0,,,,,,,,,,,28.37,75.4,UNSAMPLED,0
820,33.225817513778324,0,,,,,,,,,,,28.37,75.4,UNSAMPLED,0
821,33.266336803429276,0,,,,,,,,,,,28.37,75.4,UNSAMPLED,0
822,33.30685609308022,0,,,,,,,,,,,28.37,75.4,UNSAMPLED,0
823,33.34737538273117,0,,,,,,,,,,,28.37,75.4,UNSAMPLED,0
824,33.38789467238212,1,29.3,45.2,29.30,45.20,29.3,75.2,29.30,752,green_difference/PSM7,green_difference/PSM8,29.3,75.2,ACCEPT_RETRY,1
825,33.42841396203307,0,,,,,,,,,,,29.3,75.2,UNSAMPLED,0
826,33.46893325168402,0,,,,,,,,,,,29.3,75.2,UNSAMPLED,0
827,33.509452541334966,0,,,,,,,,,,,29.3,75.2,UNSAMPLED,0
828,33.54997183098592,0,,,,,,,,,,,29.3,75.2,UNSAMPLED,0
829,33.59049112063687,0,,,,,,,,,,,29.3,75.2,UNSAMPLED,0
830,33.631010410287814,0,,,,,,,,,,,29.3,75.2,UNSAMPLED,0
831,33.671529699938766,0,,,,,,,,,,,29.3,75.2,UNSAMPLED,0
832,33.71204898958971,1,29.3,75.0,29.30,750-,29.3,75.0,29.30,750-,green_difference/PSM7,gray_otsu/PSM7,29.3,75.0,ACCEPT_PRIMARY,0
833,33.75256827924066,0,,,,,,,,,,,29.3,75.0,UNSAMPLED,0
834,33.793087568891615,0,,,,,,,,,,,29.3,75.0,UNSAMPLED,0
835,33.83360685854256,0,,,,,,,,,,,29.3,75.0,UNSAMPLED,0
836,33.87412614819351,0,,,,,,,,,,,29.3,75.0,UNSAMPLED,0
837,33.91464543784446,0,,,,,,,,,,,29.3,75.0,UNSAMPLED,0
838,33.95516472749541,0,,,,,,,,,,,29.3,75.0,UNSAMPLED,0
839,33.99568401714636,0,,,,,,,,,,,29.3,75.0,UNSAMPLED,0
840,34.036203306797304,1,29.3,75.1,29.30,75.10,29.3,75.1,29.30,75.10,green_difference/PSM7,gray_otsu/PSM7,29.3,75.1,ACCEPT_PRIMARY,0
841,34.076722596448256,0,,,,,,,,,,,29.3,75.1,UNSAMPLED,0
842,34.11724188609921,0,,,,,,,,,,,29.3,75.1,UNSAMPLED,0
843,34.15776117575015,0,,,,,,,,,,,29.3,75.1,UNSAMPLED,0
844,34.198280465401105,0,,,,,,,,,,,29.3,75.1,UNSAMPLED,0
845,34.23879975505206,0,,,,,,,,,,,29.3,75.1,UNSAMPLED,0
846,34.279319044703,0,,,,,,,,,,,29.3,75.1,UNSAMPLED,0
847,34.31983833435395,0,,,,,,,,,,,29.3,75.1,UNSAMPLED,0
848,34.3603576240049,1,29.3,75.3,29.3,75.3-,29.3,75.3,29.3,75.3-,green_difference/PSM7,gray_otsu/PSM7,29.3,75.3,ACCEPT_PRIMARY,0
849,34.40087691365585,0,,,,,,,,,,,29.3,75.3,UNSAMPLED,0
850,34.4413962033068,0,,,,,,,,,,,29.3,75.3,UNSAMPLED,0
851,34.48191549295775,0,,,,,,,,,,,29.3,75.3,UNSAMPLED,0
852,34.5224347826087,0,,,,,,,,,,,29.3,75.3,UNSAMPLED,0
853,34.56295407225964,0,,,,,,,,,,,29.3,75.3,UNSAMPLED,0
854,34.603473361910595,0,,,,,,,,,,,29.3,75.3,UNSAMPLED,0
855,34.64399265156155,0,,,,,,,,,,,29.3,75.3,UNSAMPLED,0
856,34.68451194121249,1,29.3,75.3,29.3,75.3,29.3,75.3,29.3,75.3,green_difference/PSM7,gray_otsu/PSM7,29.3,75.3,ACCEPT_PRIMARY,0
857,34.72503123086344,0,,,,,,,,,,,29.3,75.3,UNSAMPLED,0
858,34.765550520514395,0,,,,,,,,,,,29.3,75.3,UNSAMPLED,0
859,34.80606981016534,0,,,,,,,,,,,29.3,75.3,UNSAMPLED,0
860,34.84658909981629,0,,,,,,,,,,,29.3,75.3,UNSAMPLED,0
861,34.88710838946724,0,,,,,,,,,,,29.3,75.3,UNSAMPLED,0
862,34.92762767911819,0,,,,,,,,,,,29.3,75.3,UNSAMPLED,0
863,34.96814696876914,0,,,,,,,,,,,29.3,75.3,UNSAMPLED,0
864,35.008666258420085,1,29.3,75.3,29.3,75.3,29.3,75.3,29.3,75.3,green_difference/PSM7,gray_otsu/PSM7,29.3,75.3,ACCEPT_PRIMARY,0
865,35.04918554807104,0,,,,,,,,,,,29.3,75.3,UNSAMPLED,0
866,35.08970483772199,0,,,,,,,,,,,29.3,75.3,UNSAMPLED,0
867,35.130224127372934,0,,,,,,,,,,,29.3,75.3,UNSAMPLED,0
868,35.170743417023886,0,,,,,,,,,,,29.3,75.3,UNSAMPLED,0
869,35.21126270667483,0,,,,,,,,,,,29.3,75.3,UNSAMPLED,0
870,35.25178199632578,0,,,,,,,,,,,29.3,75.3,UNSAMPLED,0
871,35.292301285976734,0,,,,,,,,,,,29.3,75.3,UNSAMPLED,0
872,35.33282057562768,1,29.3,75.3,29.30,75.3,29.3,75.3,29.30,75.3,green_difference/PSM7,gray_otsu/PSM7,29.3,75.3,ACCEPT_PRIMARY,0
873,35.37333986527863,0,,,,,,,,,,,29.3,75.3,UNSAMPLED,0
874,35.41385915492958,0,,,,,,,,,,,29.3,75.3,UNSAMPLED,0
875,35.45437844458053,0,,,,,,,,,,,29.3,75.3,UNSAMPLED,0
876,35.49489773423148,0,,,,,,,,,,,29.3,75.3,UNSAMPLED,0
877,35.535417023882424,0,,,,,,,,,,,29.3,75.3,UNSAMPLED,0
878,35.575936313533376,0,,,,,,,,,,,29.3,75.3,UNSAMPLED,0
879,35.61645560318433,0,,,,,,,,,,,29.3,75.3,UNSAMPLED,0
880,35.65697489283527,1,29.3,75.4,29.30,75.40,29.3,75.4,29.30,75.40,green_difference/PSM7,gray_otsu/PSM7,29.3,75.4,ACCEPT_PRIMARY,0
881,35.697494182486224,0,,,,,,,,,,,29.3,75.4,UNSAMPLED,0
882,35.738013472137176,0,,,,,,,,,,,29.3,75.4,UNSAMPLED,0
883,35.77853276178812,0,,,,,,,,,,,29.3,75.4,UNSAMPLED,0
884,35.81905205143907,0,,,,,,,,,,,29.3,75.4,UNSAMPLED,0
885,35.85957134109002,0,,,,,,,,,,,29.3,75.4,UNSAMPLED,0
886,35.90009063074097,0,,,,,,,,,,,29.3,75.4,UNSAMPLED,0
887,35.94060992039192,0,,,,,,,,,,,29.3,75.4,UNSAMPLED,0
888,35.981129210042866,1,29.3,75.4,29.30,75.40,29.3,75.4,29.30,75.40,green_difference/PSM7,gray_otsu/PSM7,29.3,75.4,ACCEPT_PRIMARY,0
889,36.02164849969382,0,,,,,,,,,,,29.3,75.4,UNSAMPLED,0
890,36.06216778934477,0,,,,,,,,,,,29.3,75.4,UNSAMPLED,0
891,36.102687078995714,0,,,,,,,,,,,29.3,75.4,UNSAMPLED,0
892,36.143206368646666,0,,,,,,,,,,,29.3,75.4,UNSAMPLED,0
893,36.18372565829761,0,,,,,,,,,,,29.3,75.4,UNSAMPLED,0
894,36.22424494794856,0,,,,,,,,,,,29.3,75.4,UNSAMPLED,0
895,36.264764237599515,0,,,,,,,,,,,29.3,75.4,UNSAMPLED,0
896,36.30528352725046,1,29.3,75.3,29.30,75.3,29.3,75.3,29.30,75.3,green_difference/PSM7,gray_otsu/PSM7,29.3,75.3,ACCEPT_PRIMARY,0
897,36.34580281690141,0,,,,,,,,,,,29.3,75.3,UNSAMPLED,0
898,36.386322106552356,0,,,,,,,,,,,29.3,75.3,UNSAMPLED,0
899,36.42684139620331,0,,,,,,,,,,,29.3,75.3,UNSAMPLED,0
900,36.46736068585426,0,,,,,,,,,,,29.3,75.3,UNSAMPLED,0
901,36.507879975505205,0,,,,,,,,,,,29.3,75.3,UNSAMPLED,0
902,36.548399265156156,0,,,,,,,,,,,29.3,75.3,UNSAMPLED,0
903,36.58891855480711,0,,,,,,,,,,,29.3,75.3,UNSAMPLED,0
904,36.62943784445805,1,29.3,75.3,29.30,75.3,29.3,75.3,29.30,75.3,green_difference/PSM7,gray_otsu/PSM7,29.3,75.3,ACCEPT_PRIMARY,0
905,36.669957134109005,0,,,,,,,,,,,29.3,75.3,UNSAMPLED,0
906,36.71047642375995,0,,,,,,,,,,,29.3,75.3,UNSAMPLED,0
907,36.7509957134109,0,,,,,,,,,,,29.3,75.3,UNSAMPLED,0
908,36.79151500306185,0,,,,,,,,,,,29.3,75.3,UNSAMPLED,0
909,36.8320342927128,0,,,,,,,,,,,29.3,75.3,UNSAMPLED,0
910,36.87255358236375,0,,,,,,,,,,,29.3,75.3,UNSAMPLED,0
911,36.9130728720147,0,,,,,,,,,,,29.3,75.3,UNSAMPLED,0
912,36.95359216166565,1,29.3,75.3,29.30,75.3,29.3,75.3,29.30,75.3,green_difference/PSM7,gray_otsu/PSM7,29.3,75.3,ACCEPT_PRIMARY,0
913,36.9941114513166,0,,,,,,,,,,,29.3,75.3,UNSAMPLED,0
914,37.03463074096754,0,,,,,,,,,,,29.3,75.3,UNSAMPLED,0
915,37.075150030618495,0,,,,,,,,,,,29.3,75.3,UNSAMPLED,0
916,37.11566932026945,0,,,,,,,,,,,29.3,75.3,UNSAMPLED,0
917,37.15618860992039,0,,,,,,,,,,,29.3,75.3,UNSAMPLED,0
918,37.196707899571344,0,,,,,,,,,,,29.3,75.3,UNSAMPLED,0
919,37.237227189222295,0,,,,,,,,,,,29.3,75.3,UNSAMPLED,0
920,37.27774647887324,1,29.3,75.3,29.3,75.30,29.3,75.3,29.3,75.30,green_difference/PSM7,gray_otsu/PSM7,29.3,75.3,ACCEPT_PRIMARY,0
921,37.31826576852419,0,,,,,,,,,,,29.3,75.3,UNSAMPLED,0
922,37.35878505817514,0,,,,,,,,,,,29.3,75.3,UNSAMPLED,0
923,37.39930434782609,0,,,,,,,,,,,29.3,75.3,UNSAMPLED,0
924,37.43982363747704,0,,,,,,,,,,,29.3,75.3,UNSAMPLED,0
925,37.480342927127985,0,,,,,,,,,,,29.3,75.3,UNSAMPLED,0
926,37.52086221677894,0,,,,,,,,,,,29.3,75.3,UNSAMPLED,0
927,37.56138150642989,0,,,,,,,,,,,29.3,75.3,UNSAMPLED,0
928,37.601900796080834,1,29.3,75.3,29.3,75.30,29.3,75.3,29.3,75.30,green_difference/PSM7,gray_otsu/PSM7,29.3,75.3,ACCEPT_PRIMARY,0
929,37.642420085731786,0,,,,,,,,,,,29.3,75.3,UNSAMPLED,0
930,37.68293937538273,0,,,,,,,,,,,29.3,75.3,UNSAMPLED,0
931,37.72345866503368,0,,,,,,,,,,,29.3,75.3,UNSAMPLED,0
932,37.763977954684634,0,,,,,,,,,,,29.3,75.3,UNSAMPLED,0
933,37.80449724433558,0,,,,,,,,,,,29.3,75.3,UNSAMPLED,0
934,37.84501653398653,0,,,,,,,,,,,29.3,75.3,UNSAMPLED,0
935,37.885535823637476,0,,,,,,,,,,,29.3,75.3,UNSAMPLED,0
936,37.92605511328843,1,29.3,754.0,29.3,7540,29.3,75.4,29.3,754,green_difference/PSM7,green_difference/PSM7,29.3,75.4,ACCEPT_RETRY,1
937,37.96657440293938,0,,,,,,,,,,,29.3,75.4,UNSAMPLED,0
938,38.007093692590324,0,,,,,,,,,,,29.3,75.4,UNSAMPLED,0
939,38.047612982241276,0,,,,,,,,,,,29.3,75.4,UNSAMPLED,0
940,38.08813227189223,0,,,,,,,,,,,29.3,75.4,UNSAMPLED,0
941,38.12865156154317,0,,,,,,,,,,,29.3,75.4,UNSAMPLED,0
942,38.169170851194124,0,,,,,,,,,,,29.3,75.4,UNSAMPLED,0
943,38.20969014084507,0,,,,,,,,,,,29.3,75.4,UNSAMPLED,0
944,38.25020943049602,1,,75.3,,75.3,,,,,,,29.3,75.4,HOLD_PREVIOUS,1
945,38.29072872014697,0,,,,,,,,,,,29.3,75.4,UNSAMPLED,0
946,38.33124800979792,0,,,,,,,,,,,29.3,75.4,UNSAMPLED,0
947,38.37176729944887,0,,,,,,,,,,,29.3,75.4,UNSAMPLED,0
948,38.41228658909982,0,,,,,,,,,,,29.3,75.4,UNSAMPLED,0
949,38.452805878750766,0,,,,,,,,,,,29.3,75.4,UNSAMPLED,0
950,38.49332516840172,0,,,,,,,,,,,29.3,75.4,UNSAMPLED,0
951,38.53384445805266,0,,,,,,,,,,,29.3,75.4,UNSAMPLED,0
952,38.574363747703615,1,,794.0,,7940,,,,,,,29.3,75.4,HOLD_PREVIOUS,1
953,38.614883037354566,0,,,,,,,,,,,29.3,75.4,UNSAMPLED,0
954,38.65540232700551,0,,,,,,,,,,,29.3,75.4,UNSAMPLED,0
955,38.69592161665646,0,,,,,,,,,,,29.3,75.4,UNSAMPLED,0
956,38.736440906307415,0,,,,,,,,,,,29.3,75.4,UNSAMPLED,0
957,38.77696019595836,0,,,,,,,,,,,29.3,75.4,UNSAMPLED,0
958,38.81747948560931,0,,,,,,,,,,,29.3,75.4,UNSAMPLED,0
959,38.857998775260256,0,,,,,,,,,,,29.3,75.4,UNSAMPLED,0
960,38.89851806491121,1,,75.5,,75.50,,,,,,,29.3,75.4,HOLD_PREVIOUS,1
961,38.93903735456216,0,,,,,,,,,,,29.3,75.4,UNSAMPLED,0
962,38.979556644213105,0,,,,,,,,,,,29.3,75.4,UNSAMPLED,0
963,39.02007593386406,0,,,,,,,,,,,29.3,75.4,UNSAMPLED,0
964,39.06059522351501,0,,,,,,,,,,,29.3,75.4,UNSAMPLED,0
965,39.10111451316595,0,,,,,,,,,,,29.3,75.4,UNSAMPLED,0
966,39.141633802816905,0,,,,,,,,,,,29.3,75.4,UNSAMPLED,0
967,39.18215309246785,0,,,,,,,,,,,29.3,75.4,UNSAMPLED,0
968,39.2226723821188,1,,75.5,,75.5,,,,,,,29.3,75.4,HOLD_PREVIOUS,1
969,39.263191671769754,0,,,,,,,,,,,29.3,75.4,UNSAMPLED,0
970,39.3037109614207,0,,,,,,,,,,,29.3,75.4,UNSAMPLED,0
971,39.34423025107165,0,,,,,,,,,,,29.3,75.4,UNSAMPLED,0
972,39.3847495407226,0,,,,,,,,,,,29.3,75.4,UNSAMPLED,0
973,39.42526883037355,0,,,,,,,,,,,29.3,75.4,UNSAMPLED,0
974,39.4657881200245,0,,,,,,,,,,,29.3,75.4,UNSAMPLED,0
975,39.50630740967544,0,,,,,,,,,,,29.3,75.4,UNSAMPLED,0
976,39.546826699326395,1,,75.5,,75.5,,,,,,,29.3,75.4,HOLD_PREVIOUS,1
977,39.58734598897735,0,,,,,,,,,,,29.3,75.4,UNSAMPLED,0
978,39.62786527862829,0,,,,,,,,,,,29.3,75.4,UNSAMPLED,0
979,39.668384568279244,0,,,,,,,,,,,29.3,75.4,UNSAMPLED,0
980,39.70890385793019,0,,,,,,,,,,,29.3,75.4,UNSAMPLED,0
981,39.74942314758114,0,,,,,,,,,,,29.3,75.4,UNSAMPLED,0
982,39.78994243723209,0,,,,,,,,,,,29.3,75.4,UNSAMPLED,0
983,39.83046172688304,0,,,,,,,,,,,29.3,75.4,UNSAMPLED,0
984,39.87098101653399,1,,75.5,,75.5,,,,,,,29.3,75.4,HOLD_PREVIOUS,1
985,39.91150030618494,0,,,,,,,,,,,29.3,75.4,UNSAMPLED,0
986,39.952019595835885,0,,,,,,,,,,,29.3,75.4,UNSAMPLED,0
987,39.99253888548684,0,,,,,,,,,,,29.3,75.4,UNSAMPLED,0
988,40.03305817513778,0,,,,,,,,,,,29.3,75.4,UNSAMPLED,0
989,40.073577464788734,0,,,,,,,,,,,29.3,75.4,UNSAMPLED,0
990,40.114096754439686,0,,,,,,,,,,,29.3,75.4,UNSAMPLED,0
991,40.15461604409063,0,,,,,,,,,,,29.3,75.4,UNSAMPLED,0
992,40.19513533374158,1,29.5,75.6,29.5,75.6-,29.5,75.6,29.5,75.6-,green_difference/PSM7,gray_otsu/PSM7,29.5,75.6,ACCEPT_PRIMARY,0
993,40.235654623392534,0,,,,,,,,,,,29.5,75.6,UNSAMPLED,0
994,40.27617391304348,0,,,,,,,,,,,29.5,75.6,UNSAMPLED,0
995,40.31669320269443,0,,,,,,,,,,,29.5,75.6,UNSAMPLED,0
996,40.357212492345376,0,,,,,,,,,,,29.5,75.6,UNSAMPLED,0
997,40.39773178199633,0,,,,,,,,,,,29.5,75.6,UNSAMPLED,0
998,40.43825107164728,0,,,,,,,,,,,29.5,75.6,UNSAMPLED,0
999,40.478770361298224,0,,,,,,,,,,,29.5,75.6,UNSAMPLED,0
1000,40.519289650949176,1,29.5,75.5,295,75.5-,29.5,75.5,295,75.5-,green_difference/PSM7,gray_otsu/PSM7,29.5,75.5,ACCEPT_PRIMARY,0
1001,40.55980894060013,0,,,,,,,,,,,29.5,75.5,UNSAMPLED,0
1002,40.60032823025107,0,,,,,,,,,,,29.5,75.5,UNSAMPLED,0
1003,40.640847519902024,0,,,,,,,,,,,29.5,75.5,UNSAMPLED,0
1004,40.68136680955297,0,,,,,,,,,,,29.5,75.5,UNSAMPLED,0
1005,40.72188609920392,0,,,,,,,,,,,29.5,75.5,UNSAMPLED,0
1006,40.76240538885487,0,,,,,,,,,,,29.5,75.5,UNSAMPLED,0
1007,40.80292467850582,0,,,,,,,,,,,29.5,75.5,UNSAMPLED,0
1008,40.84344396815677,1,29.5,75.5,295,75.5,29.5,75.5,295,75.5,green_difference/PSM7,gray_otsu/PSM7,29.5,75.5,ACCEPT_PRIMARY,0
1009,40.88396325780772,0,,,,,,,,,,,29.5,75.5,UNSAMPLED,0
1010,40.924482547458666,0,,,,,,,,,,,29.5,75.5,UNSAMPLED,0
1011,40.96500183710962,0,,,,,,,,,,,29.5,75.5,UNSAMPLED,0
1012,41.00552112676056,0,,,,,,,,,,,29.5,75.5,UNSAMPLED,0
1013,41.046040416411515,0,,,,,,,,,,,29.5,75.5,UNSAMPLED,0
1014,41.08655970606247,0,,,,,,,,,,,29.5,75.5,UNSAMPLED,0
1015,41.12707899571341,0,,,,,,,,,,,29.5,75.5,UNSAMPLED,0
1016,41.16759828536436,1,29.5,75.6,295,75.60,29.5,75.6,295,75.60,green_difference/PSM7,gray_otsu/PSM7,29.5,75.6,ACCEPT_PRIMARY,0
1017,41.20811757501531,0,,,,,,,,,,,29.5,75.6,UNSAMPLED,0
1018,41.24863686466626,0,,,,,,,,,,,29.5,75.6,UNSAMPLED,0
1019,41.28915615431721,0,,,,,,,,,,,29.5,75.6,UNSAMPLED,0
1020,41.329675443968156,0,,,,,,,,,,,29.5,75.6,UNSAMPLED,0
1021,41.37019473361911,0,,,,,,,,,,,29.5,75.6,UNSAMPLED,0
1022,41.41071402327006,0,,,,,,,,,,,29.5,75.6,UNSAMPLED,0
1023,41.451233312921005,0,,,,,,,,,,,29.5,75.6,UNSAMPLED,0
1024,41.49175260257196,1,29.5,75.6,295,75.60,29.5,75.6,295,75.60,green_difference/PSM7,gray_otsu/PSM7,29.5,75.6,ACCEPT_PRIMARY,0
1025,41.5322718922229,0,,,,,,,,,,,29.5,75.6,UNSAMPLED,0
1026,41.57279118187385,0,,,,,,,,,,,29.5,75.6,UNSAMPLED,0
1027,41.613310471524805,0,,,,,,,,,,,29.5,75.6,UNSAMPLED,0
1028,41.65382976117575,0,,,,,,,,,,,29.5,75.6,UNSAMPLED,0
1029,41.6943490508267,0,,,,,,,,,,,29.5,75.6,UNSAMPLED,0
1030,41.734868340477654,0,,,,,,,,,,,29.5,75.6,UNSAMPLED,0
1031,41.7753876301286,0,,,,,,,,,,,29.5,75.6,UNSAMPLED,0
1032,41.81590691977955,1,29.5,75.6,295,75.60,29.5,75.6,295,75.60,green_difference/PSM7,gray_otsu/PSM7,29.5,75.6,ACCEPT_PRIMARY,0
1033,41.856426209430495,0,,,,,,,,,,,29.5,75.6,UNSAMPLED,0
1034,41.89694549908145,0,,,,,,,,,,,29.5,75.6,UNSAMPLED,0
1035,41.9374647887324,0,,,,,,,,,,,29.5,75.6,UNSAMPLED,0
1036,41.977984078383344,0,,,,,,,,,,,29.5,75.6,UNSAMPLED,0
1037,42.018503368034295,0,,,,,,,,,,,29.5,75.6,UNSAMPLED,0
1038,42.05902265768525,0,,,,,,,,,,,29.5,75.6,UNSAMPLED,0
1039,42.09954194733619,0,,,,,,,,,,,29.5,75.6,UNSAMPLED,0
1040,42.140061236987144,1,29.5,75.6,295,75.60,29.5,75.6,295,75.60,green_difference/PSM7,gray_otsu/PSM7,29.5,75.6,ACCEPT_PRIMARY,0
1041,42.18058052663809,0,,,,,,,,,,,29.5,75.6,UNSAMPLED,0
1042,42.22109981628904,0,,,,,,,,,,,29.5,75.6,UNSAMPLED,0
1043,42.26161910593999,0,,,,,,,,,,,29.5,75.6,UNSAMPLED,0
1044,42.30213839559094,0,,,,,,,,,,,29.5,75.6,UNSAMPLED,0
1045,42.34265768524189,0,,,,,,,,,,,29.5,75.6,UNSAMPLED,0
1046,42.38317697489284,0,,,,,,,,,,,29.5,75.6,UNSAMPLED,0
1047,42.423696264543786,0,,,,,,,,,,,29.5,75.6,UNSAMPLED,0
1048,42.46421555419474,1,295.0,45.7,2950,45.70,,,,,,,29.5,75.6,HOLD_PREVIOUS,1
1049,42.50473484384568,0,,,,,,,,,,,29.5,75.6,UNSAMPLED,0
1050,42.545254133496634,0,,,,,,,,,,,29.5,75.6,UNSAMPLED,0
1051,42.585773423147586,0,,,,,,,,,,,29.5,75.6,UNSAMPLED,0
1052,42.62629271279853,0,,,,,,,,,,,29.5,75.6,UNSAMPLED,0
1053,42.66681200244948,0,,,,,,,,,,,29.5,75.6,UNSAMPLED,0
1054,42.70733129210043,0,,,,,,,,,,,29.5,75.6,UNSAMPLED,0
1055,42.74785058175138,0,,,,,,,,,,,29.5,75.6,UNSAMPLED,0
1056,42.78836987140233,1,295.0,45.7,2950,45.70,,,,,,,29.5,75.6,HOLD_PREVIOUS,1
1057,42.828889161053276,0,,,,,,,,,,,29.5,75.6,UNSAMPLED,0
1058,42.86940845070423,0,,,,,,,,,,,29.5,75.6,UNSAMPLED,0
1059,42.90992774035518,0,,,,,,,,,,,29.5,75.6,UNSAMPLED,0
1060,42.950447030006124,0,,,,,,,,,,,29.5,75.6,UNSAMPLED,0
1061,42.990966319657076,0,,,,,,,,,,,29.5,75.6,UNSAMPLED,0
1062,43.03148560930802,0,,,,,,,,,,,29.5,75.6,UNSAMPLED,0
1063,43.07200489895897,0,,,,,,,,,,,29.5,75.6,UNSAMPLED,0
1064,43.112524188609925,1,295.0,45.7,2950,45.70,,,,,,,29.5,75.6,HOLD_PREVIOUS,1
1065,43.15304347826087,0,,,,,,,,,,,29.5,75.6,UNSAMPLED,0
1066,43.19356276791182,0,,,,,,,,,,,29.5,75.6,UNSAMPLED,0
1067,43.23408205756277,0,,,,,,,,,,,29.5,75.6,UNSAMPLED,0
1068,43.27460134721372,0,,,,,,,,,,,29.5,75.6,UNSAMPLED,0
1069,43.31512063686467,0,,,,,,,,,,,29.5,75.6,UNSAMPLED,0
1070,43.355639926515614,0,,,,,,,,,,,29.5,75.6,UNSAMPLED,0
1071,43.396159216166566,0,,,,,,,,,,,29.5,75.6,UNSAMPLED,0
1072,43.43667850581752,1,295.0,75.6,2950,75.6-,29.5,75.6,29.5,75.6-,hsv_green/PSM7,gray_otsu/PSM7,29.5,75.6,ACCEPT_RETRY,1
1073,43.47719779546846,0,,,,,,,,,,,29.5,75.6,UNSAMPLED,0
1074,43.517717085119415,0,,,,,,,,,,,29.5,75.6,UNSAMPLED,0
1075,43.55823637477037,0,,,,,,,,,,,29.5,75.6,UNSAMPLED,0
1076,43.59875566442131,0,,,,,,,,,,,29.5,75.6,UNSAMPLED,0
1077,43.63927495407226,0,,,,,,,,,,,29.5,75.6,UNSAMPLED,0
1078,43.67979424372321,0,,,,,,,,,,,29.5,75.6,UNSAMPLED,0
1079,43.72031353337416,0,,,,,,,,,,,29.5,75.6,UNSAMPLED,0
1080,43.76083282302511,1,29.6,75.6,29.6,75.6-,29.6,75.6,29.6,75.6-,green_difference/PSM7,gray_otsu/PSM7,29.6,75.6,ACCEPT_PRIMARY,0
1081,43.80135211267606,0,,,,,,,,,,,29.6,75.6,UNSAMPLED,0
1082,43.84187140232701,0,,,,,,,,,,,29.6,75.6,UNSAMPLED,0
1083,43.88239069197796,0,,,,,,,,,,,29.6,75.6,UNSAMPLED,0
1084,43.922909981628905,0,,,,,,,,,,,29.6,75.6,UNSAMPLED,0
1085,43.96342927127986,0,,,,,,,,,,,29.6,75.6,UNSAMPLED,0
1086,44.0039485609308,0,,,,,,,,,,,29.6,75.6,UNSAMPLED,0
1087,44.04446785058175,0,,,,,,,,,,,29.6,75.6,UNSAMPLED,0
1088,44.084987140232705,1,29.6,75.6,29.6,75.6-,29.6,75.6,29.6,75.6-,green_difference/PSM7,gray_otsu/PSM7,29.6,75.6,ACCEPT_PRIMARY,0
1089,44.12550642988365,0,,,,,,,,,,,29.6,75.6,UNSAMPLED,0
1090,44.1660257195346,0,,,,,,,,,,,29.6,75.6,UNSAMPLED,0
1091,44.206545009185554,0,,,,,,,,,,,29.6,75.6,UNSAMPLED,0
1092,44.2470642988365,0,,,,,,,,,,,29.6,75.6,UNSAMPLED,0
1093,44.28758358848745,0,,,,,,,,,,,29.6,75.6,UNSAMPLED,0
1094,44.328102878138395,0,,,,,,,,,,,29.6,75.6,UNSAMPLED,0
1095,44.36862216778935,0,,,,,,,,,,,29.6,75.6,UNSAMPLED,0
1096,44.4091414574403,1,29.6,75.5,296,75.5,29.6,75.5,296,75.5,green_difference/PSM7,gray_otsu/PSM7,29.6,75.5,ACCEPT_PRIMARY,0
1097,44.449660747091244,0,,,,,,,,,,,29.6,75.5,UNSAMPLED,0
1098,44.490180036742196,0,,,,,,,,,,,29.6,75.5,UNSAMPLED,0
1099,44.53069932639314,0,,,,,,,,,,,29.6,75.5,UNSAMPLED,0
1100,44.57121861604409,0,,,,,,,,,,,29.6,75.5,UNSAMPLED,0
1101,44.611737905695044,0,,,,,,,,,,,29.6,75.5,UNSAMPLED,0
1102,44.65225719534599,0,,,,,,,,,,,29.6,75.5,UNSAMPLED,0
1103,44.69277648499694,0,,,,,,,,,,,29.6,75.5,UNSAMPLED,0
1104,44.73329577464789,1,29.6,75.5,296,75.5,29.6,75.5,296,75.5,green_difference/PSM7,gray_otsu/PSM7,29.6,75.5,ACCEPT_PRIMARY,0
1105,44.77381506429884,0,,,,,,,,,,,29.6,75.5,UNSAMPLED,0
1106,44.81433435394979,0,,,,,,,,,,,29.6,75.5,UNSAMPLED,0
1107,44.854853643600734,0,,,,,,,,,,,29.6,75.5,UNSAMPLED,0
1108,44.895372933251686,0,,,,,,,,,,,29.6,75.5,UNSAMPLED,0
1109,44.93589222290264,0,,,,,,,,,,,29.6,75.5,UNSAMPLED,0
1110,44.97641151255358,0,,,,,,,,,,,29.6,75.5,UNSAMPLED,0
1111,45.016930802204534,0,,,,,,,,,,,29.6,75.5,UNSAMPLED,0
1112,45.057450091855486,1,29.6,75.5,296,75.5,29.6,75.5,296,75.5,green_difference/PSM7,gray_otsu/PSM7,29.6,75.5,ACCEPT_PRIMARY,0
1113,45.09796938150643,0,,,,,,,,,,,29.6,75.5,UNSAMPLED,0
1114,45.13848867115738,0,,,,,,,,,,,29.6,75.5,UNSAMPLED,0
1115,45.17900796080833,0,,,,,,,,,,,29.6,75.5,UNSAMPLED,0
1116,45.21952725045928,0,,,,,,,,,,,29.6,75.5,UNSAMPLED,0
1117,45.26004654011023,0,,,,,,,,,,,29.6,75.5,UNSAMPLED,0
1118,45.300565829761176,0,,,,,,,,,,,29.6,75.5,UNSAMPLED,0
1119,45.34108511941213,0,,,,,,,,,,,29.6,75.5,UNSAMPLED,0
1120,45.38160440906308,1,29.6,75.6,296,75.6-,29.6,75.6,296,75.6-,green_difference/PSM7,gray_otsu/PSM7,29.6,75.6,ACCEPT_PRIMARY,0
1121,45.422123698714024,0,,,,,,,,,,,29.6,75.6,UNSAMPLED,0
1122,45.462642988364976,0,,,,,,,,,,,29.6,75.6,UNSAMPLED,0
1123,45.50316227801592,0,,,,,,,,,,,29.6,75.6,UNSAMPLED,0
1124,45.54368156766687,0,,,,,,,,,,,29.6,75.6,UNSAMPLED,0
1125,45.584200857317825,0,,,,,,,,,,,29.6,75.6,UNSAMPLED,0
1126,45.62472014696877,0,,,,,,,,,,,29.6,75.6,UNSAMPLED,0
1127,45.66523943661972,0,,,,,,,,,,,29.6,75.6,UNSAMPLED,0
1128,45.70575872627067,1,29.6,75.6,296,75.60,29.6,75.6,296,75.60,green_difference/PSM7,gray_otsu/PSM7,29.6,75.6,ACCEPT_PRIMARY,0
1129,45.74627801592162,0,,,,,,,,,,,29.6,75.6,UNSAMPLED,0
1130,45.78679730557257,0,,,,,,,,,,,29.6,75.6,UNSAMPLED,0
1131,45.827316595223515,0,,,,,,,,,,,29.6,75.6,UNSAMPLED,0
1132,45.86783588487447,0,,,,,,,,,,,29.6,75.6,UNSAMPLED,0
1133,45.90835517452542,0,,,,,,,,,,,29.6,75.6,UNSAMPLED,0
1134,45.94887446417636,0,,,,,,,,,,,29.6,75.6,UNSAMPLED,0
1135,45.989393753827315,0,,,,,,,,,,,29.6,75.6,UNSAMPLED,0
1136,46.02991304347826,1,29.6,75.5,296,75.5,29.6,75.5,296,75.5,green_difference/PSM7,gray_otsu/PSM7,29.6,75.5,ACCEPT_PRIMARY,0
1137,46.07043233312921,0,,,,,,,,,,,29.6,75.5,UNSAMPLED,0
1138,46.11095162278016,0,,,,,,,,,,,29.6,75.5,UNSAMPLED,0
1139,46.15147091243111,0,,,,,,,,,,,29.6,75.5,UNSAMPLED,0
1140,46.19199020208206,0,,,,,,,,,,,29.6,75.5,UNSAMPLED,0
1141,46.23250949173301,0,,,,,,,,,,,29.6,75.5,UNSAMPLED,0
1142,46.27302878138396,0,,,,,,,,,,,29.6,75.5,UNSAMPLED,0
1143,46.31354807103491,0,,,,,,,,,,,29.6,75.5,UNSAMPLED,0
1144,46.35406736068585,1,29.6,79.5,29.6,79.5-,,,,,,,29.6,75.5,HOLD_PREVIOUS,1
1145,46.394586650336805,0,,,,,,,,,,,29.6,75.5,UNSAMPLED,0
1146,46.43510593998776,0,,,,,,,,,,,29.6,75.5,UNSAMPLED,0
1147,46.4756252296387,0,,,,,,,,,,,29.6,75.5,UNSAMPLED,0
1148,46.516144519289654,0,,,,,,,,,,,29.6,75.5,UNSAMPLED,0
1149,46.556663808940606,0,,,,,,,,,,,29.6,75.5,UNSAMPLED,0
1150,46.59718309859155,0,,,,,,,,,,,29.6,75.5,UNSAMPLED,0
1151,46.6377023882425,0,,,,,,,,,,,29.6,75.5,UNSAMPLED,0
1152,46.67822167789345,1,29.6,79.4,29.6,79.40,,,,,,,29.6,75.5,HOLD_PREVIOUS,1
1153,46.7187409675444,0,,,,,,,,,,,29.6,75.5,UNSAMPLED,0
1154,46.75926025719535,0,,,,,,,,,,,29.6,75.5,UNSAMPLED,0
1155,46.799779546846295,0,,,,,,,,,,,29.6,75.5,UNSAMPLED,0
1156,46.84029883649725,0,,,,,,,,,,,29.6,75.5,UNSAMPLED,0
1157,46.8808181261482,0,,,,,,,,,,,29.6,75.5,UNSAMPLED,0
1158,46.921337415799144,0,,,,,,,,,,,29.6,75.5,UNSAMPLED,0
1159,46.961856705450096,0,,,,,,,,,,,29.6,75.5,UNSAMPLED,0
1160,47.00237599510104,1,29.6,79.4,29.6,79.40,,,,,,,29.6,75.5,HOLD_PREVIOUS,1
1161,47.04289528475199,0,,,,,,,,,,,29.6,75.5,UNSAMPLED,0
1162,47.083414574402944,0,,,,,,,,,,,29.6,75.5,UNSAMPLED,0
1163,47.12393386405389,0,,,,,,,,,,,29.6,75.5,UNSAMPLED,0
1164,47.16445315370484,0,,,,,,,,,,,29.6,75.5,UNSAMPLED,0
1165,47.20497244335579,0,,,,,,,,,,,29.6,75.5,UNSAMPLED,0
1166,47.24549173300674,0,,,,,,,,,,,29.6,75.5,UNSAMPLED,0
1167,47.28601102265769,0,,,,,,,,,,,29.6,75.5,UNSAMPLED,0
1168,47.326530312308634,1,29.6,79.4,29.6,79.40,,,,,,,29.6,75.5,HOLD_PREVIOUS,1
1169,47.367049601959586,0,,,,,,,,,,,29.6,75.5,UNSAMPLED,0
1170,47.40756889161054,0,,,,,,,,,,,29.6,75.5,UNSAMPLED,0
1171,47.44808818126148,0,,,,,,,,,,,29.6,75.5,UNSAMPLED,0
1172,47.488607470912434,0,,,,,,,,,,,29.6,75.5,UNSAMPLED,0
1173,47.529126760563386,0,,,,,,,,,,,29.6,75.5,UNSAMPLED,0
1174,47.56964605021433,0,,,,,,,,,,,29.6,75.5,UNSAMPLED,0
1175,47.61016533986528,0,,,,,,,,,,,29.6,75.5,UNSAMPLED,0
1176,47.65068462951623,1,29.6,75.57,29.6,75.57,29.6,75.57,29.6,75.57,green_difference/PSM7,gray_otsu/PSM7,29.6,75.57,ACCEPT_PRIMARY,0
1177,47.69120391916718,0,,,,,,,,,,,29.6,75.57,UNSAMPLED,0
1178,47.73172320881813,0,,,,,,,,,,,29.6,75.57,UNSAMPLED,0
1179,47.772242498469076,0,,,,,,,,,,,29.6,75.57,UNSAMPLED,0
1180,47.81276178812003,0,,,,,,,,,,,29.6,75.57,UNSAMPLED,0
1181,47.85328107777097,0,,,,,,,,,,,29.6,75.57,UNSAMPLED,0
1182,47.893800367421925,0,,,,,,,,,,,29.6,75.57,UNSAMPLED,0
1183,47.93431965707288,0,,,,,,,,,,,29.6,75.57,UNSAMPLED,0
1184,47.97483894672382,1,29.6,75.4,29.6,75.40,29.6,75.4,29.6,75.40,green_difference/PSM7,gray_otsu/PSM7,29.6,75.4,ACCEPT_PRIMARY,0
1185,48.01535823637477,0,,,,,,,,,,,29.6,75.4,UNSAMPLED,0
1186,48.055877526025725,0,,,,,,,,,,,29.6,75.4,UNSAMPLED,0
1187,48.09639681567667,0,,,,,,,,,,,29.6,75.4,UNSAMPLED,0
1188,48.13691610532762,0,,,,,,,,,,,29.6,75.4,UNSAMPLED,0
1189,48.177435394978566,0,,,,,,,,,,,29.6,75.4,UNSAMPLED,0
1190,48.21795468462952,0,,,,,,,,,,,29.6,75.4,UNSAMPLED,0
1191,48.25847397428047,0,,,,,,,,,,,29.6,75.4,UNSAMPLED,0
1192,48.298993263931415,1,29.6,154.0,296,1540,,,,,,,29.6,75.4,HOLD_PREVIOUS,1
1193,48.33951255358237,0,,,,,,,,,,,29.6,75.4,UNSAMPLED,0
1194,48.38003184323332,0,,,,,,,,,,,29.6,75.4,UNSAMPLED,0
1195,48.42055113288426,0,,,,,,,,,,,29.6,75.4,UNSAMPLED,0
1196,48.461070422535215,0,,,,,,,,,,,29.6,75.4,UNSAMPLED,0
1197,48.50158971218616,0,,,,,,,,,,,29.6,75.4,UNSAMPLED,0
1198,48.54210900183711,0,,,,,,,,,,,29.6,75.4,UNSAMPLED,0
1199,48.582628291488064,0,,,,,,,,,,,29.6,75.4,UNSAMPLED,0
1200,48.62314758113901,1,29.6,45.3,296,453,,,,,,,29.6,75.4,HOLD_PREVIOUS,1
1201,48.66366687078996,0,,,,,,,,,,,29.6,75.4,UNSAMPLED,0
1202,48.70418616044091,0,,,,,,,,,,,29.6,75.4,UNSAMPLED,0
1203,48.74470545009186,0,,,,,,,,,,,29.6,75.4,UNSAMPLED,0
1204,48.78522473974281,0,,,,,,,,,,,29.6,75.4,UNSAMPLED,0
1205,48.82574402939375,0,,,,,,,,,,,29.6,75.4,UNSAMPLED,0
1206,48.866263319044705,0,,,,,,,,,,,29.6,75.4,UNSAMPLED,0
1207,48.90678260869566,0,,,,,,,,,,,29.6,75.4,UNSAMPLED,0
1208,48.9473018983466,1,29.6,754.0,296,7540,,,,,,,29.6,75.4,HOLD_PREVIOUS,1
1209,48.987821187997554,0,,,,,,,,,,,29.6,75.4,UNSAMPLED,0
1210,49.028340477648506,0,,,,,,,,,,,29.6,75.4,UNSAMPLED,0
1211,49.06885976729945,0,,,,,,,,,,,29.6,75.4,UNSAMPLED,0
1212,49.1093790569504,0,,,,,,,,,,,29.6,75.4,UNSAMPLED,0
1213,49.14989834660135,0,,,,,,,,,,,29.6,75.4,UNSAMPLED,0
1214,49.1904176362523,0,,,,,,,,,,,29.6,75.4,UNSAMPLED,0
1215,49.23093692590325,0,,,,,,,,,,,29.6,75.4,UNSAMPLED,0
1216,49.271456215554196,1,29.6,75.3,296,75.3,29.6,75.3,296,75.3,green_difference/PSM7,gray_otsu/PSM7,29.6,75.3,ACCEPT_PRIMARY,0
1217,49.31197550520515,0,,,,,,,,,,,29.6,75.3,UNSAMPLED,0
1218,49.35249479485609,0,,,,,,,,,,,29.6,75.3,UNSAMPLED,0
1219,49.393014084507044,0,,,,,,,,,,,29.6,75.3,UNSAMPLED,0
1220,49.433533374157996,0,,,,,,,,,,,29.6,75.3,UNSAMPLED,0
1221,49.47405266380894,0,,,,,,,,,,,29.6,75.3,UNSAMPLED,0
1222,49.51457195345989,0,,,,,,,,,,,29.6,75.3,UNSAMPLED,0
1223,49.555091243110844,0,,,,,,,,,,,29.6,75.3,UNSAMPLED,0
1224,49.59561053276179,1,29.6,75.4,296,75.40,29.6,75.4,296,75.40,green_difference/PSM7,gray_otsu/PSM7,29.6,75.4,ACCEPT_PRIMARY,0
1225,49.63612982241274,0,,,,,,,,,,,29.6,75.4,UNSAMPLED,0
1226,49.676649112063686,0,,,,,,,,,,,29.6,75.4,UNSAMPLED,0
1227,49.71716840171464,0,,,,,,,,,,,29.6,75.4,UNSAMPLED,0
1228,49.75768769136559,0,,,,,,,,,,,29.6,75.4,UNSAMPLED,0
1229,49.798206981016534,0,,,,,,,,,,,29.6,75.4,UNSAMPLED,0
1230,49.838726270667486,0,,,,,,,,,,,29.6,75.4,UNSAMPLED,0
1231,49.87924556031844,0,,,,,,,,,,,29.6,75.4,UNSAMPLED,0
1232,49.91976484996938,1,29.6,75.4,296,75.40,29.6,75.4,296,75.40,green_difference/PSM7,gray_otsu/PSM7,29.6,75.4,ACCEPT_PRIMARY,0
1233,49.960284139620335,0,,,,,,,,,,,29.6,75.4,UNSAMPLED,0
1234,50.00080342927128,0,,,,,,,,,,,29.6,75.4,UNSAMPLED,0
1235,50.04132271892223,0,,,,,,,,,,,29.6,75.4,UNSAMPLED,0
1236,50.08184200857318,0,,,,,,,,,,,29.6,75.4,UNSAMPLED,0
1237,50.12236129822413,0,,,,,,,,,,,29.6,75.4,UNSAMPLED,0
1238,50.16288058787508,0,,,,,,,,,,,29.6,75.4,UNSAMPLED,0
1239,50.20339987752603,0,,,,,,,,,,,29.6,75.4,UNSAMPLED,0
1240,50.243919167176976,1,29.6,754.0,29.6,7540,29.6,75.4,29.6,75.4,green_difference/PSM7,green_difference/PSM7,29.6,75.4,ACCEPT_RETRY,1
1241,50.28443845682793,0,,,,,,,,,,,29.6,75.4,UNSAMPLED,0
1242,50.32495774647887,0,,,,,,,,,,,29.6,75.4,UNSAMPLED,0
1243,50.365477036129825,0,,,,,,,,,,,29.6,75.4,UNSAMPLED,0
1244,50.40599632578078,0,,,,,,,,,,,29.6,75.4,UNSAMPLED,0
1245,50.44651561543172,0,,,,,,,,,,,29.6,75.4,UNSAMPLED,0
1246,50.48703490508267,0,,,,,,,,,,,29.6,75.4,UNSAMPLED,0
1247,50.527554194733625,0,,,,,,,,,,,29.6,75.4,UNSAMPLED,0
1248,50.56807348438457,1,29.6,754.0,29.6,7540,29.6,75.4,29.6,75.4,green_difference/PSM7,green_difference/PSM7,29.6,75.4,ACCEPT_RETRY,1
1249,50.60859277403552,0,,,,,,,,,,,29.6,75.4,UNSAMPLED,0
1250,50.64911206368647,0,,,,,,,,,,,29.6,75.4,UNSAMPLED,0
1251,50.68963135333742,0,,,,,,,,,,,29.6,75.4,UNSAMPLED,0
1252,50.73015064298837,0,,,,,,,,,,,29.6,75.4,UNSAMPLED,0
1253,50.770669932639315,0,,,,,,,,,,,29.6,75.4,UNSAMPLED,0
1254,50.81118922229027,0,,,,,,,,,,,29.6,75.4,UNSAMPLED,0
1255,50.85170851194122,0,,,,,,,,,,,29.6,75.4,UNSAMPLED,0
1256,50.89222780159216,1,29.6,754.0,29.6,7540,29.6,75.4,29.6,75.4,green_difference/PSM7,green_difference/PSM7,29.6,75.4,ACCEPT_RETRY,1
1257,50.932747091243115,0,,,,,,,,,,,29.6,75.4,UNSAMPLED,0
1258,50.97326638089406,0,,,,,,,,,,,29.6,75.4,UNSAMPLED,0
1259,51.01378567054501,0,,,,,,,,,,,29.6,75.4,UNSAMPLED,0
1260,51.054304960195964,0,,,,,,,,,,,29.6,75.4,UNSAMPLED,0
1261,51.09482424984691,0,,,,,,,,,,,29.6,75.4,UNSAMPLED,0
1262,51.13534353949786,0,,,,,,,,,,,29.6,75.4,UNSAMPLED,0
1263,51.175862829148805,0,,,,,,,,,,,29.6,75.4,UNSAMPLED,0
1264,51.21638211879976,1,29.6,45.37,29.6,45.37,,,,,,,29.6,75.4,HOLD_PREVIOUS,1
1265,51.25690140845071,0,,,,,,,,,,,29.6,75.4,UNSAMPLED,0
1266,51.297420698101654,0,,,,,,,,,,,29.6,75.4,UNSAMPLED,0
1267,51.337939987752605,0,,,,,,,,,,,29.6,75.4,UNSAMPLED,0
1268,51.37845927740356,0,,,,,,,,,,,29.6,75.4,UNSAMPLED,0
1269,51.4189785670545,0,,,,,,,,,,,29.6,75.4,UNSAMPLED,0
1270,51.459497856705454,0,,,,,,,,,,,29.6,75.4,UNSAMPLED,0
1271,51.5000171463564,0,,,,,,,,,,,29.6,75.4,UNSAMPLED,0
1272,51.54053643600735,1,29.6,45.37,29.6,45.37,,,,,,,29.6,75.4,HOLD_PREVIOUS,1
1273,51.5810557256583,0,,,,,,,,,,,29.6,75.4,UNSAMPLED,0
1274,51.62157501530925,0,,,,,,,,,,,29.6,75.4,UNSAMPLED,0
1275,51.6620943049602,0,,,,,,,,,,,29.6,75.4,UNSAMPLED,0
1276,51.70261359461115,0,,,,,,,,,,,29.6,75.4,UNSAMPLED,0
1277,51.743132884262096,0,,,,,,,,,,,29.6,75.4,UNSAMPLED,0
1278,51.78365217391305,0,,,,,,,,,,,29.6,75.4,UNSAMPLED,0
1279,51.82417146356399,0,,,,,,,,,,,29.6,75.4,UNSAMPLED,0
1280,51.864690753214944,1,29.6,45.37,29.6,45.37,,,,,,,29.6,75.4,HOLD_PREVIOUS,1
1281,51.905210042865896,0,,,,,,,,,,,29.6,75.4,UNSAMPLED,0
1282,51.94572933251684,0,,,,,,,,,,,29.6,75.4,UNSAMPLED,0
1283,51.98624862216779,0,,,,,,,,,,,29.6,75.4,UNSAMPLED,0
1284,52.026767911818744,0,,,,,,,,,,,29.6,75.4,UNSAMPLED,0
1285,52.06728720146969,0,,,,,,,,,,,29.6,75.4,UNSAMPLED,0
1286,52.10780649112064,0,,,,,,,,,,,29.6,75.4,UNSAMPLED,0
1287,52.148325780771586,0,,,,,,,,,,,29.6,75.4,UNSAMPLED,0
1288,52.18884507042254,1,29.6,754.0,29.6,7540,29.6,75.4,29.6,75.4,green_difference/PSM7,green_difference/PSM7,29.6,75.4,ACCEPT_RETRY,1
1289,52.22936436007349,0,,,,,,,,,,,29.6,75.4,UNSAMPLED,0
1290,52.269883649724434,0,,,,,,,,,,,29.6,75.4,UNSAMPLED,0
1291,52.310402939375386,0,,,,,,,,,,,29.6,75.4,UNSAMPLED,0
1292,52.35092222902634,0,,,,,,,,,,,29.6,75.4,UNSAMPLED,0
1293,52.39144151867728,0,,,,,,,,,,,29.6,75.4,UNSAMPLED,0
1294,52.431960808328235,0,,,,,,,,,,,29.6,75.4,UNSAMPLED,0
1295,52.47248009797918,0,,,,,,,,,,,29.6,75.4,UNSAMPLED,0
1296,52.51299938763013,1,29.6,45.5,29.6,45.5,,,,,,,29.6,75.4,HOLD_PREVIOUS,1
1297,52.55351867728108,0,,,,,,,,,,,29.6,75.4,UNSAMPLED,0
1298,52.59403796693203,0,,,,,,,,,,,29.6,75.4,UNSAMPLED,0
1299,52.63455725658298,0,,,,,,,,,,,29.6,75.4,UNSAMPLED,0
1300,52.675076546233925,0,,,,,,,,,,,29.6,75.4,UNSAMPLED,0
1301,52.715595835884876,0,,,,,,,,,,,29.6,75.4,UNSAMPLED,0
1302,52.75611512553583,0,,,,,,,,,,,29.6,75.4,UNSAMPLED,0
1303,52.79663441518677,0,,,,,,,,,,,29.6,75.4,UNSAMPLED,0
1304,52.837153704837725,1,29.6,754.0,29.6,7540,,,,,,,29.6,75.4,HOLD_PREVIOUS,1
1305,52.87767299448868,0,,,,,,,,,,,29.6,75.4,UNSAMPLED,0
1306,52.91819228413962,0,,,,,,,,,,,29.6,75.4,UNSAMPLED,0
1307,52.95871157379057,0,,,,,,,,,,,29.6,75.4,UNSAMPLED,0
1308,52.99923086344152,0,,,,,,,,,,,29.6,75.4,UNSAMPLED,0
1309,53.03975015309247,0,,,,,,,,,,,29.6,75.4,UNSAMPLED,0
1310,53.08026944274342,0,,,,,,,,,,,29.6,75.4,UNSAMPLED,0
1311,53.12078873239437,0,,,,,,,,,,,29.6,75.4,UNSAMPLED,0
1312,53.16130802204532,1,29.6,75.6,29.6,75.6-,29.6,75.6,29.6,75.6-,green_difference/PSM7,gray_otsu/PSM7,29.6,75.6,ACCEPT_PRIMARY,0
1313,53.20182731169627,0,,,,,,,,,,,29.6,75.6,UNSAMPLED,0
1314,53.242346601347215,0,,,,,,,,,,,29.6,75.6,UNSAMPLED,0
1315,53.28286589099817,0,,,,,,,,,,,29.6,75.6,UNSAMPLED,0
1316,53.32338518064911,0,,,,,,,,,,,29.6,75.6,UNSAMPLED,0
1317,53.363904470300064,0,,,,,,,,,,,29.6,75.6,UNSAMPLED,0
1318,53.404423759951015,0,,,,,,,,,,,29.6,75.6,UNSAMPLED,0
1319,53.44494304960196,0,,,,,,,,,,,29.6,75.6,UNSAMPLED,0
1320,53.48546233925291,1,29.5,75.6,29.5,75.6-,29.5,75.6,29.5,75.6-,green_difference/PSM7,gray_otsu/PSM7,29.5,75.6,ACCEPT_PRIMARY,0
1321,53.525981628903864,0,,,,,,,,,,,29.5,75.6,UNSAMPLED,0
1322,53.56650091855481,0,,,,,,,,,,,29.5,75.6,UNSAMPLED,0
1323,53.60702020820576,0,,,,,,,,,,,29.5,75.6,UNSAMPLED,0
1324,53.647539497856705,0,,,,,,,,,,,29.5,75.6,UNSAMPLED,0
1325,53.68805878750766,0,,,,,,,,,,,29.5,75.6,UNSAMPLED,0
1326,53.72857807715861,0,,,,,,,,,,,29.5,75.6,UNSAMPLED,0
1327,53.769097366809554,0,,,,,,,,,,,29.5,75.6,UNSAMPLED,0
1328,53.809616656460506,1,29.5,45.4,29.5,45.4-,,,,,,,29.5,75.6,HOLD_PREVIOUS,1
1329,53.85013594611146,0,,,,,,,,,,,29.5,75.6,UNSAMPLED,0
1330,53.8906552357624,0,,,,,,,,,,,29.5,75.6,UNSAMPLED,0
1331,53.931174525413354,0,,,,,,,,,,,29.5,75.6,UNSAMPLED,0
1332,53.9716938150643,0,,,,,,,,,,,29.5,75.6,UNSAMPLED,0
1333,54.01221310471525,0,,,,,,,,,,,29.5,75.6,UNSAMPLED,0
1334,54.0527323943662,0,,,,,,,,,,,29.5,75.6,UNSAMPLED,0
1335,54.09325168401715,0,,,,,,,,,,,29.5,75.6,UNSAMPLED,0
1336,54.1337709736681,1,29.5,5.4,29.5,5.40,,,,,,,29.5,75.6,HOLD_PREVIOUS,1
1337,54.17429026331905,0,,,,,,,,,,,29.5,75.6,UNSAMPLED,0
1338,54.214809552969996,0,,,,,,,,,,,29.5,75.6,UNSAMPLED,0
1339,54.25532884262095,0,,,,,,,,,,,29.5,75.6,UNSAMPLED,0
1340,54.29584813227189,0,,,,,,,,,,,29.5,75.6,UNSAMPLED,0
1341,54.336367421922844,0,,,,,,,,,,,29.5,75.6,UNSAMPLED,0
1342,54.376886711573796,0,,,,,,,,,,,29.5,75.6,UNSAMPLED,0
1343,54.41740600122474,0,,,,,,,,,,,29.5,75.6,UNSAMPLED,0
1344,54.45792529087569,1,29.5,45.7,29.5,45.70,,,,,,,29.5,75.6,HOLD_PREVIOUS,1
1345,54.49844458052664,0,,,,,,,,,,,29.5,75.6,UNSAMPLED,0
1346,54.53896387017759,0,,,,,,,,,,,29.5,75.6,UNSAMPLED,0
1347,54.57948315982854,0,,,,,,,,,,,29.5,75.6,UNSAMPLED,0
1348,54.620002449479486,0,,,,,,,,,,,29.5,75.6,UNSAMPLED,0
1349,54.66052173913044,0,,,,,,,,,,,29.5,75.6,UNSAMPLED,0
1350,54.70104102878139,0,,,,,,,,,,,29.5,75.6,UNSAMPLED,0
1351,54.741560318432334,0,,,,,,,,,,,29.5,75.6,UNSAMPLED,0
1352,54.782079608083286,1,29.5,45.7,29.5,45.70,,,,,,,29.5,75.6,HOLD_PREVIOUS,1
1353,54.82259889773423,0,,,,,,,,,,,29.5,75.6,UNSAMPLED,0
1354,54.86311818738518,0,,,,,,,,,,,29.5,75.6,UNSAMPLED,0
1355,54.903637477036135,0,,,,,,,,,,,29.5,75.6,UNSAMPLED,0
1356,54.94415676668708,0,,,,,,,,,,,29.5,75.6,UNSAMPLED,0
1357,54.98467605633803,0,,,,,,,,,,,29.5,75.6,UNSAMPLED,0
1358,55.02519534598898,0,,,,,,,,,,,29.5,75.6,UNSAMPLED,0
1359,55.06571463563993,0,,,,,,,,,,,29.5,75.6,UNSAMPLED,0
1360,55.10623392529088,1,29.5,75.8,29.5,75.8,29.5,75.8,29.5,75.8,green_difference/PSM7,gray_otsu/PSM7,29.5,75.8,ACCEPT_PRIMARY,0
1361,55.146753214941825,0,,,,,,,,,,,29.5,75.8,UNSAMPLED,0
1362,55.18727250459278,0,,,,,,,,,,,29.5,75.8,UNSAMPLED,0
1363,55.22779179424373,0,,,,,,,,,,,29.5,75.8,UNSAMPLED,0
1364,55.26831108389467,0,,,,,,,,,,,29.5,75.8,UNSAMPLED,0
1365,55.308830373545625,0,,,,,,,,,,,29.5,75.8,UNSAMPLED,0
1366,55.34934966319658,0,,,,,,,,,,,29.5,75.8,UNSAMPLED,0
1367,55.38986895284752,0,,,,,,,,,,,29.5,75.8,UNSAMPLED,0
1368,55.43038824249847,1,29.5,75.8,29.5,75.8,29.5,75.8,29.5,75.8,green_difference/PSM7,gray_otsu/PSM7,29.5,75.8,ACCEPT_PRIMARY,0
1369,55.47090753214942,0,,,,,,,,,,,29.5,75.8,UNSAMPLED,0
1370,55.51142682180037,0,,,,,,,,,,,29.5,75.8,UNSAMPLED,0
1371,55.55194611145132,0,,,,,,,,,,,29.5,75.8,UNSAMPLED,0
1372,55.59246540110227,0,,,,,,,,,,,29.5,75.8,UNSAMPLED,0
1373,55.63298469075322,0,,,,,,,,,,,29.5,75.8,UNSAMPLED,0
1374,55.67350398040417,0,,,,,,,,,,,29.5,75.8,UNSAMPLED,0
1375,55.714023270055115,0,,,,,,,,,,,29.5,75.8,UNSAMPLED,0
1376,55.75454255970607,1,29.5,75.9,295,75.9-,29.5,75.9,295,75.9-,green_difference/PSM7,gray_otsu/PSM7,29.5,75.9,ACCEPT_PRIMARY,0
1377,55.79506184935701,0,,,,,,,,,,,29.5,75.9,UNSAMPLED,0
1378,55.835581139007964,0,,,,,,,,,,,29.5,75.9,UNSAMPLED,0
1379,55.876100428658916,0,,,,,,,,,,,29.5,75.9,UNSAMPLED,0
1380,55.91661971830986,0,,,,,,,,,,,29.5,75.9,UNSAMPLED,0
1381,55.95713900796081,0,,,,,,,,,,,29.5,75.9,UNSAMPLED,0
1382,55.99765829761176,0,,,,,,,,,,,29.5,75.9,UNSAMPLED,0
1383,56.03817758726271,0,,,,,,,,,,,29.5,75.9,UNSAMPLED,0
1384,56.07869687691366,1,29.5,75.9,29.50,75.90,29.5,75.9,29.50,75.90,green_difference/PSM7,gray_otsu/PSM7,29.5,75.9,ACCEPT_PRIMARY,0
1385,56.119216166564605,0,,,,,,,,,,,29.5,75.9,UNSAMPLED,0
1386,56.15973545621556,0,,,,,,,,,,,29.5,75.9,UNSAMPLED,0
1387,56.20025474586651,0,,,,,,,,,,,29.5,75.9,UNSAMPLED,0
1388,56.240774035517454,0,,,,,,,,,,,29.5,75.9,UNSAMPLED,0
1389,56.281293325168406,0,,,,,,,,,,,29.5,75.9,UNSAMPLED,0
1390,56.32181261481935,0,,,,,,,,,,,29.5,75.9,UNSAMPLED,0
1391,56.3623319044703,0,,,,,,,,,,,29.5,75.9,UNSAMPLED,0
1392,56.402851194121254,1,29.8,75.9,29.80,75.9-,29.8,75.9,29.80,75.9-,green_difference/PSM7,gray_otsu/PSM7,29.8,75.9,ACCEPT_PRIMARY,0
1393,56.4433704837722,0,,,,,,,,,,,29.8,75.9,UNSAMPLED,0
1394,56.48388977342315,0,,,,,,,,,,,29.8,75.9,UNSAMPLED,0
1395,56.5244090630741,0,,,,,,,,,,,29.8,75.9,UNSAMPLED,0
1396,56.56492835272505,0,,,,,,,,,,,29.8,75.9,UNSAMPLED,0
1397,56.605447642376,0,,,,,,,,,,,29.8,75.9,UNSAMPLED,0
1398,56.645966932026944,0,,,,,,,,,,,29.8,75.9,UNSAMPLED,0
1399,56.686486221677896,0,,,,,,,,,,,29.8,75.9,UNSAMPLED,0
1400,56.72700551132885,1,29.8,75.9,29.80,75.9-,29.8,75.9,29.80,75.9-,green_difference/PSM7,gray_otsu/PSM7,29.8,75.9,ACCEPT_PRIMARY,0
1401,56.76752480097979,0,,,,,,,,,,,29.8,75.9,UNSAMPLED,0
1402,56.808044090630744,0,,,,,,,,,,,29.8,75.9,UNSAMPLED,0
1403,56.848563380281696,0,,,,,,,,,,,29.8,75.9,UNSAMPLED,0
1404,56.88908266993264,0,,,,,,,,,,,29.8,75.9,UNSAMPLED,0
1405,56.92960195958359,0,,,,,,,,,,,29.8,75.9,UNSAMPLED,0
1406,56.97012124923454,0,,,,,,,,,,,29.8,75.9,UNSAMPLED,0
1407,57.01064053888549,0,,,,,,,,,,,29.8,75.9,UNSAMPLED,0
1408,57.05115982853644,1,29.8,76.0,29.80,76.0,29.8,76.0,29.80,76.0,green_difference/PSM7,gray_otsu/PSM7,29.8,76.0,ACCEPT_PRIMARY,0
1409,57.091679118187386,0,,,,,,,,,,,29.8,76.0,UNSAMPLED,0
1410,57.13219840783834,0,,,,,,,,,,,29.8,76.0,UNSAMPLED,0
1411,57.17271769748929,0,,,,,,,,,,,29.8,76.0,UNSAMPLED,0
1412,57.213236987140235,0,,,,,,,,,,,29.8,76.0,UNSAMPLED,0
1413,57.25375627679119,0,,,,,,,,,,,29.8,76.0,UNSAMPLED,0
1414,57.29427556644213,0,,,,,,,,,,,29.8,76.0,UNSAMPLED,0
1415,57.33479485609308,0,,,,,,,,,,,29.8,76.0,UNSAMPLED,0
1416,57.375314145744035,1,29.8,75.97,29.80,75.97,29.8,75.97,29.80,75.97,green_difference/PSM7,gray_otsu/PSM7,29.8,75.97,ACCEPT_PRIMARY,0
1417,57.41583343539498,0,,,,,,,,,,,29.8,75.97,UNSAMPLED,0
1418,57.45635272504593,0,,,,,,,,,,,29.8,75.97,UNSAMPLED,0
1419,57.496872014696876,0,,,,,,,,,,,29.8,75.97,UNSAMPLED,0
1420,57.53739130434783,0,,,,,,,,,,,29.8,75.97,UNSAMPLED,0
1421,57.57791059399878,0,,,,,,,,,,,29.8,75.97,UNSAMPLED,0
1422,57.618429883649725,0,,,,,,,,,,,29.8,75.97,UNSAMPLED,0
1423,57.65894917330068,0,,,,,,,,,,,29.8,75.97,UNSAMPLED,0
1424,57.69946846295163,1,29.5,45.4,29.5,45.4-,,,,,,,29.8,75.97,HOLD_PREVIOUS,1
1425,57.73998775260257,0,,,,,,,,,,,29.8,75.97,UNSAMPLED,0
1426,57.780507042253525,0,,,,,,,,,,,29.8,75.97,UNSAMPLED,0
1427,57.82102633190447,0,,,,,,,,,,,29.8,75.97,UNSAMPLED,0
1428,57.86154562155542,0,,,,,,,,,,,29.8,75.97,UNSAMPLED,0
1429,57.902064911206374,0,,,,,,,,,,,29.8,75.97,UNSAMPLED,0
1430,57.94258420085732,0,,,,,,,,,,,29.8,75.97,UNSAMPLED,0
1431,57.98310349050827,0,,,,,,,,,,,29.8,75.97,UNSAMPLED,0
1432,58.02362278015922,1,29.5,45.7,295,45.70,,,,,,,29.8,75.97,HOLD_PREVIOUS,1
1433,58.06414206981017,0,,,,,,,,,,,29.8,75.97,UNSAMPLED,0
1434,58.10466135946112,0,,,,,,,,,,,29.8,75.97,UNSAMPLED,0
1435,58.14518064911206,0,,,,,,,,,,,29.8,75.97,UNSAMPLED,0
1436,58.185699938763015,0,,,,,,,,,,,29.8,75.97,UNSAMPLED,0
1437,58.22621922841397,0,,,,,,,,,,,29.8,75.97,UNSAMPLED,0
1438,58.26673851806491,0,,,,,,,,,,,29.8,75.97,UNSAMPLED,0
1439,58.307257807715864,0,,,,,,,,,,,29.8,75.97,UNSAMPLED,0
1440,58.347777097366816,1,29.3,75.6,29.3,75.6-,29.3,75.6,29.3,75.6-,green_difference/PSM7,gray_otsu/PSM7,29.3,75.6,ACCEPT_PRIMARY,0
1441,58.38829638701776,0,,,,,,,,,,,29.3,75.6,UNSAMPLED,0
1442,58.42881567666871,0,,,,,,,,,,,29.3,75.6,UNSAMPLED,0
1443,58.46933496631966,0,,,,,,,,,,,29.3,75.6,UNSAMPLED,0
1444,58.50985425597061,0,,,,,,,,,,,29.3,75.6,UNSAMPLED,0
1445,58.55037354562156,0,,,,,,,,,,,29.3,75.6,UNSAMPLED,0
1446,58.590892835272506,0,,,,,,,,,,,29.3,75.6,UNSAMPLED,0
1447,58.63141212492346,0,,,,,,,,,,,29.3,75.6,UNSAMPLED,0
1448,58.67193141457441,1,29.3,75.6,29.3,75.6-,29.3,75.6,29.3,75.6-,green_difference/PSM7,gray_otsu/PSM7,29.3,75.6,ACCEPT_PRIMARY,0
1449,58.712450704225354,0,,,,,,,,,,,29.3,75.6,UNSAMPLED,0
1450,58.752969993876306,0,,,,,,,,,,,29.3,75.6,UNSAMPLED,0
1451,58.79348928352725,0,,,,,,,,,,,29.3,75.6,UNSAMPLED,0
1452,58.8340085731782,0,,,,,,,,,,,29.3,75.6,UNSAMPLED,0
1453,58.874527862829154,0,,,,,,,,,,,29.3,75.6,UNSAMPLED,0
1454,58.9150471524801,0,,,,,,,,,,,29.3,75.6,UNSAMPLED,0
1455,58.95556644213105,0,,,,,,,,,,,29.3,75.6,UNSAMPLED,0
1456,58.996085731782,1,29.3,45.7,29.3,45.7-,,,,,,,29.3,75.6,HOLD_PREVIOUS,1
1457,59.03660502143295,0,,,,,,,,,,,29.3,75.6,UNSAMPLED,0
1458,59.0771243110839,0,,,,,,,,,,,29.3,75.6,UNSAMPLED,0
1459,59.117643600734844,0,,,,,,,,,,,29.3,75.6,UNSAMPLED,0
1460,59.158162890385796,0,,,,,,,,,,,29.3,75.6,UNSAMPLED,0
1461,59.19868218003675,0,,,,,,,,,,,29.3,75.6,UNSAMPLED,0
1462,59.23920146968769,0,,,,,,,,,,,29.3,75.6,UNSAMPLED,0
1463,59.279720759338645,0,,,,,,,,,,,29.3,75.6,UNSAMPLED,0
1464,59.32024004898959,1,29.3,45.7,29.3,45.7-,,,,,,,29.3,75.6,HOLD_PREVIOUS,1
1465,59.36075933864054,0,,,,,,,,,,,29.3,75.6,UNSAMPLED,0
1466,59.40127862829149,0,,,,,,,,,,,29.3,75.6,UNSAMPLED,0
1467,59.44179791794244,0,,,,,,,,,,,29.3,75.6,UNSAMPLED,0
1468,59.48231720759339,0,,,,,,,,,,,29.3,75.6,UNSAMPLED,0
1469,59.52283649724434,0,,,,,,,,,,,29.3,75.6,UNSAMPLED,0
1470,59.563355786895286,0,,,,,,,,,,,29.3,75.6,UNSAMPLED,0
1471,59.60387507654624,0,,,,,,,,,,,29.3,75.6,UNSAMPLED,0
1472,59.64439436619718,1,24.3,75.9,243,75.9-,,,,,,,29.3,75.6,HOLD_PREVIOUS,1
1473,59.684913655848135,0,,,,,,,,,,,29.3,75.6,UNSAMPLED,0
1474,59.72543294549909,0,,,,,,,,,,,29.3,75.6,UNSAMPLED,0
1475,59.76595223515003,0,,,,,,,,,,,29.3,75.6,UNSAMPLED,0
1476,59.80647152480098,0,,,,,,,,,,,29.3,75.6,UNSAMPLED,0
1477,59.846990814451935,0,,,,,,,,,,,29.3,75.6,UNSAMPLED,0
1478,59.88751010410288,0,,,,,,,,,,,29.3,75.6,UNSAMPLED,0
1479,59.92802939375383,0,,,,,,,,,,,29.3,75.6,UNSAMPLED,0
1480,59.96854868340478,1,29.3,75.9,29.3,75.9-,29.3,75.9,29.3,75.9-,green_difference/PSM7,gray_otsu/PSM7,29.3,75.9,ACCEPT_PRIMARY,0
1481,60.00906797305573,0,,,,,,,,,,,29.3,75.9,UNSAMPLED,0
1482,60.04958726270668,0,,,,,,,,,,,29.3,75.9,UNSAMPLED,0
1483,60.090106552357625,0,,,,,,,,,,,29.3,75.9,UNSAMPLED,0
1484,60.13062584200858,0,,,,,,,,,,,29.3,75.9,UNSAMPLED,0
1485,60.17114513165953,0,,,,,,,,,,,29.3,75.9,UNSAMPLED,0
1486,60.21166442131047,0,,,,,,,,,,,29.3,75.9,UNSAMPLED,0
1487,60.252183710961425,0,,,,,,,,,,,29.3,75.9,UNSAMPLED,0
1488,60.29270300061237,1,24.3,5.4,24.3,5.40,,,,,,,29.3,75.9,HOLD_PREVIOUS,1
1489,60.33322229026332,0,,,,,,,,,,,29.3,75.9,UNSAMPLED,0
1490,60.373741579914274,0,,,,,,,,,,,29.3,75.9,UNSAMPLED,0
1491,60.41426086956522,0,,,,,,,,,,,29.3,75.9,UNSAMPLED,0
1492,60.45478015921617,0,,,,,,,,,,,29.3,75.9,UNSAMPLED,0
1493,60.49529944886712,0,,,,,,,,,,,29.3,75.9,UNSAMPLED,0
1494,60.53581873851807,0,,,,,,,,,,,29.3,75.9,UNSAMPLED,0
1495,60.57633802816902,0,,,,,,,,,,,29.3,75.9,UNSAMPLED,0
1496,60.616857317819964,1,24.3,5.4,24.3,5.40,,,,,,,29.3,75.9,HOLD_PREVIOUS,1
1497,60.657376607470916,0,,,,,,,,,,,29.3,75.9,UNSAMPLED,0
1498,60.69789589712187,0,,,,,,,,,,,29.3,75.9,UNSAMPLED,0
1499,60.73841518677281,0,,,,,,,,,,,29.3,75.9,UNSAMPLED,0
1500,60.778934476423764,0,,,,,,,,,,,29.3,75.9,UNSAMPLED,0
1501,60.81945376607471,0,,,,,,,,,,,29.3,75.9,UNSAMPLED,0
1502,60.85997305572566,0,,,,,,,,,,,29.3,75.9,UNSAMPLED,0
1503,60.90049234537661,0,,,,,,,,,,,29.3,75.9,UNSAMPLED,0
1504,60.94101163502756,1,24.3,75.9,24.3,75.9-,,,,,,,29.3,75.9,HOLD_PREVIOUS,1
1505,60.98153092467851,0,,,,,,,,,,,29.3,75.9,UNSAMPLED,0
1506,61.02205021432946,0,,,,,,,,,,,29.3,75.9,UNSAMPLED,0
1507,61.062569503980406,0,,,,,,,,,,,29.3,75.9,UNSAMPLED,0
1508,61.10308879363136,0,,,,,,,,,,,29.3,75.9,UNSAMPLED,0
1509,61.1436080832823,0,,,,,,,,,,,29.3,75.9,UNSAMPLED,0
1510,61.184127372933254,0,,,,,,,,,,,29.3,75.9,UNSAMPLED,0
1511,61.224646662584206,0,,,,,,,,,,,29.3,75.9,UNSAMPLED,0
1512,61.26516595223515,1,24.3,75.8,24.3,75.80,,,,,,,29.3,75.9,HOLD_PREVIOUS,1
1513,61.3056852418861,0,,,,,,,,,,,29.3,75.9,UNSAMPLED,0
1514,61.346204531537055,0,,,,,,,,,,,29.3,75.9,UNSAMPLED,0
1515,61.386723821188,0,,,,,,,,,,,29.3,75.9,UNSAMPLED,0
1516,61.42724311083895,0,,,,,,,,,,,29.3,75.9,UNSAMPLED,0
1517,61.467762400489896,0,,,,,,,,,,,29.3,75.9,UNSAMPLED,0
1518,61.50828169014085,0,,,,,,,,,,,29.3,75.9,UNSAMPLED,0
1519,61.5488009797918,0,,,,,,,,,,,29.3,75.9,UNSAMPLED,0
1520,61.589320269442744,1,29.3,75.8,29.30,75.80,29.3,75.8,29.30,75.80,green_difference/PSM7,gray_otsu/PSM7,29.3,75.8,ACCEPT_PRIMARY,0
1521,61.629839559093696,0,,,,,,,,,,,29.3,75.8,UNSAMPLED,0
1522,61.67035884874465,0,,,,,,,,,,,29.3,75.8,UNSAMPLED,0
1523,61.71087813839559,0,,,,,,,,,,,29.3,75.8,UNSAMPLED,0
1524,61.751397428046545,0,,,,,,,,,,,29.3,75.8,UNSAMPLED,0
1525,61.79191671769749,0,,,,,,,,,,,29.3,75.8,UNSAMPLED,0
1526,61.83243600734844,0,,,,,,,,,,,29.3,75.8,UNSAMPLED,0
1527,61.87295529699939,0,,,,,,,,,,,29.3,75.8,UNSAMPLED,0
1528,61.91347458665034,1,29.3,45.8,29.3,45.8-,29.3,75.8,29.3,75.8,green_difference/PSM7,green_channel_otsu/PSM7,29.3,75.8,ACCEPT_RETRY,1
1529,61.95399387630129,0,,,,,,,,,,,29.3,75.8,UNSAMPLED,0
1530,61.99451316595224,0,,,,,,,,,,,29.3,75.8,UNSAMPLED,0
1531,62.03503245560319,0,,,,,,,,,,,29.3,75.8,UNSAMPLED,0
1532,62.07555174525414,0,,,,,,,,,,,29.3,75.8,UNSAMPLED,0
1533,62.11607103490508,0,,,,,,,,,,,29.3,75.8,UNSAMPLED,0
1534,62.156590324556035,0,,,,,,,,,,,29.3,75.8,UNSAMPLED,0
1535,62.19710961420699,0,,,,,,,,,,,29.3,75.8,UNSAMPLED,0
1536,62.23762890385793,1,29.3,45.8,29.3,45.8-,29.3,75.8,29.3,75.8,green_difference/PSM7,green_channel_otsu/PSM7,29.3,75.8,ACCEPT_RETRY,1
1537,62.27814819350888,0,,,,,,,,,,,29.3,75.8,UNSAMPLED,0
1538,62.318667483159835,0,,,,,,,,,,,29.3,75.8,UNSAMPLED,0
1539,62.35918677281078,0,,,,,,,,,,,29.3,75.8,UNSAMPLED,0
1540,62.39970606246173,0,,,,,,,,,,,29.3,75.8,UNSAMPLED,0
1541,62.44022535211268,0,,,,,,,,,,,29.3,75.8,UNSAMPLED,0
1542,62.48074464176363,0,,,,,,,,,,,29.3,75.8,UNSAMPLED,0
1543,62.52126393141458,0,,,,,,,,,,,29.3,75.8,UNSAMPLED,0
1544,62.561783221065525,1,29.3,45.8,29.3,45.8-,29.3,75.8,29.3,75.8,green_difference/PSM7,green_channel_otsu/PSM7,29.3,75.8,ACCEPT_RETRY,1
1545,62.60230251071648,0,,,,,,,,,,,29.3,75.8,UNSAMPLED,0
1546,62.64282180036742,0,,,,,,,,,,,29.3,75.8,UNSAMPLED,0
1547,62.683341090018374,0,,,,,,,,,,,29.3,75.8,UNSAMPLED,0
1548,62.723860379669325,0,,,,,,,,,,,29.3,75.8,UNSAMPLED,0
1549,62.76437966932027,0,,,,,,,,,,,29.3,75.8,UNSAMPLED,0
1550,62.80489895897122,0,,,,,,,,,,,29.3,75.8,UNSAMPLED,0
1551,62.845418248622174,0,,,,,,,,,,,29.3,75.8,UNSAMPLED,0
1552,62.88593753827312,1,29.3,45.8,29.3,45.8-,29.3,75.8,29.3,75.8,green_difference/PSM7,green_channel_otsu/PSM7,29.3,75.8,ACCEPT_RETRY,1
1553,62.92645682792407,0,,,,,,,,,,,29.3,75.8,UNSAMPLED,0
1554,62.966976117575015,0,,,,,,,,,,,29.3,75.8,UNSAMPLED,0
1555,63.00749540722597,0,,,,,,,,,,,29.3,75.8,UNSAMPLED,0
1556,63.04801469687692,0,,,,,,,,,,,29.3,75.8,UNSAMPLED,0
1557,63.088533986527864,0,,,,,,,,,,,29.3,75.8,UNSAMPLED,0
1558,63.129053276178816,0,,,,,,,,,,,29.3,75.8,UNSAMPLED,0
1559,63.16957256582977,0,,,,,,,,,,,29.3,75.8,UNSAMPLED,0
1560,63.21009185548071,1,29.3,45.8,29.3,45.8-,29.3,75.8,29.3,75.8,green_difference/PSM7,green_channel_otsu/PSM7,29.3,75.8,ACCEPT_RETRY,1
1561,63.250611145131664,0,,,,,,,,,,,29.3,75.8,UNSAMPLED,0
1562,63.29113043478261,0,,,,,,,,,,,29.3,75.8,UNSAMPLED,0
1563,63.33164972443356,0,,,,,,,,,,,29.3,75.8,UNSAMPLED,0
1564,63.37216901408451,0,,,,,,,,,,,29.3,75.8,UNSAMPLED,0
1565,63.41268830373546,0,,,,,,,,,,,29.3,75.8,UNSAMPLED,0
1566,63.45320759338641,0,,,,,,,,,,,29.3,75.8,UNSAMPLED,0
1567,63.49372688303736,0,,,,,,,,,,,29.3,75.8,UNSAMPLED,0
1568,63.534246172688306,1,29.3,45.8,29.3,45.8-,29.3,75.8,29.3,75.8,green_difference/PSM7,green_channel_otsu/PSM7,29.3,75.8,ACCEPT_RETRY,1
1569,63.57476546233926,0,,,,,,,,,,,29.3,75.8,UNSAMPLED,0
1570,63.6152847519902,0,,,,,,,,,,,29.3,75.8,UNSAMPLED,0
1571,63.655804041641154,0,,,,,,,,,,,29.3,75.8,UNSAMPLED,0
1572,63.696323331292106,0,,,,,,,,,,,29.3,75.8,UNSAMPLED,0
1573,63.73684262094305,0,,,,,,,,,,,29.3,75.8,UNSAMPLED,0
1574,63.777361910594,0,,,,,,,,,,,29.3,75.8,UNSAMPLED,0
1575,63.817881200244955,0,,,,,,,,,,,29.3,75.8,UNSAMPLED,0
1576,63.8584004898959,1,29.3,45.7,29.30,45.7-,,,,,,,29.3,75.8,HOLD_PREVIOUS,1
1577,63.89891977954685,0,,,,,,,,,,,29.3,75.8,UNSAMPLED,0
1578,63.939439069197796,0,,,,,,,,,,,29.3,75.8,UNSAMPLED,0
1579,63.97995835884875,0,,,,,,,,,,,29.3,75.8,UNSAMPLED,0
1580,64.02047764849969,0,,,,,,,,,,,29.3,75.8,UNSAMPLED,0
1581,64.06099693815065,0,,,,,,,,,,,29.3,75.8,UNSAMPLED,0
1582,64.1015162278016,0,,,,,,,,,,,29.3,75.8,UNSAMPLED,0
1583,64.14203551745254,0,,,,,,,,,,,29.3,75.8,UNSAMPLED,0
1584,64.1825548071035,1,29.3,45.7,29.30,45.7-,,,,,,,29.3,75.8,HOLD_PREVIOUS,1
1585,64.22307409675444,0,,,,,,,,,,,29.3,75.8,UNSAMPLED,0
1586,64.26359338640539,0,,,,,,,,,,,29.3,75.8,UNSAMPLED,0
1587,64.30411267605633,0,,,,,,,,,,,29.3,75.8,UNSAMPLED,0
1588,64.3446319657073,0,,,,,,,,,,,29.3,75.8,UNSAMPLED,0
1589,64.38515125535824,0,,,,,,,,,,,29.3,75.8,UNSAMPLED,0
1590,64.42567054500918,0,,,,,,,,,,,29.3,75.8,UNSAMPLED,0
1591,64.46618983466014,0,,,,,,,,,,,29.3,75.8,UNSAMPLED,0
1592,64.50670912431109,1,29.3,45.7,29.30,45.7-,,,,,,,29.3,75.8,HOLD_PREVIOUS,1
1593,64.54722841396203,0,,,,,,,,,,,29.3,75.8,UNSAMPLED,0
1594,64.58774770361299,0,,,,,,,,,,,29.3,75.8,UNSAMPLED,0
1595,64.62826699326394,0,,,,,,,,,,,29.3,75.8,UNSAMPLED,0
1596,64.66878628291488,0,,,,,,,,,,,29.3,75.8,UNSAMPLED,0
1597,64.70930557256584,0,,,,,,,,,,,29.3,75.8,UNSAMPLED,0
1598,64.74982486221678,0,,,,,,,,,,,29.3,75.8,UNSAMPLED,0
1599,64.79034415186773,0,,,,,,,,,,,29.3,75.8,UNSAMPLED,0
1600,64.83086344151869,1,29.3,45.7,29.30,45.7-,,,,,,,29.3,75.8,HOLD_PREVIOUS,1
1601,64.87138273116963,0,,,,,,,,,,,29.3,75.8,UNSAMPLED,0
1602,64.91190202082058,0,,,,,,,,,,,29.3,75.8,UNSAMPLED,0
1603,64.95242131047152,0,,,,,,,,,,,29.3,75.8,UNSAMPLED,0
1604,64.99294060012248,0,,,,,,,,,,,29.3,75.8,UNSAMPLED,0
1605,65.03345988977343,0,,,,,,,,,,,29.3,75.8,UNSAMPLED,0
1606,65.07397917942437,0,,,,,,,,,,,29.3,75.8,UNSAMPLED,0
1607,65.11449846907533,0,,,,,,,,,,,29.3,75.8,UNSAMPLED,0
1608,65.15501775872627,1,29.3,45.8,29.30,45.80,,,,,,,29.3,75.8,HOLD_PREVIOUS,1
1609,65.19553704837722,0,,,,,,,,,,,29.3,75.8,UNSAMPLED,0
1610,65.23605633802818,0,,,,,,,,,,,29.3,75.8,UNSAMPLED,0
1611,65.27657562767912,0,,,,,,,,,,,29.3,75.8,UNSAMPLED,0
1612,65.31709491733007,0,,,,,,,,,,,29.3,75.8,UNSAMPLED,0
1613,65.35761420698103,0,,,,,,,,,,,29.3,75.8,UNSAMPLED,0
1614,65.39813349663197,0,,,,,,,,,,,29.3,75.8,UNSAMPLED,0
1615,65.43865278628292,0,,,,,,,,,,,29.3,75.8,UNSAMPLED,0
1616,65.47917207593387,1,29.3,45.8,29.30,45.80,,,,,,,29.3,75.8,HOLD_PREVIOUS,1
1617,65.51969136558482,0,,,,,,,,,,,29.3,75.8,UNSAMPLED,0
1618,65.56021065523576,0,,,,,,,,,,,29.3,75.8,UNSAMPLED,0
1619,65.60072994488671,0,,,,,,,,,,,29.3,75.8,UNSAMPLED,0
1620,65.64124923453767,0,,,,,,,,,,,29.3,75.8,UNSAMPLED,0
1621,65.68176852418861,0,,,,,,,,,,,29.3,75.8,UNSAMPLED,0
1622,65.72228781383956,0,,,,,,,,,,,29.3,75.8,UNSAMPLED,0
1623,65.76280710349052,0,,,,,,,,,,,29.3,75.8,UNSAMPLED,0
1624,65.80332639314146,1,29.3,45.7,293,45.70,,,,,,,29.3,75.8,HOLD_PREVIOUS,1
1625,65.8438456827924,0,,,,,,,,,,,29.3,75.8,UNSAMPLED,0
1626,65.88436497244336,0,,,,,,,,,,,29.3,75.8,UNSAMPLED,0
1627,65.92488426209431,0,,,,,,,,,,,29.3,75.8,UNSAMPLED,0
1628,65.96540355174525,0,,,,,,,,,,,29.3,75.8,UNSAMPLED,0
1629,66.00592284139621,0,,,,,,,,,,,29.3,75.8,UNSAMPLED,0
1630,66.04644213104716,0,,,,,,,,,,,29.3,75.8,UNSAMPLED,0
1631,66.0869614206981,0,,,,,,,,,,,29.3,75.8,UNSAMPLED,0
1632,66.12748071034905,1,29.3,45.7,293,45.70,,,,,,,29.3,75.8,HOLD_PREVIOUS,1
1633,66.168,0,,,,,,,,,,,29.3,75.8,UNSAMPLED,0
1634,66.20851928965095,0,,,,,,,,,,,29.3,75.8,UNSAMPLED,0
1635,66.2490385793019,0,,,,,,,,,,,29.3,75.8,UNSAMPLED,0
1636,66.28955786895285,0,,,,,,,,,,,29.3,75.8,UNSAMPLED,0
1637,66.3300771586038,0,,,,,,,,,,,29.3,75.8,UNSAMPLED,0
1638,66.37059644825474,0,,,,,,,,,,,29.3,75.8,UNSAMPLED,0
1639,66.4111157379057,0,,,,,,,,,,,29.3,75.8,UNSAMPLED,0
1640,66.45163502755665,1,,45.7,23,45.70,,,,,,,29.3,75.8,HOLD_PREVIOUS,1
1641,66.49215431720759,0,,,,,,,,,,,29.3,75.8,UNSAMPLED,0
1642,66.53267360685855,0,,,,,,,,,,,29.3,75.8,UNSAMPLED,0
1643,66.5731928965095,0,,,,,,,,,,,29.3,75.8,UNSAMPLED,0
1644,66.61371218616044,0,,,,,,,,,,,29.3,75.8,UNSAMPLED,0
1645,66.6542314758114,0,,,,,,,,,,,29.3,75.8,UNSAMPLED,0
1646,66.69475076546235,0,,,,,,,,,,,29.3,75.8,UNSAMPLED,0
1647,66.73527005511329,0,,,,,,,,,,,29.3,75.8,UNSAMPLED,0
1648,66.77578934476423,1,,45.7,23,45.70,,,,,,,29.3,75.8,HOLD_PREVIOUS,1
1649,66.8163086344152,0,,,,,,,,,,,29.3,75.8,UNSAMPLED,0
1650,66.85682792406614,0,,,,,,,,,,,29.3,75.8,UNSAMPLED,0
1651,66.89734721371708,0,,,,,,,,,,,29.3,75.8,UNSAMPLED,0
1652,66.93786650336804,0,,,,,,,,,,,29.3,75.8,UNSAMPLED,0
1653,66.97838579301899,0,,,,,,,,,,,29.3,75.8,UNSAMPLED,0
1654,67.01890508266993,0,,,,,,,,,,,29.3,75.8,UNSAMPLED,0
1655,67.05942437232089,0,,,,,,,,,,,29.3,75.8,UNSAMPLED,0
1656,67.09994366197184,1,,45.7,23,45.70,,,,,,,29.3,75.8,HOLD_PREVIOUS,1
1657,67.14046295162278,0,,,,,,,,,,,29.3,75.8,UNSAMPLED,0
1658,67.18098224127374,0,,,,,,,,,,,29.3,75.8,UNSAMPLED,0
1659,67.22150153092468,0,,,,,,,,,,,29.3,75.8,UNSAMPLED,0
1660,67.26202082057563,0,,,,,,,,,,,29.3,75.8,UNSAMPLED,0
1661,67.30254011022659,0,,,,,,,,,,,29.3,75.8,UNSAMPLED,0
1662,67.34305939987753,0,,,,,,,,,,,29.3,75.8,UNSAMPLED,0
1663,67.38357868952848,0,,,,,,,,,,,29.3,75.8,UNSAMPLED,0
1664,67.42409797917942,1,,75.6,23,75.6-,29.3,75.8,293,75.8,green_difference/PSM8,green_difference/PSM7,29.3,75.8,ACCEPT_RETRY,1
1665,67.46461726883038,0,,,,,,,,,,,29.3,75.8,UNSAMPLED,0
1666,67.50513655848133,0,,,,,,,,,,,29.3,75.8,UNSAMPLED,0
1667,67.54565584813227,0,,,,,,,,,,,29.3,75.8,UNSAMPLED,0
1668,67.58617513778323,0,,,,,,,,,,,29.3,75.8,UNSAMPLED,0
1669,67.62669442743417,0,,,,,,,,,,,29.3,75.8,UNSAMPLED,0
1670,67.66721371708512,0,,,,,,,,,,,29.3,75.8,UNSAMPLED,0
1671,67.70773300673608,0,,,,,,,,,,,29.3,75.8,UNSAMPLED,0
1672,67.74825229638702,1,,75.8,,75.8-,28.3,75.8,283,75.8-,green_difference/PSM8,gray_otsu/PSM7,28.3,75.8,ACCEPT_RETRY,1
1673,67.78877158603797,0,,,,,,,,,,,28.3,75.8,UNSAMPLED,0
1674,67.82929087568893,0,,,,,,,,,,,28.3,75.8,UNSAMPLED,0
1675,67.86981016533987,0,,,,,,,,,,,28.3,75.8,UNSAMPLED,0
1676,67.91032945499082,0,,,,,,,,,,,28.3,75.8,UNSAMPLED,0
1677,67.95084874464176,0,,,,,,,,,,,28.3,75.8,UNSAMPLED,0
1678,67.99136803429272,0,,,,,,,,,,,28.3,75.8,UNSAMPLED,0
1679,68.03188732394366,0,,,,,,,,,,,28.3,75.8,UNSAMPLED,0
1680,68.07240661359461,1,,75.8,,75.8-,28.3,75.8,283,75.8-,green_difference/PSM8,gray_otsu/PSM7,28.3,75.8,ACCEPT_RETRY,1
1681,68.11292590324557,0,,,,,,,,,,,28.3,75.8,UNSAMPLED,0
1682,68.15344519289651,0,,,,,,,,,,,28.3,75.8,UNSAMPLED,0
1683,68.19396448254746,0,,,,,,,,,,,28.3,75.8,UNSAMPLED,0
1684,68.23448377219842,0,,,,,,,,,,,28.3,75.8,UNSAMPLED,0
1685,68.27500306184936,0,,,,,,,,,,,28.3,75.8,UNSAMPLED,0
1686,68.3155223515003,0,,,,,,,,,,,28.3,75.8,UNSAMPLED,0
1687,68.35604164115126,0,,,,,,,,,,,28.3,75.8,UNSAMPLED,0
1688,68.39656093080221,1,,75.8,,75.8-,28.3,75.8,283,75.8-,green_difference/PSM8,gray_otsu/PSM7,28.3,75.8,ACCEPT_RETRY,1
1689,68.43708022045315,0,,,,,,,,,,,28.3,75.8,UNSAMPLED,0
1690,68.47759951010411,0,,,,,,,,,,,28.3,75.8,UNSAMPLED,0
1691,68.51811879975506,0,,,,,,,,,,,28.3,75.8,UNSAMPLED,0
1692,68.558638089406,0,,,,,,,,,,,28.3,75.8,UNSAMPLED,0
1693,68.59915737905695,0,,,,,,,,,,,28.3,75.8,UNSAMPLED,0
1694,68.6396766687079,0,,,,,,,,,,,28.3,75.8,UNSAMPLED,0
1695,68.68019595835885,0,,,,,,,,,,,28.3,75.8,UNSAMPLED,0
1696,68.7207152480098,1,,75.8,,75.8-,28.3,75.8,283,75.8-,green_difference/PSM8,gray_otsu/PSM7,28.3,75.8,ACCEPT_RETRY,1
1697,68.76123453766075,0,,,,,,,,,,,28.3,75.8,UNSAMPLED,0
1698,68.8017538273117,0,,,,,,,,,,,28.3,75.8,UNSAMPLED,0
1699,68.84227311696264,0,,,,,,,,,,,28.3,75.8,UNSAMPLED,0
1700,68.8827924066136,0,,,,,,,,,,,28.3,75.8,UNSAMPLED,0
1701,68.92331169626455,0,,,,,,,,,,,28.3,75.8,UNSAMPLED,0
1702,68.9638309859155,0,,,,,,,,,,,28.3,75.8,UNSAMPLED,0
1703,69.00435027556645,0,,,,,,,,,,,28.3,75.8,UNSAMPLED,0
1704,69.0448695652174,1,,45.7,,45.7-,,,,,,,28.3,75.8,HOLD_PREVIOUS,1
1705,69.08538885486834,0,,,,,,,,,,,28.3,75.8,UNSAMPLED,0
1706,69.12590814451929,0,,,,,,,,,,,28.3,75.8,UNSAMPLED,0
1707,69.16642743417025,0,,,,,,,,,,,28.3,75.8,UNSAMPLED,0
1708,69.20694672382119,0,,,,,,,,,,,28.3,75.8,UNSAMPLED,0
1709,69.24746601347213,0,,,,,,,,,,,28.3,75.8,UNSAMPLED,0
1710,69.2879853031231,0,,,,,,,,,,,28.3,75.8,UNSAMPLED,0
1711,69.32850459277404,0,,,,,,,,,,,28.3,75.8,UNSAMPLED,0
1712,69.36902388242498,1,,45.7,,45.70,,,,,,,28.3,75.8,HOLD_PREVIOUS,1
1713,69.40954317207594,0,,,,,,,,,,,28.3,75.8,UNSAMPLED,0
1714,69.45006246172689,0,,,,,,,,,,,28.3,75.8,UNSAMPLED,0
1715,69.49058175137783,0,,,,,,,,,,,28.3,75.8,UNSAMPLED,0
1716,69.53110104102879,0,,,,,,,,,,,28.3,75.8,UNSAMPLED,0
1717,69.57162033067974,0,,,,,,,,,,,28.3,75.8,UNSAMPLED,0
1718,69.61213962033068,0,,,,,,,,,,,28.3,75.8,UNSAMPLED,0
1719,69.65265890998164,0,,,,,,,,,,,28.3,75.8,UNSAMPLED,0
1720,69.69317819963258,1,25.3,75.8,25.3,75.8,29.3,75.8,293,75.8,green_channel_otsu/PSM7,gray_otsu/PSM7,29.3,75.8,ACCEPT_RETRY,1
1721,69.73369748928353,0,,,,,,,,,,,29.3,75.8,UNSAMPLED,0
1722,69.77421677893447,0,,,,,,,,,,,29.3,75.8,UNSAMPLED,0
1723,69.81473606858543,0,,,,,,,,,,,29.3,75.8,UNSAMPLED,0
1724,69.85525535823638,0,,,,,,,,,,,29.3,75.8,UNSAMPLED,0
1725,69.89577464788732,0,,,,,,,,,,,29.3,75.8,UNSAMPLED,0
1726,69.93629393753828,0,,,,,,,,,,,29.3,75.8,UNSAMPLED,0
1727,69.97681322718923,0,,,,,,,,,,,29.3,75.8,UNSAMPLED,0
1728,70.01733251684017,1,25.3,75.4,25.3,75.4-,29.3,75.4,293,75.4-,green_channel_otsu/PSM7,gray_otsu/PSM7,29.3,75.4,ACCEPT_RETRY,1
1729,70.05785180649113,0,,,,,,,,,,,29.3,75.4,UNSAMPLED,0
1730,70.09837109614207,0,,,,,,,,,,,29.3,75.4,UNSAMPLED,0
1731,70.13889038579302,0,,,,,,,,,,,29.3,75.4,UNSAMPLED,0
1732,70.17940967544398,0,,,,,,,,,,,29.3,75.4,UNSAMPLED,0
1733,70.21992896509492,0,,,,,,,,,,,29.3,75.4,UNSAMPLED,0
1734,70.26044825474587,0,,,,,,,,,,,29.3,75.4,UNSAMPLED,0
1735,70.30096754439683,0,,,,,,,,,,,29.3,75.4,UNSAMPLED,0
1736,70.34148683404777,1,25.3,75.8,25.3,75.8,29.3,75.8,293,75.8,green_channel_otsu/PSM7,gray_otsu/PSM7,29.3,75.8,ACCEPT_RETRY,1
1737,70.38200612369872,0,,,,,,,,,,,29.3,75.8,UNSAMPLED,0
1738,70.42252541334966,0,,,,,,,,,,,29.3,75.8,UNSAMPLED,0
1739,70.46304470300062,0,,,,,,,,,,,29.3,75.8,UNSAMPLED,0
1740,70.50356399265156,0,,,,,,,,,,,29.3,75.8,UNSAMPLED,0
1741,70.54408328230251,0,,,,,,,,,,,29.3,75.8,UNSAMPLED,0
1742,70.58460257195347,0,,,,,,,,,,,29.3,75.8,UNSAMPLED,0
1743,70.62512186160441,0,,,,,,,,,,,29.3,75.8,UNSAMPLED,0
1744,70.66564115125536,1,25.3,,25.3,75.-,,,,,,,29.3,75.8,HOLD_PREVIOUS,1
1745,70.70616044090632,0,,,,,,,,,,,29.3,75.8,UNSAMPLED,0
1746,70.74667973055726,0,,,,,,,,,,,29.3,75.8,UNSAMPLED,0
1747,70.7871990202082,0,,,,,,,,,,,29.3,75.8,UNSAMPLED,0
1748,70.82771830985916,0,,,,,,,,,,,29.3,75.8,UNSAMPLED,0
1749,70.86823759951011,0,,,,,,,,,,,29.3,75.8,UNSAMPLED,0
1750,70.90875688916105,0,,,,,,,,,,,29.3,75.8,UNSAMPLED,0
1751,70.949276178812,0,,,,,,,,,,,29.3,75.8,UNSAMPLED,0
1752,70.98979546846296,1,25.3,75.8,25.3,75.8,29.3,75.8,293,75.8,green_channel_otsu/PSM7,gray_otsu/PSM7,29.3,75.8,ACCEPT_RETRY,1
1753,71.0303147581139,0,,,,,,,,,,,29.3,75.8,UNSAMPLED,0
1754,71.07083404776485,0,,,,,,,,,,,29.3,75.8,UNSAMPLED,0
1755,71.1113533374158,0,,,,,,,,,,,29.3,75.8,UNSAMPLED,0
1756,71.15187262706675,0,,,,,,,,,,,29.3,75.8,UNSAMPLED,0
1757,71.1923919167177,0,,,,,,,,,,,29.3,75.8,UNSAMPLED,0
1758,71.23291120636866,0,,,,,,,,,,,29.3,75.8,UNSAMPLED,0
1759,71.2734304960196,0,,,,,,,,,,,29.3,75.8,UNSAMPLED,0
1760,71.31394978567054,1,25.3,75.8,25.3,75.8,29.3,75.8,293,75.8,green_channel_otsu/PSM7,gray_otsu/PSM7,29.3,75.8,ACCEPT_RETRY,1
1761,71.3544690753215,0,,,,,,,,,,,29.3,75.8,UNSAMPLED,0
1762,71.39498836497245,0,,,,,,,,,,,29.3,75.8,UNSAMPLED,0
1763,71.4355076546234,0,,,,,,,,,,,29.3,75.8,UNSAMPLED,0
1764,71.47602694427435,0,,,,,,,,,,,29.3,75.8,UNSAMPLED,0
1765,71.5165462339253,0,,,,,,,,,,,29.3,75.8,UNSAMPLED,0
1766,71.55706552357624,0,,,,,,,,,,,29.3,75.8,UNSAMPLED,0
1767,71.59758481322719,0,,,,,,,,,,,29.3,75.8,UNSAMPLED,0
1768,71.63810410287815,1,29.3,19.8,29.3,19.8-,29.3,75.8,29.3,75.8,green_difference/PSM7,green_difference/PSM7,29.3,75.8,ACCEPT_RETRY,1
1769,71.67862339252909,0,,,,,,,,,,,29.3,75.8,UNSAMPLED,0
1770,71.71914268218003,0,,,,,,,,,,,29.3,75.8,UNSAMPLED,0
1771,71.759661971831,0,,,,,,,,,,,29.3,75.8,UNSAMPLED,0
1772,71.80018126148194,0,,,,,,,,,,,29.3,75.8,UNSAMPLED,0
1773,71.84070055113288,0,,,,,,,,,,,29.3,75.8,UNSAMPLED,0
1774,71.88121984078384,0,,,,,,,,,,,29.3,75.8,UNSAMPLED,0
1775,71.92173913043479,0,,,,,,,,,,,29.3,75.8,UNSAMPLED,0
1776,71.96225842008573,1,29.3,3.0,293,3.0,,,,,,,29.3,75.8,HOLD_PREVIOUS,1
1777,72.00277770973669,0,,,,,,,,,,,29.3,75.8,UNSAMPLED,0
1778,72.04329699938764,0,,,,,,,,,,,29.3,75.8,UNSAMPLED,0
1779,72.08381628903858,0,,,,,,,,,,,29.3,75.8,UNSAMPLED,0
1780,72.12433557868954,0,,,,,,,,,,,29.3,75.8,UNSAMPLED,0
1781,72.16485486834048,0,,,,,,,,,,,29.3,75.8,UNSAMPLED,0
1782,72.20537415799143,0,,,,,,,,,,,29.3,75.8,UNSAMPLED,0
1783,72.24589344764237,0,,,,,,,,,,,29.3,75.8,UNSAMPLED,0
1784,72.28641273729333,1,29.3,3.0,293,3.0,,,,,,,29.3,75.8,HOLD_PREVIOUS,1
1785,72.32693202694428,0,,,,,,,,,,,29.3,75.8,UNSAMPLED,0
1786,72.36745131659522,0,,,,,,,,,,,29.3,75.8,UNSAMPLED,0
1787,72.40797060624618,0,,,,,,,,,,,29.3,75.8,UNSAMPLED,0
1788,72.44848989589713,0,,,,,,,,,,,29.3,75.8,UNSAMPLED,0
1789,72.48900918554807,0,,,,,,,,,,,29.3,75.8,UNSAMPLED,0
1790,72.52952847519903,0,,,,,,,,,,,29.3,75.8,UNSAMPLED,0
1791,72.57004776484997,0,,,,,,,,,,,29.3,75.8,UNSAMPLED,0
1792,72.61056705450092,1,29.3,19.8,293,19.8-,,,,,,,29.3,75.8,HOLD_PREVIOUS,1
1793,72.65108634415188,0,,,,,,,,,,,29.3,75.8,UNSAMPLED,0
1794,72.69160563380282,0,,,,,,,,,,,29.3,75.8,UNSAMPLED,0
1795,72.73212492345377,0,,,,,,,,,,,29.3,75.8,UNSAMPLED,0
1796,72.77264421310471,0,,,,,,,,,,,29.3,75.8,UNSAMPLED,0
1797,72.81316350275567,0,,,,,,,,,,,29.3,75.8,UNSAMPLED,0
1798,72.85368279240662,0,,,,,,,,,,,29.3,75.8,UNSAMPLED,0
1799,72.89420208205756,0,,,,,,,,,,,29.3,75.8,UNSAMPLED,0
1800,72.93472137170852,1,29.4,,294,3.-,,,,,,,29.3,75.8,HOLD_PREVIOUS,1
1801,72.97524066135946,0,,,,,,,,,,,29.3,75.8,UNSAMPLED,0
1802,73.01575995101041,0,,,,,,,,,,,29.3,75.8,UNSAMPLED,0
1803,73.05627924066137,0,,,,,,,,,,,29.3,75.8,UNSAMPLED,0
1804,73.09679853031231,0,,,,,,,,,,,29.3,75.8,UNSAMPLED,0
1805,73.13731781996326,0,,,,,,,,,,,29.3,75.8,UNSAMPLED,0
1806,73.17783710961422,0,,,,,,,,,,,29.3,75.8,UNSAMPLED,0
1807,73.21835639926516,0,,,,,,,,,,,29.3,75.8,UNSAMPLED,0
1808,73.2588756889161,1,29.4,,294,3.-,,,,,,,29.3,75.8,HOLD_PREVIOUS,1
1809,73.29939497856707,0,,,,,,,,,,,29.3,75.8,UNSAMPLED,0
1810,73.33991426821801,0,,,,,,,,,,,29.3,75.8,UNSAMPLED,0
1811,73.38043355786895,0,,,,,,,,,,,29.3,75.8,UNSAMPLED,0
1812,73.4209528475199,0,,,,,,,,,,,29.3,75.8,UNSAMPLED,0
1813,73.46147213717086,0,,,,,,,,,,,29.3,75.8,UNSAMPLED,0
1814,73.5019914268218,0,,,,,,,,,,,29.3,75.8,UNSAMPLED,0
1815,73.54251071647275,0,,,,,,,,,,,29.3,75.8,UNSAMPLED,0
1816,73.5830300061237,1,29.7,5.9,29.7-,5.90,29.7,76.8,29.7-,768,green_difference/PSM7,hsv_green/PSM7,29.7,76.8,ACCEPT_RETRY,1
1817,73.62354929577465,0,,,,,,,,,,,29.7,76.8,UNSAMPLED,0
1818,73.6640685854256,0,,,,,,,,,,,29.7,76.8,UNSAMPLED,0
1819,73.70458787507656,0,,,,,,,,,,,29.7,76.8,UNSAMPLED,0
1820,73.7451071647275,0,,,,,,,,,,,29.7,76.8,UNSAMPLED,0
1821,73.78562645437844,0,,,,,,,,,,,29.7,76.8,UNSAMPLED,0
1822,73.8261457440294,0,,,,,,,,,,,29.7,76.8,UNSAMPLED,0
1823,73.86666503368035,0,,,,,,,,,,,29.7,76.8,UNSAMPLED,0
1824,73.9071843233313,1,29.6,75.9,29.6,75.90,29.6,75.9,29.6,75.90,green_difference/PSM7,gray_otsu/PSM7,29.6,75.9,ACCEPT_PRIMARY,0
1825,73.94770361298224,0,,,,,,,,,,,29.6,75.9,UNSAMPLED,0
1826,73.9882229026332,0,,,,,,,,,,,29.6,75.9,UNSAMPLED,0
1827,74.02874219228414,0,,,,,,,,,,,29.6,75.9,UNSAMPLED,0
1828,74.06926148193509,0,,,,,,,,,,,29.6,75.9,UNSAMPLED,0
1829,74.10978077158605,0,,,,,,,,,,,29.6,75.9,UNSAMPLED,0
1830,74.15030006123699,0,,,,,,,,,,,29.6,75.9,UNSAMPLED,0
1831,74.19081935088794,0,,,,,,,,,,,29.6,75.9,UNSAMPLED,0
1832,74.2313386405389,1,29.6,75.9,29.6,75.90,29.6,75.9,29.6,75.90,green_difference/PSM7,gray_otsu/PSM7,29.6,75.9,ACCEPT_PRIMARY,0
1833,74.27185793018984,0,,,,,,,,,,,29.6,75.9,UNSAMPLED,0
1834,74.31237721984078,0,,,,,,,,,,,29.6,75.9,UNSAMPLED,0
1835,74.35289650949174,0,,,,,,,,,,,29.6,75.9,UNSAMPLED,0
1836,74.39341579914269,0,,,,,,,,,,,29.6,75.9,UNSAMPLED,0
1837,74.43393508879363,0,,,,,,,,,,,29.6,75.9,UNSAMPLED,0
1838,74.47445437844459,0,,,,,,,,,,,29.6,75.9,UNSAMPLED,0
1839,74.51497366809554,0,,,,,,,,,,,29.6,75.9,UNSAMPLED,0
1840,74.55549295774648,1,29.6,75.8,29.6,75.80,29.6,75.8,29.6,75.80,green_difference/PSM7,gray_otsu/PSM7,29.6,75.8,ACCEPT_PRIMARY,0
1841,74.59601224739743,0,,,,,,,,,,,29.6,75.8,UNSAMPLED,0
1842,74.63653153704838,0,,,,,,,,,,,29.6,75.8,UNSAMPLED,0
1843,74.67705082669933,0,,,,,,,,,,,29.6,75.8,UNSAMPLED,0
1844,74.71757011635027,0,,,,,,,,,,,29.6,75.8,UNSAMPLED,0
1845,74.75808940600123,0,,,,,,,,,,,29.6,75.8,UNSAMPLED,0
1846,74.79860869565218,0,,,,,,,,,,,29.6,75.8,UNSAMPLED,0
1847,74.83912798530312,0,,,,,,,,,,,29.6,75.8,UNSAMPLED,0
1848,74.87964727495408,1,29.6,75.8,29.6,75.80,29.6,75.8,29.6,75.80,green_difference/PSM7,gray_otsu/PSM7,29.6,75.8,ACCEPT_PRIMARY,0
1849,74.92016656460503,0,,,,,,,,,,,29.6,75.8,UNSAMPLED,0
1850,74.96068585425597,0,,,,,,,,,,,29.6,75.8,UNSAMPLED,0
1851,75.00120514390693,0,,,,,,,,,,,29.6,75.8,UNSAMPLED,0
1852,75.04172443355787,0,,,,,,,,,,,29.6,75.8,UNSAMPLED,0
1853,75.08224372320882,0,,,,,,,,,,,29.6,75.8,UNSAMPLED,0
1854,75.12276301285978,0,,,,,,,,,,,29.6,75.8,UNSAMPLED,0
1855,75.16328230251072,0,,,,,,,,,,,29.6,75.8,UNSAMPLED,0
1856,75.20380159216167,1,29.6,75.6,29.6,75.60,29.6,75.6,29.6,75.60,green_difference/PSM7,gray_otsu/PSM7,29.6,75.6,ACCEPT_PRIMARY,0
1857,75.24432088181261,0,,,,,,,,,,,29.6,75.6,UNSAMPLED,0
1858,75.28484017146357,0,,,,,,,,,,,29.6,75.6,UNSAMPLED,0
1859,75.32535946111452,0,,,,,,,,,,,29.6,75.6,UNSAMPLED,0
1860,75.36587875076546,0,,,,,,,,,,,29.6,75.6,UNSAMPLED,0
1861,75.40639804041642,0,,,,,,,,,,,29.6,75.6,UNSAMPLED,0
1862,75.44691733006736,0,,,,,,,,,,,29.6,75.6,UNSAMPLED,0
1863,75.48743661971831,0,,,,,,,,,,,29.6,75.6,UNSAMPLED,0
1864,75.52795590936927,1,29.6,75.9,29.6,75.90,29.6,75.9,29.6,75.90,green_difference/PSM7,gray_otsu/PSM7,29.6,75.9,ACCEPT_PRIMARY,0
1865,75.56847519902021,0,,,,,,,,,,,29.6,75.9,UNSAMPLED,0
1866,75.60899448867116,0,,,,,,,,,,,29.6,75.9,UNSAMPLED,0
1867,75.64951377832212,0,,,,,,,,,,,29.6,75.9,UNSAMPLED,0
1868,75.69003306797306,0,,,,,,,,,,,29.6,75.9,UNSAMPLED,0
1869,75.730552357624,0,,,,,,,,,,,29.6,75.9,UNSAMPLED,0
1870,75.77107164727495,0,,,,,,,,,,,29.6,75.9,UNSAMPLED,0
1871,75.81159093692591,0,,,,,,,,,,,29.6,75.9,UNSAMPLED,0
1872,75.85211022657685,1,29.6,76.0,29.6,76.0,29.6,76.0,29.6,76.0,green_difference/PSM7,gray_otsu/PSM7,29.6,76.0,ACCEPT_PRIMARY,0
1873,75.8926295162278,0,,,,,,,,,,,29.6,76.0,UNSAMPLED,0
1874,75.93314880587876,0,,,,,,,,,,,29.6,76.0,UNSAMPLED,0
1875,75.9736680955297,0,,,,,,,,,,,29.6,76.0,UNSAMPLED,0
1876,76.01418738518065,0,,,,,,,,,,,29.6,76.0,UNSAMPLED,0
1877,76.0547066748316,0,,,,,,,,,,,29.6,76.0,UNSAMPLED,0
1878,76.09522596448255,0,,,,,,,,,,,29.6,76.0,UNSAMPLED,0
1879,76.1357452541335,0,,,,,,,,,,,29.6,76.0,UNSAMPLED,0
1880,76.17626454378446,1,29.6,76.0,29.6,76.0,29.6,76.0,29.6,76.0,green_difference/PSM7,gray_otsu/PSM7,29.6,76.0,ACCEPT_PRIMARY,0
1881,76.2167838334354,0,,,,,,,,,,,29.6,76.0,UNSAMPLED,0
1882,76.25730312308634,0,,,,,,,,,,,29.6,76.0,UNSAMPLED,0
1883,76.2978224127373,0,,,,,,,,,,,29.6,76.0,UNSAMPLED,0
1884,76.33834170238825,0,,,,,,,,,,,29.6,76.0,UNSAMPLED,0
1885,76.3788609920392,0,,,,,,,,,,,29.6,76.0,UNSAMPLED,0
1886,76.41938028169014,0,,,,,,,,,,,29.6,76.0,UNSAMPLED,0
1887,76.4598995713411,0,,,,,,,,,,,29.6,76.0,UNSAMPLED,0
1888,76.50041886099204,1,,76.0,29-6,76.0-,29.6,76.0,296,76.0-,green_difference/PSM8,gray_otsu/PSM7,29.6,76.0,ACCEPT_RETRY,1
1889,76.54093815064299,0,,,,,,,,,,,29.6,76.0,UNSAMPLED,0
1890,76.58145744029395,0,,,,,,,,,,,29.6,76.0,UNSAMPLED,0
1891,76.62197672994489,0,,,,,,,,,,,29.6,76.0,UNSAMPLED,0
1892,76.66249601959584,0,,,,,,,,,,,29.6,76.0,UNSAMPLED,0
1893,76.7030153092468,0,,,,,,,,,,,29.6,76.0,UNSAMPLED,0
1894,76.74353459889774,0,,,,,,,,,,,29.6,76.0,UNSAMPLED,0
1895,76.78405388854868,0,,,,,,,,,,,29.6,76.0,UNSAMPLED,0
1896,76.82457317819964,1,,76.0,29-6,76.0-,29.6,76.0,296,76.0-,green_difference/PSM8,gray_otsu/PSM7,29.6,76.0,ACCEPT_RETRY,1
1897,76.86509246785059,0,,,,,,,,,,,29.6,76.0,UNSAMPLED,0
1898,76.90561175750153,0,,,,,,,,,,,29.6,76.0,UNSAMPLED,0
1899,76.94613104715249,0,,,,,,,,,,,29.6,76.0,UNSAMPLED,0
1900,76.98665033680344,0,,,,,,,,,,,29.6,76.0,UNSAMPLED,0
1901,77.02716962645438,0,,,,,,,,,,,29.6,76.0,UNSAMPLED,0
1902,77.06768891610533,0,,,,,,,,,,,29.6,76.0,UNSAMPLED,0
1903,77.10820820575628,0,,,,,,,,,,,29.6,76.0,UNSAMPLED,0
1904,77.14872749540723,1,,75.9,29-6,75.9,29.8,75.9,298,75.9,green_channel_otsu/PSM7,gray_otsu/PSM7,29.8,75.9,ACCEPT_RETRY,1
1905,77.18924678505817,0,,,,,,,,,,,29.8,75.9,UNSAMPLED,0
1906,77.22976607470913,0,,,,,,,,,,,29.8,75.9,UNSAMPLED,0
1907,77.27028536436008,0,,,,,,,,,,,29.8,75.9,UNSAMPLED,0
1908,77.31080465401102,0,,,,,,,,,,,29.8,75.9,UNSAMPLED,0
1909,77.35132394366198,0,,,,,,,,,,,29.8,75.9,UNSAMPLED,0
1910,77.39184323331293,0,,,,,,,,,,,29.8,75.9,UNSAMPLED,0
1911,77.43236252296387,0,,,,,,,,,,,29.8,75.9,UNSAMPLED,0
1912,77.47288181261483,1,,75.9,29-6,75.9,29.8,75.9,298,75.9,green_channel_otsu/PSM7,gray_otsu/PSM7,29.8,75.9,ACCEPT_RETRY,1
1913,77.51340110226577,0,,,,,,,,,,,29.8,75.9,UNSAMPLED,0
1914,77.55392039191672,0,,,,,,,,,,,29.8,75.9,UNSAMPLED,0
1915,77.59443968156766,0,,,,,,,,,,,29.8,75.9,UNSAMPLED,0
1916,77.63495897121862,0,,,,,,,,,,,29.8,75.9,UNSAMPLED,0
1917,77.67547826086957,0,,,,,,,,,,,29.8,75.9,UNSAMPLED,0
1918,77.71599755052051,0,,,,,,,,,,,29.8,75.9,UNSAMPLED,0
1919,77.75651684017147,0,,,,,,,,,,,29.8,75.9,UNSAMPLED,0
1920,77.79703612982242,1,29.5,45.8,295,45.8,,,,,,,29.8,75.9,HOLD_PREVIOUS,1
1921,77.83755541947336,0,,,,,,,,,,,29.8,75.9,UNSAMPLED,0
1922,77.87807470912432,0,,,,,,,,,,,29.8,75.9,UNSAMPLED,0
1923,77.91859399877526,0,,,,,,,,,,,29.8,75.9,UNSAMPLED,0
1924,77.95911328842621,0,,,,,,,,,,,29.8,75.9,UNSAMPLED,0
1925,77.99963257807717,0,,,,,,,,,,,29.8,75.9,UNSAMPLED,0
1926,78.04015186772811,0,,,,,,,,,,,29.8,75.9,UNSAMPLED,0
1927,78.08067115737906,0,,,,,,,,,,,29.8,75.9,UNSAMPLED,0
1928,78.12119044703002,1,29.5,75.8,295,75.80,29.5,75.8,295,75.80,green_difference/PSM7,gray_otsu/PSM7,29.5,75.8,ACCEPT_PRIMARY,0
1929,78.16170973668096,0,,,,,,,,,,,29.5,75.8,UNSAMPLED,0
1930,78.2022290263319,0,,,,,,,,,,,29.5,75.8,UNSAMPLED,0
1931,78.24274831598285,0,,,,,,,,,,,29.5,75.8,UNSAMPLED,0
1932,78.28326760563381,0,,,,,,,,,,,29.5,75.8,UNSAMPLED,0
1933,78.32378689528475,0,,,,,,,,,,,29.5,75.8,UNSAMPLED,0
1934,78.3643061849357,0,,,,,,,,,,,29.5,75.8,UNSAMPLED,0
1935,78.40482547458666,0,,,,,,,,,,,29.5,75.8,UNSAMPLED,0
1936,78.4453447642376,1,29.3,45.8,293,45.80,,,,,,,29.5,75.8,HOLD_PREVIOUS,1
1937,78.48586405388855,0,,,,,,,,,,,29.5,75.8,UNSAMPLED,0
1938,78.52638334353951,0,,,,,,,,,,,29.5,75.8,UNSAMPLED,0
1939,78.56690263319045,0,,,,,,,,,,,29.5,75.8,UNSAMPLED,0
1940,78.6074219228414,0,,,,,,,,,,,29.5,75.8,UNSAMPLED,0
1941,78.64794121249236,0,,,,,,,,,,,29.5,75.8,UNSAMPLED,0
1942,78.6884605021433,0,,,,,,,,,,,29.5,75.8,UNSAMPLED,0
1943,78.72897979179425,0,,,,,,,,,,,29.5,75.8,UNSAMPLED,0
1944,78.7694990814452,1,29.3,45.8,293,45.80,,,,,,,29.5,75.8,HOLD_PREVIOUS,1
1945,78.81001837109615,0,,,,,,,,,,,29.5,75.8,UNSAMPLED,0
1946,78.8505376607471,0,,,,,,,,,,,29.5,75.8,UNSAMPLED,0
1947,78.89105695039804,0,,,,,,,,,,,29.5,75.8,UNSAMPLED,0
1948,78.931576240049,0,,,,,,,,,,,29.5,75.8,UNSAMPLED,0
1949,78.97209552969994,0,,,,,,,,,,,29.5,75.8,UNSAMPLED,0
1950,79.01261481935089,0,,,,,,,,,,,29.5,75.8,UNSAMPLED,0
1951,79.05313410900185,0,,,,,,,,,,,29.5,75.8,UNSAMPLED,0
1952,79.09365339865279,1,29.3,45.8,293,45.80,,,,,,,29.5,75.8,HOLD_PREVIOUS,1
1953,79.13417268830374,0,,,,,,,,,,,29.5,75.8,UNSAMPLED,0
1954,79.1746919779547,0,,,,,,,,,,,29.5,75.8,UNSAMPLED,0
1955,79.21521126760564,0,,,,,,,,,,,29.5,75.8,UNSAMPLED,0
1956,79.25573055725658,0,,,,,,,,,,,29.5,75.8,UNSAMPLED,0
1957,79.29624984690754,0,,,,,,,,,,,29.5,75.8,UNSAMPLED,0
1958,79.33676913655849,0,,,,,,,,,,,29.5,75.8,UNSAMPLED,0
1959,79.37728842620943,0,,,,,,,,,,,29.5,75.8,UNSAMPLED,0
1960,79.41780771586038,1,29.3,45.8,293,45.80,,,,,,,29.5,75.8,HOLD_PREVIOUS,1
1961,79.45832700551134,0,,,,,,,,,,,29.5,75.8,UNSAMPLED,0
1962,79.49884629516228,0,,,,,,,,,,,29.5,75.8,UNSAMPLED,0
1963,79.53936558481323,0,,,,,,,,,,,29.5,75.8,UNSAMPLED,0
1964,79.57988487446418,0,,,,,,,,,,,29.5,75.8,UNSAMPLED,0
1965,79.62040416411513,0,,,,,,,,,,,29.5,75.8,UNSAMPLED,0
1966,79.66092345376607,0,,,,,,,,,,,29.5,75.8,UNSAMPLED,0
1967,79.70144274341703,0,,,,,,,,,,,29.5,75.8,UNSAMPLED,0
1968,79.74196203306798,1,29.3,75.9,29.3,75.9-,29.3,75.9,29.3,75.9-,green_difference/PSM7,gray_otsu/PSM7,29.3,75.9,ACCEPT_PRIMARY,0
1969,79.78248132271892,0,,,,,,,,,,,29.3,75.9,UNSAMPLED,0
1970,79.82300061236988,0,,,,,,,,,,,29.3,75.9,UNSAMPLED,0
1971,79.86351990202083,0,,,,,,,,,,,29.3,75.9,UNSAMPLED,0
1972,79.90403919167177,0,,,,,,,,,,,29.3,75.9,UNSAMPLED,0
1973,79.94455848132273,0,,,,,,,,,,,29.3,75.9,UNSAMPLED,0
1974,79.98507777097367,0,,,,,,,,,,,29.3,75.9,UNSAMPLED,0
1975,80.02559706062462,0,,,,,,,,,,,29.3,75.9,UNSAMPLED,0
1976,80.06611635027556,1,29.3,75.9,293,75.9-,29.3,75.9,293,75.9-,green_difference/PSM7,gray_otsu/PSM7,29.3,75.9,ACCEPT_PRIMARY,0
1977,80.10663563992652,0,,,,,,,,,,,29.3,75.9,UNSAMPLED,0
1978,80.14715492957747,0,,,,,,,,,,,29.3,75.9,UNSAMPLED,0
1979,80.18767421922841,0,,,,,,,,,,,29.3,75.9,UNSAMPLED,0
1980,80.22819350887937,0,,,,,,,,,,,29.3,75.9,UNSAMPLED,0
1981,80.26871279853032,0,,,,,,,,,,,29.3,75.9,UNSAMPLED,0
1982,80.30923208818126,0,,,,,,,,,,,29.3,75.9,UNSAMPLED,0
1983,80.34975137783222,0,,,,,,,,,,,29.3,75.9,UNSAMPLED,0
1984,80.39027066748316,1,29.3,75.9,293,75.9-,29.3,75.9,293,75.9-,green_difference/PSM7,gray_otsu/PSM7,29.3,75.9,ACCEPT_PRIMARY,0
1985,80.43078995713411,0,,,,,,,,,,,29.3,75.9,UNSAMPLED,0
1986,80.47130924678507,0,,,,,,,,,,,29.3,75.9,UNSAMPLED,0
1987,80.51182853643601,0,,,,,,,,,,,29.3,75.9,UNSAMPLED,0
1988,80.55234782608696,0,,,,,,,,,,,29.3,75.9,UNSAMPLED,0
1989,80.5928671157379,0,,,,,,,,,,,29.3,75.9,UNSAMPLED,0
1990,80.63338640538886,0,,,,,,,,,,,29.3,75.9,UNSAMPLED,0
1991,80.6739056950398,0,,,,,,,,,,,29.3,75.9,UNSAMPLED,0
1992,80.71442498469075,1,29.3,75.9,293,75.9-,29.3,75.9,293,75.9-,green_difference/PSM7,gray_otsu/PSM7,29.3,75.9,ACCEPT_PRIMARY,0
1993,80.75494427434171,0,,,,,,,,,,,29.3,75.9,UNSAMPLED,0
1994,80.79546356399266,0,,,,,,,,,,,29.3,75.9,UNSAMPLED,0
1995,80.8359828536436,0,,,,,,,,,,,29.3,75.9,UNSAMPLED,0
1996,80.87650214329456,0,,,,,,,,,,,29.3,75.9,UNSAMPLED,0
1997,80.9170214329455,0,,,,,,,,,,,29.3,75.9,UNSAMPLED,0
1998,80.95754072259645,0,,,,,,,,,,,29.3,75.9,UNSAMPLED,0
1999,80.99806001224741,0,,,,,,,,,,,29.3,75.9,UNSAMPLED,0
2000,81.03857930189835,1,29.3,75.8,293,75.8-,29.3,75.8,293,75.8-,green_difference/PSM7,gray_otsu/PSM7,29.3,75.8,ACCEPT_PRIMARY,0
2001,81.0790985915493,0,,,,,,,,,,,29.3,75.8,UNSAMPLED,0
2002,81.11961788120026,0,,,,,,,,,,,29.3,75.8,UNSAMPLED,0
2003,81.1601371708512,0,,,,,,,,,,,29.3,75.8,UNSAMPLED,0
2004,81.20065646050215,0,,,,,,,,,,,29.3,75.8,UNSAMPLED,0
2005,81.24117575015309,0,,,,,,,,,,,29.3,75.8,UNSAMPLED,0
2006,81.28169503980405,0,,,,,,,,,,,29.3,75.8,UNSAMPLED,0
2007,81.322214329455,0,,,,,,,,,,,29.3,75.8,UNSAMPLED,0
2008,81.36273361910594,1,29.3,75.8,293,75.8-,29.3,75.8,293,75.8-,green_difference/PSM7,gray_otsu/PSM7,29.3,75.8,ACCEPT_PRIMARY,0
2009,81.4032529087569,0,,,,,,,,,,,29.3,75.8,UNSAMPLED,0
2010,81.44377219840784,0,,,,,,,,,,,29.3,75.8,UNSAMPLED,0
2011,81.48429148805879,0,,,,,,,,,,,29.3,75.8,UNSAMPLED,0
2012,81.52481077770975,0,,,,,,,,,,,29.3,75.8,UNSAMPLED,0
2013,81.56533006736069,0,,,,,,,,,,,29.3,75.8,UNSAMPLED,0
2014,81.60584935701164,0,,,,,,,,,,,29.3,75.8,UNSAMPLED,0
2015,81.6463686466626,0,,,,,,,,,,,29.3,75.8,UNSAMPLED,0
2016,81.68688793631354,1,29.3,75.8,293,75.8-,29.3,75.8,293,75.8-,green_difference/PSM7,gray_otsu/PSM7,29.3,75.8,ACCEPT_PRIMARY,0
2017,81.72740722596448,0,,,,,,,,,,,29.3,75.8,UNSAMPLED,0
2018,81.76792651561544,0,,,,,,,,,,,29.3,75.8,UNSAMPLED,0
2019,81.80844580526639,0,,,,,,,,,,,29.3,75.8,UNSAMPLED,0
2020,81.84896509491733,0,,,,,,,,,,,29.3,75.8,UNSAMPLED,0
2021,81.88948438456828,0,,,,,,,,,,,29.3,75.8,UNSAMPLED,0
2022,81.93000367421924,0,,,,,,,,,,,29.3,75.8,UNSAMPLED,0
2023,81.97052296387018,0,,,,,,,,,,,29.3,75.8,UNSAMPLED,0
2024,82.01104225352113,1,29.3,75.9,29.3,75.9-,29.3,75.9,29.3,75.9-,green_difference/PSM7,gray_otsu/PSM7,29.3,75.9,ACCEPT_PRIMARY,0
2025,82.05156154317208,0,,,,,,,,,,,29.3,75.9,UNSAMPLED,0
2026,82.09208083282303,0,,,,,,,,,,,29.3,75.9,UNSAMPLED,0
2027,82.13260012247397,0,,,,,,,,,,,29.3,75.9,UNSAMPLED,0
2028,82.17311941212493,0,,,,,,,,,,,29.3,75.9,UNSAMPLED,0
2029,82.21363870177588,0,,,,,,,,,,,29.3,75.9,UNSAMPLED,0
2030,82.25415799142682,0,,,,,,,,,,,29.3,75.9,UNSAMPLED,0
2031,82.29467728107778,0,,,,,,,,,,,29.3,75.9,UNSAMPLED,0
2032,82.33519657072873,1,29.3,76.0,29.3,76.0,29.3,76.0,29.3,76.0,green_difference/PSM7,gray_otsu/PSM7,29.3,76.0,ACCEPT_PRIMARY,0
2033,82.37571586037967,0,,,,,,,,,,,29.3,76.0,UNSAMPLED,0
2034,82.41623515003062,0,,,,,,,,,,,29.3,76.0,UNSAMPLED,0
2035,82.45675443968157,0,,,,,,,,,,,29.3,76.0,UNSAMPLED,0
2036,82.49727372933252,0,,,,,,,,,,,29.3,76.0,UNSAMPLED,0
2037,82.53779301898346,0,,,,,,,,,,,29.3,76.0,UNSAMPLED,0
2038,82.57831230863442,0,,,,,,,,,,,29.3,76.0,UNSAMPLED,0
2039,82.61883159828537,0,,,,,,,,,,,29.3,76.0,UNSAMPLED,0
2040,82.65935088793631,1,29.3,76.0,29.3,76.0-,29.3,76.0,29.3,76.0-,green_difference/PSM7,gray_otsu/PSM7,29.3,76.0,ACCEPT_PRIMARY,0
2041,82.69987017758727,0,,,,,,,,,,,29.3,76.0,UNSAMPLED,0
2042,82.74038946723822,0,,,,,,,,,,,29.3,76.0,UNSAMPLED,0
2043,82.78090875688916,0,,,,,,,,,,,29.3,76.0,UNSAMPLED,0
2044,82.82142804654012,0,,,,,,,,,,,29.3,76.0,UNSAMPLED,0
2045,82.86194733619107,0,,,,,,,,,,,29.3,76.0,UNSAMPLED,0
2046,82.90246662584201,0,,,,,,,,,,,29.3,76.0,UNSAMPLED,0
2047,82.94298591549297,0,,,,,,,,,,,29.3,76.0,UNSAMPLED,0
2048,82.98350520514391,1,29.3,45.9,29.3,45.90,29.3,75.9,29.3,759,green_difference/PSM7,green_channel_otsu/PSM7,29.3,75.9,ACCEPT_RETRY,1
2049,83.02402449479486,0,,,,,,,,,,,29.3,75.9,UNSAMPLED,0
2050,83.0645437844458,0,,,,,,,,,,,29.3,75.9,UNSAMPLED,0
2051,83.10506307409676,0,,,,,,,,,,,29.3,75.9,UNSAMPLED,0
2052,83.1455823637477,0,,,,,,,,,,,29.3,75.9,UNSAMPLED,0
2053,83.18610165339865,0,,,,,,,,,,,29.3,75.9,UNSAMPLED,0
2054,83.22662094304961,0,,,,,,,,,,,29.3,75.9,UNSAMPLED,0
2055,83.26714023270056,0,,,,,,,,,,,29.3,75.9,UNSAMPLED,0
2056,83.3076595223515,1,29.8,76.0,29.8-,76.0,29.8,76.0,29.8-,76.0,green_difference/PSM7,gray_otsu/PSM7,29.8,76.0,ACCEPT_PRIMARY,0
2057,83.34817881200246,0,,,,,,,,,,,29.8,76.0,UNSAMPLED,0
2058,83.3886981016534,0,,,,,,,,,,,29.8,76.0,UNSAMPLED,0
2059,83.42921739130435,0,,,,,,,,,,,29.8,76.0,UNSAMPLED,0
2060,83.46973668095531,0,,,,,,,,,,,29.8,76.0,UNSAMPLED,0
2061,83.51025597060625,0,,,,,,,,,,,29.8,76.0,UNSAMPLED,0
2062,83.5507752602572,0,,,,,,,,,,,29.8,76.0,UNSAMPLED,0
2063,83.59129454990816,0,,,,,,,,,,,29.8,76.0,UNSAMPLED,0
2064,83.6318138395591,1,29.8,75.8,29.8-,75.8,29.8,75.8,29.8-,75.8,green_difference/PSM7,gray_otsu/PSM7,29.8,75.8,ACCEPT_PRIMARY,0
2065,83.67233312921005,0,,,,,,,,,,,29.8,75.8,UNSAMPLED,0
2066,83.71285241886099,0,,,,,,,,,,,29.8,75.8,UNSAMPLED,0
2067,83.75337170851195,0,,,,,,,,,,,29.8,75.8,UNSAMPLED,0
2068,83.7938909981629,0,,,,,,,,,,,29.8,75.8,UNSAMPLED,0
2069,83.83441028781384,0,,,,,,,,,,,29.8,75.8,UNSAMPLED,0
2070,83.8749295774648,0,,,,,,,,,,,29.8,75.8,UNSAMPLED,0
2071,83.91544886711574,0,,,,,,,,,,,29.8,75.8,UNSAMPLED,0
2072,83.95596815676669,1,29.5,75.8,29.50,75.8,29.5,75.8,29.50,75.8,green_difference/PSM7,gray_otsu/PSM7,29.5,75.8,ACCEPT_PRIMARY,0
2073,83.99648744641765,0,,,,,,,,,,,29.5,75.8,UNSAMPLED,0
2074,84.03700673606859,0,,,,,,,,,,,29.5,75.8,UNSAMPLED,0
2075,84.07752602571954,0,,,,,,,,,,,29.5,75.8,UNSAMPLED,0
2076,84.1180453153705,0,,,,,,,,,,,29.5,75.8,UNSAMPLED,0
2077,84.15856460502144,0,,,,,,,,,,,29.5,75.8,UNSAMPLED,0
2078,84.19908389467238,0,,,,,,,,,,,29.5,75.8,UNSAMPLED,0
2079,84.23960318432333,0,,,,,,,,,,,29.5,75.8,UNSAMPLED,0
2080,84.28012247397429,1,29.5,75.9,29.50,75.9-,29.5,75.9,29.50,75.9-,green_difference/PSM7,gray_otsu/PSM7,29.5,75.9,ACCEPT_PRIMARY,0
2081,84.32064176362523,0,,,,,,,,,,,29.5,75.9,UNSAMPLED,0
2082,84.36116105327618,0,,,,,,,,,,,29.5,75.9,UNSAMPLED,0
2083,84.40168034292714,0,,,,,,,,,,,29.5,75.9,UNSAMPLED,0
2084,84.44219963257808,0,,,,,,,,,,,29.5,75.9,UNSAMPLED,0
2085,84.48271892222903,0,,,,,,,,,,,29.5,75.9,UNSAMPLED,0
2086,84.52323821187998,0,,,,,,,,,,,29.5,75.9,UNSAMPLED,0
2087,84.56375750153093,0,,,,,,,,,,,29.5,75.9,UNSAMPLED,0
2088,84.60427679118187,1,29.5,75.8,29.50,75.8-,29.5,75.8,29.50,75.8-,green_difference/PSM7,gray_otsu/PSM7,29.5,75.8,ACCEPT_PRIMARY,0
2089,84.64479608083283,0,,,,,,,,,,,29.5,75.8,UNSAMPLED,0
2090,84.68531537048378,0,,,,,,,,,,,29.5,75.8,UNSAMPLED,0
2091,84.72583466013472,0,,,,,,,,,,,29.5,75.8,UNSAMPLED,0
2092,84.76635394978568,0,,,,,,,,,,,29.5,75.8,UNSAMPLED,0
2093,84.80687323943663,0,,,,,,,,,,,29.5,75.8,UNSAMPLED,0
2094,84.84739252908757,0,,,,,,,,,,,29.5,75.8,UNSAMPLED,0
2095,84.88791181873852,0,,,,,,,,,,,29.5,75.8,UNSAMPLED,0
2096,84.92843110838947,1,29.5,45.7,29.50,45.70,,,,,,,29.5,75.8,HOLD_PREVIOUS,1
2097,84.96895039804042,0,,,,,,,,,,,29.5,75.8,UNSAMPLED,0
2098,85.00946968769136,0,,,,,,,,,,,29.5,75.8,UNSAMPLED,0
2099,85.04998897734232,0,,,,,,,,,,,29.5,75.8,UNSAMPLED,0
2100,85.09050826699327,0,,,,,,,,,,,29.5,75.8,UNSAMPLED,0
2101,85.13102755664421,0,,,,,,,,,,,29.5,75.8,UNSAMPLED,0
2102,85.17154684629517,0,,,,,,,,,,,29.5,75.8,UNSAMPLED,0
2103,85.21206613594612,0,,,,,,,,,,,29.5,75.8,UNSAMPLED,0
2104,85.25258542559706,1,29.5,45.6,29.50,45.6,,,,,,,29.5,75.8,HOLD_PREVIOUS,1
2105,85.29310471524802,0,,,,,,,,,,,29.5,75.8,UNSAMPLED,0
2106,85.33362400489897,0,,,,,,,,,,,29.5,75.8,UNSAMPLED,0
2107,85.37414329454991,0,,,,,,,,,,,29.5,75.8,UNSAMPLED,0
2108,85.41466258420085,0,,,,,,,,,,,29.5,75.8,UNSAMPLED,0
2109,85.45518187385181,0,,,,,,,,,,,29.5,75.8,UNSAMPLED,0
2110,85.49570116350276,0,,,,,,,,,,,29.5,75.8,UNSAMPLED,0
2111,85.5362204531537,0,,,,,,,,,,,29.5,75.8,UNSAMPLED,0
2112,85.57673974280466,1,29.6,75.6,29.6,75.6-,29.6,75.6,29.6,75.6-,green_difference/PSM7,gray_otsu/PSM7,29.6,75.6,ACCEPT_PRIMARY,0
2113,85.6172590324556,0,,,,,,,,,,,29.6,75.6,UNSAMPLED,0
2114,85.65777832210655,0,,,,,,,,,,,29.6,75.6,UNSAMPLED,0
2115,85.69829761175751,0,,,,,,,,,,,29.6,75.6,UNSAMPLED,0
2116,85.73881690140846,0,,,,,,,,,,,29.6,75.6,UNSAMPLED,0
2117,85.7793361910594,0,,,,,,,,,,,29.6,75.6,UNSAMPLED,0
2118,85.81985548071036,0,,,,,,,,,,,29.6,75.6,UNSAMPLED,0
2119,85.8603747703613,0,,,,,,,,,,,29.6,75.6,UNSAMPLED,0
2120,85.90089406001225,1,29.6,75.5,29.6,75.5,29.6,75.5,29.6,75.5,green_difference/PSM7,gray_otsu/PSM7,29.6,75.5,ACCEPT_PRIMARY,0
2121,85.94141334966321,0,,,,,,,,,,,29.6,75.5,UNSAMPLED,0
2122,85.98193263931415,0,,,,,,,,,,,29.6,75.5,UNSAMPLED,0
2123,86.0224519289651,0,,,,,,,,,,,29.6,75.5,UNSAMPLED,0
2124,86.06297121861604,0,,,,,,,,,,,29.6,75.5,UNSAMPLED,0
2125,86.103490508267,0,,,,,,,,,,,29.6,75.5,UNSAMPLED,0
2126,86.14400979791795,0,,,,,,,,,,,29.6,75.5,UNSAMPLED,0
2127,86.18452908756889,0,,,,,,,,,,,29.6,75.5,UNSAMPLED,0
2128,86.22504837721985,1,29.6,75.5,29.6,75.5,29.6,75.5,29.6,75.5,green_difference/PSM7,gray_otsu/PSM7,29.6,75.5,ACCEPT_PRIMARY,0
2129,86.2655676668708,0,,,,,,,,,,,29.6,75.5,UNSAMPLED,0
2130,86.30608695652174,0,,,,,,,,,,,29.6,75.5,UNSAMPLED,0
2131,86.3466062461727,0,,,,,,,,,,,29.6,75.5,UNSAMPLED,0
2132,86.38712553582364,0,,,,,,,,,,,29.6,75.5,UNSAMPLED,0
2133,86.42764482547459,0,,,,,,,,,,,29.6,75.5,UNSAMPLED,0
2134,86.46816411512555,0,,,,,,,,,,,29.6,75.5,UNSAMPLED,0
2135,86.50868340477649,0,,,,,,,,,,,29.6,75.5,UNSAMPLED,0
2136,86.54920269442744,1,29.6,75.5,29.6,75.5,29.6,75.5,29.6,75.5,green_difference/PSM7,gray_otsu/PSM7,29.6,75.5,ACCEPT_PRIMARY,0
2137,86.5897219840784,0,,,,,,,,,,,29.6,75.5,UNSAMPLED,0
2138,86.63024127372934,0,,,,,,,,,,,29.6,75.5,UNSAMPLED,0
2139,86.67076056338028,0,,,,,,,,,,,29.6,75.5,UNSAMPLED,0
2140,86.71127985303123,0,,,,,,,,,,,29.6,75.5,UNSAMPLED,0
2141,86.75179914268219,0,,,,,,,,,,,29.6,75.5,UNSAMPLED,0
2142,86.79231843233313,0,,,,,,,,,,,29.6,75.5,UNSAMPLED,0
2143,86.83283772198408,0,,,,,,,,,,,29.6,75.5,UNSAMPLED,0
2144,86.87335701163504,1,29.6,75.5,29.6,75.5,29.6,75.5,29.6,75.5,green_difference/PSM7,gray_otsu/PSM7,29.6,75.5,ACCEPT_PRIMARY,0
2145,86.91387630128598,0,,,,,,,,,,,29.6,75.5,UNSAMPLED,0
2146,86.95439559093693,0,,,,,,,,,,,29.6,75.5,UNSAMPLED,0
2147,86.99491488058788,0,,,,,,,,,,,29.6,75.5,UNSAMPLED,0
2148,87.03543417023883,0,,,,,,,,,,,29.6,75.5,UNSAMPLED,0
2149,87.07595345988977,0,,,,,,,,,,,29.6,75.5,UNSAMPLED,0
2150,87.11647274954073,0,,,,,,,,,,,29.6,75.5,UNSAMPLED,0
2151,87.15699203919168,0,,,,,,,,,,,29.6,75.5,UNSAMPLED,0
2152,87.19751132884262,1,29.6,75.6,29.6,75.6,29.6,75.6,29.6,75.6,green_difference/PSM7,gray_otsu/PSM7,29.6,75.6,ACCEPT_PRIMARY,0
2153,87.23803061849357,0,,,,,,,,,,,29.6,75.6,UNSAMPLED,0
2154,87.27854990814453,0,,,,,,,,,,,29.6,75.6,UNSAMPLED,0
2155,87.31906919779547,0,,,,,,,,,,,29.6,75.6,UNSAMPLED,0
2156,87.35958848744642,0,,,,,,,,,,,29.6,75.6,UNSAMPLED,0
2157,87.40010777709738,0,,,,,,,,,,,29.6,75.6,UNSAMPLED,0
2158,87.44062706674832,0,,,,,,,,,,,29.6,75.6,UNSAMPLED,0
2159,87.48114635639926,0,,,,,,,,,,,29.6,75.6,UNSAMPLED,0
2160,87.52166564605022,1,29.6,75.6,29.6,75.60,29.6,75.6,29.6,75.60,green_difference/PSM7,gray_otsu/PSM7,29.6,75.6,ACCEPT_PRIMARY,0
2161,87.56218493570117,0,,,,,,,,,,,29.6,75.6,UNSAMPLED,0
2162,87.60270422535211,0,,,,,,,,,,,29.6,75.6,UNSAMPLED,0
2163,87.64322351500307,0,,,,,,,,,,,29.6,75.6,UNSAMPLED,0
2164,87.68374280465402,0,,,,,,,,,,,29.6,75.6,UNSAMPLED,0
2165,87.72426209430496,0,,,,,,,,,,,29.6,75.6,UNSAMPLED,0
2166,87.76478138395592,0,,,,,,,,,,,29.6,75.6,UNSAMPLED,0
2167,87.80530067360687,0,,,,,,,,,,,29.6,75.6,UNSAMPLED,0
2168,87.84581996325781,1,29.6,75.9,296,75.9,29.6,75.9,296,75.9,green_difference/PSM7,gray_otsu/PSM7,29.6,75.9,ACCEPT_PRIMARY,0
2169,87.88633925290875,0,,,,,,,,,,,29.6,75.9,UNSAMPLED,0
2170,87.92685854255971,0,,,,,,,,,,,29.6,75.9,UNSAMPLED,0
2171,87.96737783221066,0,,,,,,,,,,,29.6,75.9,UNSAMPLED,0
2172,88.0078971218616,0,,,,,,,,,,,29.6,75.9,UNSAMPLED,0
2173,88.04841641151256,0,,,,,,,,,,,29.6,75.9,UNSAMPLED,0
2174,88.0889357011635,0,,,,,,,,,,,29.6,75.9,UNSAMPLED,0
2175,88.12945499081445,0,,,,,,,,,,,29.6,75.9,UNSAMPLED,0
2176,88.16997428046541,1,29.6,75.9,29.60,75.9-,29.6,75.9,29.60,75.9-,green_difference/PSM7,gray_otsu/PSM7,29.6,75.9,ACCEPT_PRIMARY,0
2177,88.21049357011636,0,,,,,,,,,,,29.6,75.9,UNSAMPLED,0
2178,88.2510128597673,0,,,,,,,,,,,29.6,75.9,UNSAMPLED,0
2179,88.29153214941826,0,,,,,,,,,,,29.6,75.9,UNSAMPLED,0
2180,88.3320514390692,0,,,,,,,,,,,29.6,75.9,UNSAMPLED,0
2181,88.37257072872015,0,,,,,,,,,,,29.6,75.9,UNSAMPLED,0
2182,88.41309001837111,0,,,,,,,,,,,29.6,75.9,UNSAMPLED,0
2183,88.45360930802205,0,,,,,,,,,,,29.6,75.9,UNSAMPLED,0
2184,88.494128597673,1,29.4,45.7,29.40,45.7-,,,,,,,29.6,75.9,HOLD_PREVIOUS,1
2185,88.53464788732394,0,,,,,,,,,,,29.6,75.9,UNSAMPLED,0
2186,88.5751671769749,0,,,,,,,,,,,29.6,75.9,UNSAMPLED,0
2187,88.61568646662585,0,,,,,,,,,,,29.6,75.9,UNSAMPLED,0
2188,88.65620575627679,0,,,,,,,,,,,29.6,75.9,UNSAMPLED,0
2189,88.69672504592775,0,,,,,,,,,,,29.6,75.9,UNSAMPLED,0
2190,88.7372443355787,0,,,,,,,,,,,29.6,75.9,UNSAMPLED,0
2191,88.77776362522964,0,,,,,,,,,,,29.6,75.9,UNSAMPLED,0
2192,88.8182829148806,1,29.4,45.7,29.4,45.7-,,,,,,,29.6,75.9,HOLD_PREVIOUS,1
2193,88.85880220453154,0,,,,,,,,,,,29.6,75.9,UNSAMPLED,0
2194,88.89932149418249,0,,,,,,,,,,,29.6,75.9,UNSAMPLED,0
2195,88.93984078383345,0,,,,,,,,,,,29.6,75.9,UNSAMPLED,0
2196,88.98036007348439,0,,,,,,,,,,,29.6,75.9,UNSAMPLED,0
2197,89.02087936313534,0,,,,,,,,,,,29.6,75.9,UNSAMPLED,0
2198,89.06139865278628,0,,,,,,,,,,,29.6,75.9,UNSAMPLED,0
2199,89.10191794243724,0,,,,,,,,,,,29.6,75.9,UNSAMPLED,0
2200,89.14243723208818,1,29.3,45.8,29.30,45.80,,,,,,,29.6,75.9,HOLD_PREVIOUS,1
2201,89.18295652173913,0,,,,,,,,,,,29.6,75.9,UNSAMPLED,0
2202,89.22347581139009,0,,,,,,,,,,,29.6,75.9,UNSAMPLED,0
2203,89.26399510104103,0,,,,,,,,,,,29.6,75.9,UNSAMPLED,0
2204,89.30451439069198,0,,,,,,,,,,,29.6,75.9,UNSAMPLED,0
2205,89.34503368034294,0,,,,,,,,,,,29.6,75.9,UNSAMPLED,0
2206,89.38555296999388,0,,,,,,,,,,,29.6,75.9,UNSAMPLED,0
2207,89.42607225964483,0,,,,,,,,,,,29.6,75.9,UNSAMPLED,0
2208,89.46659154929579,1,29.3,75.8,29.30,75.8-,29.3,75.8,29.30,75.8-,green_difference/PSM7,gray_otsu/PSM7,29.3,75.8,ACCEPT_PRIMARY,0
2209,89.50711083894673,0,,,,,,,,,,,29.3,75.8,UNSAMPLED,0
2210,89.54763012859767,0,,,,,,,,,,,29.3,75.8,UNSAMPLED,0
2211,89.58814941824863,0,,,,,,,,,,,29.3,75.8,UNSAMPLED,0
2212,89.62866870789958,0,,,,,,,,,,,29.3,75.8,UNSAMPLED,0
2213,89.66918799755052,0,,,,,,,,,,,29.3,75.8,UNSAMPLED,0
2214,89.70970728720147,0,,,,,,,,,,,29.3,75.8,UNSAMPLED,0
2215,89.75022657685243,0,,,,,,,,,,,29.3,75.8,UNSAMPLED,0
2216,89.79074586650337,1,29.3,75.8,29.30,75.8-,29.3,75.8,29.30,75.8-,green_difference/PSM7,gray_otsu/PSM7,29.3,75.8,ACCEPT_PRIMARY,0
2217,89.83126515615432,0,,,,,,,,,,,29.3,75.8,UNSAMPLED,0
2218,89.87178444580528,0,,,,,,,,,,,29.3,75.8,UNSAMPLED,0
2219,89.91230373545622,0,,,,,,,,,,,29.3,75.8,UNSAMPLED,0
2220,89.95282302510716,0,,,,,,,,,,,29.3,75.8,UNSAMPLED,0
2221,89.99334231475812,0,,,,,,,,,,,29.3,75.8,UNSAMPLED,0
2222,90.03386160440907,0,,,,,,,,,,,29.3,75.8,UNSAMPLED,0
2223,90.07438089406001,0,,,,,,,,,,,29.3,75.8,UNSAMPLED,0
2224,90.11490018371097,1,29.3,75.8,29.3,75.8,29.3,75.8,29.3,75.8,green_difference/PSM7,gray_otsu/PSM7,29.3,75.8,ACCEPT_PRIMARY,0
2225,90.15541947336192,0,,,,,,,,,,,29.3,75.8,UNSAMPLED,0
2226,90.19593876301286,0,,,,,,,,,,,29.3,75.8,UNSAMPLED,0
2227,90.23645805266382,0,,,,,,,,,,,29.3,75.8,UNSAMPLED,0
2228,90.27697734231477,0,,,,,,,,,,,29.3,75.8,UNSAMPLED,0
2229,90.31749663196571,0,,,,,,,,,,,29.3,75.8,UNSAMPLED,0
2230,90.35801592161665,0,,,,,,,,,,,29.3,75.8,UNSAMPLED,0
2231,90.39853521126761,0,,,,,,,,,,,29.3,75.8,UNSAMPLED,0
2232,90.43905450091856,1,29.3,45.4,29.3,45.4-,,,,,,,29.3,75.8,HOLD_PREVIOUS,1
2233,90.4795737905695,0,,,,,,,,,,,29.3,75.8,UNSAMPLED,0
2234,90.52009308022046,0,,,,,,,,,,,29.3,75.8,UNSAMPLED,0
2235,90.56061236987141,0,,,,,,,,,,,29.3,75.8,UNSAMPLED,0
2236,90.60113165952235,0,,,,,,,,,,,29.3,75.8,UNSAMPLED,0
2237,90.64165094917331,0,,,,,,,,,,,29.3,75.8,UNSAMPLED,0
2238,90.68217023882426,0,,,,,,,,,,,29.3,75.8,UNSAMPLED,0
2239,90.7226895284752,0,,,,,,,,,,,29.3,75.8,UNSAMPLED,0
2240,90.76320881812616,1,29.3,45.4,29.3,45.4-,,,,,,,29.3,75.8,HOLD_PREVIOUS,1
2241,90.8037281077771,0,,,,,,,,,,,29.3,75.8,UNSAMPLED,0
2242,90.84424739742805,0,,,,,,,,,,,29.3,75.8,UNSAMPLED,0
2243,90.884766687079,0,,,,,,,,,,,29.3,75.8,UNSAMPLED,0
2244,90.92528597672995,0,,,,,,,,,,,29.3,75.8,UNSAMPLED,0
2245,90.9658052663809,0,,,,,,,,,,,29.3,75.8,UNSAMPLED,0
2246,91.00632455603184,0,,,,,,,,,,,29.3,75.8,UNSAMPLED,0
2247,91.0468438456828,0,,,,,,,,,,,29.3,75.8,UNSAMPLED,0
2248,91.08736313533375,1,29.3,45.4,29.3,45.4-,,,,,,,29.3,75.8,HOLD_PREVIOUS,1
2249,91.12788242498469,0,,,,,,,,,,,29.3,75.8,UNSAMPLED,0
2250,91.16840171463565,0,,,,,,,,,,,29.3,75.8,UNSAMPLED,0
2251,91.2089210042866,0,,,,,,,,,,,29.3,75.8,UNSAMPLED,0
2252,91.24944029393754,0,,,,,,,,,,,29.3,75.8,UNSAMPLED,0
2253,91.2899595835885,0,,,,,,,,,,,29.3,75.8,UNSAMPLED,0
2254,91.33047887323944,0,,,,,,,,,,,29.3,75.8,UNSAMPLED,0
2255,91.37099816289039,0,,,,,,,,,,,29.3,75.8,UNSAMPLED,0
2256,91.41151745254135,1,29.3,45.4,29.3,45.4-,,,,,,,29.3,75.8,HOLD_PREVIOUS,1
2257,91.45203674219229,0,,,,,,,,,,,29.3,75.8,UNSAMPLED,0
2258,91.49255603184324,0,,,,,,,,,,,29.3,75.8,UNSAMPLED,0
2259,91.53307532149418,0,,,,,,,,,,,29.3,75.8,UNSAMPLED,0
2260,91.57359461114514,0,,,,,,,,,,,29.3,75.8,UNSAMPLED,0
2261,91.61411390079608,0,,,,,,,,,,,29.3,75.8,UNSAMPLED,0
2262,91.65463319044703,0,,,,,,,,,,,29.3,75.8,UNSAMPLED,0
2263,91.69515248009799,0,,,,,,,,,,,29.3,75.8,UNSAMPLED,0
2264,91.73567176974893,1,29.3,45.4,29.3,45.4-,,,,,,,29.3,75.8,HOLD_PREVIOUS,1
2265,91.77619105939988,0,,,,,,,,,,,29.3,75.8,UNSAMPLED,0
2266,91.81671034905084,0,,,,,,,,,,,29.3,75.8,UNSAMPLED,0
2267,91.85722963870178,0,,,,,,,,,,,29.3,75.8,UNSAMPLED,0
2268,91.89774892835273,0,,,,,,,,,,,29.3,75.8,UNSAMPLED,0
2269,91.93826821800369,0,,,,,,,,,,,29.3,75.8,UNSAMPLED,0
2270,91.97878750765463,0,,,,,,,,,,,29.3,75.8,UNSAMPLED,0
2271,92.01930679730557,0,,,,,,,,,,,29.3,75.8,UNSAMPLED,0
2272,92.05982608695652,1,2.3,5.7,2.3,5.7-,,,,,,,29.3,75.8,HOLD_PREVIOUS,1
2273,92.10034537660748,0,,,,,,,,,,,29.3,75.8,UNSAMPLED,0
2274,92.14086466625842,0,,,,,,,,,,,29.3,75.8,UNSAMPLED,0
2275,92.18138395590937,0,,,,,,,,,,,29.3,75.8,UNSAMPLED,0
2276,92.22190324556033,0,,,,,,,,,,,29.3,75.8,UNSAMPLED,0
2277,92.26242253521127,0,,,,,,,,,,,29.3,75.8,UNSAMPLED,0
2278,92.30294182486222,0,,,,,,,,,,,29.3,75.8,UNSAMPLED,0
2279,92.34346111451318,0,,,,,,,,,,,29.3,75.8,UNSAMPLED,0
2280,92.38398040416412,1,29.3,5.7,293,5.7-,,,,,,,29.3,75.8,HOLD_PREVIOUS,1
2281,92.42449969381506,0,,,,,,,,,,,29.3,75.8,UNSAMPLED,0
2282,92.46501898346602,0,,,,,,,,,,,29.3,75.8,UNSAMPLED,0
2283,92.50553827311697,0,,,,,,,,,,,29.3,75.8,UNSAMPLED,0
2284,92.54605756276791,0,,,,,,,,,,,29.3,75.8,UNSAMPLED,0
2285,92.58657685241887,0,,,,,,,,,,,29.3,75.8,UNSAMPLED,0
2286,92.62709614206982,0,,,,,,,,,,,29.3,75.8,UNSAMPLED,0
2287,92.66761543172076,0,,,,,,,,,,,29.3,75.8,UNSAMPLED,0
2288,92.7081347213717,1,29.4,5.7,294,5.7-,,,,,,,29.3,75.8,HOLD_PREVIOUS,1
2289,92.74865401102267,0,,,,,,,,,,,29.3,75.8,UNSAMPLED,0
2290,92.78917330067361,0,,,,,,,,,,,29.3,75.8,UNSAMPLED,0
2291,92.82969259032456,0,,,,,,,,,,,29.3,75.8,UNSAMPLED,0
2292,92.87021187997551,0,,,,,,,,,,,29.3,75.8,UNSAMPLED,0
2293,92.91073116962646,0,,,,,,,,,,,29.3,75.8,UNSAMPLED,0
2294,92.9512504592774,0,,,,,,,,,,,29.3,75.8,UNSAMPLED,0
2295,92.99176974892836,0,,,,,,,,,,,29.3,75.8,UNSAMPLED,0
2296,93.03228903857931,1,29.4,5.7,294,5.7-,,,,,,,29.3,75.8,HOLD_PREVIOUS,1
2297,93.07280832823025,0,,,,,,,,,,,29.3,75.8,UNSAMPLED,0
2298,93.11332761788121,0,,,,,,,,,,,29.3,75.8,UNSAMPLED,0
2299,93.15384690753216,0,,,,,,,,,,,29.3,75.8,UNSAMPLED,0
2300,93.1943661971831,0,,,,,,,,,,,29.3,75.8,UNSAMPLED,0
2301,93.23488548683406,0,,,,,,,,,,,29.3,75.8,UNSAMPLED,0
2302,93.275404776485,0,,,,,,,,,,,29.3,75.8,UNSAMPLED,0
2303,93.31592406613595,0,,,,,,,,,,,29.3,75.8,UNSAMPLED,0
2304,93.3564433557869,1,29.4,5.7,294,5.7-,,,,,,,29.3,75.8,HOLD_PREVIOUS,1
2305,93.39696264543785,0,,,,,,,,,,,29.3,75.8,UNSAMPLED,0
2306,93.4374819350888,0,,,,,,,,,,,29.3,75.8,UNSAMPLED,0
2307,93.47800122473974,0,,,,,,,,,,,29.3,75.8,UNSAMPLED,0
2308,93.5185205143907,0,,,,,,,,,,,29.3,75.8,UNSAMPLED,0
2309,93.55903980404165,0,,,,,,,,,,,29.3,75.8,UNSAMPLED,0
2310,93.59955909369259,0,,,,,,,,,,,29.3,75.8,UNSAMPLED,0
2311,93.64007838334355,0,,,,,,,,,,,29.3,75.8,UNSAMPLED,0
2312,93.6805976729945,1,29.4,5.7,294.,5.7-,,,,,,,29.3,75.8,HOLD_PREVIOUS,1
2313,93.72111696264544,0,,,,,,,,,,,29.3,75.8,UNSAMPLED,0
2314,93.7616362522964,0,,,,,,,,,,,29.3,75.8,UNSAMPLED,0
2315,93.80215554194734,0,,,,,,,,,,,29.3,75.8,UNSAMPLED,0
2316,93.84267483159829,0,,,,,,,,,,,29.3,75.8,UNSAMPLED,0
2317,93.88319412124923,0,,,,,,,,,,,29.3,75.8,UNSAMPLED,0
2318,93.92371341090019,0,,,,,,,,,,,29.3,75.8,UNSAMPLED,0
2319,93.96423270055114,0,,,,,,,,,,,29.3,75.8,UNSAMPLED,0
2320,94.00475199020208,1,29.4,75.6,294,75.6-,29.4,75.6,294,75.6-,green_difference/PSM7,gray_otsu/PSM7,29.4,75.6,ACCEPT_PRIMARY,0
2321,94.04527127985304,0,,,,,,,,,,,29.4,75.6,UNSAMPLED,0
2322,94.08579056950398,0,,,,,,,,,,,29.4,75.6,UNSAMPLED,0
2323,94.12630985915493,0,,,,,,,,,,,29.4,75.6,UNSAMPLED,0
2324,94.16682914880589,0,,,,,,,,,,,29.4,75.6,UNSAMPLED,0
2325,94.20734843845683,0,,,,,,,,,,,29.4,75.6,UNSAMPLED,0
2326,94.24786772810778,0,,,,,,,,,,,29.4,75.6,UNSAMPLED,0
2327,94.28838701775874,0,,,,,,,,,,,29.4,75.6,UNSAMPLED,0
2328,94.32890630740968,1,29.4,75.5,29.4,75.5,29.4,75.5,29.4,75.5,green_difference/PSM7,gray_otsu/PSM7,29.4,75.5,ACCEPT_PRIMARY,0
2329,94.36942559706063,0,,,,,,,,,,,29.4,75.5,UNSAMPLED,0
2330,94.40994488671159,0,,,,,,,,,,,29.4,75.5,UNSAMPLED,0
2331,94.45046417636253,0,,,,,,,,,,,29.4,75.5,UNSAMPLED,0
2332,94.49098346601347,0,,,,,,,,,,,29.4,75.5,UNSAMPLED,0
2333,94.53150275566442,0,,,,,,,,,,,29.4,75.5,UNSAMPLED,0
2334,94.57202204531538,0,,,,,,,,,,,29.4,75.5,UNSAMPLED,0
2335,94.61254133496632,0,,,,,,,,,,,29.4,75.5,UNSAMPLED,0
2336,94.65306062461727,1,29.4,75.5,29.4,75.5,29.4,75.5,29.4,75.5,green_difference/PSM7,gray_otsu/PSM7,29.4,75.5,ACCEPT_PRIMARY,0
2337,94.69357991426823,0,,,,,,,,,,,29.4,75.5,UNSAMPLED,0
2338,94.73409920391917,0,,,,,,,,,,,29.4,75.5,UNSAMPLED,0
2339,94.77461849357012,0,,,,,,,,,,,29.4,75.5,UNSAMPLED,0
2340,94.81513778322108,0,,,,,,,,,,,29.4,75.5,UNSAMPLED,0
2341,94.85565707287202,0,,,,,,,,,,,29.4,75.5,UNSAMPLED,0
2342,94.89617636252297,0,,,,,,,,,,,29.4,75.5,UNSAMPLED,0
2343,94.93669565217392,0,,,,,,,,,,,29.4,75.5,UNSAMPLED,0
2344,94.97721494182487,1,29.4,794.0,29.4,7940,,,,,,,29.4,75.5,HOLD_PREVIOUS,1
2345,95.01773423147581,0,,,,,,,,,,,29.4,75.5,UNSAMPLED,0
2346,95.05825352112677,0,,,,,,,,,,,29.4,75.5,UNSAMPLED,0
2347,95.09877281077772,0,,,,,,,,,,,29.4,75.5,UNSAMPLED,0
2348,95.13929210042866,0,,,,,,,,,,,29.4,75.5,UNSAMPLED,0
2349,95.1798113900796,0,,,,,,,,,,,29.4,75.5,UNSAMPLED,0
2350,95.22033067973057,0,,,,,,,,,,,29.4,75.5,UNSAMPLED,0
2351,95.26084996938151,0,,,,,,,,,,,29.4,75.5,UNSAMPLED,0
2352,95.30136925903246,1,29.4,75.3,29.4,75.3,29.4,75.3,29.4,75.3,green_difference/PSM7,gray_otsu/PSM7,29.4,75.3,ACCEPT_PRIMARY,0
2353,95.34188854868341,0,,,,,,,,,,,29.4,75.3,UNSAMPLED,0
2354,95.38240783833436,0,,,,,,,,,,,29.4,75.3,UNSAMPLED,0
2355,95.4229271279853,0,,,,,,,,,,,29.4,75.3,UNSAMPLED,0
2356,95.46344641763626,0,,,,,,,,,,,29.4,75.3,UNSAMPLED,0
2357,95.50396570728721,0,,,,,,,,,,,29.4,75.3,UNSAMPLED,0
2358,95.54448499693815,0,,,,,,,,,,,29.4,75.3,UNSAMPLED,0
2359,95.58500428658911,0,,,,,,,,,,,29.4,75.3,UNSAMPLED,0
2360,95.62552357624006,1,29.4,75.3,29.4,75.3,29.4,75.3,29.4,75.3,green_difference/PSM7,gray_otsu/PSM7,29.4,75.3,ACCEPT_PRIMARY,0
2361,95.666042865891,0,,,,,,,,,,,29.4,75.3,UNSAMPLED,0
2362,95.70656215554195,0,,,,,,,,,,,29.4,75.3,UNSAMPLED,0
2363,95.7470814451929,0,,,,,,,,,,,29.4,75.3,UNSAMPLED,0
2364,95.78760073484385,0,,,,,,,,,,,29.4,75.3,UNSAMPLED,0
2365,95.8281200244948,0,,,,,,,,,,,29.4,75.3,UNSAMPLED,0
2366,95.86863931414575,0,,,,,,,,,,,29.4,75.3,UNSAMPLED,0
2367,95.9091586037967,0,,,,,,,,,,,29.4,75.3,UNSAMPLED,0
2368,95.94967789344764,1,29.3,754.0,293,7540,,,,,,,29.4,75.3,HOLD_PREVIOUS,1
2369,95.9901971830986,0,,,,,,,,,,,29.4,75.3,UNSAMPLED,0
2370,96.03071647274955,0,,,,,,,,,,,29.4,75.3,UNSAMPLED,0
2371,96.07123576240049,0,,,,,,,,,,,29.4,75.3,UNSAMPLED,0
2372,96.11175505205145,0,,,,,,,,,,,29.4,75.3,UNSAMPLED,0
2373,96.1522743417024,0,,,,,,,,,,,29.4,75.3,UNSAMPLED,0
2374,96.19279363135334,0,,,,,,,,,,,29.4,75.3,UNSAMPLED,0
2375,96.2333129210043,0,,,,,,,,,,,29.4,75.3,UNSAMPLED,0
2376,96.27383221065524,1,29.3,75.4,29.30,75.40,29.3,75.4,29.30,75.40,green_difference/PSM7,gray_otsu/PSM7,29.3,75.4,ACCEPT_PRIMARY,0
2377,96.31435150030619,0,,,,,,,,,,,29.3,75.4,UNSAMPLED,0
2378,96.35487078995713,0,,,,,,,,,,,29.3,75.4,UNSAMPLED,0
2379,96.39539007960809,0,,,,,,,,,,,29.3,75.4,UNSAMPLED,0
2380,96.43590936925904,0,,,,,,,,,,,29.3,75.4,UNSAMPLED,0
2381,96.47642865890998,0,,,,,,,,,,,29.3,75.4,UNSAMPLED,0
2382,96.51694794856094,0,,,,,,,,,,,29.3,75.4,UNSAMPLED,0
2383,96.55746723821188,0,,,,,,,,,,,29.3,75.4,UNSAMPLED,0
2384,96.59798652786283,1,29.3,75.4,29.30,75.40,29.3,75.4,29.30,75.40,green_difference/PSM7,gray_otsu/PSM7,29.3,75.4,ACCEPT_PRIMARY,0
2385,96.63850581751379,0,,,,,,,,,,,29.3,75.4,UNSAMPLED,0
2386,96.67902510716473,0,,,,,,,,,,,29.3,75.4,UNSAMPLED,0
2387,96.71954439681568,0,,,,,,,,,,,29.3,75.4,UNSAMPLED,0
2388,96.76006368646664,0,,,,,,,,,,,29.3,75.4,UNSAMPLED,0
2389,96.80058297611758,0,,,,,,,,,,,29.3,75.4,UNSAMPLED,0
2390,96.84110226576853,0,,,,,,,,,,,29.3,75.4,UNSAMPLED,0
2391,96.88162155541949,0,,,,,,,,,,,29.3,75.4,UNSAMPLED,0
2392,96.92214084507043,1,,75.4,29,75.40,29.4,75.4,294,75.40,hsv_green/PSM7,gray_otsu/PSM7,29.4,75.4,ACCEPT_RETRY,1
2393,96.96266013472138,0,,,,,,,,,,,29.4,75.4,UNSAMPLED,0
2394,97.00317942437232,0,,,,,,,,,,,29.4,75.4,UNSAMPLED,0
2395,97.04369871402328,0,,,,,,,,,,,29.4,75.4,UNSAMPLED,0
2396,97.08421800367422,0,,,,,,,,,,,29.4,75.4,UNSAMPLED,0
2397,97.12473729332517,0,,,,,,,,,,,29.4,75.4,UNSAMPLED,0
2398,97.16525658297613,0,,,,,,,,,,,29.4,75.4,UNSAMPLED,0
2399,97.20577587262707,0,,,,,,,,,,,29.4,75.4,UNSAMPLED,0
2400,97.24629516227802,1,29.4,45.2,294,45.20,,,,,,,29.4,75.4,HOLD_PREVIOUS,1
2401,97.28681445192898,0,,,,,,,,,,,29.4,75.4,UNSAMPLED,0
2402,97.32733374157992,0,,,,,,,,,,,29.4,75.4,UNSAMPLED,0
2403,97.36785303123087,0,,,,,,,,,,,29.4,75.4,UNSAMPLED,0
2404,97.40837232088182,0,,,,,,,,,,,29.4,75.4,UNSAMPLED,0
2405,97.44889161053277,0,,,,,,,,,,,29.4,75.4,UNSAMPLED,0
2406,97.48941090018371,0,,,,,,,,,,,29.4,75.4,UNSAMPLED,0
2407,97.52993018983466,0,,,,,,,,,,,29.4,75.4,UNSAMPLED,0
2408,97.57044947948562,1,29.4,450.0,294,4500,,,,,,,29.4,75.4,HOLD_PREVIOUS,1
2409,97.61096876913656,0,,,,,,,,,,,29.4,75.4,UNSAMPLED,0
2410,97.6514880587875,0,,,,,,,,,,,29.4,75.4,UNSAMPLED,0
2411,97.69200734843847,0,,,,,,,,,,,29.4,75.4,UNSAMPLED,0
2412,97.73252663808941,0,,,,,,,,,,,29.4,75.4,UNSAMPLED,0
2413,97.77304592774036,0,,,,,,,,,,,29.4,75.4,UNSAMPLED,0
2414,97.81356521739131,0,,,,,,,,,,,29.4,75.4,UNSAMPLED,0
2415,97.85408450704226,0,,,,,,,,,,,29.4,75.4,UNSAMPLED,0
2416,97.8946037966932,1,29.4,450.0,294,4500,,,,,,,29.4,75.4,HOLD_PREVIOUS,1
2417,97.93512308634416,0,,,,,,,,,,,29.4,75.4,UNSAMPLED,0
2418,97.97564237599511,0,,,,,,,,,,,29.4,75.4,UNSAMPLED,0
2419,98.01616166564605,0,,,,,,,,,,,29.4,75.4,UNSAMPLED,0
2420,98.05668095529701,0,,,,,,,,,,,29.4,75.4,UNSAMPLED,0
2421,98.09720024494796,0,,,,,,,,,,,29.4,75.4,UNSAMPLED,0
2422,98.1377195345989,0,,,,,,,,,,,29.4,75.4,UNSAMPLED,0
2423,98.17823882424985,0,,,,,,,,,,,29.4,75.4,UNSAMPLED,0
2424,98.2187581139008,1,29.4,75.0,29.4,75.0,29.4,75.0,29.4,75.0,green_difference/PSM7,gray_otsu/PSM7,29.4,75.0,ACCEPT_PRIMARY,0
2425,98.25927740355175,0,,,,,,,,,,,29.4,75.0,UNSAMPLED,0
2426,98.2997966932027,0,,,,,,,,,,,29.4,75.0,UNSAMPLED,0
2427,98.34031598285365,0,,,,,,,,,,,29.4,75.0,UNSAMPLED,0
2428,98.3808352725046,0,,,,,,,,,,,29.4,75.0,UNSAMPLED,0
2429,98.42135456215554,0,,,,,,,,,,,29.4,75.0,UNSAMPLED,0
2430,98.4618738518065,0,,,,,,,,,,,29.4,75.0,UNSAMPLED,0
2431,98.50239314145745,0,,,,,,,,,,,29.4,75.0,UNSAMPLED,0
2432,98.54291243110839,1,20.6,75.3,20.6,75.3-,29.8,75.2,29.8,752,green_channel_otsu/PSM7,green_difference/PSM7,29.8,75.2,ACCEPT_RETRY,1
2433,98.58343172075935,0,,,,,,,,,,,29.8,75.2,UNSAMPLED,0
2434,98.6239510104103,0,,,,,,,,,,,29.8,75.2,UNSAMPLED,0
2435,98.66447030006124,0,,,,,,,,,,,29.8,75.2,UNSAMPLED,0
2436,98.70498958971218,0,,,,,,,,,,,29.8,75.2,UNSAMPLED,0
2437,98.74550887936314,0,,,,,,,,,,,29.8,75.2,UNSAMPLED,0
2438,98.78602816901409,0,,,,,,,,,,,29.8,75.2,UNSAMPLED,0
2439,98.82654745866503,0,,,,,,,,,,,29.8,75.2,UNSAMPLED,0
2440,98.86706674831599,1,20.8,75.4,20.8,75.40,,,,,,,29.8,75.2,HOLD_PREVIOUS,1
2441,98.90758603796694,0,,,,,,,,,,,29.8,75.2,UNSAMPLED,0
2442,98.94810532761788,0,,,,,,,,,,,29.8,75.2,UNSAMPLED,0
2443,98.98862461726884,0,,,,,,,,,,,29.8,75.2,UNSAMPLED,0
2444,99.02914390691978,0,,,,,,,,,,,29.8,75.2,UNSAMPLED,0
2445,99.06966319657073,0,,,,,,,,,,,29.8,75.2,UNSAMPLED,0
2446,99.11018248622169,0,,,,,,,,,,,29.8,75.2,UNSAMPLED,0
2447,99.15070177587263,0,,,,,,,,,,,29.8,75.2,UNSAMPLED,0
2448,99.19122106552358,1,20.8,45.5,20.8,45.5-,,,,,,,29.8,75.2,HOLD_PREVIOUS,1
2449,99.23174035517454,0,,,,,,,,,,,29.8,75.2,UNSAMPLED,0
2450,99.27225964482548,0,,,,,,,,,,,29.8,75.2,UNSAMPLED,0
2451,99.31277893447643,0,,,,,,,,,,,29.8,75.2,UNSAMPLED,0
2452,99.35329822412737,0,,,,,,,,,,,29.8,75.2,UNSAMPLED,0
2453,99.39381751377833,0,,,,,,,,,,,29.8,75.2,UNSAMPLED,0
2454,99.43433680342928,0,,,,,,,,,,,29.8,75.2,UNSAMPLED,0
2455,99.47485609308022,0,,,,,,,,,,,29.8,75.2,UNSAMPLED,0
2456,99.51537538273118,1,20.8,754.0,20.8,7540,,,,,,,29.8,75.2,HOLD_PREVIOUS,1
2457,99.55589467238212,0,,,,,,,,,,,29.8,75.2,UNSAMPLED,0
2458,99.59641396203307,0,,,,,,,,,,,29.8,75.2,UNSAMPLED,0
2459,99.63693325168403,0,,,,,,,,,,,29.8,75.2,UNSAMPLED,0
2460,99.67745254133497,0,,,,,,,,,,,29.8,75.2,UNSAMPLED,0
2461,99.71797183098592,0,,,,,,,,,,,29.8,75.2,UNSAMPLED,0
2462,99.75849112063688,0,,,,,,,,,,,29.8,75.2,UNSAMPLED,0
2463,99.79901041028782,0,,,,,,,,,,,29.8,75.2,UNSAMPLED,0
2464,99.83952969993877,1,29.6,754.0,29.6,7540,,,,,,,29.8,75.2,HOLD_PREVIOUS,1
2465,99.88004898958972,0,,,,,,,,,,,29.8,75.2,UNSAMPLED,0
2466,99.92056827924067,0,,,,,,,,,,,29.8,75.2,UNSAMPLED,0
2467,99.96108756889161,0,,,,,,,,,,,29.8,75.2,UNSAMPLED,0
2468,100.00160685854256,0,,,,,,,,,,,29.8,75.2,UNSAMPLED,0
2469,100.04212614819352,0,,,,,,,,,,,29.8,75.2,UNSAMPLED,0
2470,100.08264543784446,0,,,,,,,,,,,29.8,75.2,UNSAMPLED,0
2471,100.1231647274954,0,,,,,,,,,,,29.8,75.2,UNSAMPLED,0
2472,100.16368401714637,1,29.6,79.4,29.6,79.40,,,,,,,29.8,75.2,HOLD_PREVIOUS,1
2473,100.20420330679731,0,,,,,,,,,,,29.8,75.2,UNSAMPLED,0
2474,100.24472259644826,0,,,,,,,,,,,29.8,75.2,UNSAMPLED,0
2475,100.28524188609921,0,,,,,,,,,,,29.8,75.2,UNSAMPLED,0
2476,100.32576117575016,0,,,,,,,,,,,29.8,75.2,UNSAMPLED,0
2477,100.3662804654011,0,,,,,,,,,,,29.8,75.2,UNSAMPLED,0
2478,100.40679975505206,0,,,,,,,,,,,29.8,75.2,UNSAMPLED,0
2479,100.44731904470301,0,,,,,,,,,,,29.8,75.2,UNSAMPLED,0
2480,100.48783833435395,1,29.6,45.5,29.60,45.50,,,,,,,29.8,75.2,HOLD_PREVIOUS,1
2481,100.5283576240049,0,,,,,,,,,,,29.8,75.2,UNSAMPLED,0
2482,100.56887691365586,0,,,,,,,,,,,29.8,75.2,UNSAMPLED,0
2483,100.6093962033068,0,,,,,,,,,,,29.8,75.2,UNSAMPLED,0
2484,100.64991549295775,0,,,,,,,,,,,29.8,75.2,UNSAMPLED,0
2485,100.6904347826087,0,,,,,,,,,,,29.8,75.2,UNSAMPLED,0
2486,100.73095407225965,0,,,,,,,,,,,29.8,75.2,UNSAMPLED,0
2487,100.7714733619106,0,,,,,,,,,,,29.8,75.2,UNSAMPLED,0
2488,100.81199265156155,1,29.6,45.5,29.60,45.50,,,,,,,29.8,75.2,HOLD_PREVIOUS,1
2489,100.8525119412125,0,,,,,,,,,,,29.8,75.2,UNSAMPLED,0
2490,100.89303123086344,0,,,,,,,,,,,29.8,75.2,UNSAMPLED,0
2491,100.9335505205144,0,,,,,,,,,,,29.8,75.2,UNSAMPLED,0
2492,100.97406981016535,0,,,,,,,,,,,29.8,75.2,UNSAMPLED,0
2493,101.01458909981629,0,,,,,,,,,,,29.8,75.2,UNSAMPLED,0
2494,101.05510838946725,0,,,,,,,,,,,29.8,75.2,UNSAMPLED,0
2495,101.0956276791182,0,,,,,,,,,,,29.8,75.2,UNSAMPLED,0
2496,101.13614696876914,1,29.6,45.5,29.60,45.50,,,,,,,29.8,75.2,HOLD_PREVIOUS,1
2497,101.17666625842008,0,,,,,,,,,,,29.8,75.2,UNSAMPLED,0
2498,101.21718554807104,0,,,,,,,,,,,29.8,75.2,UNSAMPLED,0
2499,101.25770483772199,0,,,,,,,,,,,29.8,75.2,UNSAMPLED,0
2500,101.29822412737293,0,,,,,,,,,,,29.8,75.2,UNSAMPLED,0
2501,101.33874341702389,0,,,,,,,,,,,29.8,75.2,UNSAMPLED,0
2502,101.37926270667484,0,,,,,,,,,,,29.8,75.2,UNSAMPLED,0
2503,101.41978199632578,0,,,,,,,,,,,29.8,75.2,UNSAMPLED,0
2504,101.46030128597674,1,29.6,45.5,29.60,45.50,,,,,,,29.8,75.2,HOLD_PREVIOUS,1
2505,101.50082057562769,0,,,,,,,,,,,29.8,75.2,UNSAMPLED,0
2506,101.54133986527863,0,,,,,,,,,,,29.8,75.2,UNSAMPLED,0
2507,101.58185915492959,0,,,,,,,,,,,29.8,75.2,UNSAMPLED,0
2508,101.62237844458053,0,,,,,,,,,,,29.8,75.2,UNSAMPLED,0
2509,101.66289773423148,0,,,,,,,,,,,29.8,75.2,UNSAMPLED,0
2510,101.70341702388244,0,,,,,,,,,,,29.8,75.2,UNSAMPLED,0
2511,101.74393631353338,0,,,,,,,,,,,29.8,75.2,UNSAMPLED,0
2512,101.78445560318433,1,29.6,45.67,29.60,45.67,,,,,,,29.8,75.2,HOLD_PREVIOUS,1
2513,101.82497489283527,0,,,,,,,,,,,29.8,75.2,UNSAMPLED,0
2514,101.86549418248623,0,,,,,,,,,,,29.8,75.2,UNSAMPLED,0
2515,101.90601347213718,0,,,,,,,,,,,29.8,75.2,UNSAMPLED,0
2516,101.94653276178812,0,,,,,,,,,,,29.8,75.2,UNSAMPLED,0
2517,101.98705205143908,0,,,,,,,,,,,29.8,75.2,UNSAMPLED,0
2518,102.02757134109002,0,,,,,,,,,,,29.8,75.2,UNSAMPLED,0
2519,102.06809063074097,0,,,,,,,,,,,29.8,75.2,UNSAMPLED,0
2520,102.10860992039193,1,29.6,45.67,29.60,45.67,,,,,,,29.8,75.2,HOLD_PREVIOUS,1
2521,102.14912921004287,0,,,,,,,,,,,29.8,75.2,UNSAMPLED,0
2522,102.18964849969382,0,,,,,,,,,,,29.8,75.2,UNSAMPLED,0
2523,102.23016778934478,0,,,,,,,,,,,29.8,75.2,UNSAMPLED,0
2524,102.27068707899572,0,,,,,,,,,,,29.8,75.2,UNSAMPLED,0
2525,102.31120636864667,0,,,,,,,,,,,29.8,75.2,UNSAMPLED,0
2526,102.35172565829761,0,,,,,,,,,,,29.8,75.2,UNSAMPLED,0
2527,102.39224494794857,0,,,,,,,,,,,29.8,75.2,UNSAMPLED,0
2528,102.43276423759951,1,,75.5,,75.5,,,,,,,29.8,75.2,HOLD_PREVIOUS,1
2529,102.47328352725046,0,,,,,,,,,,,29.8,75.2,UNSAMPLED,0
2530,102.51380281690142,0,,,,,,,,,,,29.8,75.2,UNSAMPLED,0
2531,102.55432210655236,0,,,,,,,,,,,29.8,75.2,UNSAMPLED,0
2532,102.59484139620331,0,,,,,,,,,,,29.8,75.2,UNSAMPLED,0
2533,102.63536068585427,0,,,,,,,,,,,29.8,75.2,UNSAMPLED,0
2534,102.67587997550521,0,,,,,,,,,,,29.8,75.2,UNSAMPLED,0
2535,102.71639926515616,0,,,,,,,,,,,29.8,75.2,UNSAMPLED,0
2536,102.75691855480711,1,,75.5,,75.5,,,,,,,29.8,75.2,HOLD_PREVIOUS,1
2537,102.79743784445806,0,,,,,,,,,,,29.8,75.2,UNSAMPLED,0
2538,102.837957134109,0,,,,,,,,,,,29.8,75.2,UNSAMPLED,0
2539,102.87847642375996,0,,,,,,,,,,,29.8,75.2,UNSAMPLED,0
2540,102.91899571341091,0,,,,,,,,,,,29.8,75.2,UNSAMPLED,0
2541,102.95951500306185,0,,,,,,,,,,,29.8,75.2,UNSAMPLED,0
2542,103.0000342927128,0,,,,,,,,,,,29.8,75.2,UNSAMPLED,0
2543,103.04055358236376,0,,,,,,,,,,,29.8,75.2,UNSAMPLED,0
2544,103.0810728720147,1,,75.5,,75.5,,,,,,,29.8,75.2,HOLD_PREVIOUS,1
2545,103.12159216166565,0,,,,,,,,,,,29.8,75.2,UNSAMPLED,0
2546,103.1621114513166,0,,,,,,,,,,,29.8,75.2,UNSAMPLED,0
2547,103.20263074096755,0,,,,,,,,,,,29.8,75.2,UNSAMPLED,0
2548,103.2431500306185,0,,,,,,,,,,,29.8,75.2,UNSAMPLED,0
2549,103.28366932026945,0,,,,,,,,,,,29.8,75.2,UNSAMPLED,0
2550,103.3241886099204,0,,,,,,,,,,,29.8,75.2,UNSAMPLED,0
2551,103.36470789957134,0,,,,,,,,,,,29.8,75.2,UNSAMPLED,0
2552,103.4052271892223,1,,75.5,,75.5,,,,,,,29.8,75.2,HOLD_PREVIOUS,1
2553,103.44574647887325,0,,,,,,,,,,,29.8,75.2,UNSAMPLED,0
2554,103.48626576852419,0,,,,,,,,,,,29.8,75.2,UNSAMPLED,0
2555,103.52678505817514,0,,,,,,,,,,,29.8,75.2,UNSAMPLED,0
2556,103.5673043478261,0,,,,,,,,,,,29.8,75.2,UNSAMPLED,0
2557,103.60782363747704,0,,,,,,,,,,,29.8,75.2,UNSAMPLED,0
2558,103.64834292712798,0,,,,,,,,,,,29.8,75.2,UNSAMPLED,0
2559,103.68886221677894,0,,,,,,,,,,,29.8,75.2,UNSAMPLED,0
2560,103.72938150642989,1,,75.4,29,75.40,,,,,,,29.8,75.2,HOLD_PREVIOUS,1
2561,103.76990079608083,0,,,,,,,,,,,29.8,75.2,UNSAMPLED,0
2562,103.81042008573179,0,,,,,,,,,,,29.8,75.2,UNSAMPLED,0
2563,103.85093937538274,0,,,,,,,,,,,29.8,75.2,UNSAMPLED,0
2564,103.89145866503368,0,,,,,,,,,,,29.8,75.2,UNSAMPLED,0
2565,103.93197795468464,0,,,,,,,,,,,29.8,75.2,UNSAMPLED,0
2566,103.97249724433559,0,,,,,,,,,,,29.8,75.2,UNSAMPLED,0
2567,104.01301653398653,0,,,,,,,,,,,29.8,75.2,UNSAMPLED,0
2568,104.05353582363749,1,20.8,75.4,20.8,75.40,,,,,,,29.8,75.2,HOLD_PREVIOUS,1
2569,104.09405511328843,0,,,,,,,,,,,29.8,75.2,UNSAMPLED,0
2570,104.13457440293938,0,,,,,,,,,,,29.8,75.2,UNSAMPLED,0
2571,104.17509369259032,0,,,,,,,,,,,29.8,75.2,UNSAMPLED,0
2572,104.21561298224128,0,,,,,,,,,,,29.8,75.2,UNSAMPLED,0
2573,104.25613227189223,0,,,,,,,,,,,29.8,75.2,UNSAMPLED,0
2574,104.29665156154317,0,,,,,,,,,,,29.8,75.2,UNSAMPLED,0
2575,104.33717085119413,0,,,,,,,,,,,29.8,75.2,UNSAMPLED,0
2576,104.37769014084508,1,,79.4,94,79.40,,,,,,,29.8,75.2,HOLD_PREVIOUS,1
2577,104.41820943049602,0,,,,,,,,,,,29.8,75.2,UNSAMPLED,0
2578,104.45872872014698,0,,,,,,,,,,,29.8,75.2,UNSAMPLED,0
2579,104.49924800979792,0,,,,,,,,,,,29.8,75.2,UNSAMPLED,0
2580,104.53976729944887,0,,,,,,,,,,,29.8,75.2,UNSAMPLED,0
2581,104.58028658909983,0,,,,,,,,,,,29.8,75.2,UNSAMPLED,0
2582,104.62080587875077,0,,,,,,,,,,,29.8,75.2,UNSAMPLED,0
2583,104.66132516840172,0,,,,,,,,,,,29.8,75.2,UNSAMPLED,0
2584,104.70184445805268,1,,453.0,24,4530,29.4,75.8,294,75.8,green_difference/PSM8,gray_adaptive/PSM7,29.4,75.8,ACCEPT_RETRY,1
2585,104.74236374770362,0,,,,,,,,,,,29.4,75.8,UNSAMPLED,0
2586,104.78288303735457,0,,,,,,,,,,,29.4,75.8,UNSAMPLED,0
2587,104.82340232700551,0,,,,,,,,,,,29.4,75.8,UNSAMPLED,0
2588,104.86392161665647,0,,,,,,,,,,,29.4,75.8,UNSAMPLED,0
2589,104.90444090630741,0,,,,,,,,,,,29.4,75.8,UNSAMPLED,0
2590,104.94496019595836,0,,,,,,,,,,,29.4,75.8,UNSAMPLED,0
2591,104.98547948560932,0,,,,,,,,,,,29.4,75.8,UNSAMPLED,0
2592,105.02599877526026,1,,794.0,24,7940,,,,,,,29.4,75.8,HOLD_PREVIOUS,1
2593,105.06651806491121,0,,,,,,,,,,,29.4,75.8,UNSAMPLED,0
2594,105.10703735456217,0,,,,,,,,,,,29.4,75.8,UNSAMPLED,0
2595,105.14755664421311,0,,,,,,,,,,,29.4,75.8,UNSAMPLED,0
2596,105.18807593386406,0,,,,,,,,,,,29.4,75.8,UNSAMPLED,0
2597,105.22859522351501,0,,,,,,,,,,,29.4,75.8,UNSAMPLED,0
2598,105.26911451316596,0,,,,,,,,,,,29.4,75.8,UNSAMPLED,0
2599,105.3096338028169,0,,,,,,,,,,,29.4,75.8,UNSAMPLED,0
2600,105.35015309246785,1,,794.0,24,7940,,,,,,,29.4,75.8,HOLD_PREVIOUS,1
2601,105.39067238211881,0,,,,,,,,,,,29.4,75.8,UNSAMPLED,0
2602,105.43119167176975,0,,,,,,,,,,,29.4,75.8,UNSAMPLED,0
2603,105.4717109614207,0,,,,,,,,,,,29.4,75.8,UNSAMPLED,0
2604,105.51223025107166,0,,,,,,,,,,,29.4,75.8,UNSAMPLED,0
2605,105.5527495407226,0,,,,,,,,,,,29.4,75.8,UNSAMPLED,0
2606,105.59326883037355,0,,,,,,,,,,,29.4,75.8,UNSAMPLED,0
2607,105.6337881200245,0,,,,,,,,,,,29.4,75.8,UNSAMPLED,0
2608,105.67430740967545,1,,794.0,24,7940,,,,,,,29.4,75.8,HOLD_PREVIOUS,1
2609,105.7148266993264,0,,,,,,,,,,,29.4,75.8,UNSAMPLED,0
2610,105.75534598897735,0,,,,,,,,,,,29.4,75.8,UNSAMPLED,0
2611,105.7958652786283,0,,,,,,,,,,,29.4,75.8,UNSAMPLED,0
2612,105.83638456827924,0,,,,,,,,,,,29.4,75.8,UNSAMPLED,0
2613,105.8769038579302,0,,,,,,,,,,,29.4,75.8,UNSAMPLED,0
2614,105.91742314758115,0,,,,,,,,,,,29.4,75.8,UNSAMPLED,0
2615,105.95794243723209,0,,,,,,,,,,,29.4,75.8,UNSAMPLED,0
2616,105.99846172688304,1,,794.0,24,7940,,,,,,,29.4,75.8,HOLD_PREVIOUS,1
2617,106.038981016534,0,,,,,,,,,,,29.4,75.8,UNSAMPLED,0
2618,106.07950030618494,0,,,,,,,,,,,29.4,75.8,UNSAMPLED,0
2619,106.12001959583588,0,,,,,,,,,,,29.4,75.8,UNSAMPLED,0
2620,106.16053888548684,0,,,,,,,,,,,29.4,75.8,UNSAMPLED,0
2621,106.20105817513779,0,,,,,,,,,,,29.4,75.8,UNSAMPLED,0
2622,106.24157746478873,0,,,,,,,,,,,29.4,75.8,UNSAMPLED,0
2623,106.28209675443969,0,,,,,,,,,,,29.4,75.8,UNSAMPLED,0
2624,106.32261604409064,1,,75.5,,75.5,,,,,,,29.4,75.8,HOLD_PREVIOUS,1
2625,106.36313533374158,0,,,,,,,,,,,29.4,75.8,UNSAMPLED,0
2626,106.40365462339254,0,,,,,,,,,,,29.4,75.8,UNSAMPLED,0
2627,106.44417391304349,0,,,,,,,,,,,29.4,75.8,UNSAMPLED,0
2628,106.48469320269443,0,,,,,,,,,,,29.4,75.8,UNSAMPLED,0
2629,106.52521249234539,0,,,,,,,,,,,29.4,75.8,UNSAMPLED,0
2630,106.56573178199633,0,,,,,,,,,,,29.4,75.8,UNSAMPLED,0
2631,106.60625107164728,0,,,,,,,,,,,29.4,75.8,UNSAMPLED,0
2632,106.64677036129822,1,,45.5,,45.5-,,,,,,,29.4,75.8,HOLD_PREVIOUS,1
2633,106.68728965094918,0,,,,,,,,,,,29.4,75.8,UNSAMPLED,0
2634,106.72780894060013,0,,,,,,,,,,,29.4,75.8,UNSAMPLED,0
2635,106.76832823025107,0,,,,,,,,,,,29.4,75.8,UNSAMPLED,0
2636,106.80884751990203,0,,,,,,,,,,,29.4,75.8,UNSAMPLED,0
2637,106.84936680955298,0,,,,,,,,,,,29.4,75.8,UNSAMPLED,0
2638,106.88988609920392,0,,,,,,,,,,,29.4,75.8,UNSAMPLED,0
2639,106.93040538885488,0,,,,,,,,,,,29.4,75.8,UNSAMPLED,0
2640,106.97092467850582,1,,45.5,,45.5-,,,,,,,29.4,75.8,HOLD_PREVIOUS,1
2641,107.01144396815677,0,,,,,,,,,,,29.4,75.8,UNSAMPLED,0
2642,107.05196325780773,0,,,,,,,,,,,29.4,75.8,UNSAMPLED,0
2643,107.09248254745867,0,,,,,,,,,,,29.4,75.8,UNSAMPLED,0
2644,107.13300183710962,0,,,,,,,,,,,29.4,75.8,UNSAMPLED,0
2645,107.17352112676056,0,,,,,,,,,,,29.4,75.8,UNSAMPLED,0
2646,107.21404041641152,0,,,,,,,,,,,29.4,75.8,UNSAMPLED,0
2647,107.25455970606247,0,,,,,,,,,,,29.4,75.8,UNSAMPLED,0
2648,107.29507899571341,1,,75.6,,75.6-,,,,,,,29.4,75.8,HOLD_PREVIOUS,1
2649,107.33559828536437,0,,,,,,,,,,,29.4,75.8,UNSAMPLED,0
2650,107.37611757501531,0,,,,,,,,,,,29.4,75.8,UNSAMPLED,0
2651,107.41663686466626,0,,,,,,,,,,,29.4,75.8,UNSAMPLED,0
2652,107.45715615431722,0,,,,,,,,,,,29.4,75.8,UNSAMPLED,0
2653,107.49767544396816,0,,,,,,,,,,,29.4,75.8,UNSAMPLED,0
2654,107.53819473361911,0,,,,,,,,,,,29.4,75.8,UNSAMPLED,0
2655,107.57871402327007,0,,,,,,,,,,,29.4,75.8,UNSAMPLED,0
2656,107.61923331292101,1,,75.6,,75.6-,,,,,,,29.4,75.8,HOLD_PREVIOUS,1
2657,107.65975260257196,0,,,,,,,,,,,29.4,75.8,UNSAMPLED,0
2658,107.70027189222291,0,,,,,,,,,,,29.4,75.8,UNSAMPLED,0
2659,107.74079118187386,0,,,,,,,,,,,29.4,75.8,UNSAMPLED,0
2660,107.7813104715248,0,,,,,,,,,,,29.4,75.8,UNSAMPLED,0
2661,107.82182976117575,0,,,,,,,,,,,29.4,75.8,UNSAMPLED,0
2662,107.86234905082671,0,,,,,,,,,,,29.4,75.8,UNSAMPLED,0
2663,107.90286834047765,0,,,,,,,,,,,29.4,75.8,UNSAMPLED,0
2664,107.9433876301286,1,,45.4,,45.4,,,,,,,29.4,75.8,HOLD_PREVIOUS,1
2665,107.98390691977956,0,,,,,,,,,,,29.4,75.8,UNSAMPLED,0
2666,108.0244262094305,0,,,,,,,,,,,29.4,75.8,UNSAMPLED,0
2667,108.06494549908145,0,,,,,,,,,,,29.4,75.8,UNSAMPLED,0
2668,108.1054647887324,0,,,,,,,,,,,29.4,75.8,UNSAMPLED,0
2669,108.14598407838335,0,,,,,,,,,,,29.4,75.8,UNSAMPLED,0
2670,108.1865033680343,0,,,,,,,,,,,29.4,75.8,UNSAMPLED,0
2671,108.22702265768525,0,,,,,,,,,,,29.4,75.8,UNSAMPLED,0
2672,108.2675419473362,1,29.6,75.7,296,75.7-,29.6,75.7,296,75.7-,green_difference/PSM7,gray_otsu/PSM7,29.6,75.7,ACCEPT_PRIMARY,0
2673,108.30806123698714,0,,,,,,,,,,,29.6,75.7,UNSAMPLED,0
2674,108.3485805266381,0,,,,,,,,,,,29.6,75.7,UNSAMPLED,0
2675,108.38909981628905,0,,,,,,,,,,,29.6,75.7,UNSAMPLED,0
2676,108.42961910593999,0,,,,,,,,,,,29.6,75.7,UNSAMPLED,0
2677,108.47013839559094,0,,,,,,,,,,,29.6,75.7,UNSAMPLED,0
2678,108.5106576852419,0,,,,,,,,,,,29.6,75.7,UNSAMPLED,0
2679,108.55117697489284,0,,,,,,,,,,,29.6,75.7,UNSAMPLED,0
2680,108.59169626454378,1,29.6,79.8,296,79.80,,,,,,,29.6,75.7,HOLD_PREVIOUS,1
2681,108.63221555419474,0,,,,,,,,,,,29.6,75.7,UNSAMPLED,0
2682,108.67273484384569,0,,,,,,,,,,,29.6,75.7,UNSAMPLED,0
2683,108.71325413349663,0,,,,,,,,,,,29.6,75.7,UNSAMPLED,0
2684,108.75377342314759,0,,,,,,,,,,,29.6,75.7,UNSAMPLED,0
2685,108.79429271279854,0,,,,,,,,,,,29.6,75.7,UNSAMPLED,0
2686,108.83481200244948,0,,,,,,,,,,,29.6,75.7,UNSAMPLED,0
2687,108.87533129210044,0,,,,,,,,,,,29.6,75.7,UNSAMPLED,0
2688,108.91585058175139,1,29.6,79.8,296,79.80,,,,,,,29.6,75.7,HOLD_PREVIOUS,1
2689,108.95636987140233,0,,,,,,,,,,,29.6,75.7,UNSAMPLED,0
2690,108.99688916105328,0,,,,,,,,,,,29.6,75.7,UNSAMPLED,0
2691,109.03740845070423,0,,,,,,,,,,,29.6,75.7,UNSAMPLED,0
2692,109.07792774035518,0,,,,,,,,,,,29.6,75.7,UNSAMPLED,0
2693,109.11844703000612,0,,,,,,,,,,,29.6,75.7,UNSAMPLED,0
2694,109.15896631965708,0,,,,,,,,,,,29.6,75.7,UNSAMPLED,0
2695,109.19948560930803,0,,,,,,,,,,,29.6,75.7,UNSAMPLED,0
2696,109.24000489895897,1,29.6,75.9,296,75.9-,29.6,75.9,296,75.9-,green_difference/PSM7,gray_otsu/PSM7,29.6,75.9,ACCEPT_PRIMARY,0
2697,109.28052418860993,0,,,,,,,,,,,29.6,75.9,UNSAMPLED,0
2698,109.32104347826088,0,,,,,,,,,,,29.6,75.9,UNSAMPLED,0
2699,109.36156276791182,0,,,,,,,,,,,29.6,75.9,UNSAMPLED,0
2700,109.40208205756278,0,,,,,,,,,,,29.6,75.9,UNSAMPLED,0
2701,109.44260134721372,0,,,,,,,,,,,29.6,75.9,UNSAMPLED,0
2702,109.48312063686467,0,,,,,,,,,,,29.6,75.9,UNSAMPLED,0
2703,109.52363992651563,0,,,,,,,,,,,29.6,75.9,UNSAMPLED,0
2704,109.56415921616657,1,29.6,75.9,296,75.9-,29.6,75.9,296,75.9-,green_difference/PSM7,gray_otsu/PSM7,29.6,75.9,ACCEPT_PRIMARY,0
2705,109.60467850581752,0,,,,,,,,,,,29.6,75.9,UNSAMPLED,0
2706,109.64519779546846,0,,,,,,,,,,,29.6,75.9,UNSAMPLED,0
2707,109.68571708511942,0,,,,,,,,,,,29.6,75.9,UNSAMPLED,0
2708,109.72623637477037,0,,,,,,,,,,,29.6,75.9,UNSAMPLED,0
2709,109.76675566442131,0,,,,,,,,,,,29.6,75.9,UNSAMPLED,0
2710,109.80727495407227,0,,,,,,,,,,,29.6,75.9,UNSAMPLED,0
2711,109.84779424372321,0,,,,,,,,,,,29.6,75.9,UNSAMPLED,0
2712,109.88831353337416,1,29.6,76.0,296,76.0,29.6,76.0,296,76.0,green_difference/PSM7,gray_otsu/PSM7,29.6,76.0,ACCEPT_PRIMARY,0
2713,109.92883282302512,0,,,,,,,,,,,29.6,76.0,UNSAMPLED,0
2714,109.96935211267606,0,,,,,,,,,,,29.6,76.0,UNSAMPLED,0
2715,110.00987140232701,0,,,,,,,,,,,29.6,76.0,UNSAMPLED,0
2716,110.05039069197797,0,,,,,,,,,,,29.6,76.0,UNSAMPLED,0
2717,110.09090998162891,0,,,,,,,,,,,29.6,76.0,UNSAMPLED,0
2718,110.13142927127986,0,,,,,,,,,,,29.6,76.0,UNSAMPLED,0
2719,110.1719485609308,0,,,,,,,,,,,29.6,76.0,UNSAMPLED,0
2720,110.21246785058176,1,29.6,76.0,296,76.0,29.6,76.0,296,76.0,green_difference/PSM7,gray_otsu/PSM7,29.6,76.0,ACCEPT_PRIMARY,0
2721,110.2529871402327,0,,,,,,,,,,,29.6,76.0,UNSAMPLED,0
2722,110.29350642988365,0,,,,,,,,,,,29.6,76.0,UNSAMPLED,0
2723,110.33402571953461,0,,,,,,,,,,,29.6,76.0,UNSAMPLED,0
2724,110.37454500918555,0,,,,,,,,,,,29.6,76.0,UNSAMPLED,0
2725,110.4150642988365,0,,,,,,,,,,,29.6,76.0,UNSAMPLED,0
2726,110.45558358848746,0,,,,,,,,,,,29.6,76.0,UNSAMPLED,0
2727,110.4961028781384,0,,,,,,,,,,,29.6,76.0,UNSAMPLED,0
2728,110.53662216778935,1,29.65,45.8,29.65,45.80,29.6,75.2,296,752,green_difference/PSM8,green_difference/PSM7,29.6,75.2,ACCEPT_RETRY,1
2729,110.5771414574403,0,,,,,,,,,,,29.6,75.2,UNSAMPLED,0
2730,110.61766074709125,0,,,,,,,,,,,29.6,75.2,UNSAMPLED,0
2731,110.6581800367422,0,,,,,,,,,,,29.6,75.2,UNSAMPLED,0
2732,110.69869932639315,0,,,,,,,,,,,29.6,75.2,UNSAMPLED,0
2733,110.7392186160441,0,,,,,,,,,,,29.6,75.2,UNSAMPLED,0
2734,110.77973790569504,0,,,,,,,,,,,29.6,75.2,UNSAMPLED,0
2735,110.82025719534599,0,,,,,,,,,,,29.6,75.2,UNSAMPLED,0
2736,110.86077648499695,1,29.6,75.8,29.60,75.8-,29.6,75.8,29.60,75.8-,green_difference/PSM7,gray_otsu/PSM7,29.6,75.8,ACCEPT_PRIMARY,0
2737,110.90129577464789,0,,,,,,,,,,,29.6,75.8,UNSAMPLED,0
2738,110.94181506429884,0,,,,,,,,,,,29.6,75.8,UNSAMPLED,0
2739,110.9823343539498,0,,,,,,,,,,,29.6,75.8,UNSAMPLED,0
2740,111.02285364360074,0,,,,,,,,,,,29.6,75.8,UNSAMPLED,0
2741,111.06337293325169,0,,,,,,,,,,,29.6,75.8,UNSAMPLED,0
2742,111.10389222290264,0,,,,,,,,,,,29.6,75.8,UNSAMPLED,0
2743,111.14441151255359,0,,,,,,,,,,,29.6,75.8,UNSAMPLED,0
2744,111.18493080220453,1,29.6,75.8,29.60,75.8-,29.6,75.8,29.60,75.8-,green_difference/PSM7,gray_otsu/PSM7,29.6,75.8,ACCEPT_PRIMARY,0
2745,111.22545009185549,0,,,,,,,,,,,29.6,75.8,UNSAMPLED,0
2746,111.26596938150644,0,,,,,,,,,,,29.6,75.8,UNSAMPLED,0
2747,111.30648867115738,0,,,,,,,,,,,29.6,75.8,UNSAMPLED,0
2748,111.34700796080834,0,,,,,,,,,,,29.6,75.8,UNSAMPLED,0
2749,111.38752725045929,0,,,,,,,,,,,29.6,75.8,UNSAMPLED,0
2750,111.42804654011023,0,,,,,,,,,,,29.6,75.8,UNSAMPLED,0
2751,111.46856582976118,0,,,,,,,,,,,29.6,75.8,UNSAMPLED,0
2752,111.50908511941213,1,29.6,75.8,29.60,75.8-,29.6,75.8,29.60,75.8-,green_difference/PSM7,gray_otsu/PSM7,29.6,75.8,ACCEPT_PRIMARY,0
2753,111.54960440906308,0,,,,,,,,,,,29.6,75.8,UNSAMPLED,0
2754,111.59012369871402,0,,,,,,,,,,,29.6,75.8,UNSAMPLED,0
2755,111.63064298836498,0,,,,,,,,,,,29.6,75.8,UNSAMPLED,0
2756,111.67116227801593,0,,,,,,,,,,,29.6,75.8,UNSAMPLED,0
2757,111.71168156766687,0,,,,,,,,,,,29.6,75.8,UNSAMPLED,0
2758,111.75220085731783,0,,,,,,,,,,,29.6,75.8,UNSAMPLED,0
2759,111.79272014696878,0,,,,,,,,,,,29.6,75.8,UNSAMPLED,0
2760,111.83323943661972,1,29.6,75.9,29.60,75.9-,29.6,75.9,29.60,75.9-,green_difference/PSM7,gray_otsu/PSM7,29.6,75.9,ACCEPT_PRIMARY,0
2761,111.87375872627068,0,,,,,,,,,,,29.6,75.9,UNSAMPLED,0
2762,111.91427801592162,0,,,,,,,,,,,29.6,75.9,UNSAMPLED,0
2763,111.95479730557257,0,,,,,,,,,,,29.6,75.9,UNSAMPLED,0
2764,111.99531659522351,0,,,,,,,,,,,29.6,75.9,UNSAMPLED,0
2765,112.03583588487447,0,,,,,,,,,,,29.6,75.9,UNSAMPLED,0
2766,112.07635517452542,0,,,,,,,,,,,29.6,75.9,UNSAMPLED,0
2767,112.11687446417636,0,,,,,,,,,,,29.6,75.9,UNSAMPLED,0
2768,112.15739375382732,1,29.6,76.1,29.60,76.10,29.6,76.1,29.60,76.10,green_difference/PSM7,gray_otsu/PSM7,29.6,76.1,ACCEPT_PRIMARY,0
2769,112.19791304347827,0,,,,,,,,,,,29.6,76.1,UNSAMPLED,0
2770,112.23843233312921,0,,,,,,,,,,,29.6,76.1,UNSAMPLED,0
2771,112.27895162278017,0,,,,,,,,,,,29.6,76.1,UNSAMPLED,0
2772,112.31947091243111,0,,,,,,,,,,,29.6,76.1,UNSAMPLED,0
2773,112.35999020208206,0,,,,,,,,,,,29.6,76.1,UNSAMPLED,0
2774,112.40050949173302,0,,,,,,,,,,,29.6,76.1,UNSAMPLED,0
2775,112.44102878138396,0,,,,,,,,,,,29.6,76.1,UNSAMPLED,0
2776,112.48154807103491,1,29.6,76.0,29.60,76.0-,29.6,76.0,29.60,76.0-,green_difference/PSM7,gray_otsu/PSM7,29.6,76.0,ACCEPT_PRIMARY,0
2777,112.52206736068587,0,,,,,,,,,,,29.6,76.0,UNSAMPLED,0
2778,112.56258665033681,0,,,,,,,,,,,29.6,76.0,UNSAMPLED,0
2779,112.60310593998776,0,,,,,,,,,,,29.6,76.0,UNSAMPLED,0
2780,112.6436252296387,0,,,,,,,,,,,29.6,76.0,UNSAMPLED,0
2781,112.68414451928966,0,,,,,,,,,,,29.6,76.0,UNSAMPLED,0
2782,112.7246638089406,0,,,,,,,,,,,29.6,76.0,UNSAMPLED,0
2783,112.76518309859155,0,,,,,,,,,,,29.6,76.0,UNSAMPLED,0
2784,112.80570238824251,1,29.6,76.0,29.6,76.0-,29.6,76.0,29.6,76.0-,green_difference/PSM7,gray_otsu/PSM7,29.6,76.0,ACCEPT_PRIMARY,0
2785,112.84622167789345,0,,,,,,,,,,,29.6,76.0,UNSAMPLED,0
2786,112.8867409675444,0,,,,,,,,,,,29.6,76.0,UNSAMPLED,0
2787,112.92726025719536,0,,,,,,,,,,,29.6,76.0,UNSAMPLED,0
2788,112.9677795468463,0,,,,,,,,,,,29.6,76.0,UNSAMPLED,0
2789,113.00829883649725,0,,,,,,,,,,,29.6,76.0,UNSAMPLED,0
2790,113.0488181261482,0,,,,,,,,,,,29.6,76.0,UNSAMPLED,0
2791,113.08933741579915,0,,,,,,,,,,,29.6,76.0,UNSAMPLED,0
2792,113.1298567054501,1,29.6,45.8,29.6,45.8,29.6,75.8,29.6,75.80,green_difference/PSM7,green_channel_otsu/PSM7,29.6,75.8,ACCEPT_RETRY,1
2793,113.17037599510105,0,,,,,,,,,,,29.6,75.8,UNSAMPLED,0
2794,113.210895284752,0,,,,,,,,,,,29.6,75.8,UNSAMPLED,0
2795,113.25141457440294,0,,,,,,,,,,,29.6,75.8,UNSAMPLED,0
2796,113.29193386405389,0,,,,,,,,,,,29.6,75.8,UNSAMPLED,0
2797,113.33245315370485,0,,,,,,,,,,,29.6,75.8,UNSAMPLED,0
2798,113.37297244335579,0,,,,,,,,,,,29.6,75.8,UNSAMPLED,0
2799,113.41349173300674,0,,,,,,,,,,,29.6,75.8,UNSAMPLED,0
2800,113.4540110226577,1,29.6,45.7,29.6,45.7-,,,,,,,29.6,75.8,HOLD_PREVIOUS,1
2801,113.49453031230864,0,,,,,,,,,,,29.6,75.8,UNSAMPLED,0
2802,113.53504960195959,0,,,,,,,,,,,29.6,75.8,UNSAMPLED,0
2803,113.57556889161054,0,,,,,,,,,,,29.6,75.8,UNSAMPLED,0
2804,113.61608818126149,0,,,,,,,,,,,29.6,75.8,UNSAMPLED,0
2805,113.65660747091243,0,,,,,,,,,,,29.6,75.8,UNSAMPLED,0
2806,113.69712676056339,0,,,,,,,,,,,29.6,75.8,UNSAMPLED,0
2807,113.73764605021434,0,,,,,,,,,,,29.6,75.8,UNSAMPLED,0
2808,113.77816533986528,1,29.6,75.9,29.6,75.9,29.6,75.9,29.6,75.9,green_difference/PSM7,gray_otsu/PSM7,29.6,75.9,ACCEPT_PRIMARY,0
2809,113.81868462951623,0,,,,,,,,,,,29.6,75.9,UNSAMPLED,0
2810,113.85920391916719,0,,,,,,,,,,,29.6,75.9,UNSAMPLED,0
2811,113.89972320881813,0,,,,,,,,,,,29.6,75.9,UNSAMPLED,0
2812,113.94024249846908,0,,,,,,,,,,,29.6,75.9,UNSAMPLED,0
2813,113.98076178812003,0,,,,,,,,,,,29.6,75.9,UNSAMPLED,0
2814,114.02128107777098,0,,,,,,,,,,,29.6,75.9,UNSAMPLED,0
2815,114.06180036742192,0,,,,,,,,,,,29.6,75.9,UNSAMPLED,0
2816,114.10231965707288,1,29.6,75.9,29.6,75.9-,29.6,75.9,29.6,75.9-,green_difference/PSM7,gray_otsu/PSM7,29.6,75.9,ACCEPT_PRIMARY,0
2817,114.14283894672383,0,,,,,,,,,,,29.6,75.9,UNSAMPLED,0
2818,114.18335823637477,0,,,,,,,,,,,29.6,75.9,UNSAMPLED,0
2819,114.22387752602573,0,,,,,,,,,,,29.6,75.9,UNSAMPLED,0
2820,114.26439681567668,0,,,,,,,,,,,29.6,75.9,UNSAMPLED,0
2821,114.30491610532762,0,,,,,,,,,,,29.6,75.9,UNSAMPLED,0
2822,114.34543539497858,0,,,,,,,,,,,29.6,75.9,UNSAMPLED,0
2823,114.38595468462952,0,,,,,,,,,,,29.6,75.9,UNSAMPLED,0
2824,114.42647397428047,1,29.6,75.9,29.6,75.9-,29.6,75.9,29.6,75.9-,green_difference/PSM7,gray_otsu/PSM7,29.6,75.9,ACCEPT_PRIMARY,0
2825,114.46699326393141,0,,,,,,,,,,,29.6,75.9,UNSAMPLED,0
2826,114.50751255358237,0,,,,,,,,,,,29.6,75.9,UNSAMPLED,0
2827,114.54803184323332,0,,,,,,,,,,,29.6,75.9,UNSAMPLED,0
2828,114.58855113288426,0,,,,,,,,,,,29.6,75.9,UNSAMPLED,0
2829,114.62907042253522,0,,,,,,,,,,,29.6,75.9,UNSAMPLED,0
2830,114.66958971218617,0,,,,,,,,,,,29.6,75.9,UNSAMPLED,0
2831,114.71010900183711,0,,,,,,,,,,,29.6,75.9,UNSAMPLED,0
2832,114.75062829148807,1,29.6,75.9,296,75.90,29.6,75.9,296,75.90,green_difference/PSM7,gray_otsu/PSM7,29.6,75.9,ACCEPT_PRIMARY,0
2833,114.79114758113901,0,,,,,,,,,,,29.6,75.9,UNSAMPLED,0
2834,114.83166687078996,0,,,,,,,,,,,29.6,75.9,UNSAMPLED,0
2835,114.87218616044092,0,,,,,,,,,,,29.6,75.9,UNSAMPLED,0
2836,114.91270545009186,0,,,,,,,,,,,29.6,75.9,UNSAMPLED,0
2837,114.95322473974281,0,,,,,,,,,,,29.6,75.9,UNSAMPLED,0
2838,114.99374402939375,0,,,,,,,,,,,29.6,75.9,UNSAMPLED,0
2839,115.03426331904471,0,,,,,,,,,,,29.6,75.9,UNSAMPLED,0
2840,115.07478260869566,1,,75.8,6,75.8-,29.6,75.8,296,75.8-,green_difference/PSM8,gray_otsu/PSM7,29.6,75.8,ACCEPT_RETRY,1
2841,115.1153018983466,0,,,,,,,,,,,29.6,75.8,UNSAMPLED,0
2842,115.15582118799756,0,,,,,,,,,,,29.6,75.8,UNSAMPLED,0
2843,115.1963404776485,0,,,,,,,,,,,29.6,75.8,UNSAMPLED,0
2844,115.23685976729945,0,,,,,,,,,,,29.6,75.8,UNSAMPLED,0
2845,115.27737905695041,0,,,,,,,,,,,29.6,75.8,UNSAMPLED,0
2846,115.31789834660135,0,,,,,,,,,,,29.6,75.8,UNSAMPLED,0
2847,115.3584176362523,0,,,,,,,,,,,29.6,75.8,UNSAMPLED,0
2848,115.39893692590326,1,,75.8,6,75.8-,29.6,75.8,296,75.8-,green_difference/PSM8,gray_otsu/PSM7,29.6,75.8,ACCEPT_RETRY,1
2849,115.4394562155542,0,,,,,,,,,,,29.6,75.8,UNSAMPLED,0
2850,115.47997550520515,0,,,,,,,,,,,29.6,75.8,UNSAMPLED,0
2851,115.5204947948561,0,,,,,,,,,,,29.6,75.8,UNSAMPLED,0
2852,115.56101408450705,0,,,,,,,,,,,29.6,75.8,UNSAMPLED,0
2853,115.601533374158,0,,,,,,,,,,,29.6,75.8,UNSAMPLED,0
2854,115.64205266380894,0,,,,,,,,,,,29.6,75.8,UNSAMPLED,0
2855,115.6825719534599,0,,,,,,,,,,,29.6,75.8,UNSAMPLED,0
2856,115.72309124311084,1,,75.9,6,75.90,29.6,75.9,296,75.90,green_difference/PSM8,gray_otsu/PSM7,29.6,75.9,ACCEPT_RETRY,1
2857,115.76361053276179,0,,,,,,,,,,,29.6,75.9,UNSAMPLED,0
2858,115.80412982241275,0,,,,,,,,,,,29.6,75.9,UNSAMPLED,0
2859,115.84464911206369,0,,,,,,,,,,,29.6,75.9,UNSAMPLED,0
2860,115.88516840171464,0,,,,,,,,,,,29.6,75.9,UNSAMPLED,0
2861,115.9256876913656,0,,,,,,,,,,,29.6,75.9,UNSAMPLED,0
2862,115.96620698101654,0,,,,,,,,,,,29.6,75.9,UNSAMPLED,0
2863,116.00672627066749,0,,,,,,,,,,,29.6,75.9,UNSAMPLED,0
2864,116.04724556031844,1,,,6,75.-,,,,,,,29.6,75.9,HOLD_PREVIOUS,1
2865,116.08776484996939,0,,,,,,,,,,,29.6,75.9,UNSAMPLED,0
2866,116.12828413962033,0,,,,,,,,,,,29.6,75.9,UNSAMPLED,0
2867,116.16880342927129,0,,,,,,,,,,,29.6,75.9,UNSAMPLED,0
2868,116.20932271892224,0,,,,,,,,,,,29.6,75.9,UNSAMPLED,0
2869,116.24984200857318,0,,,,,,,,,,,29.6,75.9,UNSAMPLED,0
2870,116.29036129822413,0,,,,,,,,,,,29.6,75.9,UNSAMPLED,0
2871,116.33088058787509,0,,,,,,,,,,,29.6,75.9,UNSAMPLED,0
2872,116.37139987752603,1,,,6,75.-,,,,,,,29.6,75.9,HOLD_PREVIOUS,1
2873,116.41191916717698,0,,,,,,,,,,,29.6,75.9,UNSAMPLED,0
2874,116.45243845682793,0,,,,,,,,,,,29.6,75.9,UNSAMPLED,0
2875,116.49295774647888,0,,,,,,,,,,,29.6,75.9,UNSAMPLED,0
2876,116.53347703612982,0,,,,,,,,,,,29.6,75.9,UNSAMPLED,0
2877,116.57399632578078,0,,,,,,,,,,,29.6,75.9,UNSAMPLED,0
2878,116.61451561543173,0,,,,,,,,,,,29.6,75.9,UNSAMPLED,0
2879,116.65503490508267,0,,,,,,,,,,,29.6,75.9,UNSAMPLED,0
2880,116.69555419473363,1,,76.0,,76.00,29.6,76.0,29.6-,76.00,hsv_green/PSM7,gray_otsu/PSM7,29.6,76.0,ACCEPT_RETRY,1
2881,116.73607348438458,0,,,,,,,,,,,29.6,76.0,UNSAMPLED,0
2882,116.77659277403552,0,,,,,,,,,,,29.6,76.0,UNSAMPLED,0
2883,116.81711206368647,0,,,,,,,,,,,29.6,76.0,UNSAMPLED,0
2884,116.85763135333742,0,,,,,,,,,,,29.6,76.0,UNSAMPLED,0
2885,116.89815064298837,0,,,,,,,,,,,29.6,76.0,UNSAMPLED,0
2886,116.93866993263931,0,,,,,,,,,,,29.6,76.0,UNSAMPLED,0
2887,116.97918922229027,0,,,,,,,,,,,29.6,76.0,UNSAMPLED,0
2888,117.01970851194122,1,,76.0,,76.00,29.6,76.0,29.6,76.00,hsv_green/PSM7,gray_otsu/PSM7,29.6,76.0,ACCEPT_RETRY,1
2889,117.06022780159216,0,,,,,,,,,,,29.6,76.0,UNSAMPLED,0
2890,117.10074709124312,0,,,,,,,,,,,29.6,76.0,UNSAMPLED,0
2891,117.14126638089407,0,,,,,,,,,,,29.6,76.0,UNSAMPLED,0
2892,117.18178567054501,0,,,,,,,,,,,29.6,76.0,UNSAMPLED,0
2893,117.22230496019597,0,,,,,,,,,,,29.6,76.0,UNSAMPLED,0
2894,117.26282424984691,0,,,,,,,,,,,29.6,76.0,UNSAMPLED,0
2895,117.30334353949786,0,,,,,,,,,,,29.6,76.0,UNSAMPLED,0
2896,117.34386282914882,1,,76.1,,76.10,29.6,76.1,29.6,76.10,hsv_green/PSM7,gray_otsu/PSM7,29.6,76.1,ACCEPT_RETRY,1
2897,117.38438211879976,0,,,,,,,,,,,29.6,76.1,UNSAMPLED,0
2898,117.42490140845071,0,,,,,,,,,,,29.6,76.1,UNSAMPLED,0
2899,117.46542069810165,0,,,,,,,,,,,29.6,76.1,UNSAMPLED,0
2900,117.50593998775261,0,,,,,,,,,,,29.6,76.1,UNSAMPLED,0
2901,117.54645927740356,0,,,,,,,,,,,29.6,76.1,UNSAMPLED,0
2902,117.5869785670545,0,,,,,,,,,,,29.6,76.1,UNSAMPLED,0
2903,117.62749785670546,0,,,,,,,,,,,29.6,76.1,UNSAMPLED,0
2904,117.6680171463564,1,29.6,46.2,29.6,46.2-,29.6,76.2,29.6,76.20,green_difference/PSM7,green_channel_otsu/PSM7,29.6,76.2,ACCEPT_RETRY,1
2905,117.70853643600735,0,,,,,,,,,,,29.6,76.2,UNSAMPLED,0
2906,117.74905572565831,0,,,,,,,,,,,29.6,76.2,UNSAMPLED,0
2907,117.78957501530925,0,,,,,,,,,,,29.6,76.2,UNSAMPLED,0
2908,117.8300943049602,0,,,,,,,,,,,29.6,76.2,UNSAMPLED,0
2909,117.87061359461116,0,,,,,,,,,,,29.6,76.2,UNSAMPLED,0
2910,117.9111328842621,0,,,,,,,,,,,29.6,76.2,UNSAMPLED,0
2911,117.95165217391305,0,,,,,,,,,,,29.6,76.2,UNSAMPLED,0
2912,117.992171463564,1,29.6,761.5,29.6.,7615,,,,,,,29.6,76.2,HOLD_PREVIOUS,1
2913,118.03269075321495,0,,,,,,,,,,,29.6,76.2,UNSAMPLED,0
2914,118.0732100428659,0,,,,,,,,,,,29.6,76.2,UNSAMPLED,0
2915,118.11372933251684,0,,,,,,,,,,,29.6,76.2,UNSAMPLED,0
2916,118.1542486221678,0,,,,,,,,,,,29.6,76.2,UNSAMPLED,0
2917,118.19476791181874,0,,,,,,,,,,,29.6,76.2,UNSAMPLED,0
2918,118.23528720146969,0,,,,,,,,,,,29.6,76.2,UNSAMPLED,0
2919,118.27580649112065,0,,,,,,,,,,,29.6,76.2,UNSAMPLED,0
2920,118.31632578077159,1,29.6,76.2,29.6.,76.20,29.6,76.2,29.6.,76.20,green_difference/PSM7,gray_otsu/PSM7,29.6,76.2,ACCEPT_PRIMARY,0
2921,118.35684507042254,0,,,,,,,,,,,29.6,76.2,UNSAMPLED,0
2922,118.3973643600735,0,,,,,,,,,,,29.6,76.2,UNSAMPLED,0
2923,118.43788364972444,0,,,,,,,,,,,29.6,76.2,UNSAMPLED,0
2924,118.47840293937539,0,,,,,,,,,,,29.6,76.2,UNSAMPLED,0
2925,118.51892222902634,0,,,,,,,,,,,29.6,76.2,UNSAMPLED,0
2926,118.55944151867729,0,,,,,,,,,,,29.6,76.2,UNSAMPLED,0
2927,118.59996080832823,0,,,,,,,,,,,29.6,76.2,UNSAMPLED,0
2928,118.64048009797918,1,29.6,76.1,29.6.,76.10,29.6,76.1,29.6.,76.10,green_difference/PSM7,gray_otsu/PSM7,29.6,76.1,ACCEPT_PRIMARY,0
2929,118.68099938763014,0,,,,,,,,,,,29.6,76.1,UNSAMPLED,0
2930,118.72151867728108,0,,,,,,,,,,,29.6,76.1,UNSAMPLED,0
2931,118.76203796693203,0,,,,,,,,,,,29.6,76.1,UNSAMPLED,0
2932,118.80255725658299,0,,,,,,,,,,,29.6,76.1,UNSAMPLED,0
2933,118.84307654623393,0,,,,,,,,,,,29.6,76.1,UNSAMPLED,0
2934,118.88359583588488,0,,,,,,,,,,,29.6,76.1,UNSAMPLED,0
2935,118.92411512553583,0,,,,,,,,,,,29.6,76.1,UNSAMPLED,0
2936,118.96463441518678,1,29.6,76.2,29.6.,76.2-,29.6,76.2,29.6.,76.2-,green_difference/PSM7,gray_otsu/PSM7,29.6,76.2,ACCEPT_PRIMARY,0
2937,119.00515370483772,0,,,,,,,,,,,29.6,76.2,UNSAMPLED,0
2938,119.04567299448868,0,,,,,,,,,,,29.6,76.2,UNSAMPLED,0
2939,119.08619228413963,0,,,,,,,,,,,29.6,76.2,UNSAMPLED,0
2940,119.12671157379057,0,,,,,,,,,,,29.6,76.2,UNSAMPLED,0
2941,119.16723086344153,0,,,,,,,,,,,29.6,76.2,UNSAMPLED,0
2942,119.20775015309248,0,,,,,,,,,,,29.6,76.2,UNSAMPLED,0
2943,119.24826944274342,0,,,,,,,,,,,29.6,76.2,UNSAMPLED,0
2944,119.28878873239437,1,29.6,76.1,29.6.,76.10,29.6,76.1,29.6.,76.10,green_difference/PSM7,gray_otsu/PSM7,29.6,76.1,ACCEPT_PRIMARY,0
2945,119.32930802204532,0,,,,,,,,,,,29.6,76.1,UNSAMPLED,0
2946,119.36982731169627,0,,,,,,,,,,,29.6,76.1,UNSAMPLED,0
2947,119.41034660134721,0,,,,,,,,,,,29.6,76.1,UNSAMPLED,0
2948,119.45086589099817,0,,,,,,,,,,,29.6,76.1,UNSAMPLED,0
2949,119.49138518064912,0,,,,,,,,,,,29.6,76.1,UNSAMPLED,0
2950,119.53190447030006,0,,,,,,,,,,,29.6,76.1,UNSAMPLED,0
2951,119.57242375995102,0,,,,,,,,,,,29.6,76.1,UNSAMPLED,0
2952,119.61294304960197,1,29.6,761.0,29.60,7610,29.6,76.1,29.60,76.10,green_difference/PSM7,green_channel_otsu/PSM7,29.6,76.1,ACCEPT_RETRY,1
2953,119.65346233925291,0,,,,,,,,,,,29.6,76.1,UNSAMPLED,0
2954,119.69398162890387,0,,,,,,,,,,,29.6,76.1,UNSAMPLED,0
2955,119.73450091855482,0,,,,,,,,,,,29.6,76.1,UNSAMPLED,0
2956,119.77502020820576,0,,,,,,,,,,,29.6,76.1,UNSAMPLED,0
2957,119.81553949785672,0,,,,,,,,,,,29.6,76.1,UNSAMPLED,0
2958,119.85605878750766,0,,,,,,,,,,,29.6,76.1,UNSAMPLED,0
2959,119.89657807715861,0,,,,,,,,,,,29.6,76.1,UNSAMPLED,0
2960,119.93709736680955,1,29.6,761.0,29.60,7610,,,,,,,29.6,76.1,HOLD_PREVIOUS,1
2961,119.97761665646051,0,,,,,,,,,,,29.6,76.1,UNSAMPLED,0
2962,120.01813594611146,0,,,,,,,,,,,29.6,76.1,UNSAMPLED,0
2963,120.0586552357624,0,,,,,,,,,,,29.6,76.1,UNSAMPLED,0
2964,120.09917452541336,0,,,,,,,,,,,29.6,76.1,UNSAMPLED,0
2965,120.1396938150643,0,,,,,,,,,,,29.6,76.1,UNSAMPLED,0
2966,120.18021310471525,0,,,,,,,,,,,29.6,76.1,UNSAMPLED,0
2967,120.22073239436621,0,,,,,,,,,,,29.6,76.1,UNSAMPLED,0
2968,120.26125168401715,1,29.6,761.0,29.6,7610,,,,,,,29.6,76.1,HOLD_PREVIOUS,1
2969,120.3017709736681,0,,,,,,,,,,,29.6,76.1,UNSAMPLED,0
2970,120.34229026331906,0,,,,,,,,,,,29.6,76.1,UNSAMPLED,0
2971,120.38280955297,0,,,,,,,,,,,29.6,76.1,UNSAMPLED,0
2972,120.42332884262095,0,,,,,,,,,,,29.6,76.1,UNSAMPLED,0
2973,120.46384813227189,0,,,,,,,,,,,29.6,76.1,UNSAMPLED,0
2974,120.50436742192285,0,,,,,,,,,,,29.6,76.1,UNSAMPLED,0
2975,120.5448867115738,0,,,,,,,,,,,29.6,76.1,UNSAMPLED,0
2976,120.58540600122474,1,29.6,76.0,29.6,76.0-,29.6,76.0,29.6,76.0-,green_difference/PSM7,gray_otsu/PSM7,29.6,76.0,ACCEPT_PRIMARY,0
2977,120.6259252908757,0,,,,,,,,,,,29.6,76.0,UNSAMPLED,0
2978,120.66644458052664,0,,,,,,,,,,,29.6,76.0,UNSAMPLED,0
2979,120.70696387017759,0,,,,,,,,,,,29.6,76.0,UNSAMPLED,0
2980,120.74748315982855,0,,,,,,,,,,,29.6,76.0,UNSAMPLED,0
2981,120.78800244947949,0,,,,,,,,,,,29.6,76.0,UNSAMPLED,0
2982,120.82852173913044,0,,,,,,,,,,,29.6,76.0,UNSAMPLED,0
2983,120.8690410287814,0,,,,,,,,,,,29.6,76.0,UNSAMPLED,0
2984,120.90956031843234,1,29.6,76.0,296,76.0-,29.6,76.0,296,76.0-,green_difference/PSM7,gray_otsu/PSM7,29.6,76.0,ACCEPT_PRIMARY,0
2985,120.95007960808329,0,,,,,,,,,,,29.6,76.0,UNSAMPLED,0
2986,120.99059889773424,0,,,,,,,,,,,29.6,76.0,UNSAMPLED,0
2987,121.03111818738519,0,,,,,,,,,,,29.6,76.0,UNSAMPLED,0
2988,121.07163747703613,0,,,,,,,,,,,29.6,76.0,UNSAMPLED,0
2989,121.11215676668708,0,,,,,,,,,,,29.6,76.0,UNSAMPLED,0
2990,121.15267605633804,0,,,,,,,,,,,29.6,76.0,UNSAMPLED,0
2991,121.19319534598898,0,,,,,,,,,,,29.6,76.0,UNSAMPLED,0
2992,121.23371463563993,1,29.6,75.6,296,75.6-,29.6,75.6,296,75.6-,green_difference/PSM7,gray_otsu/PSM7,29.6,75.6,ACCEPT_PRIMARY,0
2993,121.27423392529089,0,,,,,,,,,,,29.6,75.6,UNSAMPLED,0
2994,121.31475321494183,0,,,,,,,,,,,29.6,75.6,UNSAMPLED,0
2995,121.35527250459278,0,,,,,,,,,,,29.6,75.6,UNSAMPLED,0
2996,121.39579179424373,0,,,,,,,,,,,29.6,75.6,UNSAMPLED,0
2997,121.43631108389468,0,,,,,,,,,,,29.6,75.6,UNSAMPLED,0
2998,121.47683037354562,0,,,,,,,,,,,29.6,75.6,UNSAMPLED,0
2999,121.51734966319658,0,,,,,,,,,,,29.6,75.6,UNSAMPLED,0
3000,121.55786895284753,1,29.6,75.6,29.60,75.60,29.6,75.6,29.60,75.60,green_difference/PSM7,gray_otsu/PSM7,29.6,75.6,ACCEPT_PRIMARY,0
3001,121.59838824249847,0,,,,,,,,,,,29.6,75.6,UNSAMPLED,0
3002,121.63890753214942,0,,,,,,,,,,,29.6,75.6,UNSAMPLED,0
3003,121.67942682180038,0,,,,,,,,,,,29.6,75.6,UNSAMPLED,0
3004,121.71994611145132,0,,,,,,,,,,,29.6,75.6,UNSAMPLED,0
3005,121.76046540110227,0,,,,,,,,,,,29.6,75.6,UNSAMPLED,0
3006,121.80098469075322,0,,,,,,,,,,,29.6,75.6,UNSAMPLED,0
3007,121.84150398040417,0,,,,,,,,,,,29.6,75.6,UNSAMPLED,0
3008,121.88202327005511,1,24.6,75.7,24.6,75.7-,29.6,75.7,296,75.7-,green_difference/PSM8,gray_otsu/PSM7,29.6,75.7,ACCEPT_RETRY,1
3009,121.92254255970607,0,,,,,,,,,,,29.6,75.7,UNSAMPLED,0
3010,121.96306184935702,0,,,,,,,,,,,29.6,75.7,UNSAMPLED,0
3011,122.00358113900796,0,,,,,,,,,,,29.6,75.7,UNSAMPLED,0
3012,122.04410042865892,0,,,,,,,,,,,29.6,75.7,UNSAMPLED,0
3013,122.08461971830987,0,,,,,,,,,,,29.6,75.7,UNSAMPLED,0
3014,122.12513900796081,0,,,,,,,,,,,29.6,75.7,UNSAMPLED,0
3015,122.16565829761177,0,,,,,,,,,,,29.6,75.7,UNSAMPLED,0
3016,122.20617758726272,1,24.6,45.8,24.6,45.80,,,,,,,29.6,75.7,HOLD_PREVIOUS,1
3017,122.24669687691366,0,,,,,,,,,,,29.6,75.7,UNSAMPLED,0
3018,122.2872161665646,0,,,,,,,,,,,29.6,75.7,UNSAMPLED,0
3019,122.32773545621556,0,,,,,,,,,,,29.6,75.7,UNSAMPLED,0
3020,122.36825474586651,0,,,,,,,,,,,29.6,75.7,UNSAMPLED,0
3021,122.40877403551745,0,,,,,,,,,,,29.6,75.7,UNSAMPLED,0
3022,122.44929332516841,0,,,,,,,,,,,29.6,75.7,UNSAMPLED,0
3023,122.48981261481936,0,,,,,,,,,,,29.6,75.7,UNSAMPLED,0
3024,122.5303319044703,1,24.6,45.8,24.6,45.80,,,,,,,29.6,75.7,HOLD_PREVIOUS,1
3025,122.57085119412126,0,,,,,,,,,,,29.6,75.7,UNSAMPLED,0
3026,122.6113704837722,0,,,,,,,,,,,29.6,75.7,UNSAMPLED,0
3027,122.65188977342315,0,,,,,,,,,,,29.6,75.7,UNSAMPLED,0
3028,122.69240906307411,0,,,,,,,,,,,29.6,75.7,UNSAMPLED,0
3029,122.73292835272505,0,,,,,,,,,,,29.6,75.7,UNSAMPLED,0
3030,122.773447642376,0,,,,,,,,,,,29.6,75.7,UNSAMPLED,0
3031,122.81396693202696,0,,,,,,,,,,,29.6,75.7,UNSAMPLED,0
3032,122.8544862216779,1,24.6,45.8,24.6,45.80,,,,,,,29.6,75.7,HOLD_PREVIOUS,1
3033,122.89500551132885,0,,,,,,,,,,,29.6,75.7,UNSAMPLED,0
3034,122.93552480097979,0,,,,,,,,,,,29.6,75.7,UNSAMPLED,0
3035,122.97604409063075,0,,,,,,,,,,,29.6,75.7,UNSAMPLED,0
3036,123.0165633802817,0,,,,,,,,,,,29.6,75.7,UNSAMPLED,0
3037,123.05708266993264,0,,,,,,,,,,,29.6,75.7,UNSAMPLED,0
3038,123.0976019595836,0,,,,,,,,,,,29.6,75.7,UNSAMPLED,0
3039,123.13812124923454,0,,,,,,,,,,,29.6,75.7,UNSAMPLED,0
3040,123.17864053888549,1,29.7,45.8,297,45.80,,,,,,,29.6,75.7,HOLD_PREVIOUS,1
3041,123.21915982853645,0,,,,,,,,,,,29.6,75.7,UNSAMPLED,0
3042,123.25967911818739,0,,,,,,,,,,,29.6,75.7,UNSAMPLED,0
3043,123.30019840783834,0,,,,,,,,,,,29.6,75.7,UNSAMPLED,0
3044,123.3407176974893,0,,,,,,,,,,,29.6,75.7,UNSAMPLED,0
3045,123.38123698714024,0,,,,,,,,,,,29.6,75.7,UNSAMPLED,0
3046,123.42175627679119,0,,,,,,,,,,,29.6,75.7,UNSAMPLED,0
3047,123.46227556644213,0,,,,,,,,,,,29.6,75.7,UNSAMPLED,0
3048,123.50279485609309,1,29.4,,29.4,75.-,,,,,,,29.6,75.7,HOLD_PREVIOUS,1
3049,123.54331414574403,0,,,,,,,,,,,29.6,75.7,UNSAMPLED,0
3050,123.58383343539498,0,,,,,,,,,,,29.6,75.7,UNSAMPLED,0
3051,123.62435272504594,0,,,,,,,,,,,29.6,75.7,UNSAMPLED,0
3052,123.66487201469688,0,,,,,,,,,,,29.6,75.7,UNSAMPLED,0
3053,123.70539130434783,0,,,,,,,,,,,29.6,75.7,UNSAMPLED,0
3054,123.74591059399879,0,,,,,,,,,,,29.6,75.7,UNSAMPLED,0
3055,123.78642988364973,0,,,,,,,,,,,29.6,75.7,UNSAMPLED,0
3056,123.82694917330068,1,79.5,45.7,795,45.70,,,,,,,29.6,75.7,HOLD_PREVIOUS,1
3057,123.86746846295163,0,,,,,,,,,,,29.6,75.7,UNSAMPLED,0
3058,123.90798775260258,0,,,,,,,,,,,29.6,75.7,UNSAMPLED,0
3059,123.94850704225352,0,,,,,,,,,,,29.6,75.7,UNSAMPLED,0
3060,123.98902633190448,0,,,,,,,,,,,29.6,75.7,UNSAMPLED,0
3061,124.02954562155543,0,,,,,,,,,,,29.6,75.7,UNSAMPLED,0
3062,124.07006491120637,0,,,,,,,,,,,29.6,75.7,UNSAMPLED,0
3063,124.11058420085732,0,,,,,,,,,,,29.6,75.7,UNSAMPLED,0
3064,124.15110349050828,1,79.5,45.7,795,45.70,,,,,,,29.6,75.7,HOLD_PREVIOUS,1
3065,124.19162278015922,0,,,,,,,,,,,29.6,75.7,UNSAMPLED,0
3066,124.23214206981017,0,,,,,,,,,,,29.6,75.7,UNSAMPLED,0
3067,124.27266135946113,0,,,,,,,,,,,29.6,75.7,UNSAMPLED,0
3068,124.31318064911207,0,,,,,,,,,,,29.6,75.7,UNSAMPLED,0
3069,124.35369993876301,0,,,,,,,,,,,29.6,75.7,UNSAMPLED,0
3070,124.39421922841397,0,,,,,,,,,,,29.6,75.7,UNSAMPLED,0
3071,124.43473851806492,0,,,,,,,,,,,29.6,75.7,UNSAMPLED,0
3072,124.47525780771586,1,,45.7,,45.70,,,,,,,29.6,75.7,HOLD_PREVIOUS,1
3073,124.51577709736682,0,,,,,,,,,,,29.6,75.7,UNSAMPLED,0
3074,124.55629638701777,0,,,,,,,,,,,29.6,75.7,UNSAMPLED,0
3075,124.59681567666871,0,,,,,,,,,,,29.6,75.7,UNSAMPLED,0
3076,124.63733496631967,0,,,,,,,,,,,29.6,75.7,UNSAMPLED,0
3077,124.67785425597062,0,,,,,,,,,,,29.6,75.7,UNSAMPLED,0
3078,124.71837354562156,0,,,,,,,,,,,29.6,75.7,UNSAMPLED,0
3079,124.7588928352725,0,,,,,,,,,,,29.6,75.7,UNSAMPLED,0
3080,124.79941212492346,1,29.4,75.8,29.4,75.8,29.4,75.8,29.4,75.8,green_difference/PSM7,gray_otsu/PSM7,29.4,75.8,ACCEPT_PRIMARY,0
3081,124.83993141457441,0,,,,,,,,,,,29.4,75.8,UNSAMPLED,0
3082,124.88045070422535,0,,,,,,,,,,,29.4,75.8,UNSAMPLED,0
3083,124.92096999387631,0,,,,,,,,,,,29.4,75.8,UNSAMPLED,0
3084,124.96148928352726,0,,,,,,,,,,,29.4,75.8,UNSAMPLED,0
3085,125.0020085731782,0,,,,,,,,,,,29.4,75.8,UNSAMPLED,0
3086,125.04252786282916,0,,,,,,,,,,,29.4,75.8,UNSAMPLED,0
3087,125.0830471524801,0,,,,,,,,,,,29.4,75.8,UNSAMPLED,0
3088,125.12356644213105,1,29.4,75.8,29.4,75.8,29.4,75.8,29.4,75.8,green_difference/PSM7,gray_otsu/PSM7,29.4,75.8,ACCEPT_PRIMARY,0
3089,125.16408573178201,0,,,,,,,,,,,29.4,75.8,UNSAMPLED,0
3090,125.20460502143295,0,,,,,,,,,,,29.4,75.8,UNSAMPLED,0
3091,125.2451243110839,0,,,,,,,,,,,29.4,75.8,UNSAMPLED,0
3092,125.28564360073484,0,,,,,,,,,,,29.4,75.8,UNSAMPLED,0
3093,125.3261628903858,0,,,,,,,,,,,29.4,75.8,UNSAMPLED,0
3094,125.36668218003675,0,,,,,,,,,,,29.4,75.8,UNSAMPLED,0
3095,125.40720146968769,0,,,,,,,,,,,29.4,75.8,UNSAMPLED,0
3096,125.44772075933865,1,29.4,75.8,29.4,75.8,29.4,75.8,29.4,75.8,green_difference/PSM7,gray_otsu/PSM7,29.4,75.8,ACCEPT_PRIMARY,0
3097,125.4882400489896,0,,,,,,,,,,,29.4,75.8,UNSAMPLED,0
3098,125.52875933864054,0,,,,,,,,,,,29.4,75.8,UNSAMPLED,0
3099,125.5692786282915,0,,,,,,,,,,,29.4,75.8,UNSAMPLED,0
3100,125.60979791794244,0,,,,,,,,,,,29.4,75.8,UNSAMPLED,0
3101,125.65031720759339,0,,,,,,,,,,,29.4,75.8,UNSAMPLED,0
3102,125.69083649724435,0,,,,,,,,,,,29.4,75.8,UNSAMPLED,0
3103,125.73135578689529,0,,,,,,,,,,,29.4,75.8,UNSAMPLED,0
3104,125.77187507654624,1,79.4,79.8,79.4,79.8,,,,,,,29.4,75.8,HOLD_PREVIOUS,1
3105,125.8123943661972,0,,,,,,,,,,,29.4,75.8,UNSAMPLED,0
3106,125.85291365584814,0,,,,,,,,,,,29.4,75.8,UNSAMPLED,0
3107,125.89343294549909,0,,,,,,,,,,,29.4,75.8,UNSAMPLED,0
3108,125.93395223515003,0,,,,,,,,,,,29.4,75.8,UNSAMPLED,0
3109,125.97447152480099,0,,,,,,,,,,,29.4,75.8,UNSAMPLED,0
3110,126.01499081445193,0,,,,,,,,,,,29.4,75.8,UNSAMPLED,0
3111,126.05551010410288,0,,,,,,,,,,,29.4,75.8,UNSAMPLED,0
3112,126.09602939375384,1,79.4,76.0,79.4,76.0-,29.4,76.0,29.4,76.0-,green_channel_otsu/PSM7,gray_otsu/PSM7,29.4,76.0,ACCEPT_RETRY,1
3113,126.13654868340478,0,,,,,,,,,,,29.4,76.0,UNSAMPLED,0
3114,126.17706797305573,0,,,,,,,,,,,29.4,76.0,UNSAMPLED,0
3115,126.21758726270669,0,,,,,,,,,,,29.4,76.0,UNSAMPLED,0
3116,126.25810655235763,0,,,,,,,,,,,29.4,76.0,UNSAMPLED,0
3117,126.29862584200858,0,,,,,,,,,,,29.4,76.0,UNSAMPLED,0
3118,126.33914513165954,0,,,,,,,,,,,29.4,76.0,UNSAMPLED,0
3119,126.37966442131048,0,,,,,,,,,,,29.4,76.0,UNSAMPLED,0
3120,126.42018371096142,1,79.4,76.0,79.4,76.0,29.4,76.0,29.4,76.0,green_channel_otsu/PSM7,gray_otsu/PSM7,29.4,76.0,ACCEPT_RETRY,1
3121,126.46070300061238,0,,,,,,,,,,,29.4,76.0,UNSAMPLED,0
3122,126.50122229026333,0,,,,,,,,,,,29.4,76.0,UNSAMPLED,0
3123,126.54174157991427,0,,,,,,,,,,,29.4,76.0,UNSAMPLED,0
3124,126.58226086956522,0,,,,,,,,,,,29.4,76.0,UNSAMPLED,0
3125,126.62278015921618,0,,,,,,,,,,,29.4,76.0,UNSAMPLED,0
3126,126.66329944886712,0,,,,,,,,,,,29.4,76.0,UNSAMPLED,0
3127,126.70381873851807,0,,,,,,,,,,,29.4,76.0,UNSAMPLED,0
3128,126.74433802816903,1,79.4,76.0,79.4,76.0,29.4,76.0,29.4,76.0,green_channel_otsu/PSM7,gray_otsu/PSM7,29.4,76.0,ACCEPT_RETRY,1
3129,126.78485731781997,0,,,,,,,,,,,29.4,76.0,UNSAMPLED,0
3130,126.82537660747091,0,,,,,,,,,,,29.4,76.0,UNSAMPLED,0
3131,126.86589589712187,0,,,,,,,,,,,29.4,76.0,UNSAMPLED,0
3132,126.90641518677282,0,,,,,,,,,,,29.4,76.0,UNSAMPLED,0
3133,126.94693447642376,0,,,,,,,,,,,29.4,76.0,UNSAMPLED,0
3134,126.98745376607472,0,,,,,,,,,,,29.4,76.0,UNSAMPLED,0
3135,127.02797305572567,0,,,,,,,,,,,29.4,76.0,UNSAMPLED,0
3136,127.06849234537661,1,79.4,76.0,79.4,76.0,29.4,76.0,29.4,76.0,green_channel_otsu/PSM7,gray_otsu/PSM7,29.4,76.0,ACCEPT_RETRY,1
3137,127.10901163502756,0,,,,,,,,,,,29.4,76.0,UNSAMPLED,0
3138,127.14953092467852,0,,,,,,,,,,,29.4,76.0,UNSAMPLED,0
3139,127.19005021432946,0,,,,,,,,,,,29.4,76.0,UNSAMPLED,0
3140,127.2305695039804,0,,,,,,,,,,,29.4,76.0,UNSAMPLED,0
3141,127.27108879363136,0,,,,,,,,,,,29.4,76.0,UNSAMPLED,0
3142,127.31160808328231,0,,,,,,,,,,,29.4,76.0,UNSAMPLED,0
3143,127.35212737293325,0,,,,,,,,,,,29.4,76.0,UNSAMPLED,0
3144,127.39264666258421,1,79.4,75.9,79.4,75.9-,29.4,75.9,29.4,75.9-,green_channel_otsu/PSM7,gray_otsu/PSM7,29.4,75.9,ACCEPT_RETRY,1
3145,127.43316595223516,0,,,,,,,,,,,29.4,75.9,UNSAMPLED,0
3146,127.4736852418861,0,,,,,,,,,,,29.4,75.9,UNSAMPLED,0
3147,127.51420453153706,0,,,,,,,,,,,29.4,75.9,UNSAMPLED,0
3148,127.554723821188,0,,,,,,,,,,,29.4,75.9,UNSAMPLED,0
3149,127.59524311083895,0,,,,,,,,,,,29.4,75.9,UNSAMPLED,0
3150,127.63576240048991,0,,,,,,,,,,,29.4,75.9,UNSAMPLED,0
3151,127.67628169014085,0,,,,,,,,,,,29.4,75.9,UNSAMPLED,0
3152,127.7168009797918,1,29.4,75.9,29.4,75.9-,29.4,75.9,29.4,75.9-,green_difference/PSM7,gray_otsu/PSM7,29.4,75.9,ACCEPT_PRIMARY,0
3153,127.75732026944274,0,,,,,,,,,,,29.4,75.9,UNSAMPLED,0
3154,127.7978395590937,0,,,,,,,,,,,29.4,75.9,UNSAMPLED,0
3155,127.83835884874465,0,,,,,,,,,,,29.4,75.9,UNSAMPLED,0
3156,127.87887813839559,0,,,,,,,,,,,29.4,75.9,UNSAMPLED,0
3157,127.91939742804655,0,,,,,,,,,,,29.4,75.9,UNSAMPLED,0
3158,127.9599167176975,0,,,,,,,,,,,29.4,75.9,UNSAMPLED,0
3159,128.00043600734844,0,,,,,,,,,,,29.4,75.9,UNSAMPLED,0
3160,128.04095529699939,1,29.4,75.8,29.4,75.80,29.4,75.8,29.4,75.80,green_difference/PSM7,gray_otsu/PSM7,29.4,75.8,ACCEPT_PRIMARY,0
3161,128.08147458665033,0,,,,,,,,,,,29.4,75.8,UNSAMPLED,0
3162,128.1219938763013,0,,,,,,,,,,,29.4,75.8,UNSAMPLED,0
3163,128.16251316595225,0,,,,,,,,,,,29.4,75.8,UNSAMPLED,0
3164,128.2030324556032,0,,,,,,,,,,,29.4,75.8,UNSAMPLED,0
3165,128.24355174525414,0,,,,,,,,,,,29.4,75.8,UNSAMPLED,0
3166,128.28407103490508,0,,,,,,,,,,,29.4,75.8,UNSAMPLED,0
3167,128.32459032455603,0,,,,,,,,,,,29.4,75.8,UNSAMPLED,0
3168,128.365109614207,1,29.4,75.8,29.4,75.80,29.4,75.8,29.4,75.80,green_difference/PSM7,gray_otsu/PSM7,29.4,75.8,ACCEPT_PRIMARY,0
3169,128.40562890385795,0,,,,,,,,,,,29.4,75.8,UNSAMPLED,0
3170,128.4461481935089,0,,,,,,,,,,,29.4,75.8,UNSAMPLED,0
3171,128.48666748315983,0,,,,,,,,,,,29.4,75.8,UNSAMPLED,0
3172,128.52718677281078,0,,,,,,,,,,,29.4,75.8,UNSAMPLED,0
3173,128.56770606246172,0,,,,,,,,,,,29.4,75.8,UNSAMPLED,0
3174,128.60822535211267,0,,,,,,,,,,,29.4,75.8,UNSAMPLED,0
3175,128.64874464176364,0,,,,,,,,,,,29.4,75.8,UNSAMPLED,0
3176,128.6892639314146,1,29.4,75.8,29.4,75.80,29.4,75.8,29.4,75.80,green_difference/PSM7,gray_otsu/PSM7,29.4,75.8,ACCEPT_PRIMARY,0
3177,128.72978322106553,0,,,,,,,,,,,29.4,75.8,UNSAMPLED,0
3178,128.77030251071648,0,,,,,,,,,,,29.4,75.8,UNSAMPLED,0
3179,128.81082180036742,0,,,,,,,,,,,29.4,75.8,UNSAMPLED,0
3180,128.85134109001837,0,,,,,,,,,,,29.4,75.8,UNSAMPLED,0
3181,128.89186037966934,0,,,,,,,,,,,29.4,75.8,UNSAMPLED,0
3182,128.93237966932028,0,,,,,,,,,,,29.4,75.8,UNSAMPLED,0
3183,128.97289895897123,0,,,,,,,,,,,29.4,75.8,UNSAMPLED,0
3184,129.01341824862217,1,29.4,75.9,294,75.9-,29.4,75.9,294,75.9-,green_difference/PSM7,gray_otsu/PSM7,29.4,75.9,ACCEPT_PRIMARY,0
3185,129.05393753827312,0,,,,,,,,,,,29.4,75.9,UNSAMPLED,0
3186,129.09445682792406,0,,,,,,,,,,,29.4,75.9,UNSAMPLED,0
3187,129.13497611757504,0,,,,,,,,,,,29.4,75.9,UNSAMPLED,0
3188,129.17549540722598,0,,,,,,,,,,,29.4,75.9,UNSAMPLED,0
3189,129.21601469687693,0,,,,,,,,,,,29.4,75.9,UNSAMPLED,0
3190,129.25653398652787,0,,,,,,,,,,,29.4,75.9,UNSAMPLED,0
3191,129.29705327617881,0,,,,,,,,,,,29.4,75.9,UNSAMPLED,0
3192,129.33757256582976,1,29.4,,294,75.-,,,,,,,29.4,75.9,HOLD_PREVIOUS,1
3193,129.3780918554807,0,,,,,,,,,,,29.4,75.9,UNSAMPLED,0
3194,129.41861114513168,0,,,,,,,,,,,29.4,75.9,UNSAMPLED,0
3195,129.45913043478262,0,,,,,,,,,,,29.4,75.9,UNSAMPLED,0
3196,129.49964972443357,0,,,,,,,,,,,29.4,75.9,UNSAMPLED,0
3197,129.5401690140845,0,,,,,,,,,,,29.4,75.9,UNSAMPLED,0
3198,129.58068830373546,0,,,,,,,,,,,29.4,75.9,UNSAMPLED,0
3199,129.6212075933864,0,,,,,,,,,,,29.4,75.9,UNSAMPLED,0
3200,129.66172688303737,1,29.4,5.7,294,5.70,,,,,,,29.4,75.9,HOLD_PREVIOUS,1
3201,129.70224617268832,0,,,,,,,,,,,29.4,75.9,UNSAMPLED,0
3202,129.74276546233926,0,,,,,,,,,,,29.4,75.9,UNSAMPLED,0
3203,129.7832847519902,0,,,,,,,,,,,29.4,75.9,UNSAMPLED,0
3204,129.82380404164115,0,,,,,,,,,,,29.4,75.9,UNSAMPLED,0
3205,129.8643233312921,0,,,,,,,,,,,29.4,75.9,UNSAMPLED,0
3206,129.90484262094304,0,,,,,,,,,,,29.4,75.9,UNSAMPLED,0
3207,129.94536191059402,0,,,,,,,,,,,29.4,75.9,UNSAMPLED,0
3208,129.98588120024496,1,29.4,45.8,294,45.8,,,,,,,29.4,75.9,HOLD_PREVIOUS,1
3209,130.0264004898959,0,,,,,,,,,,,29.4,75.9,UNSAMPLED,0
3210,130.06691977954685,0,,,,,,,,,,,29.4,75.9,UNSAMPLED,0
3211,130.1074390691978,0,,,,,,,,,,,29.4,75.9,UNSAMPLED,0
3212,130.14795835884874,0,,,,,,,,,,,29.4,75.9,UNSAMPLED,0
3213,130.1884776484997,0,,,,,,,,,,,29.4,75.9,UNSAMPLED,0
3214,130.22899693815066,0,,,,,,,,,,,29.4,75.9,UNSAMPLED,0
3215,130.2695162278016,0,,,,,,,,,,,29.4,75.9,UNSAMPLED,0
3216,130.31003551745255,1,29.4,45.9,294,45.90,,,,,,,29.4,75.9,HOLD_PREVIOUS,1
3217,130.3505548071035,0,,,,,,,,,,,29.4,75.9,UNSAMPLED,0
3218,130.39107409675444,0,,,,,,,,,,,29.4,75.9,UNSAMPLED,0
3219,130.43159338640538,0,,,,,,,,,,,29.4,75.9,UNSAMPLED,0
3220,130.47211267605635,0,,,,,,,,,,,29.4,75.9,UNSAMPLED,0
3221,130.5126319657073,0,,,,,,,,,,,29.4,75.9,UNSAMPLED,0
3222,130.55315125535824,0,,,,,,,,,,,29.4,75.9,UNSAMPLED,0
3223,130.5936705450092,0,,,,,,,,,,,29.4,75.9,UNSAMPLED,0
3224,130.63418983466013,1,29.4,45.9,294,45.90,,,,,,,29.4,75.9,HOLD_PREVIOUS,1
3225,130.67470912431108,0,,,,,,,,,,,29.4,75.9,UNSAMPLED,0
3226,130.71522841396205,0,,,,,,,,,,,29.4,75.9,UNSAMPLED,0
3227,130.755747703613,0,,,,,,,,,,,29.4,75.9,UNSAMPLED,0
3228,130.79626699326394,0,,,,,,,,,,,29.4,75.9,UNSAMPLED,0
3229,130.8367862829149,0,,,,,,,,,,,29.4,75.9,UNSAMPLED,0
3230,130.87730557256583,0,,,,,,,,,,,29.4,75.9,UNSAMPLED,0
3231,130.91782486221678,0,,,,,,,,,,,29.4,75.9,UNSAMPLED,0
3232,130.95834415186775,1,29.4,76.0,294,76.0-,29.4,76.0,294,76.0-,green_difference/PSM7,gray_otsu/PSM7,29.4,76.0,ACCEPT_PRIMARY,0
3233,130.9988634415187,0,,,,,,,,,,,29.4,76.0,UNSAMPLED,0
3234,131.03938273116964,0,,,,,,,,,,,29.4,76.0,UNSAMPLED,0
3235,131.07990202082058,0,,,,,,,,,,,29.4,76.0,UNSAMPLED,0
3236,131.12042131047153,0,,,,,,,,,,,29.4,76.0,UNSAMPLED,0
3237,131.16094060012247,0,,,,,,,,,,,29.4,76.0,UNSAMPLED,0
3238,131.20145988977342,0,,,,,,,,,,,29.4,76.0,UNSAMPLED,0
3239,131.2419791794244,0,,,,,,,,,,,29.4,76.0,UNSAMPLED,0
3240,131.28249846907534,1,29.4,76.0,294,76.0-,29.4,76.0,294,76.0-,green_difference/PSM7,gray_otsu/PSM7,29.4,76.0,ACCEPT_PRIMARY,0
3241,131.32301775872628,0,,,,,,,,,,,29.4,76.0,UNSAMPLED,0
3242,131.36353704837722,0,,,,,,,,,,,29.4,76.0,UNSAMPLED,0
3243,131.40405633802817,0,,,,,,,,,,,29.4,76.0,UNSAMPLED,0
3244,131.44457562767911,0,,,,,,,,,,,29.4,76.0,UNSAMPLED,0
3245,131.4850949173301,0,,,,,,,,,,,29.4,76.0,UNSAMPLED,0
3246,131.52561420698103,0,,,,,,,,,,,29.4,76.0,UNSAMPLED,0
3247,131.56613349663198,0,,,,,,,,,,,29.4,76.0,UNSAMPLED,0
3248,131.60665278628292,1,,76.0,,76.0-,29.4,76.0,29.4,76.00,hsv_green/PSM7,green_channel_otsu/PSM7,29.4,76.0,ACCEPT_RETRY,1
3249,131.64717207593387,0,,,,,,,,,,,29.4,76.0,UNSAMPLED,0
3250,131.6876913655848,0,,,,,,,,,,,29.4,76.0,UNSAMPLED,0
3251,131.72821065523576,0,,,,,,,,,,,29.4,76.0,UNSAMPLED,0
3252,131.76872994488673,0,,,,,,,,,,,29.4,76.0,UNSAMPLED,0
3253,131.80924923453767,0,,,,,,,,,,,29.4,76.0,UNSAMPLED,0
3254,131.84976852418862,0,,,,,,,,,,,29.4,76.0,UNSAMPLED,0
3255,131.89028781383956,0,,,,,,,,,,,29.4,76.0,UNSAMPLED,0
3256,131.9308071034905,1,,76.0,,76.0-,29.4,76.0,29.4,76.0-,hsv_green/PSM7,gray_otsu/PSM7,29.4,76.0,ACCEPT_RETRY,1
3257,131.97132639314145,0,,,,,,,,,,,29.4,76.0,UNSAMPLED,0
3258,132.01184568279243,0,,,,,,,,,,,29.4,76.0,UNSAMPLED,0
3259,132.05236497244337,0,,,,,,,,,,,29.4,76.0,UNSAMPLED,0
3260,132.09288426209432,0,,,,,,,,,,,29.4,76.0,UNSAMPLED,0
3261,132.13340355174526,0,,,,,,,,,,,29.4,76.0,UNSAMPLED,0
3262,132.1739228413962,0,,,,,,,,,,,29.4,76.0,UNSAMPLED,0
3263,132.21444213104715,0,,,,,,,,,,,29.4,76.0,UNSAMPLED,0
3264,132.2549614206981,1,,76.0,,76.0-,29.4,76.0,29.4,76.0-,green_channel_otsu/PSM7,gray_otsu/PSM7,29.4,76.0,ACCEPT_RETRY,1
3265,132.29548071034907,0,,,,,,,,,,,29.4,76.0,UNSAMPLED,0
3266,132.336,0,,,,,,,,,,,29.4,76.0,UNSAMPLED,0
3267,132.37651928965096,0,,,,,,,,,,,29.4,76.0,UNSAMPLED,0
3268,132.4170385793019,0,,,,,,,,,,,29.4,76.0,UNSAMPLED,0
3269,132.45755786895285,0,,,,,,,,,,,29.4,76.0,UNSAMPLED,0
3270,132.4980771586038,0,,,,,,,,,,,29.4,76.0,UNSAMPLED,0
3271,132.53859644825476,0,,,,,,,,,,,29.4,76.0,UNSAMPLED,0
3272,132.5791157379057,1,,76.0,,76.0-,29.4,76.0,29.4,76.0-,green_channel_otsu/PSM7,gray_otsu/PSM7,29.4,76.0,ACCEPT_RETRY,1
3273,132.61963502755665,0,,,,,,,,,,,29.4,76.0,UNSAMPLED,0
3274,132.6601543172076,0,,,,,,,,,,,29.4,76.0,UNSAMPLED,0
3275,132.70067360685854,0,,,,,,,,,,,29.4,76.0,UNSAMPLED,0
3276,132.7411928965095,0,,,,,,,,,,,29.4,76.0,UNSAMPLED,0
3277,132.78171218616046,0,,,,,,,,,,,29.4,76.0,UNSAMPLED,0
3278,132.8222314758114,0,,,,,,,,,,,29.4,76.0,UNSAMPLED,0
3279,132.86275076546235,0,,,,,,,,,,,29.4,76.0,UNSAMPLED,0
3280,132.9032700551133,1,,76.0,,76.0-,29.4,76.0,29.4,76.0-,green_channel_otsu/PSM7,gray_otsu/PSM7,29.4,76.0,ACCEPT_RETRY,1
3281,132.94378934476424,0,,,,,,,,,,,29.4,76.0,UNSAMPLED,0
3282,132.98430863441519,0,,,,,,,,,,,29.4,76.0,UNSAMPLED,0
3283,133.02482792406613,0,,,,,,,,,,,29.4,76.0,UNSAMPLED,0
3284,133.0653472137171,0,,,,,,,,,,,29.4,76.0,UNSAMPLED,0
3285,133.10586650336805,0,,,,,,,,,,,29.4,76.0,UNSAMPLED,0
3286,133.146385793019,0,,,,,,,,,,,29.4,76.0,UNSAMPLED,0
3287,133.18690508266994,0,,,,,,,,,,,29.4,76.0,UNSAMPLED,0
3288,133.22742437232088,1,,76.1,,76.1-,29.4,76.1,29.4,76.1-,green_channel_otsu/PSM7,gray_otsu/PSM7,29.4,76.1,ACCEPT_RETRY,1
3289,133.26794366197183,0,,,,,,,,,,,29.4,76.1,UNSAMPLED,0
3290,133.3084629516228,0,,,,,,,,,,,29.4,76.1,UNSAMPLED,0
3291,133.34898224127375,0,,,,,,,,,,,29.4,76.1,UNSAMPLED,0
3292,133.3895015309247,0,,,,,,,,,,,29.4,76.1,UNSAMPLED,0
3293,133.43002082057563,0,,,,,,,,,,,29.4,76.1,UNSAMPLED,0
3294,133.47054011022658,0,,,,,,,,,,,29.4,76.1,UNSAMPLED,0
3295,133.51105939987752,0,,,,,,,,,,,29.4,76.1,UNSAMPLED,0
3296,133.55157868952847,1,29.6,46.3,29.6,46.3-,29.6,76.3,29.6,76.30,green_difference/PSM7,green_channel_otsu/PSM7,29.6,76.3,ACCEPT_RETRY,1
3297,133.59209797917944,0,,,,,,,,,,,29.6,76.3,UNSAMPLED,0
3298,133.6326172688304,0,,,,,,,,,,,29.6,76.3,UNSAMPLED,0
3299,133.67313655848133,0,,,,,,,,,,,29.6,76.3,UNSAMPLED,0
3300,133.71365584813228,0,,,,,,,,,,,29.6,76.3,UNSAMPLED,0
3301,133.75417513778322,0,,,,,,,,,,,29.6,76.3,UNSAMPLED,0
3302,133.79469442743417,0,,,,,,,,,,,29.6,76.3,UNSAMPLED,0
3303,133.83521371708514,0,,,,,,,,,,,29.6,76.3,UNSAMPLED,0
3304,133.87573300673608,1,29.6,76.35,29.6,76.35,29.6,76.35,29.6,76.35,green_difference/PSM7,gray_otsu/PSM7,29.6,76.35,ACCEPT_PRIMARY,0
3305,133.91625229638703,0,,,,,,,,,,,29.6,76.35,UNSAMPLED,0
3306,133.95677158603797,0,,,,,,,,,,,29.6,76.35,UNSAMPLED,0
3307,133.99729087568892,0,,,,,,,,,,,29.6,76.35,UNSAMPLED,0
3308,134.03781016533986,0,,,,,,,,,,,29.6,76.35,UNSAMPLED,0
3309,134.0783294549908,0,,,,,,,,,,,29.6,76.35,UNSAMPLED,0
3310,134.11884874464178,0,,,,,,,,,,,29.6,76.35,UNSAMPLED,0
3311,134.15936803429273,0,,,,,,,,,,,29.6,76.35,UNSAMPLED,0
3312,134.19988732394367,1,29.6,76.35,29.6,76.35,29.6,76.35,29.6,76.35,green_difference/PSM7,gray_otsu/PSM7,29.6,76.35,ACCEPT_PRIMARY,0
3313,134.24040661359462,0,,,,,,,,,,,29.6,76.35,UNSAMPLED,0
3314,134.28092590324556,0,,,,,,,,,,,29.6,76.35,UNSAMPLED,0
3315,134.3214451928965,0,,,,,,,,,,,29.6,76.35,UNSAMPLED,0
3316,134.36196448254748,0,,,,,,,,,,,29.6,76.35,UNSAMPLED,0
3317,134.40248377219842,0,,,,,,,,,,,29.6,76.35,UNSAMPLED,0
3318,134.44300306184937,0,,,,,,,,,,,29.6,76.35,UNSAMPLED,0
3319,134.4835223515003,0,,,,,,,,,,,29.6,76.35,UNSAMPLED,0
3320,134.52404164115126,1,29.6,764.0,29.6,7640,,,,,,,29.6,76.35,HOLD_PREVIOUS,1
3321,134.5645609308022,0,,,,,,,,,,,29.6,76.35,UNSAMPLED,0
3322,134.60508022045317,0,,,,,,,,,,,29.6,76.35,UNSAMPLED,0
3323,134.64559951010412,0,,,,,,,,,,,29.6,76.35,UNSAMPLED,0
3324,134.68611879975506,0,,,,,,,,,,,29.6,76.35,UNSAMPLED,0
3325,134.726638089406,0,,,,,,,,,,,29.6,76.35,UNSAMPLED,0
3326,134.76715737905695,0,,,,,,,,,,,29.6,76.35,UNSAMPLED,0
3327,134.8076766687079,0,,,,,,,,,,,29.6,76.35,UNSAMPLED,0
3328,134.84819595835884,1,29.6,764.0,29.6,7640,,,,,,,29.6,76.35,HOLD_PREVIOUS,1
3329,134.88871524800982,0,,,,,,,,,,,29.6,76.35,UNSAMPLED,0
3330,134.92923453766076,0,,,,,,,,,,,29.6,76.35,UNSAMPLED,0
3331,134.9697538273117,0,,,,,,,,,,,29.6,76.35,UNSAMPLED,0
3332,135.01027311696265,0,,,,,,,,,,,29.6,76.35,UNSAMPLED,0
3333,135.0507924066136,0,,,,,,,,,,,29.6,76.35,UNSAMPLED,0
3334,135.09131169626454,0,,,,,,,,,,,29.6,76.35,UNSAMPLED,0
3335,135.1318309859155,0,,,,,,,,,,,29.6,76.35,UNSAMPLED,0
3336,135.17235027556646,1,29.6,764.0,29.6,7640,,,,,,,29.6,76.35,HOLD_PREVIOUS,1
3337,135.2128695652174,0,,,,,,,,,,,29.6,76.35,UNSAMPLED,0
3338,135.25338885486835,0,,,,,,,,,,,29.6,76.35,UNSAMPLED,0
3339,135.2939081445193,0,,,,,,,,,,,29.6,76.35,UNSAMPLED,0
3340,135.33442743417024,0,,,,,,,,,,,29.6,76.35,UNSAMPLED,0
3341,135.37494672382118,0,,,,,,,,,,,29.6,76.35,UNSAMPLED,0
3342,135.41546601347216,0,,,,,,,,,,,29.6,76.35,UNSAMPLED,0
3343,135.4559853031231,0,,,,,,,,,,,29.6,76.35,UNSAMPLED,0
3344,135.49650459277404,1,29.6,764.0,29.6,7640,,,,,,,29.6,76.35,HOLD_PREVIOUS,1
3345,135.537023882425,0,,,,,,,,,,,29.6,76.35,UNSAMPLED,0
3346,135.57754317207593,0,,,,,,,,,,,29.6,76.35,UNSAMPLED,0
3347,135.61806246172688,0,,,,,,,,,,,29.6,76.35,UNSAMPLED,0
3348,135.65858175137785,0,,,,,,,,,,,29.6,76.35,UNSAMPLED,0
3349,135.6991010410288,0,,,,,,,,,,,29.6,76.35,UNSAMPLED,0
3350,135.73962033067974,0,,,,,,,,,,,29.6,76.35,UNSAMPLED,0
3351,135.7801396203307,0,,,,,,,,,,,29.6,76.35,UNSAMPLED,0
3352,135.82065890998163,1,29.6,76.4,29.6,76.4,29.6,76.4,29.6,76.4,green_difference/PSM7,gray_otsu/PSM7,29.6,76.4,ACCEPT_PRIMARY,0
3353,135.86117819963258,0,,,,,,,,,,,29.6,76.4,UNSAMPLED,0
3354,135.90169748928352,0,,,,,,,,,,,29.6,76.4,UNSAMPLED,0
3355,135.9422167789345,0,,,,,,,,,,,29.6,76.4,UNSAMPLED,0
3356,135.98273606858544,0,,,,,,,,,,,29.6,76.4,UNSAMPLED,0
3357,136.02325535823638,0,,,,,,,,,,,29.6,76.4,UNSAMPLED,0
3358,136.06377464788733,0,,,,,,,,,,,29.6,76.4,UNSAMPLED,0
3359,136.10429393753827,0,,,,,,,,,,,29.6,76.4,UNSAMPLED,0
3360,136.14481322718922,1,29.6,76.3,29.6,76.3-,29.6,76.3,29.6,76.3-,green_difference/PSM7,gray_otsu/PSM7,29.6,76.3,ACCEPT_PRIMARY,0
3361,136.1853325168402,0,,,,,,,,,,,29.6,76.3,UNSAMPLED,0
3362,136.22585180649114,0,,,,,,,,,,,29.6,76.3,UNSAMPLED,0
3363,136.26637109614208,0,,,,,,,,,,,29.6,76.3,UNSAMPLED,0
3364,136.30689038579303,0,,,,,,,,,,,29.6,76.3,UNSAMPLED,0
3365,136.34740967544397,0,,,,,,,,,,,29.6,76.3,UNSAMPLED,0
3366,136.38792896509491,0,,,,,,,,,,,29.6,76.3,UNSAMPLED,0
3367,136.42844825474586,0,,,,,,,,,,,29.6,76.3,UNSAMPLED,0
3368,136.46896754439683,1,29.6,76.35,29.6,76.35,29.6,76.35,29.6,76.35,green_difference/PSM7,gray_otsu/PSM7,29.6,76.35,ACCEPT_PRIMARY,0
3369,136.50948683404778,0,,,,,,,,,,,29.6,76.35,UNSAMPLED,0
3370,136.55000612369872,0,,,,,,,,,,,29.6,76.35,UNSAMPLED,0
3371,136.59052541334967,0,,,,,,,,,,,29.6,76.35,UNSAMPLED,0
3372,136.6310447030006,0,,,,,,,,,,,29.6,76.35,UNSAMPLED,0
3373,136.67156399265156,0,,,,,,,,,,,29.6,76.35,UNSAMPLED,0
3374,136.71208328230253,0,,,,,,,,,,,29.6,76.35,UNSAMPLED,0
3375,136.75260257195347,0,,,,,,,,,,,29.6,76.35,UNSAMPLED,0
3376,136.79312186160442,1,29.6,76.35,29.6,76.35,29.6,76.35,29.6,76.35,green_difference/PSM7,gray_otsu/PSM7,29.6,76.35,ACCEPT_PRIMARY,0
3377,136.83364115125536,0,,,,,,,,,,,29.6,76.35,UNSAMPLED,0
3378,136.8741604409063,0,,,,,,,,,,,29.6,76.35,UNSAMPLED,0
3379,136.91467973055725,0,,,,,,,,,,,29.6,76.35,UNSAMPLED,0
3380,136.95519902020823,0,,,,,,,,,,,29.6,76.35,UNSAMPLED,0
3381,136.99571830985917,0,,,,,,,,,,,29.6,76.35,UNSAMPLED,0
3382,137.03623759951012,0,,,,,,,,,,,29.6,76.35,UNSAMPLED,0
3383,137.07675688916106,0,,,,,,,,,,,29.6,76.35,UNSAMPLED,0
3384,137.117276178812,1,29.6,76.2,29.6,76.20,29.6,76.2,29.6,76.20,green_difference/PSM7,gray_otsu/PSM7,29.6,76.2,ACCEPT_PRIMARY,0
3385,137.15779546846295,0,,,,,,,,,,,29.6,76.2,UNSAMPLED,0
3386,137.1983147581139,0,,,,,,,,,,,29.6,76.2,UNSAMPLED,0
3387,137.23883404776487,0,,,,,,,,,,,29.6,76.2,UNSAMPLED,0
3388,137.2793533374158,0,,,,,,,,,,,29.6,76.2,UNSAMPLED,0
3389,137.31987262706676,0,,,,,,,,,,,29.6,76.2,UNSAMPLED,0
3390,137.3603919167177,0,,,,,,,,,,,29.6,76.2,UNSAMPLED,0
3391,137.40091120636865,0,,,,,,,,,,,29.6,76.2,UNSAMPLED,0
3392,137.4414304960196,1,29.6,75.9,29.6,75.9-,29.6,75.9,29.6,75.9-,green_difference/PSM7,gray_otsu/PSM7,29.6,75.9,ACCEPT_PRIMARY,0
3393,137.48194978567057,0,,,,,,,,,,,29.6,75.9,UNSAMPLED,0
3394,137.5224690753215,0,,,,,,,,,,,29.6,75.9,UNSAMPLED,0
3395,137.56298836497245,0,,,,,,,,,,,29.6,75.9,UNSAMPLED,0
3396,137.6035076546234,0,,,,,,,,,,,29.6,75.9,UNSAMPLED,0
3397,137.64402694427434,0,,,,,,,,,,,29.6,75.9,UNSAMPLED,0
3398,137.6845462339253,0,,,,,,,,,,,29.6,75.9,UNSAMPLED,0
3399,137.72506552357623,0,,,,,,,,,,,29.6,75.9,UNSAMPLED,0
3400,137.7655848132272,1,29.6,75.9,29.6,75.9-,29.6,75.9,29.6,75.9-,green_difference/PSM7,gray_otsu/PSM7,29.6,75.9,ACCEPT_PRIMARY,0
3401,137.80610410287815,0,,,,,,,,,,,29.6,75.9,UNSAMPLED,0
3402,137.8466233925291,0,,,,,,,,,,,29.6,75.9,UNSAMPLED,0
3403,137.88714268218004,0,,,,,,,,,,,29.6,75.9,UNSAMPLED,0
3404,137.927661971831,0,,,,,,,,,,,29.6,75.9,UNSAMPLED,0
3405,137.96818126148193,0,,,,,,,,,,,29.6,75.9,UNSAMPLED,0
3406,138.0087005511329,0,,,,,,,,,,,29.6,75.9,UNSAMPLED,0
3407,138.04921984078385,0,,,,,,,,,,,29.6,75.9,UNSAMPLED,0
3408,138.0897391304348,1,29.6,45.8,29.6,45.8-,,,,,,,29.6,75.9,HOLD_PREVIOUS,1
3409,138.13025842008574,0,,,,,,,,,,,29.6,75.9,UNSAMPLED,0
3410,138.17077770973668,0,,,,,,,,,,,29.6,75.9,UNSAMPLED,0
3411,138.21129699938763,0,,,,,,,,,,,29.6,75.9,UNSAMPLED,0
3412,138.25181628903857,0,,,,,,,,,,,29.6,75.9,UNSAMPLED,0
3413,138.29233557868955,0,,,,,,,,,,,29.6,75.9,UNSAMPLED,0
3414,138.3328548683405,0,,,,,,,,,,,29.6,75.9,UNSAMPLED,0
3415,138.37337415799144,0,,,,,,,,,,,29.6,75.9,UNSAMPLED,0
3416,138.41389344764238,1,29.6,761.0,296,7610,,,,,,,29.6,75.9,HOLD_PREVIOUS,1
3417,138.45441273729332,0,,,,,,,,,,,29.6,75.9,UNSAMPLED,0
3418,138.49493202694427,0,,,,,,,,,,,29.6,75.9,UNSAMPLED,0
3419,138.53545131659524,0,,,,,,,,,,,29.6,75.9,UNSAMPLED,0
3420,138.5759706062462,0,,,,,,,,,,,29.6,75.9,UNSAMPLED,0
3421,138.61648989589713,0,,,,,,,,,,,29.6,75.9,UNSAMPLED,0
3422,138.65700918554808,0,,,,,,,,,,,29.6,75.9,UNSAMPLED,0
3423,138.69752847519902,0,,,,,,,,,,,29.6,75.9,UNSAMPLED,0
3424,138.73804776484997,1,29.4,76.0,294,76.0-,29.4,76.0,294,76.0-,green_difference/PSM7,gray_otsu/PSM7,29.4,76.0,ACCEPT_PRIMARY,0
3425,138.77856705450094,0,,,,,,,,,,,29.4,76.0,UNSAMPLED,0
3426,138.81908634415188,0,,,,,,,,,,,29.4,76.0,UNSAMPLED,0
3427,138.85960563380283,0,,,,,,,,,,,29.4,76.0,UNSAMPLED,0
3428,138.90012492345377,0,,,,,,,,,,,29.4,76.0,UNSAMPLED,0
3429,138.94064421310472,0,,,,,,,,,,,29.4,76.0,UNSAMPLED,0
3430,138.98116350275566,0,,,,,,,,,,,29.4,76.0,UNSAMPLED,0
3431,139.0216827924066,0,,,,,,,,,,,29.4,76.0,UNSAMPLED,0
3432,139.06220208205758,1,29.4,76.0,294,76.0-,29.4,76.0,294,76.0-,green_difference/PSM7,gray_otsu/PSM7,29.4,76.0,ACCEPT_PRIMARY,0
3433,139.10272137170853,0,,,,,,,,,,,29.4,76.0,UNSAMPLED,0
3434,139.14324066135947,0,,,,,,,,,,,29.4,76.0,UNSAMPLED,0
3435,139.18375995101042,0,,,,,,,,,,,29.4,76.0,UNSAMPLED,0
3436,139.22427924066136,0,,,,,,,,,,,29.4,76.0,UNSAMPLED,0
3437,139.2647985303123,0,,,,,,,,,,,29.4,76.0,UNSAMPLED,0
3438,139.30531781996328,0,,,,,,,,,,,29.4,76.0,UNSAMPLED,0
3439,139.34583710961422,0,,,,,,,,,,,29.4,76.0,UNSAMPLED,0
3440,139.38635639926517,1,29.4,76.0,294,76.0-,29.4,76.0,294,76.0-,green_difference/PSM7,gray_otsu/PSM7,29.4,76.0,ACCEPT_PRIMARY,0
3441,139.4268756889161,0,,,,,,,,,,,29.4,76.0,UNSAMPLED,0
3442,139.46739497856706,0,,,,,,,,,,,29.4,76.0,UNSAMPLED,0
3443,139.507914268218,0,,,,,,,,,,,29.4,76.0,UNSAMPLED,0
3444,139.54843355786895,0,,,,,,,,,,,29.4,76.0,UNSAMPLED,0
3445,139.58895284751992,0,,,,,,,,,,,29.4,76.0,UNSAMPLED,0
3446,139.62947213717086,0,,,,,,,,,,,29.4,76.0,UNSAMPLED,0
3447,139.6699914268218,0,,,,,,,,,,,29.4,76.0,UNSAMPLED,0
3448,139.71051071647275,1,29.4,76.1,29.4,76.1-,29.4,76.1,29.4,76.1-,green_difference/PSM7,gray_otsu/PSM7,29.4,76.1,ACCEPT_PRIMARY,0
3449,139.7510300061237,0,,,,,,,,,,,29.4,76.1,UNSAMPLED,0
3450,139.79154929577464,0,,,,,,,,,,,29.4,76.1,UNSAMPLED,0
3451,139.83206858542562,0,,,,,,,,,,,29.4,76.1,UNSAMPLED,0
3452,139.87258787507656,0,,,,,,,,,,,29.4,76.1,UNSAMPLED,0
3453,139.9131071647275,0,,,,,,,,,,,29.4,76.1,UNSAMPLED,0
3454,139.95362645437845,0,,,,,,,,,,,29.4,76.1,UNSAMPLED,0
3455,139.9941457440294,0,,,,,,,,,,,29.4,76.1,UNSAMPLED,0
3456,140.03466503368034,1,29.4,76.0,29.4,76.0-,29.4,76.0,29.4,76.0-,green_difference/PSM7,gray_otsu/PSM7,29.4,76.0,ACCEPT_PRIMARY,0
3457,140.07518432333129,0,,,,,,,,,,,29.4,76.0,UNSAMPLED,0
3458,140.11570361298226,0,,,,,,,,,,,29.4,76.0,UNSAMPLED,0
3459,140.1562229026332,0,,,,,,,,,,,29.4,76.0,UNSAMPLED,0
3460,140.19674219228415,0,,,,,,,,,,,29.4,76.0,UNSAMPLED,0
3461,140.2372614819351,0,,,,,,,,,,,29.4,76.0,UNSAMPLED,0
3462,140.27778077158604,0,,,,,,,,,,,29.4,76.0,UNSAMPLED,0
3463,140.31830006123698,0,,,,,,,,,,,29.4,76.0,UNSAMPLED,0
3464,140.35881935088796,1,29.4,76.0,29.4,76.0-,29.4,76.0,29.4,76.0-,green_difference/PSM7,gray_otsu/PSM7,29.4,76.0,ACCEPT_PRIMARY,0
3465,140.3993386405389,0,,,,,,,,,,,29.4,76.0,UNSAMPLED,0
3466,140.43985793018985,0,,,,,,,,,,,29.4,76.0,UNSAMPLED,0
3467,140.4803772198408,0,,,,,,,,,,,29.4,76.0,UNSAMPLED,0
3468,140.52089650949173,0,,,,,,,,,,,29.4,76.0,UNSAMPLED,0
3469,140.56141579914268,0,,,,,,,,,,,29.4,76.0,UNSAMPLED,0
3470,140.60193508879365,0,,,,,,,,,,,29.4,76.0,UNSAMPLED,0
3471,140.6424543784446,0,,,,,,,,,,,29.4,76.0,UNSAMPLED,0
3472,140.68297366809554,1,29.4,76.0,29.4,76.0-,29.4,76.0,29.4,76.0-,green_difference/PSM7,gray_otsu/PSM7,29.4,76.0,ACCEPT_PRIMARY,0
3473,140.7234929577465,0,,,,,,,,,,,29.4,76.0,UNSAMPLED,0
3474,140.76401224739743,0,,,,,,,,,,,29.4,76.0,UNSAMPLED,0
3475,140.80453153704838,0,,,,,,,,,,,29.4,76.0,UNSAMPLED,0
3476,140.84505082669932,0,,,,,,,,,,,29.4,76.0,UNSAMPLED,0
3477,140.8855701163503,0,,,,,,,,,,,29.4,76.0,UNSAMPLED,0
3478,140.92608940600124,0,,,,,,,,,,,29.4,76.0,UNSAMPLED,0
3479,140.96660869565218,0,,,,,,,,,,,29.4,76.0,UNSAMPLED,0
3480,141.00712798530313,1,29.4,76.0,29.4,76.0-,29.4,76.0,29.4,76.0-,green_difference/PSM7,gray_otsu/PSM7,29.4,76.0,ACCEPT_PRIMARY,0
3481,141.04764727495407,0,,,,,,,,,,,29.4,76.0,UNSAMPLED,0
3482,141.08816656460502,0,,,,,,,,,,,29.4,76.0,UNSAMPLED,0
3483,141.128685854256,0,,,,,,,,,,,29.4,76.0,UNSAMPLED,0
3484,141.16920514390694,0,,,,,,,,,,,29.4,76.0,UNSAMPLED,0
3485,141.20972443355788,0,,,,,,,,,,,29.4,76.0,UNSAMPLED,0
3486,141.25024372320883,0,,,,,,,,,,,29.4,76.0,UNSAMPLED,0
3487,141.29076301285977,0,,,,,,,,,,,29.4,76.0,UNSAMPLED,0
3488,141.33128230251071,1,29.4,76.0,29.4,76.0-,29.4,76.0,29.4,76.0-,green_difference/PSM7,gray_otsu/PSM7,29.4,76.0,ACCEPT_PRIMARY,0
3489,141.37180159216166,0,,,,,,,,,,,29.4,76.0,UNSAMPLED,0
3490,141.41232088181263,0,,,,,,,,,,,29.4,76.0,UNSAMPLED,0
3491,141.45284017146358,0,,,,,,,,,,,29.4,76.0,UNSAMPLED,0
3492,141.49335946111452,0,,,,,,,,,,,29.4,76.0,UNSAMPLED,0
3493,141.53387875076547,0,,,,,,,,,,,29.4,76.0,UNSAMPLED,0
3494,141.5743980404164,0,,,,,,,,,,,29.4,76.0,UNSAMPLED,0
3495,141.61491733006736,0,,,,,,,,,,,29.4,76.0,UNSAMPLED,0
3496,141.65543661971833,1,29.4,75.8,29.40,75.8,29.4,75.8,29.40,75.8,green_difference/PSM7,gray_otsu/PSM7,29.4,75.8,ACCEPT_PRIMARY,0
3497,141.69595590936927,0,,,,,,,,,,,29.4,75.8,UNSAMPLED,0
3498,141.73647519902022,0,,,,,,,,,,,29.4,75.8,UNSAMPLED,0
3499,141.77699448867116,0,,,,,,,,,,,29.4,75.8,UNSAMPLED,0
3500,141.8175137783221,0,,,,,,,,,,,29.4,75.8,UNSAMPLED,0
3501,141.85803306797305,0,,,,,,,,,,,29.4,75.8,UNSAMPLED,0
3502,141.898552357624,0,,,,,,,,,,,29.4,75.8,UNSAMPLED,0
3503,141.93907164727497,0,,,,,,,,,,,29.4,75.8,UNSAMPLED,0
3504,141.97959093692592,1,29.4,75.8,294,75.8-,29.4,75.8,294,75.8-,green_difference/PSM7,gray_otsu/PSM7,29.4,75.8,ACCEPT_PRIMARY,0
3505,142.02011022657686,0,,,,,,,,,,,29.4,75.8,UNSAMPLED,0
3506,142.0606295162278,0,,,,,,,,,,,29.4,75.8,UNSAMPLED,0
3507,142.10114880587875,0,,,,,,,,,,,29.4,75.8,UNSAMPLED,0
3508,142.1416680955297,0,,,,,,,,,,,29.4,75.8,UNSAMPLED,0
3509,142.18218738518067,0,,,,,,,,,,,29.4,75.8,UNSAMPLED,0
3510,142.2227066748316,0,,,,,,,,,,,29.4,75.8,UNSAMPLED,0
3511,142.26322596448256,0,,,,,,,,,,,29.4,75.8,UNSAMPLED,0
3512,142.3037452541335,1,29.4,75.8,294,75.8-,29.4,75.8,294,75.8-,green_difference/PSM7,gray_otsu/PSM7,29.4,75.8,ACCEPT_PRIMARY,0
3513,142.34426454378445,0,,,,,,,,,,,29.4,75.8,UNSAMPLED,0
3514,142.3847838334354,0,,,,,,,,,,,29.4,75.8,UNSAMPLED,0
3515,142.42530312308637,0,,,,,,,,,,,29.4,75.8,UNSAMPLED,0
3516,142.4658224127373,0,,,,,,,,,,,29.4,75.8,UNSAMPLED,0
3517,142.50634170238826,0,,,,,,,,,,,29.4,75.8,UNSAMPLED,0
3518,142.5468609920392,0,,,,,,,,,,,29.4,75.8,UNSAMPLED,0
3519,142.58738028169014,0,,,,,,,,,,,29.4,75.8,UNSAMPLED,0
3520,142.6278995713411,1,29.4,75.8,294,75.8-,29.4,75.8,294,75.8-,green_difference/PSM7,gray_otsu/PSM7,29.4,75.8,ACCEPT_PRIMARY,0
3521,142.66841886099203,0,,,,,,,,,,,29.4,75.8,UNSAMPLED,0
3522,142.708938150643,0,,,,,,,,,,,29.4,75.8,UNSAMPLED,0
3523,142.74945744029395,0,,,,,,,,,,,29.4,75.8,UNSAMPLED,0
3524,142.7899767299449,0,,,,,,,,,,,29.4,75.8,UNSAMPLED,0
3525,142.83049601959584,0,,,,,,,,,,,29.4,75.8,UNSAMPLED,0
3526,142.8710153092468,0,,,,,,,,,,,29.4,75.8,UNSAMPLED,0
3527,142.91153459889773,0,,,,,,,,,,,29.4,75.8,UNSAMPLED,0
3528,142.9520538885487,1,29.4,76.0,29.4,76.0-,29.4,76.0,29.4,76.0-,green_difference/PSM7,gray_otsu/PSM7,29.4,76.0,ACCEPT_PRIMARY,0
3529,142.99257317819965,0,,,,,,,,,,,29.4,76.0,UNSAMPLED,0
3530,143.0330924678506,0,,,,,,,,,,,29.4,76.0,UNSAMPLED,0
3531,143.07361175750154,0,,,,,,,,,,,29.4,76.0,UNSAMPLED,0
3532,143.11413104715248,0,,,,,,,,,,,29.4,76.0,UNSAMPLED,0
3533,143.15465033680343,0,,,,,,,,,,,29.4,76.0,UNSAMPLED,0
3534,143.19516962645437,0,,,,,,,,,,,29.4,76.0,UNSAMPLED,0
3535,143.23568891610535,0,,,,,,,,,,,29.4,76.0,UNSAMPLED,0
3536,143.2762082057563,1,29.4,76.0,29.4,76.0,29.4,76.0,29.4,76.0,green_difference/PSM7,gray_otsu/PSM7,29.4,76.0,ACCEPT_PRIMARY,0
3537,143.31672749540724,0,,,,,,,,,,,29.4,76.0,UNSAMPLED,0
3538,143.35724678505818,0,,,,,,,,,,,29.4,76.0,UNSAMPLED,0
3539,143.39776607470912,0,,,,,,,,,,,29.4,76.0,UNSAMPLED,0
3540,143.43828536436007,0,,,,,,,,,,,29.4,76.0,UNSAMPLED,0
3541,143.47880465401104,0,,,,,,,,,,,29.4,76.0,UNSAMPLED,0
3542,143.519323943662,0,,,,,,,,,,,29.4,76.0,UNSAMPLED,0
3543,143.55984323331293,0,,,,,,,,,,,29.4,76.0,UNSAMPLED,0
3544,143.60036252296388,1,29.4,76.0,29.4,76.0,29.4,76.0,29.4,76.0,green_difference/PSM7,gray_otsu/PSM7,29.4,76.0,ACCEPT_PRIMARY,0
3545,143.64088181261482,0,,,,,,,,,,,29.4,76.0,UNSAMPLED,0
3546,143.68140110226577,0,,,,,,,,,,,29.4,76.0,UNSAMPLED,0
3547,143.7219203919167,0,,,,,,,,,,,29.4,76.0,UNSAMPLED,0
3548,143.76243968156768,0,,,,,,,,,,,29.4,76.0,UNSAMPLED,0
3549,143.80295897121863,0,,,,,,,,,,,29.4,76.0,UNSAMPLED,0
3550,143.84347826086957,0,,,,,,,,,,,29.4,76.0,UNSAMPLED,0
3551,143.88399755052052,0,,,,,,,,,,,29.4,76.0,UNSAMPLED,0
3552,143.92451684017146,1,294.0,45.9,2940,45.90,,,,,,,29.4,76.0,HOLD_PREVIOUS,1
3553,143.9650361298224,0,,,,,,,,,,,29.4,76.0,UNSAMPLED,0
3554,144.00555541947338,0,,,,,,,,,,,29.4,76.0,UNSAMPLED,0
3555,144.04607470912433,0,,,,,,,,,,,29.4,76.0,UNSAMPLED,0
3556,144.08659399877527,0,,,,,,,,,,,29.4,76.0,UNSAMPLED,0
3557,144.12711328842622,0,,,,,,,,,,,29.4,76.0,UNSAMPLED,0
3558,144.16763257807716,0,,,,,,,,,,,29.4,76.0,UNSAMPLED,0
3559,144.2081518677281,0,,,,,,,,,,,29.4,76.0,UNSAMPLED,0
3560,144.24867115737908,1,294.0,45.8,2940,45.80,29.47,76.8,29.47,768,hsv_green/PSM7,green_difference/PSM8,29.47,76.8,ACCEPT_RETRY,1
3561,144.28919044703002,0,,,,,,,,,,,29.47,76.8,UNSAMPLED,0
3562,144.32970973668097,0,,,,,,,,,,,29.47,76.8,UNSAMPLED,0
3563,144.3702290263319,0,,,,,,,,,,,29.47,76.8,UNSAMPLED,0
3564,144.41074831598286,0,,,,,,,,,,,29.47,76.8,UNSAMPLED,0
3565,144.4512676056338,0,,,,,,,,,,,29.47,76.8,UNSAMPLED,0
3566,144.49178689528475,0,,,,,,,,,,,29.47,76.8,UNSAMPLED,0
3567,144.53230618493572,0,,,,,,,,,,,29.47,76.8,UNSAMPLED,0
3568,144.57282547458666,1,294.0,45.7,2940,45.7-,,,,,,,29.47,76.8,HOLD_PREVIOUS,1
3569,144.6133447642376,0,,,,,,,,,,,29.47,76.8,UNSAMPLED,0
3570,144.65386405388855,0,,,,,,,,,,,29.47,76.8,UNSAMPLED,0
3571,144.6943833435395,0,,,,,,,,,,,29.47,76.8,UNSAMPLED,0
3572,144.73490263319044,0,,,,,,,,,,,29.47,76.8,UNSAMPLED,0
3573,144.77542192284142,0,,,,,,,,,,,29.47,76.8,UNSAMPLED,0
3574,144.81594121249236,0,,,,,,,,,,,29.47,76.8,UNSAMPLED,0
3575,144.8564605021433,0,,,,,,,,,,,29.47,76.8,UNSAMPLED,0
3576,144.89697979179425,1,294.0,45.7,2940,45.7-,,,,,,,29.47,76.8,HOLD_PREVIOUS,1
3577,144.9374990814452,0,,,,,,,,,,,29.47,76.8,UNSAMPLED,0
3578,144.97801837109614,0,,,,,,,,,,,29.47,76.8,UNSAMPLED,0
3579,145.01853766074709,0,,,,,,,,,,,29.47,76.8,UNSAMPLED,0
3580,145.05905695039806,0,,,,,,,,,,,29.47,76.8,UNSAMPLED,0
3581,145.099576240049,0,,,,,,,,,,,29.47,76.8,UNSAMPLED,0
3582,145.14009552969995,0,,,,,,,,,,,29.47,76.8,UNSAMPLED,0
3583,145.1806148193509,0,,,,,,,,,,,29.47,76.8,UNSAMPLED,0
3584,145.22113410900184,1,294.0,45.7,2940,45.7-,,,,,,,29.47,76.8,HOLD_PREVIOUS,1
3585,145.26165339865278,0,,,,,,,,,,,29.47,76.8,UNSAMPLED,0
3586,145.30217268830376,0,,,,,,,,,,,29.47,76.8,UNSAMPLED,0
3587,145.3426919779547,0,,,,,,,,,,,29.47,76.8,UNSAMPLED,0
3588,145.38321126760565,0,,,,,,,,,,,29.47,76.8,UNSAMPLED,0
3589,145.4237305572566,0,,,,,,,,,,,29.47,76.8,UNSAMPLED,0
3590,145.46424984690753,0,,,,,,,,,,,29.47,76.8,UNSAMPLED,0
3591,145.50476913655848,0,,,,,,,,,,,29.47,76.8,UNSAMPLED,0
3592,145.54528842620942,1,294.0,45.7,2940,45.7-,,,,,,,29.47,76.8,HOLD_PREVIOUS,1
3593,145.5858077158604,0,,,,,,,,,,,29.47,76.8,UNSAMPLED,0
3594,145.62632700551134,0,,,,,,,,,,,29.47,76.8,UNSAMPLED,0
3595,145.6668462951623,0,,,,,,,,,,,29.47,76.8,UNSAMPLED,0
3596,145.70736558481323,0,,,,,,,,,,,29.47,76.8,UNSAMPLED,0
3597,145.74788487446418,0,,,,,,,,,,,29.47,76.8,UNSAMPLED,0
3598,145.78840416411512,0,,,,,,,,,,,29.47,76.8,UNSAMPLED,0
3599,145.8289234537661,0,,,,,,,,,,,29.47,76.8,UNSAMPLED,0
3600,145.86944274341704,1,29.4,45.47,294,45.47,,,,,,,29.47,76.8,HOLD_PREVIOUS,1
3601,145.90996203306798,0,,,,,,,,,,,29.47,76.8,UNSAMPLED,0
3602,145.95048132271893,0,,,,,,,,,,,29.47,76.8,UNSAMPLED,0
3603,145.99100061236987,0,,,,,,,,,,,29.47,76.8,UNSAMPLED,0
3604,146.03151990202082,0,,,,,,,,,,,29.47,76.8,UNSAMPLED,0
3605,146.0720391916718,0,,,,,,,,,,,29.47,76.8,UNSAMPLED,0
3606,146.11255848132274,0,,,,,,,,,,,29.47,76.8,UNSAMPLED,0
3607,146.15307777097368,0,,,,,,,,,,,29.47,76.8,UNSAMPLED,0
3608,146.19359706062463,1,29.4,45.47,294,45.47,,,,,,,29.47,76.8,HOLD_PREVIOUS,1
3609,146.23411635027557,0,,,,,,,,,,,29.47,76.8,UNSAMPLED,0
3610,146.27463563992652,0,,,,,,,,,,,29.47,76.8,UNSAMPLED,0
3611,146.31515492957746,0,,,,,,,,,,,29.47,76.8,UNSAMPLED,0
3612,146.35567421922843,0,,,,,,,,,,,29.47,76.8,UNSAMPLED,0
3613,146.39619350887938,0,,,,,,,,,,,29.47,76.8,UNSAMPLED,0
3614,146.43671279853032,0,,,,,,,,,,,29.47,76.8,UNSAMPLED,0
3615,146.47723208818127,0,,,,,,,,,,,29.47,76.8,UNSAMPLED,0
3616,146.5177513778322,1,29.4,75.8,294,75.8,29.4,75.8,294,75.8,green_difference/PSM7,gray_otsu/PSM7,29.4,75.8,ACCEPT_PRIMARY,0
3617,146.55827066748316,0,,,,,,,,,,,29.4,75.8,UNSAMPLED,0
3618,146.59878995713413,0,,,,,,,,,,,29.4,75.8,UNSAMPLED,0
3619,146.63930924678507,0,,,,,,,,,,,29.4,75.8,UNSAMPLED,0
3620,146.67982853643602,0,,,,,,,,,,,29.4,75.8,UNSAMPLED,0
3621,146.72034782608696,0,,,,,,,,,,,29.4,75.8,UNSAMPLED,0
3622,146.7608671157379,0,,,,,,,,,,,29.4,75.8,UNSAMPLED,0
3623,146.80138640538885,0,,,,,,,,,,,29.4,75.8,UNSAMPLED,0
3624,146.8419056950398,1,29.4,75.8,294,75.8,29.4,75.8,294,75.8,green_difference/PSM7,gray_otsu/PSM7,29.4,75.8,ACCEPT_PRIMARY,0
3625,146.88242498469077,0,,,,,,,,,,,29.4,75.8,UNSAMPLED,0
3626,146.92294427434172,0,,,,,,,,,,,29.4,75.8,UNSAMPLED,0
3627,146.96346356399266,0,,,,,,,,,,,29.4,75.8,UNSAMPLED,0
3628,147.0039828536436,0,,,,,,,,,,,29.4,75.8,UNSAMPLED,0
3629,147.04450214329455,0,,,,,,,,,,,29.4,75.8,UNSAMPLED,0
3630,147.0850214329455,0,,,,,,,,,,,29.4,75.8,UNSAMPLED,0
3631,147.12554072259647,0,,,,,,,,,,,29.4,75.8,UNSAMPLED,0
3632,147.1660600122474,1,29.4,75.8,294,75.80,29.4,75.8,294,75.80,green_difference/PSM7,gray_otsu/PSM7,29.4,75.8,ACCEPT_PRIMARY,0
3633,147.20657930189836,0,,,,,,,,,,,29.4,75.8,UNSAMPLED,0
3634,147.2470985915493,0,,,,,,,,,,,29.4,75.8,UNSAMPLED,0
3635,147.28761788120025,0,,,,,,,,,,,29.4,75.8,UNSAMPLED,0
3636,147.3281371708512,0,,,,,,,,,,,29.4,75.8,UNSAMPLED,0
3637,147.36865646050214,0,,,,,,,,,,,29.4,75.8,UNSAMPLED,0
3638,147.4091757501531,0,,,,,,,,,,,29.4,75.8,UNSAMPLED,0
3639,147.44969503980406,0,,,,,,,,,,,29.4,75.8,UNSAMPLED,0
3640,147.490214329455,1,29.4,75.8,294,75.8-,29.4,75.8,294,75.8-,green_difference/PSM7,gray_otsu/PSM7,29.4,75.8,ACCEPT_PRIMARY,0
3641,147.53073361910594,0,,,,,,,,,,,29.4,75.8,UNSAMPLED,0
3642,147.5712529087569,0,,,,,,,,,,,29.4,75.8,UNSAMPLED,0
3643,147.61177219840783,0,,,,,,,,,,,29.4,75.8,UNSAMPLED,0
3644,147.6522914880588,0,,,,,,,,,,,29.4,75.8,UNSAMPLED,0
3645,147.69281077770975,0,,,,,,,,,,,29.4,75.8,UNSAMPLED,0
3646,147.7333300673607,0,,,,,,,,,,,29.4,75.8,UNSAMPLED,0
3647,147.77384935701164,0,,,,,,,,,,,29.4,75.8,UNSAMPLED,0
3648,147.8143686466626,1,29.4,75.8,29.4,75.8-,29.4,75.8,29.4,75.8-,green_difference/PSM7,gray_otsu/PSM7,29.4,75.8,ACCEPT_PRIMARY,0
3649,147.85488793631353,0,,,,,,,,,,,29.4,75.8,UNSAMPLED,0
3650,147.89540722596448,0,,,,,,,,,,,29.4,75.8,UNSAMPLED,0
3651,147.93592651561545,0,,,,,,,,,,,29.4,75.8,UNSAMPLED,0
3652,147.9764458052664,0,,,,,,,,,,,29.4,75.8,UNSAMPLED,0
3653,148.01696509491734,0,,,,,,,,,,,29.4,75.8,UNSAMPLED,0
3654,148.05748438456828,0,,,,,,,,,,,29.4,75.8,UNSAMPLED,0
3655,148.09800367421923,0,,,,,,,,,,,29.4,75.8,UNSAMPLED,0
3656,148.13852296387017,1,29.4,45.7,294,45.7-,,,,,,,29.4,75.8,HOLD_PREVIOUS,1
3657,148.17904225352115,0,,,,,,,,,,,29.4,75.8,UNSAMPLED,0
3658,148.2195615431721,0,,,,,,,,,,,29.4,75.8,UNSAMPLED,0
3659,148.26008083282304,0,,,,,,,,,,,29.4,75.8,UNSAMPLED,0
3660,148.30060012247398,0,,,,,,,,,,,29.4,75.8,UNSAMPLED,0
3661,148.34111941212493,0,,,,,,,,,,,29.4,75.8,UNSAMPLED,0
3662,148.38163870177587,0,,,,,,,,,,,29.4,75.8,UNSAMPLED,0
3663,148.42215799142684,0,,,,,,,,,,,29.4,75.8,UNSAMPLED,0
3664,148.4626772810778,1,29.6,75.9,29.6.,75.9-,29.6,75.9,29.6.,75.9-,green_difference/PSM7,gray_otsu/PSM7,29.6,75.9,ACCEPT_PRIMARY,0
3665,148.50319657072873,0,,,,,,,,,,,29.6,75.9,UNSAMPLED,0
3666,148.54371586037968,0,,,,,,,,,,,29.6,75.9,UNSAMPLED,0
3667,148.58423515003062,0,,,,,,,,,,,29.6,75.9,UNSAMPLED,0
3668,148.62475443968157,0,,,,,,,,,,,29.6,75.9,UNSAMPLED,0
3669,148.6652737293325,0,,,,,,,,,,,29.6,75.9,UNSAMPLED,0
3670,148.70579301898348,0,,,,,,,,,,,29.6,75.9,UNSAMPLED,0
3671,148.74631230863443,0,,,,,,,,,,,29.6,75.9,UNSAMPLED,0
3672,148.78683159828537,1,29.6,76.0,29.6.,76.00,29.6,76.0,29.6.,76.00,green_difference/PSM7,gray_otsu/PSM7,29.6,76.0,ACCEPT_PRIMARY,0
3673,148.82735088793632,0,,,,,,,,,,,29.6,76.0,UNSAMPLED,0
3674,148.86787017758726,0,,,,,,,,,,,29.6,76.0,UNSAMPLED,0
3675,148.9083894672382,0,,,,,,,,,,,29.6,76.0,UNSAMPLED,0
3676,148.94890875688918,0,,,,,,,,,,,29.6,76.0,UNSAMPLED,0
3677,148.98942804654013,0,,,,,,,,,,,29.6,76.0,UNSAMPLED,0
3678,149.02994733619107,0,,,,,,,,,,,29.6,76.0,UNSAMPLED,0
3679,149.07046662584202,0,,,,,,,,,,,29.6,76.0,UNSAMPLED,0
3680,149.11098591549296,1,29.6,76.0,29.6.,76.00,29.6,76.0,29.6.,76.00,green_difference/PSM7,gray_otsu/PSM7,29.6,76.0,ACCEPT_PRIMARY,0
3681,149.1515052051439,0,,,,,,,,,,,29.6,76.0,UNSAMPLED,0
3682,149.19202449479485,0,,,,,,,,,,,29.6,76.0,UNSAMPLED,0
3683,149.23254378444582,0,,,,,,,,,,,29.6,76.0,UNSAMPLED,0
3684,149.27306307409677,0,,,,,,,,,,,29.6,76.0,UNSAMPLED,0
3685,149.3135823637477,0,,,,,,,,,,,29.6,76.0,UNSAMPLED,0
3686,149.35410165339866,0,,,,,,,,,,,29.6,76.0,UNSAMPLED,0
3687,149.3946209430496,0,,,,,,,,,,,29.6,76.0,UNSAMPLED,0
3688,149.43514023270055,1,29.6,76.0,29.6.,76.00,29.6,76.0,29.6.,76.00,green_difference/PSM7,gray_otsu/PSM7,29.6,76.0,ACCEPT_PRIMARY,0
3689,149.47565952235152,0,,,,,,,,,,,29.6,76.0,UNSAMPLED,0
3690,149.51617881200247,0,,,,,,,,,,,29.6,76.0,UNSAMPLED,0
3691,149.5566981016534,0,,,,,,,,,,,29.6,76.0,UNSAMPLED,0
3692,149.59721739130435,0,,,,,,,,,,,29.6,76.0,UNSAMPLED,0
3693,149.6377366809553,0,,,,,,,,,,,29.6,76.0,UNSAMPLED,0
3694,149.67825597060624,0,,,,,,,,,,,29.6,76.0,UNSAMPLED,0
3695,149.7187752602572,0,,,,,,,,,,,29.6,76.0,UNSAMPLED,0
3696,149.75929454990816,1,,76.0,,76.0,29.6,76.0,29.6,76.00,hsv_green/PSM7,green_channel_otsu/PSM7,29.6,76.0,ACCEPT_RETRY,1
3697,149.7998138395591,0,,,,,,,,,,,29.6,76.0,UNSAMPLED,0
3698,149.84033312921005,0,,,,,,,,,,,29.6,76.0,UNSAMPLED,0
3699,149.880852418861,0,,,,,,,,,,,29.6,76.0,UNSAMPLED,0
3700,149.92137170851194,0,,,,,,,,,,,29.6,76.0,UNSAMPLED,0
3701,149.9618909981629,0,,,,,,,,,,,29.6,76.0,UNSAMPLED,0
3702,150.00241028781386,0,,,,,,,,,,,29.6,76.0,UNSAMPLED,0
3703,150.0429295774648,0,,,,,,,,,,,29.6,76.0,UNSAMPLED,0
3704,150.08344886711575,1,29.6,76.0,29.6,76.0-,29.6,76.0,29.6,76.0-,green_difference/PSM7,gray_otsu/PSM7,29.6,76.0,ACCEPT_PRIMARY,0
3705,150.1239681567667,0,,,,,,,,,,,29.6,76.0,UNSAMPLED,0
3706,150.16448744641764,0,,,,,,,,,,,29.6,76.0,UNSAMPLED,0
3707,150.20500673606858,0,,,,,,,,,,,29.6,76.0,UNSAMPLED,0
3708,150.24552602571956,0,,,,,,,,,,,29.6,76.0,UNSAMPLED,0
3709,150.2860453153705,0,,,,,,,,,,,29.6,76.0,UNSAMPLED,0
3710,150.32656460502145,0,,,,,,,,,,,29.6,76.0,UNSAMPLED,0
3711,150.3670838946724,0,,,,,,,,,,,29.6,76.0,UNSAMPLED,0
3712,150.40760318432334,1,29.6,76.0,29.6,76.0-,29.6,76.0,29.6,76.0-,green_difference/PSM7,gray_otsu/PSM7,29.6,76.0,ACCEPT_PRIMARY,0
3713,150.44812247397428,0,,,,,,,,,,,29.6,76.0,UNSAMPLED,0
3714,150.48864176362522,0,,,,,,,,,,,29.6,76.0,UNSAMPLED,0
3715,150.5291610532762,0,,,,,,,,,,,29.6,76.0,UNSAMPLED,0
3716,150.56968034292714,0,,,,,,,,,,,29.6,76.0,UNSAMPLED,0
3717,150.6101996325781,0,,,,,,,,,,,29.6,76.0,UNSAMPLED,0
3718,150.65071892222903,0,,,,,,,,,,,29.6,76.0,UNSAMPLED,0
3719,150.69123821187998,0,,,,,,,,,,,29.6,76.0,UNSAMPLED,0
3720,150.73175750153092,1,29.6,76.0,29.6,76.0-,29.6,76.0,29.6,76.0-,green_difference/PSM7,gray_otsu/PSM7,29.6,76.0,ACCEPT_PRIMARY,0
3721,150.7722767911819,0,,,,,,,,,,,29.6,76.0,UNSAMPLED,0
3722,150.81279608083284,0,,,,,,,,,,,29.6,76.0,UNSAMPLED,0
3723,150.85331537048378,0,,,,,,,,,,,29.6,76.0,UNSAMPLED,0
3724,150.89383466013473,0,,,,,,,,,,,29.6,76.0,UNSAMPLED,0
3725,150.93435394978567,0,,,,,,,,,,,29.6,76.0,UNSAMPLED,0
3726,150.97487323943662,0,,,,,,,,,,,29.6,76.0,UNSAMPLED,0
3727,151.01539252908756,0,,,,,,,,,,,29.6,76.0,UNSAMPLED,0
3728,151.05591181873854,1,29.6,75.9,29.6,75.9-,29.6,75.9,29.6,75.9-,green_difference/PSM7,gray_otsu/PSM7,29.6,75.9,ACCEPT_PRIMARY,0
3729,151.09643110838948,0,,,,,,,,,,,29.6,75.9,UNSAMPLED,0
3730,151.13695039804043,0,,,,,,,,,,,29.6,75.9,UNSAMPLED,0
3731,151.17746968769137,0,,,,,,,,,,,29.6,75.9,UNSAMPLED,0
3732,151.21798897734232,0,,,,,,,,,,,29.6,75.9,UNSAMPLED,0
3733,151.25850826699326,0,,,,,,,,,,,29.6,75.9,UNSAMPLED,0
3734,151.29902755664423,0,,,,,,,,,,,29.6,75.9,UNSAMPLED,0
3735,151.33954684629518,0,,,,,,,,,,,29.6,75.9,UNSAMPLED,0
3736,151.38006613594612,1,29.6,49.8,29.6,49.8-,29.6,75.8,29.6,758,green_difference/PSM7,green_difference/PSM7,29.6,75.8,ACCEPT_RETRY,1
3737,151.42058542559707,0,,,,,,,,,,,29.6,75.8,UNSAMPLED,0
3738,151.461104715248,0,,,,,,,,,,,29.6,75.8,UNSAMPLED,0
3739,151.50162400489896,0,,,,,,,,,,,29.6,75.8,UNSAMPLED,0
3740,151.5421432945499,0,,,,,,,,,,,29.6,75.8,UNSAMPLED,0
3741,151.58266258420088,0,,,,,,,,,,,29.6,75.8,UNSAMPLED,0
3742,151.62318187385182,0,,,,,,,,,,,29.6,75.8,UNSAMPLED,0
3743,151.66370116350276,0,,,,,,,,,,,29.6,75.8,UNSAMPLED,0
3744,151.7042204531537,1,29.6,75.9,29.6,75.9-,29.6,75.9,29.6,75.9-,green_difference/PSM7,gray_otsu/PSM7,29.6,75.9,ACCEPT_PRIMARY,0
3745,151.74473974280465,0,,,,,,,,,,,29.6,75.9,UNSAMPLED,0
3746,151.7852590324556,0,,,,,,,,,,,29.6,75.9,UNSAMPLED,0
3747,151.82577832210657,0,,,,,,,,,,,29.6,75.9,UNSAMPLED,0
3748,151.86629761175752,0,,,,,,,,,,,29.6,75.9,UNSAMPLED,0
3749,151.90681690140846,0,,,,,,,,,,,29.6,75.9,UNSAMPLED,0
3750,151.9473361910594,0,,,,,,,,,,,29.6,75.9,UNSAMPLED,0
3751,151.98785548071035,0,,,,,,,,,,,29.6,75.9,UNSAMPLED,0
3752,152.0283747703613,1,,76.0,-96,76.0,29.6,76.0,29.6,76.0,hsv_green/PSM7,gray_otsu/PSM7,29.6,76.0,ACCEPT_RETRY,1
3753,152.06889406001227,0,,,,,,,,,,,29.6,76.0,UNSAMPLED,0
3754,152.1094133496632,0,,,,,,,,,,,29.6,76.0,UNSAMPLED,0
3755,152.14993263931416,0,,,,,,,,,,,29.6,76.0,UNSAMPLED,0
3756,152.1904519289651,0,,,,,,,,,,,29.6,76.0,UNSAMPLED,0
3757,152.23097121861605,0,,,,,,,,,,,29.6,76.0,UNSAMPLED,0
3758,152.271490508267,0,,,,,,,,,,,29.6,76.0,UNSAMPLED,0
3759,152.31200979791794,0,,,,,,,,,,,29.6,76.0,UNSAMPLED,0
3760,152.3525290875689,1,29.7,76.0,297,76.0-,29.7,76.0,297,76.0-,green_difference/PSM7,gray_otsu/PSM7,29.7,76.0,ACCEPT_PRIMARY,0
3761,152.39304837721986,0,,,,,,,,,,,29.7,76.0,UNSAMPLED,0
3762,152.4335676668708,0,,,,,,,,,,,29.7,76.0,UNSAMPLED,0
3763,152.47408695652175,0,,,,,,,,,,,29.7,76.0,UNSAMPLED,0
3764,152.5146062461727,0,,,,,,,,,,,29.7,76.0,UNSAMPLED,0
3765,152.55512553582363,0,,,,,,,,,,,29.7,76.0,UNSAMPLED,0
3766,152.5956448254746,0,,,,,,,,,,,29.7,76.0,UNSAMPLED,0
3767,152.63616411512555,0,,,,,,,,,,,29.7,76.0,UNSAMPLED,0
3768,152.6766834047765,1,29.7,76.0,297,76.0-,29.7,76.0,297,76.0-,green_difference/PSM7,gray_otsu/PSM7,29.7,76.0,ACCEPT_PRIMARY,0
3769,152.71720269442744,0,,,,,,,,,,,29.7,76.0,UNSAMPLED,0
3770,152.7577219840784,0,,,,,,,,,,,29.7,76.0,UNSAMPLED,0
3771,152.79824127372933,0,,,,,,,,,,,29.7,76.0,UNSAMPLED,0
3772,152.83876056338028,0,,,,,,,,,,,29.7,76.0,UNSAMPLED,0
3773,152.87927985303125,0,,,,,,,,,,,29.7,76.0,UNSAMPLED,0
3774,152.9197991426822,0,,,,,,,,,,,29.7,76.0,UNSAMPLED,0
3775,152.96031843233314,0,,,,,,,,,,,29.7,76.0,UNSAMPLED,0
3776,153.00083772198408,1,29.6,76.1,29.6,76.1-,29.6,76.1,29.6,76.1-,green_difference/PSM7,gray_otsu/PSM7,29.6,76.1,ACCEPT_PRIMARY,0
3777,153.04135701163503,0,,,,,,,,,,,29.6,76.1,UNSAMPLED,0
3778,153.08187630128597,0,,,,,,,,,,,29.6,76.1,UNSAMPLED,0
3779,153.12239559093695,0,,,,,,,,,,,29.6,76.1,UNSAMPLED,0
3780,153.1629148805879,0,,,,,,,,,,,29.6,76.1,UNSAMPLED,0
3781,153.20343417023884,0,,,,,,,,,,,29.6,76.1,UNSAMPLED,0
3782,153.24395345988978,0,,,,,,,,,,,29.6,76.1,UNSAMPLED,0
3783,153.28447274954073,0,,,,,,,,,,,29.6,76.1,UNSAMPLED,0
3784,153.32499203919167,1,29.6,76.0,29.6,76.0-,29.6,76.0,29.6,76.0-,green_difference/PSM7,gray_otsu/PSM7,29.6,76.0,ACCEPT_PRIMARY,0
3785,153.36551132884262,0,,,,,,,,,,,29.6,76.0,UNSAMPLED,0
3786,153.4060306184936,0,,,,,,,,,,,29.6,76.0,UNSAMPLED,0
3787,153.44654990814453,0,,,,,,,,,,,29.6,76.0,UNSAMPLED,0
3788,153.48706919779548,0,,,,,,,,,,,29.6,76.0,UNSAMPLED,0
3789,153.52758848744642,0,,,,,,,,,,,29.6,76.0,UNSAMPLED,0
3790,153.56810777709737,0,,,,,,,,,,,29.6,76.0,UNSAMPLED,0
3791,153.6086270667483,0,,,,,,,,,,,29.6,76.0,UNSAMPLED,0
3792,153.64914635639929,1,29.6,76.0,29.6,76.0-,29.6,76.0,29.6,76.0-,green_difference/PSM7,gray_otsu/PSM7,29.6,76.0,ACCEPT_PRIMARY,0
3793,153.68966564605023,0,,,,,,,,,,,29.6,76.0,UNSAMPLED,0
3794,153.73018493570117,0,,,,,,,,,,,29.6,76.0,UNSAMPLED,0
3795,153.77070422535212,0,,,,,,,,,,,29.6,76.0,UNSAMPLED,0
3796,153.81122351500306,0,,,,,,,,,,,29.6,76.0,UNSAMPLED,0
3797,153.851742804654,0,,,,,,,,,,,29.6,76.0,UNSAMPLED,0
3798,153.89226209430498,0,,,,,,,,,,,29.6,76.0,UNSAMPLED,0
3799,153.93278138395593,0,,,,,,,,,,,29.6,76.0,UNSAMPLED,0
3800,153.97330067360687,1,29.6,75.8,29.6,758,29.6,75.8,29.6,758,green_difference/PSM7,gray_otsu/PSM7,29.6,75.8,ACCEPT_PRIMARY,0
3801,154.01381996325782,0,,,,,,,,,,,29.6,75.8,UNSAMPLED,0
3802,154.05433925290876,0,,,,,,,,,,,29.6,75.8,UNSAMPLED,0
3803,154.0948585425597,0,,,,,,,,,,,29.6,75.8,UNSAMPLED,0
3804,154.13537783221065,0,,,,,,,,,,,29.6,75.8,UNSAMPLED,0
3805,154.17589712186162,0,,,,,,,,,,,29.6,75.8,UNSAMPLED,0
3806,154.21641641151257,0,,,,,,,,,,,29.6,75.8,UNSAMPLED,0
3807,154.2569357011635,0,,,,,,,,,,,29.6,75.8,UNSAMPLED,0
3808,154.29745499081446,1,29.6,79.8,29.6,79.8,29.6,76.8,29.6,76.8,green_difference/PSM7,green_difference/PSM7,29.6,76.8,ACCEPT_RETRY,1
3809,154.3379742804654,0,,,,,,,,,,,29.6,76.8,UNSAMPLED,0
3810,154.37849357011635,0,,,,,,,,,,,29.6,76.8,UNSAMPLED,0
3811,154.41901285976732,0,,,,,,,,,,,29.6,76.8,UNSAMPLED,0
3812,154.45953214941827,0,,,,,,,,,,,29.6,76.8,UNSAMPLED,0
3813,154.5000514390692,0,,,,,,,,,,,29.6,76.8,UNSAMPLED,0
3814,154.54057072872016,0,,,,,,,,,,,29.6,76.8,UNSAMPLED,0
3815,154.5810900183711,0,,,,,,,,,,,29.6,76.8,UNSAMPLED,0
3816,154.62160930802204,1,29.6,75.9,29.6,75.9-,29.6,75.9,29.6,75.9-,green_difference/PSM7,gray_otsu/PSM7,29.6,75.9,ACCEPT_PRIMARY,0
3817,154.662128597673,0,,,,,,,,,,,29.6,75.9,UNSAMPLED,0
3818,154.70264788732396,0,,,,,,,,,,,29.6,75.9,UNSAMPLED,0
3819,154.7431671769749,0,,,,,,,,,,,29.6,75.9,UNSAMPLED,0
3820,154.78368646662585,0,,,,,,,,,,,29.6,75.9,UNSAMPLED,0
3821,154.8242057562768,0,,,,,,,,,,,29.6,75.9,UNSAMPLED,0
3822,154.86472504592774,0,,,,,,,,,,,29.6,75.9,UNSAMPLED,0
3823,154.9052443355787,0,,,,,,,,,,,29.6,75.9,UNSAMPLED,0
3824,154.94576362522966,1,29.6,76.0,29.6,76.00,29.6,76.0,29.6,76.00,green_difference/PSM7,gray_otsu/PSM7,29.6,76.0,ACCEPT_PRIMARY,0
3825,154.9862829148806,0,,,,,,,,,,,29.6,76.0,UNSAMPLED,0
3826,155.02680220453155,0,,,,,,,,,,,29.6,76.0,UNSAMPLED,0
3827,155.0673214941825,0,,,,,,,,,,,29.6,76.0,UNSAMPLED,0
3828,155.10784078383344,0,,,,,,,,,,,29.6,76.0,UNSAMPLED,0
3829,155.14836007348438,0,,,,,,,,,,,29.6,76.0,UNSAMPLED,0
3830,155.18887936313533,0,,,,,,,,,,,29.6,76.0,UNSAMPLED,0
3831,155.2293986527863,0,,,,,,,,,,,29.6,76.0,UNSAMPLED,0
3832,155.26991794243725,1,29.6,76.1,29.6,76.1-,29.6,76.1,29.6,76.1-,green_difference/PSM7,gray_otsu/PSM7,29.6,76.1,ACCEPT_PRIMARY,0
3833,155.3104372320882,0,,,,,,,,,,,29.6,76.1,UNSAMPLED,0
3834,155.35095652173914,0,,,,,,,,,,,29.6,76.1,UNSAMPLED,0
3835,155.39147581139008,0,,,,,,,,,,,29.6,76.1,UNSAMPLED,0
3836,155.43199510104103,0,,,,,,,,,,,29.6,76.1,UNSAMPLED,0
3837,155.472514390692,0,,,,,,,,,,,29.6,76.1,UNSAMPLED,0
3838,155.51303368034294,0,,,,,,,,,,,29.6,76.1,UNSAMPLED,0
3839,155.5535529699939,0,,,,,,,,,,,29.6,76.1,UNSAMPLED,0
3840,155.59407225964483,1,29.6,76.1,29.6,76.1-,29.6,76.1,29.6,76.1-,green_difference/PSM7,gray_otsu/PSM7,29.6,76.1,ACCEPT_PRIMARY,0
3841,155.63459154929578,0,,,,,,,,,,,29.6,76.1,UNSAMPLED,0
3842,155.67511083894672,0,,,,,,,,,,,29.6,76.1,UNSAMPLED,0
3843,155.7156301285977,0,,,,,,,,,,,29.6,76.1,UNSAMPLED,0
3844,155.75614941824864,0,,,,,,,,,,,29.6,76.1,UNSAMPLED,0
3845,155.79666870789958,0,,,,,,,,,,,29.6,76.1,UNSAMPLED,0
3846,155.83718799755053,0,,,,,,,,,,,29.6,76.1,UNSAMPLED,0
3847,155.87770728720147,0,,,,,,,,,,,29.6,76.1,UNSAMPLED,0
3848,155.91822657685242,1,29.6,76.0,29.6,76.0,29.6,76.0,29.6,76.0,green_difference/PSM7,gray_otsu/PSM7,29.6,76.0,ACCEPT_PRIMARY,0
3849,155.95874586650336,0,,,,,,,,,,,29.6,76.0,UNSAMPLED,0
3850,155.99926515615434,0,,,,,,,,,,,29.6,76.0,UNSAMPLED,0
3851,156.03978444580528,0,,,,,,,,,,,29.6,76.0,UNSAMPLED,0
3852,156.08030373545623,0,,,,,,,,,,,29.6,76.0,UNSAMPLED,0
3853,156.12082302510717,0,,,,,,,,,,,29.6,76.0,UNSAMPLED,0
3854,156.16134231475812,0,,,,,,,,,,,29.6,76.0,UNSAMPLED,0
3855,156.20186160440906,0,,,,,,,,,,,29.6,76.0,UNSAMPLED,0
3856,156.24238089406003,1,29.6,76.0,29.6,76.0,29.6,76.0,29.6,76.0,green_difference/PSM7,gray_otsu/PSM7,29.6,76.0,ACCEPT_PRIMARY,0
3857,156.28290018371098,0,,,,,,,,,,,29.6,76.0,UNSAMPLED,0
3858,156.32341947336192,0,,,,,,,,,,,29.6,76.0,UNSAMPLED,0
3859,156.36393876301287,0,,,,,,,,,,,29.6,76.0,UNSAMPLED,0
3860,156.4044580526638,0,,,,,,,,,,,29.6,76.0,UNSAMPLED,0
3861,156.44497734231476,0,,,,,,,,,,,29.6,76.0,UNSAMPLED,0
3862,156.4854966319657,0,,,,,,,,,,,29.6,76.0,UNSAMPLED,0
3863,156.52601592161668,0,,,,,,,,,,,29.6,76.0,UNSAMPLED,0
3864,156.56653521126762,1,29.6,76.1,29.6,76.10,29.6,76.1,29.6,76.10,green_difference/PSM7,gray_otsu/PSM7,29.6,76.1,ACCEPT_PRIMARY,0
3865,156.60705450091857,0,,,,,,,,,,,29.6,76.1,UNSAMPLED,0
3866,156.6475737905695,0,,,,,,,,,,,29.6,76.1,UNSAMPLED,0
3867,156.68809308022045,0,,,,,,,,,,,29.6,76.1,UNSAMPLED,0
3868,156.7286123698714,0,,,,,,,,,,,29.6,76.1,UNSAMPLED,0
3869,156.76913165952237,0,,,,,,,,,,,29.6,76.1,UNSAMPLED,0
3870,156.80965094917332,0,,,,,,,,,,,29.6,76.1,UNSAMPLED,0
3871,156.85017023882426,0,,,,,,,,,,,29.6,76.1,UNSAMPLED,0
3872,156.8906895284752,1,29.6,76.0,29.6,76.0,29.6,76.0,29.6,76.0,green_difference/PSM7,gray_otsu/PSM7,29.6,76.0,ACCEPT_PRIMARY,0
3873,156.93120881812615,0,,,,,,,,,,,29.6,76.0,UNSAMPLED,0
3874,156.9717281077771,0,,,,,,,,,,,29.6,76.0,UNSAMPLED,0
3875,157.01224739742804,0,,,,,,,,,,,29.6,76.0,UNSAMPLED,0
3876,157.05276668707901,0,,,,,,,,,,,29.6,76.0,UNSAMPLED,0
3877,157.09328597672996,0,,,,,,,,,,,29.6,76.0,UNSAMPLED,0
3878,157.1338052663809,0,,,,,,,,,,,29.6,76.0,UNSAMPLED,0
3879,157.17432455603185,0,,,,,,,,,,,29.6,76.0,UNSAMPLED,0
3880,157.2148438456828,1,29.6,76.1,29.6,76.1-,29.6,76.1,29.6,76.1-,green_difference/PSM7,gray_otsu/PSM7,29.6,76.1,ACCEPT_PRIMARY,0
3881,157.25536313533374,0,,,,,,,,,,,29.6,76.1,UNSAMPLED,0
3882,157.2958824249847,0,,,,,,,,,,,29.6,76.1,UNSAMPLED,0
3883,157.33640171463566,0,,,,,,,,,,,29.6,76.1,UNSAMPLED,0
3884,157.3769210042866,0,,,,,,,,,,,29.6,76.1,UNSAMPLED,0
3885,157.41744029393755,0,,,,,,,,,,,29.6,76.1,UNSAMPLED,0
3886,157.4579595835885,0,,,,,,,,,,,29.6,76.1,UNSAMPLED,0
3887,157.49847887323943,0,,,,,,,,,,,29.6,76.1,UNSAMPLED,0
3888,157.5389981628904,1,29.6,76.1,29.6,76.10,29.6,76.1,29.6,76.10,green_difference/PSM7,gray_otsu/PSM7,29.6,76.1,ACCEPT_PRIMARY,0
3889,157.57951745254135,0,,,,,,,,,,,29.6,76.1,UNSAMPLED,0
3890,157.6200367421923,0,,,,,,,,,,,29.6,76.1,UNSAMPLED,0
3891,157.66055603184324,0,,,,,,,,,,,29.6,76.1,UNSAMPLED,0
3892,157.7010753214942,0,,,,,,,,,,,29.6,76.1,UNSAMPLED,0
3893,157.74159461114513,0,,,,,,,,,,,29.6,76.1,UNSAMPLED,0
3894,157.78211390079608,0,,,,,,,,,,,29.6,76.1,UNSAMPLED,0
3895,157.82263319044705,0,,,,,,,,,,,29.6,76.1,UNSAMPLED,0
3896,157.863152480098,1,29.5,6.2,29.5,6.20,29.6,76.2,296,76.20,green_difference/PSM8,green_channel_otsu/PSM7,29.6,76.2,ACCEPT_RETRY,1
3897,157.90367176974894,0,,,,,,,,,,,29.6,76.2,UNSAMPLED,0
3898,157.94419105939988,0,,,,,,,,,,,29.6,76.2,UNSAMPLED,0
3899,157.98471034905083,0,,,,,,,,,,,29.6,76.2,UNSAMPLED,0
3900,158.02522963870177,0,,,,,,,,,,,29.6,76.2,UNSAMPLED,0
3901,158.06574892835275,0,,,,,,,,,,,29.6,76.2,UNSAMPLED,0
3902,158.1062682180037,0,,,,,,,,,,,29.6,76.2,UNSAMPLED,0
3903,158.14678750765464,0,,,,,,,,,,,29.6,76.2,UNSAMPLED,0
3904,158.18730679730558,1,29.6,46.2,29.6,46.2-,29.6,78.2,29.6,782,green_difference/PSM7,green_difference/PSM8,29.6,78.2,ACCEPT_RETRY,1
3905,158.22782608695653,0,,,,,,,,,,,29.6,78.2,UNSAMPLED,0
3906,158.26834537660747,0,,,,,,,,,,,29.6,78.2,UNSAMPLED,0
3907,158.30886466625842,0,,,,,,,,,,,29.6,78.2,UNSAMPLED,0
3908,158.3493839559094,0,,,,,,,,,,,29.6,78.2,UNSAMPLED,0
3909,158.38990324556033,0,,,,,,,,,,,29.6,78.2,UNSAMPLED,0
3910,158.43042253521128,0,,,,,,,,,,,29.6,78.2,UNSAMPLED,0
3911,158.47094182486222,0,,,,,,,,,,,29.6,78.2,UNSAMPLED,0
3912,158.51146111451317,1,29.4,46.2,29.4,46.2-,29.4,78.2,29.4,782,green_difference/PSM7,green_difference/PSM8,29.4,78.2,ACCEPT_RETRY,1
3913,158.5519804041641,0,,,,,,,,,,,29.4,78.2,UNSAMPLED,0
3914,158.59249969381509,0,,,,,,,,,,,29.4,78.2,UNSAMPLED,0
3915,158.63301898346603,0,,,,,,,,,,,29.4,78.2,UNSAMPLED,0
3916,158.67353827311698,0,,,,,,,,,,,29.4,78.2,UNSAMPLED,0
3917,158.71405756276792,0,,,,,,,,,,,29.4,78.2,UNSAMPLED,0
3918,158.75457685241886,0,,,,,,,,,,,29.4,78.2,UNSAMPLED,0
3919,158.7950961420698,0,,,,,,,,,,,29.4,78.2,UNSAMPLED,0
3920,158.83561543172075,1,2.4,76.1,2.4,76.10,,,,,,,29.4,78.2,HOLD_PREVIOUS,1
3921,158.87613472137173,0,,,,,,,,,,,29.4,78.2,UNSAMPLED,0
3922,158.91665401102267,0,,,,,,,,,,,29.4,78.2,UNSAMPLED,0
3923,158.95717330067362,0,,,,,,,,,,,29.4,78.2,UNSAMPLED,0
3924,158.99769259032456,0,,,,,,,,,,,29.4,78.2,UNSAMPLED,0
3925,159.0382118799755,0,,,,,,,,,,,29.4,78.2,UNSAMPLED,0
3926,159.07873116962645,0,,,,,,,,,,,29.4,78.2,UNSAMPLED,0
3927,159.11925045927742,0,,,,,,,,,,,29.4,78.2,UNSAMPLED,0
3928,159.15976974892837,1,,76.0,24,76.0-,,,,,,,29.4,78.2,HOLD_PREVIOUS,1
3929,159.2002890385793,0,,,,,,,,,,,29.4,78.2,UNSAMPLED,0
3930,159.24080832823026,0,,,,,,,,,,,29.4,78.2,UNSAMPLED,0
3931,159.2813276178812,0,,,,,,,,,,,29.4,78.2,UNSAMPLED,0
3932,159.32184690753215,0,,,,,,,,,,,29.4,78.2,UNSAMPLED,0
3933,159.3623661971831,0,,,,,,,,,,,29.4,78.2,UNSAMPLED,0
3934,159.40288548683407,0,,,,,,,,,,,29.4,78.2,UNSAMPLED,0
3935,159.443404776485,0,,,,,,,,,,,29.4,78.2,UNSAMPLED,0
3936,159.48392406613596,1,,76.0,24,76.0-,,,,,,,29.4,78.2,HOLD_PREVIOUS,1
3937,159.5244433557869,0,,,,,,,,,,,29.4,78.2,UNSAMPLED,0
3938,159.56496264543784,0,,,,,,,,,,,29.4,78.2,UNSAMPLED,0
3939,159.6054819350888,0,,,,,,,,,,,29.4,78.2,UNSAMPLED,0
3940,159.64600122473976,0,,,,,,,,,,,29.4,78.2,UNSAMPLED,0
3941,159.6865205143907,0,,,,,,,,,,,29.4,78.2,UNSAMPLED,0
3942,159.72703980404165,0,,,,,,,,,,,29.4,78.2,UNSAMPLED,0
3943,159.7675590936926,0,,,,,,,,,,,29.4,78.2,UNSAMPLED,0
3944,159.80807838334354,1,,76.0,24,76.0-,,,,,,,29.4,78.2,HOLD_PREVIOUS,1
3945,159.8485976729945,0,,,,,,,,,,,29.4,78.2,UNSAMPLED,0
3946,159.88911696264546,0,,,,,,,,,,,29.4,78.2,UNSAMPLED,0
3947,159.9296362522964,0,,,,,,,,,,,29.4,78.2,UNSAMPLED,0
3948,159.97015554194735,0,,,,,,,,,,,29.4,78.2,UNSAMPLED,0
3949,160.0106748315983,0,,,,,,,,,,,29.4,78.2,UNSAMPLED,0
3950,160.05119412124924,0,,,,,,,,,,,29.4,78.2,UNSAMPLED,0
3951,160.09171341090018,0,,,,,,,,,,,29.4,78.2,UNSAMPLED,0
3952,160.13223270055113,1,,76.0,24,76.0-,,,,,,,29.4,78.2,HOLD_PREVIOUS,1
3953,160.1727519902021,0,,,,,,,,,,,29.4,78.2,UNSAMPLED,0
3954,160.21327127985305,0,,,,,,,,,,,29.4,78.2,UNSAMPLED,0
3955,160.253790569504,0,,,,,,,,,,,29.4,78.2,UNSAMPLED,0
3956,160.29430985915494,0,,,,,,,,,,,29.4,78.2,UNSAMPLED,0
3957,160.33482914880588,0,,,,,,,,,,,29.4,78.2,UNSAMPLED,0
3958,160.37534843845683,0,,,,,,,,,,,29.4,78.2,UNSAMPLED,0
3959,160.4158677281078,0,,,,,,,,,,,29.4,78.2,UNSAMPLED,0
3960,160.45638701775874,1,,76.0,24,76.0-,,,,,,,29.4,78.2,HOLD_PREVIOUS,1
3961,160.4969063074097,0,,,,,,,,,,,29.4,78.2,UNSAMPLED,0
3962,160.53742559706063,0,,,,,,,,,,,29.4,78.2,UNSAMPLED,0
3963,160.57794488671158,0,,,,,,,,,,,29.4,78.2,UNSAMPLED,0
3964,160.61846417636252,0,,,,,,,,,,,29.4,78.2,UNSAMPLED,0
3965,160.65898346601347,0,,,,,,,,,,,29.4,78.2,UNSAMPLED,0
3966,160.69950275566444,0,,,,,,,,,,,29.4,78.2,UNSAMPLED,0
3967,160.74002204531538,0,,,,,,,,,,,29.4,78.2,UNSAMPLED,0
3968,160.78054133496633,1,29.4,75.8,294,75.8,,,,,,,29.4,78.2,HOLD_PREVIOUS,1
3969,160.82106062461727,0,,,,,,,,,,,29.4,78.2,UNSAMPLED,0
3970,160.86157991426822,0,,,,,,,,,,,29.4,78.2,UNSAMPLED,0
3971,160.90209920391916,0,,,,,,,,,,,29.4,78.2,UNSAMPLED,0
3972,160.94261849357014,0,,,,,,,,,,,29.4,78.2,UNSAMPLED,0
3973,160.98313778322108,0,,,,,,,,,,,29.4,78.2,UNSAMPLED,0
3974,161.02365707287203,0,,,,,,,,,,,29.4,78.2,UNSAMPLED,0
3975,161.06417636252297,0,,,,,,,,,,,29.4,78.2,UNSAMPLED,0
3976,161.10469565217392,1,29.4,75.8,294,75.80,29.4,78.8,294,788,green_difference/PSM7,green_difference/PSM8,29.4,78.8,ACCEPT_RETRY,1
3977,161.14521494182486,0,,,,,,,,,,,29.4,78.8,UNSAMPLED,0
3978,161.1857342314758,0,,,,,,,,,,,29.4,78.8,UNSAMPLED,0
3979,161.22625352112678,0,,,,,,,,,,,29.4,78.8,UNSAMPLED,0
3980,161.26677281077772,0,,,,,,,,,,,29.4,78.8,UNSAMPLED,0
3981,161.30729210042867,0,,,,,,,,,,,29.4,78.8,UNSAMPLED,0
3982,161.3478113900796,0,,,,,,,,,,,29.4,78.8,UNSAMPLED,0
3983,161.38833067973056,0,,,,,,,,,,,29.4,78.8,UNSAMPLED,0
3984,161.4288499693815,1,29.4,75.8,294,75.80,29.4,78.8,294,788,green_difference/PSM7,green_difference/PSM8,29.4,78.8,ACCEPT_RETRY,1
3985,161.46936925903248,0,,,,,,,,,,,29.4,78.8,UNSAMPLED,0
3986,161.50988854868342,0,,,,,,,,,,,29.4,78.8,UNSAMPLED,0
3987,161.55040783833437,0,,,,,,,,,,,29.4,78.8,UNSAMPLED,0
3988,161.5909271279853,0,,,,,,,,,,,29.4,78.8,UNSAMPLED,0
3989,161.63144641763625,0,,,,,,,,,,,29.4,78.8,UNSAMPLED,0
3990,161.6719657072872,0,,,,,,,,,,,29.4,78.8,UNSAMPLED,0
3991,161.71248499693817,0,,,,,,,,,,,29.4,78.8,UNSAMPLED,0
3992,161.75300428658912,1,29.4,45.7,294,45.7-,,,,,,,29.4,78.8,HOLD_PREVIOUS,1
3993,161.79352357624006,0,,,,,,,,,,,29.4,78.8,UNSAMPLED,0
3994,161.834042865891,0,,,,,,,,,,,29.4,78.8,UNSAMPLED,0
3995,161.87456215554195,0,,,,,,,,,,,29.4,78.8,UNSAMPLED,0
3996,161.9150814451929,0,,,,,,,,,,,29.4,78.8,UNSAMPLED,0
3997,161.95560073484384,0,,,,,,,,,,,29.4,78.8,UNSAMPLED,0
3998,161.99612002449481,0,,,,,,,,,,,29.4,78.8,UNSAMPLED,0
3999,162.03663931414576,0,,,,,,,,,,,29.4,78.8,UNSAMPLED,0
4000,162.0771586037967,1,29.4,45.7,294,45.7-,,,,,,,29.4,78.8,HOLD_PREVIOUS,1
4001,162.11767789344765,0,,,,,,,,,,,29.4,78.8,UNSAMPLED,0
4002,162.1581971830986,0,,,,,,,,,,,29.4,78.8,UNSAMPLED,0
4003,162.19871647274954,0,,,,,,,,,,,29.4,78.8,UNSAMPLED,0
4004,162.2392357624005,0,,,,,,,,,,,29.4,78.8,UNSAMPLED,0
4005,162.27975505205146,0,,,,,,,,,,,29.4,78.8,UNSAMPLED,0
4006,162.3202743417024,0,,,,,,,,,,,29.4,78.8,UNSAMPLED,0
4007,162.36079363135335,0,,,,,,,,,,,29.4,78.8,UNSAMPLED,0
4008,162.4013129210043,1,29.4,79.8,294,79.80,29.4,79.8,294,79.80,green_difference/PSM7,gray_otsu/PSM7,29.4,79.8,ACCEPT_PRIMARY,0
4009,162.44183221065524,0,,,,,,,,,,,29.4,79.8,UNSAMPLED,0
4010,162.48235150030618,0,,,,,,,,,,,29.4,79.8,UNSAMPLED,0
4011,162.52287078995715,0,,,,,,,,,,,29.4,79.8,UNSAMPLED,0
4012,162.5633900796081,0,,,,,,,,,,,29.4,79.8,UNSAMPLED,0
4013,162.60390936925904,0,,,,,,,,,,,29.4,79.8,UNSAMPLED,0
4014,162.64442865891,0,,,,,,,,,,,29.4,79.8,UNSAMPLED,0
4015,162.68494794856093,0,,,,,,,,,,,29.4,79.8,UNSAMPLED,0
4016,162.72546723821188,1,29.4,79.8,294,79.80,29.4,79.8,294,79.80,green_difference/PSM7,gray_otsu/PSM7,29.4,79.8,ACCEPT_PRIMARY,0
4017,162.76598652786285,0,,,,,,,,,,,29.4,79.8,UNSAMPLED,0
4018,162.8065058175138,0,,,,,,,,,,,29.4,79.8,UNSAMPLED,0
4019,162.84702510716474,0,,,,,,,,,,,29.4,79.8,UNSAMPLED,0
4020,162.88754439681568,0,,,,,,,,,,,29.4,79.8,UNSAMPLED,0
4021,162.92806368646663,0,,,,,,,,,,,29.4,79.8,UNSAMPLED,0
4022,162.96858297611757,0,,,,,,,,,,,29.4,79.8,UNSAMPLED,0
4023,163.00910226576852,0,,,,,,,,,,,29.4,79.8,UNSAMPLED,0
4024,163.0496215554195,1,29.4,79.9,29.4,79.90,29.4,79.9,29.4,79.90,green_difference/PSM7,gray_otsu/PSM7,29.4,79.9,ACCEPT_PRIMARY,0
4025,163.09014084507044,0,,,,,,,,,,,29.4,79.9,UNSAMPLED,0
4026,163.13066013472138,0,,,,,,,,,,,29.4,79.9,UNSAMPLED,0
4027,163.17117942437233,0,,,,,,,,,,,29.4,79.9,UNSAMPLED,0
4028,163.21169871402327,0,,,,,,,,,,,29.4,79.9,UNSAMPLED,0
4029,163.25221800367422,0,,,,,,,,,,,29.4,79.9,UNSAMPLED,0
4030,163.2927372933252,0,,,,,,,,,,,29.4,79.9,UNSAMPLED,0
4031,163.33325658297613,0,,,,,,,,,,,29.4,79.9,UNSAMPLED,0
4032,163.37377587262708,1,29.4,76.0,29.4,76.00,,,,,,,29.4,79.9,HOLD_PREVIOUS,1
4033,163.41429516227802,0,,,,,,,,,,,29.4,79.9,UNSAMPLED,0
4034,163.45481445192897,0,,,,,,,,,,,29.4,79.9,UNSAMPLED,0
4035,163.4953337415799,0,,,,,,,,,,,29.4,79.9,UNSAMPLED,0
4036,163.5358530312309,0,,,,,,,,,,,29.4,79.9,UNSAMPLED,0
4037,163.57637232088183,0,,,,,,,,,,,29.4,79.9,UNSAMPLED,0
4038,163.61689161053278,0,,,,,,,,,,,29.4,79.9,UNSAMPLED,0
4039,163.65741090018372,0,,,,,,,,,,,29.4,79.9,UNSAMPLED,0
4040,163.69793018983466,1,29.4,59.0,29.4,590,,,,,,,29.4,79.9,HOLD_PREVIOUS,1
4041,163.7384494794856,0,,,,,,,,,,,29.4,79.9,UNSAMPLED,0
4042,163.77896876913655,0,,,,,,,,,,,29.4,79.9,UNSAMPLED,0
4043,163.81948805878753,0,,,,,,,,,,,29.4,79.9,UNSAMPLED,0
4044,163.86000734843847,0,,,,,,,,,,,29.4,79.9,UNSAMPLED,0
4045,163.90052663808942,0,,,,,,,,,,,29.4,79.9,UNSAMPLED,0
4046,163.94104592774036,0,,,,,,,,,,,29.4,79.9,UNSAMPLED,0
4047,163.9815652173913,0,,,,,,,,,,,29.4,79.9,UNSAMPLED,0
4048,164.02208450704225,1,29.4,76.0,29.4,76.00,,,,,,,29.4,79.9,HOLD_PREVIOUS,1
4049,164.06260379669322,0,,,,,,,,,,,29.4,79.9,UNSAMPLED,0
4050,164.10312308634417,0,,,,,,,,,,,29.4,79.9,UNSAMPLED,0
4051,164.1436423759951,0,,,,,,,,,,,29.4,79.9,UNSAMPLED,0
4052,164.18416166564606,0,,,,,,,,,,,29.4,79.9,UNSAMPLED,0
4053,164.224680955297,0,,,,,,,,,,,29.4,79.9,UNSAMPLED,0
4054,164.26520024494795,0,,,,,,,,,,,29.4,79.9,UNSAMPLED,0
4055,164.3057195345989,0,,,,,,,,,,,29.4,79.9,UNSAMPLED,0
4056,164.34623882424987,1,29.4,75.9,29.4,75.90,,,,,,,29.4,79.9,HOLD_PREVIOUS,1
4057,164.3867581139008,0,,,,,,,,,,,29.4,79.9,UNSAMPLED,0
4058,164.42727740355176,0,,,,,,,,,,,29.4,79.9,UNSAMPLED,0
4059,164.4677966932027,0,,,,,,,,,,,29.4,79.9,UNSAMPLED,0
4060,164.50831598285365,0,,,,,,,,,,,29.4,79.9,UNSAMPLED,0
4061,164.5488352725046,0,,,,,,,,,,,29.4,79.9,UNSAMPLED,0
4062,164.58935456215556,0,,,,,,,,,,,29.4,79.9,UNSAMPLED,0
4063,164.6298738518065,0,,,,,,,,,,,29.4,79.9,UNSAMPLED,0
4064,164.67039314145745,1,29.4,76.0,29.4,760,29.4,78.0,29.4,78.0,green_difference/PSM7,green_difference/PSM7,29.4,78.0,ACCEPT_RETRY,1
4065,164.7109124311084,0,,,,,,,,,,,29.4,78.0,UNSAMPLED,0
4066,164.75143172075934,0,,,,,,,,,,,29.4,78.0,UNSAMPLED,0
4067,164.7919510104103,0,,,,,,,,,,,29.4,78.0,UNSAMPLED,0
4068,164.83247030006123,0,,,,,,,,,,,29.4,78.0,UNSAMPLED,0
4069,164.8729895897122,0,,,,,,,,,,,29.4,78.0,UNSAMPLED,0
4070,164.91350887936315,0,,,,,,,,,,,29.4,78.0,UNSAMPLED,0
4071,164.9540281690141,0,,,,,,,,,,,29.4,78.0,UNSAMPLED,0
4072,164.99454745866504,1,,76.0,24,76.0,28.4,78.0,284,78.0,hsv_green/PSM7,green_difference/PSM7,28.4,78.0,ACCEPT_RETRY,1
4073,165.03506674831598,0,,,,,,,,,,,28.4,78.0,UNSAMPLED,0
4074,165.07558603796693,0,,,,,,,,,,,28.4,78.0,UNSAMPLED,0
4075,165.1161053276179,0,,,,,,,,,,,28.4,78.0,UNSAMPLED,0
4076,165.15662461726885,0,,,,,,,,,,,28.4,78.0,UNSAMPLED,0
4077,165.1971439069198,0,,,,,,,,,,,28.4,78.0,UNSAMPLED,0
4078,165.23766319657074,0,,,,,,,,,,,28.4,78.0,UNSAMPLED,0
4079,165.27818248622168,0,,,,,,,,,,,28.4,78.0,UNSAMPLED,0
4080,165.31870177587263,1,29.4,76.0,294,76.0,29.4,76.0,294,76.0,green_difference/PSM7,gray_otsu/PSM7,29.4,76.0,ACCEPT_PRIMARY,0
4081,165.3592210655236,0,,,,,,,,,,,29.4,76.0,UNSAMPLED,0
4082,165.39974035517454,0,,,,,,,,,,,29.4,76.0,UNSAMPLED,0
4083,165.4402596448255,0,,,,,,,,,,,29.4,76.0,UNSAMPLED,0
4084,165.48077893447643,0,,,,,,,,,,,29.4,76.0,UNSAMPLED,0
4085,165.52129822412738,0,,,,,,,,,,,29.4,76.0,UNSAMPLED,0
4086,165.56181751377832,0,,,,,,,,,,,29.4,76.0,UNSAMPLED,0
4087,165.60233680342927,0,,,,,,,,,,,29.4,76.0,UNSAMPLED,0
4088,165.64285609308024,1,29.4,45.8,294,45.80,29.4,75.8,294,75.8,green_difference/PSM7,green_channel_otsu/PSM7,29.4,75.8,ACCEPT_RETRY,1
4089,165.68337538273119,0,,,,,,,,,,,29.4,75.8,UNSAMPLED,0
4090,165.72389467238213,0,,,,,,,,,,,29.4,75.8,UNSAMPLED,0
4091,165.76441396203307,0,,,,,,,,,,,29.4,75.8,UNSAMPLED,0
4092,165.80493325168402,0,,,,,,,,,,,29.4,75.8,UNSAMPLED,0
4093,165.84545254133496,0,,,,,,,,,,,29.4,75.8,UNSAMPLED,0
4094,165.88597183098594,0,,,,,,,,,,,29.4,75.8,UNSAMPLED,0
4095,165.92649112063688,0,,,,,,,,,,,29.4,75.8,UNSAMPLED,0
4096,165.96701041028783,1,29.4,45.8,294,45.80,,,,,,,29.4,75.8,HOLD_PREVIOUS,1
4097,166.00752969993877,0,,,,,,,,,,,29.4,75.8,UNSAMPLED,0
4098,166.04804898958972,0,,,,,,,,,,,29.4,75.8,UNSAMPLED,0
4099,166.08856827924066,0,,,,,,,,,,,29.4,75.8,UNSAMPLED,0
4100,166.1290875688916,0,,,,,,,,,,,29.4,75.8,UNSAMPLED,0
4101,166.16960685854258,0,,,,,,,,,,,29.4,75.8,UNSAMPLED,0
4102,166.21012614819352,0,,,,,,,,,,,29.4,75.8,UNSAMPLED,0
4103,166.25064543784447,0,,,,,,,,,,,29.4,75.8,UNSAMPLED,0
4104,166.2911647274954,1,29.4,45.8,294,45.80,,,,,,,29.4,75.8,HOLD_PREVIOUS,1
4105,166.33168401714636,0,,,,,,,,,,,29.4,75.8,UNSAMPLED,0
4106,166.3722033067973,0,,,,,,,,,,,29.4,75.8,UNSAMPLED,0
4107,166.41272259644828,0,,,,,,,,,,,29.4,75.8,UNSAMPLED,0
4108,166.45324188609922,0,,,,,,,,,,,29.4,75.8,UNSAMPLED,0
4109,166.49376117575017,0,,,,,,,,,,,29.4,75.8,UNSAMPLED,0
4110,166.5342804654011,0,,,,,,,,,,,29.4,75.8,UNSAMPLED,0
4111,166.57479975505206,0,,,,,,,,,,,29.4,75.8,UNSAMPLED,0
4112,166.615319044703,1,29.4,76.0,294,76.0,29.4,76.0,294,76.0,green_difference/PSM7,gray_otsu/PSM7,29.4,76.0,ACCEPT_PRIMARY,0
4113,166.65583833435394,0,,,,,,,,,,,29.4,76.0,UNSAMPLED,0
4114,166.69635762400492,0,,,,,,,,,,,29.4,76.0,UNSAMPLED,0
4115,166.73687691365586,0,,,,,,,,,,,29.4,76.0,UNSAMPLED,0
4116,166.7773962033068,0,,,,,,,,,,,29.4,76.0,UNSAMPLED,0
4117,166.81791549295775,0,,,,,,,,,,,29.4,76.0,UNSAMPLED,0
4118,166.8584347826087,0,,,,,,,,,,,29.4,76.0,UNSAMPLED,0
4119,166.89895407225964,0,,,,,,,,,,,29.4,76.0,UNSAMPLED,0
4120,166.93947336191061,1,29.4,76.0,294,76.00,29.4,76.0,294,76.00,green_difference/PSM7,gray_otsu/PSM7,29.4,76.0,ACCEPT_PRIMARY,0
4121,166.97999265156156,0,,,,,,,,,,,29.4,76.0,UNSAMPLED,0
4122,167.0205119412125,0,,,,,,,,,,,29.4,76.0,UNSAMPLED,0
4123,167.06103123086345,0,,,,,,,,,,,29.4,76.0,UNSAMPLED,0
4124,167.1015505205144,0,,,,,,,,,,,29.4,76.0,UNSAMPLED,0
4125,167.14206981016534,0,,,,,,,,,,,29.4,76.0,UNSAMPLED,0
4126,167.1825890998163,0,,,,,,,,,,,29.4,76.0,UNSAMPLED,0
4127,167.22310838946726,0,,,,,,,,,,,29.4,76.0,UNSAMPLED,0
4128,167.2636276791182,1,29.4,76.0,294,76.0,29.4,76.0,294,76.0,green_difference/PSM7,gray_otsu/PSM7,29.4,76.0,ACCEPT_PRIMARY,0
4129,167.30414696876915,0,,,,,,,,,,,29.4,76.0,UNSAMPLED,0
4130,167.3446662584201,0,,,,,,,,,,,29.4,76.0,UNSAMPLED,0
4131,167.38518554807104,0,,,,,,,,,,,29.4,76.0,UNSAMPLED,0
4132,167.42570483772198,0,,,,,,,,,,,29.4,76.0,UNSAMPLED,0
4133,167.46622412737295,0,,,,,,,,,,,29.4,76.0,UNSAMPLED,0
4134,167.5067434170239,0,,,,,,,,,,,29.4,76.0,UNSAMPLED,0
4135,167.54726270667484,0,,,,,,,,,,,29.4,76.0,UNSAMPLED,0
4136,167.5877819963258,1,29.4,76.0,294,76.0,29.4,76.0,294,76.0,green_difference/PSM7,gray_otsu/PSM7,29.4,76.0,ACCEPT_PRIMARY,0
4137,167.62830128597673,0,,,,,,,,,,,29.4,76.0,UNSAMPLED,0
4138,167.66882057562768,0,,,,,,,,,,,29.4,76.0,UNSAMPLED,0
4139,167.70933986527865,0,,,,,,,,,,,29.4,76.0,UNSAMPLED,0
4140,167.7498591549296,0,,,,,,,,,,,29.4,76.0,UNSAMPLED,0
4141,167.79037844458054,0,,,,,,,,,,,29.4,76.0,UNSAMPLED,0
4142,167.83089773423148,0,,,,,,,,,,,29.4,76.0,UNSAMPLED,0
4143,167.87141702388243,0,,,,,,,,,,,29.4,76.0,UNSAMPLED,0
4144,167.91193631353337,1,29.4,76.0,294,76.0,29.4,76.0,294,76.0,green_difference/PSM7,gray_otsu/PSM7,29.4,76.0,ACCEPT_PRIMARY,0
4145,167.95245560318432,0,,,,,,,,,,,29.4,76.0,UNSAMPLED,0
4146,167.9929748928353,0,,,,,,,,,,,29.4,76.0,UNSAMPLED,0
4147,168.03349418248624,0,,,,,,,,,,,29.4,76.0,UNSAMPLED,0
4148,168.07401347213718,0,,,,,,,,,,,29.4,76.0,UNSAMPLED,0
4149,168.11453276178813,0,,,,,,,,,,,29.4,76.0,UNSAMPLED,0
4150,168.15505205143907,0,,,,,,,,,,,29.4,76.0,UNSAMPLED,0
4151,168.19557134109002,0,,,,,,,,,,,29.4,76.0,UNSAMPLED,0
4152,168.236090630741,1,29.4,76.0,294,76.0,29.4,76.0,294,76.0,green_difference/PSM7,gray_otsu/PSM7,29.4,76.0,ACCEPT_PRIMARY,0
4153,168.27660992039193,0,,,,,,,,,,,29.4,76.0,UNSAMPLED,0
4154,168.31712921004288,0,,,,,,,,,,,29.4,76.0,UNSAMPLED,0
4155,168.35764849969382,0,,,,,,,,,,,29.4,76.0,UNSAMPLED,0
4156,168.39816778934477,0,,,,,,,,,,,29.4,76.0,UNSAMPLED,0
4157,168.4386870789957,0,,,,,,,,,,,29.4,76.0,UNSAMPLED,0
4158,168.47920636864666,0,,,,,,,,,,,29.4,76.0,UNSAMPLED,0
4159,168.51972565829763,0,,,,,,,,,,,29.4,76.0,UNSAMPLED,0
4160,168.56024494794858,1,29.8,76.1,298,76.1-,29.8,76.1,298,76.1-,green_difference/PSM7,gray_otsu/PSM7,29.8,76.1,ACCEPT_PRIMARY,0
4161,168.60076423759952,0,,,,,,,,,,,29.8,76.1,UNSAMPLED,0
4162,168.64128352725047,0,,,,,,,,,,,29.8,76.1,UNSAMPLED,0
4163,168.6818028169014,0,,,,,,,,,,,29.8,76.1,UNSAMPLED,0
4164,168.72232210655235,0,,,,,,,,,,,29.8,76.1,UNSAMPLED,0
4165,168.76284139620333,0,,,,,,,,,,,29.8,76.1,UNSAMPLED,0
4166,168.80336068585427,0,,,,,,,,,,,29.8,76.1,UNSAMPLED,0
4167,168.84387997550522,0,,,,,,,,,,,29.8,76.1,UNSAMPLED,0
4168,168.88439926515616,1,29.6,76.0,29.6,76.0-,29.6,76.0,29.6,76.0-,green_difference/PSM7,gray_otsu/PSM7,29.6,76.0,ACCEPT_PRIMARY,0
4169,168.9249185548071,0,,,,,,,,,,,29.6,76.0,UNSAMPLED,0
4170,168.96543784445805,0,,,,,,,,,,,29.6,76.0,UNSAMPLED,0
4171,169.00595713410902,0,,,,,,,,,,,29.6,76.0,UNSAMPLED,0
4172,169.04647642375997,0,,,,,,,,,,,29.6,76.0,UNSAMPLED,0
4173,169.08699571341091,0,,,,,,,,,,,29.6,76.0,UNSAMPLED,0
4174,169.12751500306186,0,,,,,,,,,,,29.6,76.0,UNSAMPLED,0
4175,169.1680342927128,0,,,,,,,,,,,29.6,76.0,UNSAMPLED,0
4176,169.20855358236375,1,29.6,76.0,29.6,76.0,29.6,76.0,29.6,76.0,green_difference/PSM7,gray_otsu/PSM7,29.6,76.0,ACCEPT_PRIMARY,0
4177,169.2490728720147,0,,,,,,,,,,,29.6,76.0,UNSAMPLED,0
4178,169.28959216166567,0,,,,,,,,,,,29.6,76.0,UNSAMPLED,0
4179,169.3301114513166,0,,,,,,,,,,,29.6,76.0,UNSAMPLED,0
4180,169.37063074096756,0,,,,,,,,,,,29.6,76.0,UNSAMPLED,0
4181,169.4111500306185,0,,,,,,,,,,,29.6,76.0,UNSAMPLED,0
4182,169.45166932026945,0,,,,,,,,,,,29.6,76.0,UNSAMPLED,0
4183,169.4921886099204,0,,,,,,,,,,,29.6,76.0,UNSAMPLED,0
4184,169.53270789957136,1,29.6,76.1,29.6,76.1-,29.6,76.1,29.6,76.1-,green_difference/PSM7,gray_otsu/PSM7,29.6,76.1,ACCEPT_PRIMARY,0
4185,169.5732271892223,0,,,,,,,,,,,29.6,76.1,UNSAMPLED,0
4186,169.61374647887325,0,,,,,,,,,,,29.6,76.1,UNSAMPLED,0
4187,169.6542657685242,0,,,,,,,,,,,29.6,76.1,UNSAMPLED,0
4188,169.69478505817514,0,,,,,,,,,,,29.6,76.1,UNSAMPLED,0
4189,169.7353043478261,0,,,,,,,,,,,29.6,76.1,UNSAMPLED,0
4190,169.77582363747703,0,,,,,,,,,,,29.6,76.1,UNSAMPLED,0
4191,169.816342927128,0,,,,,,,,,,,29.6,76.1,UNSAMPLED,0
4192,169.85686221677895,1,29.6,76.1,29.6,76.1-,29.6,76.1,29.6,76.1-,green_difference/PSM7,gray_otsu/PSM7,29.6,76.1,ACCEPT_PRIMARY,0
4193,169.8973815064299,0,,,,,,,,,,,29.6,76.1,UNSAMPLED,0
4194,169.93790079608084,0,,,,,,,,,,,29.6,76.1,UNSAMPLED,0
4195,169.97842008573178,0,,,,,,,,,,,29.6,76.1,UNSAMPLED,0
4196,170.01893937538273,0,,,,,,,,,,,29.6,76.1,UNSAMPLED,0
4197,170.0594586650337,0,,,,,,,,,,,29.6,76.1,UNSAMPLED,0
4198,170.09997795468465,0,,,,,,,,,,,29.6,76.1,UNSAMPLED,0
4199,170.1404972443356,0,,,,,,,,,,,29.6,76.1,UNSAMPLED,0
4200,170.18101653398654,1,29.6,76.1,29.6,76.1-,29.6,76.1,29.6,76.1-,green_difference/PSM7,gray_otsu/PSM7,29.6,76.1,ACCEPT_PRIMARY,0
4201,170.22153582363748,0,,,,,,,,,,,29.6,76.1,UNSAMPLED,0
4202,170.26205511328843,0,,,,,,,,,,,29.6,76.1,UNSAMPLED,0
4203,170.30257440293937,0,,,,,,,,,,,29.6,76.1,UNSAMPLED,0
4204,170.34309369259034,0,,,,,,,,,,,29.6,76.1,UNSAMPLED,0
4205,170.3836129822413,0,,,,,,,,,,,29.6,76.1,UNSAMPLED,0
4206,170.42413227189223,0,,,,,,,,,,,29.6,76.1,UNSAMPLED,0
4207,170.46465156154318,0,,,,,,,,,,,29.6,76.1,UNSAMPLED,0
4208,170.50517085119412,1,29.6,76.1,29.6,76.10,29.6,76.1,29.6,76.10,green_difference/PSM7,gray_otsu/PSM7,29.6,76.1,ACCEPT_PRIMARY,0
4209,170.54569014084507,0,,,,,,,,,,,29.6,76.1,UNSAMPLED,0
4210,170.58620943049604,0,,,,,,,,,,,29.6,76.1,UNSAMPLED,0
4211,170.62672872014699,0,,,,,,,,,,,29.6,76.1,UNSAMPLED,0
4212,170.66724800979793,0,,,,,,,,,,,29.6,76.1,UNSAMPLED,0
4213,170.70776729944888,0,,,,,,,,,,,29.6,76.1,UNSAMPLED,0
4214,170.74828658909982,0,,,,,,,,,,,29.6,76.1,UNSAMPLED,0
4215,170.78880587875076,0,,,,,,,,,,,29.6,76.1,UNSAMPLED,0
4216,170.8293251684017,1,29.6,76.1,29.6,76.10,29.6,76.1,29.6,76.10,green_difference/PSM7,gray_otsu/PSM7,29.6,76.1,ACCEPT_PRIMARY,0
4217,170.86984445805268,0,,,,,,,,,,,29.6,76.1,UNSAMPLED,0
4218,170.91036374770363,0,,,,,,,,,,,29.6,76.1,UNSAMPLED,0
4219,170.95088303735457,0,,,,,,,,,,,29.6,76.1,UNSAMPLED,0
4220,170.99140232700552,0,,,,,,,,,,,29.6,76.1,UNSAMPLED,0
4221,171.03192161665646,0,,,,,,,,,,,29.6,76.1,UNSAMPLED,0
4222,171.0724409063074,0,,,,,,,,,,,29.6,76.1,UNSAMPLED,0
4223,171.11296019595838,0,,,,,,,,,,,29.6,76.1,UNSAMPLED,0
4224,171.15347948560932,1,29.6,76.1,29.6,76.10,29.6,76.1,29.6,76.10,green_difference/PSM7,gray_otsu/PSM7,29.6,76.1,ACCEPT_PRIMARY,0
4225,171.19399877526027,0,,,,,,,,,,,29.6,76.1,UNSAMPLED,0
4226,171.2345180649112,0,,,,,,,,,,,29.6,76.1,UNSAMPLED,0
4227,171.27503735456216,0,,,,,,,,,,,29.6,76.1,UNSAMPLED,0
4228,171.3155566442131,0,,,,,,,,,,,29.6,76.1,UNSAMPLED,0
4229,171.35607593386408,0,,,,,,,,,,,29.6,76.1,UNSAMPLED,0
4230,171.39659522351502,0,,,,,,,,,,,29.6,76.1,UNSAMPLED,0
4231,171.43711451316597,0,,,,,,,,,,,29.6,76.1,UNSAMPLED,0
4232,171.4776338028169,1,29.6,46.2,29.6,46.2-,29.6,76.2,29.6,76.20,green_difference/PSM7,green_channel_otsu/PSM7,29.6,76.2,ACCEPT_RETRY,1
4233,171.51815309246786,0,,,,,,,,,,,29.6,76.2,UNSAMPLED,0
4234,171.5586723821188,0,,,,,,,,,,,29.6,76.2,UNSAMPLED,0
4235,171.59919167176974,0,,,,,,,,,,,29.6,76.2,UNSAMPLED,0
4236,171.63971096142072,0,,,,,,,,,,,29.6,76.2,UNSAMPLED,0
4237,171.68023025107166,0,,,,,,,,,,,29.6,76.2,UNSAMPLED,0
4238,171.7207495407226,0,,,,,,,,,,,29.6,76.2,UNSAMPLED,0
4239,171.76126883037355,0,,,,,,,,,,,29.6,76.2,UNSAMPLED,0
4240,171.8017881200245,1,29.6,46.2,29.6,46.2-,29.6,76.2,29.6,76.20,green_difference/PSM7,green_channel_otsu/PSM7,29.6,76.2,ACCEPT_RETRY,1
4241,171.84230740967544,0,,,,,,,,,,,29.6,76.2,UNSAMPLED,0
4242,171.88282669932642,0,,,,,,,,,,,29.6,76.2,UNSAMPLED,0
4243,171.92334598897736,0,,,,,,,,,,,29.6,76.2,UNSAMPLED,0
4244,171.9638652786283,0,,,,,,,,,,,29.6,76.2,UNSAMPLED,0
4245,172.00438456827925,0,,,,,,,,,,,29.6,76.2,UNSAMPLED,0
4246,172.0449038579302,0,,,,,,,,,,,29.6,76.2,UNSAMPLED,0
4247,172.08542314758114,0,,,,,,,,,,,29.6,76.2,UNSAMPLED,0
4248,172.12594243723208,1,29.6,46.2,29.6,46.2-,29.6,76.2,29.6,76.20,green_difference/PSM7,green_channel_otsu/PSM7,29.6,76.2,ACCEPT_RETRY,1
4249,172.16646172688306,0,,,,,,,,,,,29.6,76.2,UNSAMPLED,0
4250,172.206981016534,0,,,,,,,,,,,29.6,76.2,UNSAMPLED,0
4251,172.24750030618495,0,,,,,,,,,,,29.6,76.2,UNSAMPLED,0
4252,172.2880195958359,0,,,,,,,,,,,29.6,76.2,UNSAMPLED,0
4253,172.32853888548684,0,,,,,,,,,,,29.6,76.2,UNSAMPLED,0
4254,172.36905817513778,0,,,,,,,,,,,29.6,76.2,UNSAMPLED,0
4255,172.40957746478875,0,,,,,,,,,,,29.6,76.2,UNSAMPLED,0
4256,172.4500967544397,1,29.6,46.2,29.6,46.2-,29.6,76.2,29.6,76.20,green_difference/PSM7,green_channel_otsu/PSM7,29.6,76.2,ACCEPT_RETRY,1
4257,172.49061604409064,0,,,,,,,,,,,29.6,76.2,UNSAMPLED,0
4258,172.5311353337416,0,,,,,,,,,,,29.6,76.2,UNSAMPLED,0
4259,172.57165462339253,0,,,,,,,,,,,29.6,76.2,UNSAMPLED,0
4260,172.61217391304348,0,,,,,,,,,,,29.6,76.2,UNSAMPLED,0
4261,172.65269320269442,0,,,,,,,,,,,29.6,76.2,UNSAMPLED,0
4262,172.6932124923454,0,,,,,,,,,,,29.6,76.2,UNSAMPLED,0
4263,172.73373178199634,0,,,,,,,,,,,29.6,76.2,UNSAMPLED,0
4264,172.77425107164729,1,29.6,76.2,29.6,76.2-,29.6,76.2,29.6,76.2-,green_difference/PSM7,gray_otsu/PSM7,29.6,76.2,ACCEPT_PRIMARY,0
4265,172.81477036129823,0,,,,,,,,,,,29.6,76.2,UNSAMPLED,0
4266,172.85528965094917,0,,,,,,,,,,,29.6,76.2,UNSAMPLED,0
4267,172.89580894060012,0,,,,,,,,,,,29.6,76.2,UNSAMPLED,0
4268,172.9363282302511,0,,,,,,,,,,,29.6,76.2,UNSAMPLED,0
4269,172.97684751990204,0,,,,,,,,,,,29.6,76.2,UNSAMPLED,0
4270,173.01736680955298,0,,,,,,,,,,,29.6,76.2,UNSAMPLED,0
4271,173.05788609920393,0,,,,,,,,,,,29.6,76.2,UNSAMPLED,0
4272,173.09840538885487,1,29.6,76.2,29.6,76.20,29.6,76.2,29.6,76.20,green_difference/PSM7,gray_otsu/PSM7,29.6,76.2,ACCEPT_PRIMARY,0
4273,173.13892467850582,0,,,,,,,,,,,29.6,76.2,UNSAMPLED,0
4274,173.1794439681568,0,,,,,,,,,,,29.6,76.2,UNSAMPLED,0
4275,173.21996325780773,0,,,,,,,,,,,29.6,76.2,UNSAMPLED,0
4276,173.26048254745868,0,,,,,,,,,,,29.6,76.2,UNSAMPLED,0
4277,173.30100183710962,0,,,,,,,,,,,29.6,76.2,UNSAMPLED,0
4278,173.34152112676057,0,,,,,,,,,,,29.6,76.2,UNSAMPLED,0
4279,173.3820404164115,0,,,,,,,,,,,29.6,76.2,UNSAMPLED,0
4280,173.42255970606246,1,29.6,76.3,29.6,76.30,29.6,76.3,29.6,76.30,green_difference/PSM7,gray_otsu/PSM7,29.6,76.3,ACCEPT_PRIMARY,0
4281,173.46307899571343,0,,,,,,,,,,,29.6,76.3,UNSAMPLED,0
4282,173.50359828536438,0,,,,,,,,,,,29.6,76.3,UNSAMPLED,0
4283,173.54411757501532,0,,,,,,,,,,,29.6,76.3,UNSAMPLED,0
4284,173.58463686466627,0,,,,,,,,,,,29.6,76.3,UNSAMPLED,0
4285,173.6251561543172,0,,,,,,,,,,,29.6,76.3,UNSAMPLED,0
4286,173.66567544396815,0,,,,,,,,,,,29.6,76.3,UNSAMPLED,0
4287,173.70619473361913,0,,,,,,,,,,,29.6,76.3,UNSAMPLED,0
4288,173.74671402327007,1,29.6,76.3,29.6,76.30,29.6,76.3,29.6,76.30,green_difference/PSM7,gray_otsu/PSM7,29.6,76.3,ACCEPT_PRIMARY,0
4289,173.78723331292102,0,,,,,,,,,,,29.6,76.3,UNSAMPLED,0
4290,173.82775260257196,0,,,,,,,,,,,29.6,76.3,UNSAMPLED,0
4291,173.8682718922229,0,,,,,,,,,,,29.6,76.3,UNSAMPLED,0
4292,173.90879118187385,0,,,,,,,,,,,29.6,76.3,UNSAMPLED,0
4293,173.9493104715248,0,,,,,,,,,,,29.6,76.3,UNSAMPLED,0
4294,173.98982976117577,0,,,,,,,,,,,29.6,76.3,UNSAMPLED,0
4295,174.03034905082671,0,,,,,,,,,,,29.6,76.3,UNSAMPLED,0
4296,174.07086834047766,1,29.6,76.2,29.6,76.2-,29.6,76.2,29.6,76.2-,green_difference/PSM7,gray_otsu/PSM7,29.6,76.2,ACCEPT_PRIMARY,0
4297,174.1113876301286,0,,,,,,,,,,,29.6,76.2,UNSAMPLED,0
4298,174.15190691977955,0,,,,,,,,,,,29.6,76.2,UNSAMPLED,0
4299,174.1924262094305,0,,,,,,,,,,,29.6,76.2,UNSAMPLED,0
4300,174.23294549908147,0,,,,,,,,,,,29.6,76.2,UNSAMPLED,0
4301,174.2734647887324,0,,,,,,,,,,,29.6,76.2,UNSAMPLED,0
4302,174.31398407838336,0,,,,,,,,,,,29.6,76.2,UNSAMPLED,0
4303,174.3545033680343,0,,,,,,,,,,,29.6,76.2,UNSAMPLED,0
4304,174.39502265768525,1,29.6,761.0,29.60,7610,,,,,,,29.6,76.2,HOLD_PREVIOUS,1
4305,174.4355419473362,0,,,,,,,,,,,29.6,76.2,UNSAMPLED,0
4306,174.47606123698714,0,,,,,,,,,,,29.6,76.2,UNSAMPLED,0
4307,174.5165805266381,0,,,,,,,,,,,29.6,76.2,UNSAMPLED,0
4308,174.55709981628905,0,,,,,,,,,,,29.6,76.2,UNSAMPLED,0
4309,174.59761910594,0,,,,,,,,,,,29.6,76.2,UNSAMPLED,0
4310,174.63813839559094,0,,,,,,,,,,,29.6,76.2,UNSAMPLED,0
4311,174.6786576852419,0,,,,,,,,,,,29.6,76.2,UNSAMPLED,0
4312,174.71917697489283,1,29.6,76.1,296,76.10,29.6,76.1,296,76.10,green_difference/PSM7,gray_otsu/PSM7,29.6,76.1,ACCEPT_PRIMARY,0
4313,174.7596962645438,0,,,,,,,,,,,29.6,76.1,UNSAMPLED,0
4314,174.80021555419475,0,,,,,,,,,,,29.6,76.1,UNSAMPLED,0
4315,174.8407348438457,0,,,,,,,,,,,29.6,76.1,UNSAMPLED,0
4316,174.88125413349664,0,,,,,,,,,,,29.6,76.1,UNSAMPLED,0
4317,174.92177342314758,0,,,,,,,,,,,29.6,76.1,UNSAMPLED,0
4318,174.96229271279853,0,,,,,,,,,,,29.6,76.1,UNSAMPLED,0
4319,175.0028120024495,0,,,,,,,,,,,29.6,76.1,UNSAMPLED,0
4320,175.04333129210045,1,29.6,76.0,29.6,76.00,29.6,76.0,29.6,76.00,green_difference/PSM7,gray_otsu/PSM7,29.6,76.0,ACCEPT_PRIMARY,0
4321,175.0838505817514,0,,,,,,,,,,,29.6,76.0,UNSAMPLED,0
4322,175.12436987140234,0,,,,,,,,,,,29.6,76.0,UNSAMPLED,0
4323,175.16488916105328,0,,,,,,,,,,,29.6,76.0,UNSAMPLED,0
4324,175.20540845070423,0,,,,,,,,,,,29.6,76.0,UNSAMPLED,0
4325,175.24592774035517,0,,,,,,,,,,,29.6,76.0,UNSAMPLED,0
4326,175.28644703000614,0,,,,,,,,,,,29.6,76.0,UNSAMPLED,0
4327,175.3269663196571,0,,,,,,,,,,,29.6,76.0,UNSAMPLED,0
4328,175.36748560930803,1,29.6,76.0,29.6,76.00,29.6,76.0,29.6,76.00,green_difference/PSM7,gray_otsu/PSM7,29.6,76.0,ACCEPT_PRIMARY,0
4329,175.40800489895898,0,,,,,,,,,,,29.6,76.0,UNSAMPLED,0
4330,175.44852418860992,0,,,,,,,,,,,29.6,76.0,UNSAMPLED,0
4331,175.48904347826087,0,,,,,,,,,,,29.6,76.0,UNSAMPLED,0
4332,175.52956276791184,0,,,,,,,,,,,29.6,76.0,UNSAMPLED,0
4333,175.5700820575628,0,,,,,,,,,,,29.6,76.0,UNSAMPLED,0
4334,175.61060134721373,0,,,,,,,,,,,29.6,76.0,UNSAMPLED,0
4335,175.65112063686468,0,,,,,,,,,,,29.6,76.0,UNSAMPLED,0
4336,175.69163992651562,1,29.6,76.0,29.6,76.00,29.6,76.0,29.6,76.00,green_difference/PSM7,gray_otsu/PSM7,29.6,76.0,ACCEPT_PRIMARY,0
4337,175.73215921616656,0,,,,,,,,,,,29.6,76.0,UNSAMPLED,0
4338,175.7726785058175,0,,,,,,,,,,,29.6,76.0,UNSAMPLED,0
4339,175.81319779546848,0,,,,,,,,,,,29.6,76.0,UNSAMPLED,0
4340,175.85371708511943,0,,,,,,,,,,,29.6,76.0,UNSAMPLED,0
4341,175.89423637477037,0,,,,,,,,,,,29.6,76.0,UNSAMPLED,0
4342,175.93475566442132,0,,,,,,,,,,,29.6,76.0,UNSAMPLED,0
4343,175.97527495407226,0,,,,,,,,,,,29.6,76.0,UNSAMPLED,0
4344,176.0157942437232,1,29.6,76.1,29.6,76.10,29.6,76.1,29.6,76.10,green_difference/PSM7,gray_otsu/PSM7,29.6,76.1,ACCEPT_PRIMARY,0
4345,176.05631353337418,0,,,,,,,,,,,29.6,76.1,UNSAMPLED,0
4346,176.09683282302512,0,,,,,,,,,,,29.6,76.1,UNSAMPLED,0
4347,176.13735211267607,0,,,,,,,,,,,29.6,76.1,UNSAMPLED,0
4348,176.177871402327,0,,,,,,,,,,,29.6,76.1,UNSAMPLED,0
4349,176.21839069197796,0,,,,,,,,,,,29.6,76.1,UNSAMPLED,0
4350,176.2589099816289,0,,,,,,,,,,,29.6,76.1,UNSAMPLED,0
4351,176.29942927127985,0,,,,,,,,,,,29.6,76.1,UNSAMPLED,0
4352,176.33994856093082,1,29.6,6.2,29.6,6.20,29.6,76.2,29.6,76.20,green_difference/PSM7,green_channel_otsu/PSM7,29.6,76.2,ACCEPT_RETRY,1
4353,176.38046785058177,0,,,,,,,,,,,29.6,76.2,UNSAMPLED,0
4354,176.4209871402327,0,,,,,,,,,,,29.6,76.2,UNSAMPLED,0
4355,176.46150642988366,0,,,,,,,,,,,29.6,76.2,UNSAMPLED,0
4356,176.5020257195346,0,,,,,,,,,,,29.6,76.2,UNSAMPLED,0
4357,176.54254500918555,0,,,,,,,,,,,29.6,76.2,UNSAMPLED,0
4358,176.58306429883652,0,,,,,,,,,,,29.6,76.2,UNSAMPLED,0
4359,176.62358358848746,0,,,,,,,,,,,29.6,76.2,UNSAMPLED,0
4360,176.6641028781384,1,29.6,6.2,29.6,6.20,29.6,76.2,29.6,76.20,green_difference/PSM7,green_channel_otsu/PSM7,29.6,76.2,ACCEPT_RETRY,1
4361,176.70462216778935,0,,,,,,,,,,,29.6,76.2,UNSAMPLED,0
4362,176.7451414574403,0,,,,,,,,,,,29.6,76.2,UNSAMPLED,0
4363,176.78566074709124,0,,,,,,,,,,,29.6,76.2,UNSAMPLED,0
4364,176.82618003674222,0,,,,,,,,,,,29.6,76.2,UNSAMPLED,0
4365,176.86669932639316,0,,,,,,,,,,,29.6,76.2,UNSAMPLED,0
4366,176.9072186160441,0,,,,,,,,,,,29.6,76.2,UNSAMPLED,0
4367,176.94773790569505,0,,,,,,,,,,,29.6,76.2,UNSAMPLED,0
4368,176.988257195346,1,29.6,76.1,29.6,76.1,29.6,76.1,29.6,76.1,green_difference/PSM7,gray_otsu/PSM7,29.6,76.1,ACCEPT_PRIMARY,0
4369,177.02877648499694,0,,,,,,,,,,,29.6,76.1,UNSAMPLED,0
4370,177.06929577464788,0,,,,,,,,,,,29.6,76.1,UNSAMPLED,0
4371,177.10981506429886,0,,,,,,,,,,,29.6,76.1,UNSAMPLED,0
4372,177.1503343539498,0,,,,,,,,,,,29.6,76.1,UNSAMPLED,0
4373,177.19085364360075,0,,,,,,,,,,,29.6,76.1,UNSAMPLED,0
4374,177.2313729332517,0,,,,,,,,,,,29.6,76.1,UNSAMPLED,0
4375,177.27189222290264,0,,,,,,,,,,,29.6,76.1,UNSAMPLED,0
4376,177.31241151255358,1,29.6,76.1,29.6,76.1,29.6,76.1,29.6,76.1,green_difference/PSM7,gray_otsu/PSM7,29.6,76.1,ACCEPT_PRIMARY,0
4377,177.35293080220455,0,,,,,,,,,,,29.6,76.1,UNSAMPLED,0
4378,177.3934500918555,0,,,,,,,,,,,29.6,76.1,UNSAMPLED,0
4379,177.43396938150644,0,,,,,,,,,,,29.6,76.1,UNSAMPLED,0
4380,177.4744886711574,0,,,,,,,,,,,29.6,76.1,UNSAMPLED,0
4381,177.51500796080833,0,,,,,,,,,,,29.6,76.1,UNSAMPLED,0
4382,177.55552725045928,0,,,,,,,,,,,29.6,76.1,UNSAMPLED,0
4383,177.59604654011022,0,,,,,,,,,,,29.6,76.1,UNSAMPLED,0
4384,177.6365658297612,1,29.6,76.0,29.6,76.0,29.6,76.0,29.6,76.0,green_difference/PSM7,gray_otsu/PSM7,29.6,76.0,ACCEPT_PRIMARY,0
4385,177.67708511941214,0,,,,,,,,,,,29.6,76.0,UNSAMPLED,0
4386,177.71760440906309,0,,,,,,,,,,,29.6,76.0,UNSAMPLED,0
4387,177.75812369871403,0,,,,,,,,,,,29.6,76.0,UNSAMPLED,0
4388,177.79864298836497,0,,,,,,,,,,,29.6,76.0,UNSAMPLED,0
4389,177.83916227801592,0,,,,,,,,,,,29.6,76.0,UNSAMPLED,0
4390,177.8796815676669,0,,,,,,,,,,,29.6,76.0,UNSAMPLED,0
4391,177.92020085731784,0,,,,,,,,,,,29.6,76.0,UNSAMPLED,0
4392,177.96072014696878,1,29.5,76.0,29.5,76.0,29.5,76.0,29.5,76.0,green_difference/PSM7,gray_otsu/PSM7,29.5,76.0,ACCEPT_PRIMARY,0
4393,178.00123943661973,0,,,,,,,,,,,29.5,76.0,UNSAMPLED,0
4394,178.04175872627067,0,,,,,,,,,,,29.5,76.0,UNSAMPLED,0
4395,178.08227801592162,0,,,,,,,,,,,29.5,76.0,UNSAMPLED,0
4396,178.12279730557256,0,,,,,,,,,,,29.5,76.0,UNSAMPLED,0
4397,178.16331659522353,0,,,,,,,,,,,29.5,76.0,UNSAMPLED,0
4398,178.20383588487448,0,,,,,,,,,,,29.5,76.0,UNSAMPLED,0
4399,178.24435517452542,0,,,,,,,,,,,29.5,76.0,UNSAMPLED,0
4400,178.28487446417637,1,29.5,76.0,29.5,76.0,29.5,76.0,29.5,76.0,green_difference/PSM7,gray_otsu/PSM7,29.5,76.0,ACCEPT_PRIMARY,0
4401,178.3253937538273,0,,,,,,,,,,,29.5,76.0,UNSAMPLED,0
4402,178.36591304347826,0,,,,,,,,,,,29.5,76.0,UNSAMPLED,0
4403,178.40643233312923,0,,,,,,,,,,,29.5,76.0,UNSAMPLED,0
4404,178.44695162278018,0,,,,,,,,,,,29.5,76.0,UNSAMPLED,0
4405,178.48747091243112,0,,,,,,,,,,,29.5,76.0,UNSAMPLED,0
4406,178.52799020208207,0,,,,,,,,,,,29.5,76.0,UNSAMPLED,0
4407,178.568509491733,0,,,,,,,,,,,29.5,76.0,UNSAMPLED,0
4408,178.60902878138396,1,29.3,46.07,29.3,46.07,29.3,76.0,29.3,76.0-,green_difference/PSM7,green_channel_otsu/PSM7,29.3,76.0,ACCEPT_RETRY,1
4409,178.64954807103493,0,,,,,,,,,,,29.3,76.0,UNSAMPLED,0
4410,178.69006736068587,0,,,,,,,,,,,29.3,76.0,UNSAMPLED,0
4411,178.73058665033682,0,,,,,,,,,,,29.3,76.0,UNSAMPLED,0
4412,178.77110593998776,0,,,,,,,,,,,29.3,76.0,UNSAMPLED,0
4413,178.8116252296387,0,,,,,,,,,,,29.3,76.0,UNSAMPLED,0
4414,178.85214451928965,0,,,,,,,,,,,29.3,76.0,UNSAMPLED,0
4415,178.8926638089406,0,,,,,,,,,,,29.3,76.0,UNSAMPLED,0
4416,178.93318309859157,1,29.3,76.1,29.30,76.10,29.3,76.1,29.30,76.10,green_difference/PSM7,gray_otsu/PSM7,29.3,76.1,ACCEPT_PRIMARY,0
4417,178.97370238824251,0,,,,,,,,,,,29.3,76.1,UNSAMPLED,0
4418,179.01422167789346,0,,,,,,,,,,,29.3,76.1,UNSAMPLED,0
4419,179.0547409675444,0,,,,,,,,,,,29.3,76.1,UNSAMPLED,0
4420,179.09526025719535,0,,,,,,,,,,,29.3,76.1,UNSAMPLED,0
4421,179.1357795468463,0,,,,,,,,,,,29.3,76.1,UNSAMPLED,0
4422,179.17629883649727,0,,,,,,,,,,,29.3,76.1,UNSAMPLED,0
4423,179.2168181261482,0,,,,,,,,,,,29.3,76.1,UNSAMPLED,0
4424,179.25733741579916,1,29.3,76.1,29.30,76.10,29.3,76.1,29.30,76.10,green_difference/PSM7,gray_otsu/PSM7,29.3,76.1,ACCEPT_PRIMARY,0
4425,179.2978567054501,0,,,,,,,,,,,29.3,76.1,UNSAMPLED,0
4426,179.33837599510105,0,,,,,,,,,,,29.3,76.1,UNSAMPLED,0
4427,179.378895284752,0,,,,,,,,,,,29.3,76.1,UNSAMPLED,0
4428,179.41941457440294,0,,,,,,,,,,,29.3,76.1,UNSAMPLED,0
4429,179.4599338640539,0,,,,,,,,,,,29.3,76.1,UNSAMPLED,0
4430,179.50045315370485,0,,,,,,,,,,,29.3,76.1,UNSAMPLED,0
4431,179.5409724433558,0,,,,,,,,,,,29.3,76.1,UNSAMPLED,0
4432,179.58149173300674,1,29.3,76.0,29.30,76.0-,29.3,76.0,29.30,76.0-,green_difference/PSM7,gray_otsu/PSM7,29.3,76.0,ACCEPT_PRIMARY,0
4433,179.6220110226577,0,,,,,,,,,,,29.3,76.0,UNSAMPLED,0
4434,179.66253031230863,0,,,,,,,,,,,29.3,76.0,UNSAMPLED,0
4435,179.7030496019596,0,,,,,,,,,,,29.3,76.0,UNSAMPLED,0
4436,179.74356889161055,0,,,,,,,,,,,29.3,76.0,UNSAMPLED,0
4437,179.7840881812615,0,,,,,,,,,,,29.3,76.0,UNSAMPLED,0
4438,179.82460747091244,0,,,,,,,,,,,29.3,76.0,UNSAMPLED,0
4439,179.86512676056338,0,,,,,,,,,,,29.3,76.0,UNSAMPLED,0
4440,179.90564605021433,1,29.4,76.0,294,76.0-,29.4,76.0,294,76.0-,green_difference/PSM7,gray_otsu/PSM7,29.4,76.0,ACCEPT_PRIMARY,0
4441,179.94616533986527,0,,,,,,,,,,,29.4,76.0,UNSAMPLED,0
4442,179.98668462951625,0,,,,,,,,,,,29.4,76.0,UNSAMPLED,0
4443,180.0272039191672,0,,,,,,,,,,,29.4,76.0,UNSAMPLED,0
4444,180.06772320881814,0,,,,,,,,,,,29.4,76.0,UNSAMPLED,0
4445,180.10824249846908,0,,,,,,,,,,,29.4,76.0,UNSAMPLED,0
4446,180.14876178812003,0,,,,,,,,,,,29.4,76.0,UNSAMPLED,0
4447,180.18928107777097,0,,,,,,,,,,,29.4,76.0,UNSAMPLED,0
4448,180.22980036742194,1,29.4,46.2,29.4,46.2,29.4,76.2,29.4,76.20,green_difference/PSM7,green_channel_otsu/PSM7,29.4,76.2,ACCEPT_RETRY,1
4449,180.2703196570729,0,,,,,,,,,,,29.4,76.2,UNSAMPLED,0
4450,180.31083894672383,0,,,,,,,,,,,29.4,76.2,UNSAMPLED,0
4451,180.35135823637478,0,,,,,,,,,,,29.4,76.2,UNSAMPLED,0
4452,180.39187752602572,0,,,,,,,,,,,29.4,76.2,UNSAMPLED,0
4453,180.43239681567667,0,,,,,,,,,,,29.4,76.2,UNSAMPLED,0
4454,180.47291610532764,0,,,,,,,,,,,29.4,76.2,UNSAMPLED,0
4455,180.5134353949786,0,,,,,,,,,,,29.4,76.2,UNSAMPLED,0
4456,180.55395468462953,1,29.4,46.2,29.4,46.2,29.4,76.2,29.4,76.20,green_difference/PSM7,green_channel_otsu/PSM7,29.4,76.2,ACCEPT_RETRY,1
4457,180.59447397428048,0,,,,,,,,,,,29.4,76.2,UNSAMPLED,0
4458,180.63499326393142,0,,,,,,,,,,,29.4,76.2,UNSAMPLED,0
4459,180.67551255358237,0,,,,,,,,,,,29.4,76.2,UNSAMPLED,0
4460,180.7160318432333,0,,,,,,,,,,,29.4,76.2,UNSAMPLED,0
4461,180.75655113288428,0,,,,,,,,,,,29.4,76.2,UNSAMPLED,0
4462,180.79707042253523,0,,,,,,,,,,,29.4,76.2,UNSAMPLED,0
4463,180.83758971218617,0,,,,,,,,,,,29.4,76.2,UNSAMPLED,0
4464,180.87810900183712,1,29.3,761.0,29.30,7610,29.4,78.1,29.4,781,hsv_green/PSM7,green_difference/PSM8,29.4,78.1,ACCEPT_RETRY,1
4465,180.91862829148806,0,,,,,,,,,,,29.4,78.1,UNSAMPLED,0
4466,180.959147581139,0,,,,,,,,,,,29.4,78.1,UNSAMPLED,0
4467,180.99966687078998,0,,,,,,,,,,,29.4,78.1,UNSAMPLED,0
4468,181.04018616044092,0,,,,,,,,,,,29.4,78.1,UNSAMPLED,0
4469,181.08070545009187,0,,,,,,,,,,,29.4,78.1,UNSAMPLED,0
4470,181.12122473974281,0,,,,,,,,,,,29.4,78.1,UNSAMPLED,0
4471,181.16174402939376,0,,,,,,,,,,,29.4,78.1,UNSAMPLED,0
4472,181.2022633190447,1,29.3,76.2,29.30,76.2-,29.3,76.2,29.30,76.2-,green_difference/PSM7,gray_otsu/PSM7,29.3,76.2,ACCEPT_PRIMARY,0
4473,181.24278260869565,0,,,,,,,,,,,29.3,76.2,UNSAMPLED,0
4474,181.28330189834662,0,,,,,,,,,,,29.3,76.2,UNSAMPLED,0
4475,181.32382118799757,0,,,,,,,,,,,29.3,76.2,UNSAMPLED,0
4476,181.3643404776485,0,,,,,,,,,,,29.3,76.2,UNSAMPLED,0
4477,181.40485976729946,0,,,,,,,,,,,29.3,76.2,UNSAMPLED,0
4478,181.4453790569504,0,,,,,,,,,,,29.3,76.2,UNSAMPLED,0
4479,181.48589834660135,0,,,,,,,,,,,29.3,76.2,UNSAMPLED,0
4480,181.52641763625232,1,29.3,76.1,29.30,76.10,29.3,76.1,29.30,76.10,green_difference/PSM7,gray_otsu/PSM7,29.3,76.1,ACCEPT_PRIMARY,0
4481,181.56693692590326,0,,,,,,,,,,,29.3,76.1,UNSAMPLED,0
4482,181.6074562155542,0,,,,,,,,,,,29.3,76.1,UNSAMPLED,0
4483,181.64797550520515,0,,,,,,,,,,,29.3,76.1,UNSAMPLED,0
4484,181.6884947948561,0,,,,,,,,,,,29.3,76.1,UNSAMPLED,0
4485,181.72901408450704,0,,,,,,,,,,,29.3,76.1,UNSAMPLED,0
4486,181.769533374158,0,,,,,,,,,,,29.3,76.1,UNSAMPLED,0
4487,181.81005266380896,0,,,,,,,,,,,29.3,76.1,UNSAMPLED,0
4488,181.8505719534599,1,29.3,76.1,29.30,76.10,29.3,76.1,29.30,76.10,green_difference/PSM7,gray_otsu/PSM7,29.3,76.1,ACCEPT_PRIMARY,0
4489,181.89109124311085,0,,,,,,,,,,,29.3,76.1,UNSAMPLED,0
4490,181.9316105327618,0,,,,,,,,,,,29.3,76.1,UNSAMPLED,0
4491,181.97212982241274,0,,,,,,,,,,,29.3,76.1,UNSAMPLED,0
4492,182.01264911206368,0,,,,,,,,,,,29.3,76.1,UNSAMPLED,0
4493,182.05316840171466,0,,,,,,,,,,,29.3,76.1,UNSAMPLED,0
4494,182.0936876913656,0,,,,,,,,,,,29.3,76.1,UNSAMPLED,0
4495,182.13420698101655,0,,,,,,,,,,,29.3,76.1,UNSAMPLED,0
4496,182.1747262706675,1,29.3,76.1,29.3,76.10,29.3,76.1,29.3,76.10,green_difference/PSM7,gray_otsu/PSM7,29.3,76.1,ACCEPT_PRIMARY,0
4497,182.21524556031844,0,,,,,,,,,,,29.3,76.1,UNSAMPLED,0
4498,182.25576484996938,0,,,,,,,,,,,29.3,76.1,UNSAMPLED,0
4499,182.29628413962035,0,,,,,,,,,,,29.3,76.1,UNSAMPLED,0
4500,182.3368034292713,0,,,,,,,,,,,29.3,76.1,UNSAMPLED,0
4501,182.37732271892224,0,,,,,,,,,,,29.3,76.1,UNSAMPLED,0
4502,182.4178420085732,0,,,,,,,,,,,29.3,76.1,UNSAMPLED,0
4503,182.45836129822413,0,,,,,,,,,,,29.3,76.1,UNSAMPLED,0
4504,182.49888058787508,1,29.3,76.0,29.3,76.0,29.3,76.0,29.3,76.0,green_difference/PSM7,gray_otsu/PSM7,29.3,76.0,ACCEPT_PRIMARY,0
4505,182.53939987752602,0,,,,,,,,,,,29.3,76.0,UNSAMPLED,0
4506,182.579919167177,0,,,,,,,,,,,29.3,76.0,UNSAMPLED,0
4507,182.62043845682794,0,,,,,,,,,,,29.3,76.0,UNSAMPLED,0
4508,182.66095774647889,0,,,,,,,,,,,29.3,76.0,UNSAMPLED,0
4509,182.70147703612983,0,,,,,,,,,,,29.3,76.0,UNSAMPLED,0
4510,182.74199632578078,0,,,,,,,,,,,29.3,76.0,UNSAMPLED,0
4511,182.78251561543172,0,,,,,,,,,,,29.3,76.0,UNSAMPLED,0
4512,182.8230349050827,1,29.3,76.1,29.3,76.10,29.3,76.1,29.3,76.10,green_difference/PSM7,gray_otsu/PSM7,29.3,76.1,ACCEPT_PRIMARY,0
4513,182.86355419473364,0,,,,,,,,,,,29.3,76.1,UNSAMPLED,0
4514,182.90407348438458,0,,,,,,,,,,,29.3,76.1,UNSAMPLED,0
4515,182.94459277403553,0,,,,,,,,,,,29.3,76.1,UNSAMPLED,0
4516,182.98511206368647,0,,,,,,,,,,,29.3,76.1,UNSAMPLED,0
4517,183.02563135333742,0,,,,,,,,,,,29.3,76.1,UNSAMPLED,0
4518,183.06615064298836,0,,,,,,,,,,,29.3,76.1,UNSAMPLED,0
4519,183.10666993263933,0,,,,,,,,,,,29.3,76.1,UNSAMPLED,0
4520,183.14718922229028,1,29.3,76.0,29.3,76.0-,29.3,76.0,29.3,76.0-,green_difference/PSM7,gray_otsu/PSM7,29.3,76.0,ACCEPT_PRIMARY,0
4521,183.18770851194122,0,,,,,,,,,,,29.3,76.0,UNSAMPLED,0
4522,183.22822780159217,0,,,,,,,,,,,29.3,76.0,UNSAMPLED,0
4523,183.2687470912431,0,,,,,,,,,,,29.3,76.0,UNSAMPLED,0
4524,183.30926638089406,0,,,,,,,,,,,29.3,76.0,UNSAMPLED,0
4525,183.34978567054503,0,,,,,,,,,,,29.3,76.0,UNSAMPLED,0
4526,183.39030496019598,0,,,,,,,,,,,29.3,76.0,UNSAMPLED,0
4527,183.43082424984692,0,,,,,,,,,,,29.3,76.0,UNSAMPLED,0
4528,183.47134353949787,1,29.5,46.2,295,46.20,,,,,,,29.3,76.0,HOLD_PREVIOUS,1
4529,183.5118628291488,0,,,,,,,,,,,29.3,76.0,UNSAMPLED,0
4530,183.55238211879976,0,,,,,,,,,,,29.3,76.0,UNSAMPLED,0
4531,183.5929014084507,0,,,,,,,,,,,29.3,76.0,UNSAMPLED,0
4532,183.63342069810167,0,,,,,,,,,,,29.3,76.0,UNSAMPLED,0
4533,183.67393998775262,0,,,,,,,,,,,29.3,76.0,UNSAMPLED,0
4534,183.71445927740356,0,,,,,,,,,,,29.3,76.0,UNSAMPLED,0
4535,183.7549785670545,0,,,,,,,,,,,29.3,76.0,UNSAMPLED,0
4536,183.79549785670545,1,29.5,46.2,295,46.20,,,,,,,29.3,76.0,HOLD_PREVIOUS,1
4537,183.8360171463564,0,,,,,,,,,,,29.3,76.0,UNSAMPLED,0
4538,183.87653643600737,0,,,,,,,,,,,29.3,76.0,UNSAMPLED,0
4539,183.91705572565832,0,,,,,,,,,,,29.3,76.0,UNSAMPLED,0
4540,183.95757501530926,0,,,,,,,,,,,29.3,76.0,UNSAMPLED,0
4541,183.9980943049602,0,,,,,,,,,,,29.3,76.0,UNSAMPLED,0
4542,184.03861359461115,0,,,,,,,,,,,29.3,76.0,UNSAMPLED,0
4543,184.0791328842621,0,,,,,,,,,,,29.3,76.0,UNSAMPLED,0
4544,184.11965217391304,1,29.8,76.0,298,760,29.8,76.0,298,760,green_difference/PSM7,gray_otsu/PSM7,29.8,76.0,ACCEPT_PRIMARY,0
4545,184.160171463564,0,,,,,,,,,,,29.8,76.0,UNSAMPLED,0
4546,184.20069075321496,0,,,,,,,,,,,29.8,76.0,UNSAMPLED,0
4547,184.2412100428659,0,,,,,,,,,,,29.8,76.0,UNSAMPLED,0
4548,184.28172933251685,0,,,,,,,,,,,29.8,76.0,UNSAMPLED,0
4549,184.3222486221678,0,,,,,,,,,,,29.8,76.0,UNSAMPLED,0
4550,184.36276791181874,0,,,,,,,,,,,29.8,76.0,UNSAMPLED,0
4551,184.4032872014697,0,,,,,,,,,,,29.8,76.0,UNSAMPLED,0
4552,184.44380649112065,1,29.6,760.7,296,7607,29.6,76.0,296,76.00,green_difference/PSM7,green_channel_otsu/PSM7,29.6,76.0,ACCEPT_RETRY,1
4553,184.4843257807716,0,,,,,,,,,,,29.6,76.0,UNSAMPLED,0
4554,184.52484507042254,0,,,,,,,,,,,29.6,76.0,UNSAMPLED,0
4555,184.5653643600735,0,,,,,,,,,,,29.6,76.0,UNSAMPLED,0
4556,184.60588364972443,0,,,,,,,,,,,29.6,76.0,UNSAMPLED,0
4557,184.6464029393754,0,,,,,,,,,,,29.6,76.0,UNSAMPLED,0
4558,184.68692222902635,0,,,,,,,,,,,29.6,76.0,UNSAMPLED,0
4559,184.7274415186773,0,,,,,,,,,,,29.6,76.0,UNSAMPLED,0
4560,184.76796080832824,1,29.6,76.0,29.6,76.0-,29.6,76.0,29.6,76.0-,green_difference/PSM7,gray_otsu/PSM7,29.6,76.0,ACCEPT_PRIMARY,0
4561,184.80848009797919,0,,,,,,,,,,,29.6,76.0,UNSAMPLED,0
4562,184.84899938763013,0,,,,,,,,,,,29.6,76.0,UNSAMPLED,0
4563,184.88951867728107,0,,,,,,,,,,,29.6,76.0,UNSAMPLED,0
4564,184.93003796693205,0,,,,,,,,,,,29.6,76.0,UNSAMPLED,0
4565,184.970557256583,0,,,,,,,,,,,29.6,76.0,UNSAMPLED,0
4566,185.01107654623394,0,,,,,,,,,,,29.6,76.0,UNSAMPLED,0
4567,185.05159583588488,0,,,,,,,,,,,29.6,76.0,UNSAMPLED,0
4568,185.09211512553583,1,29.6,76.0,29.6,76.00,29.6,76.0,29.6,76.00,green_difference/PSM7,gray_otsu/PSM7,29.6,76.0,ACCEPT_PRIMARY,0
4569,185.13263441518677,0,,,,,,,,,,,29.6,76.0,UNSAMPLED,0
4570,185.17315370483774,0,,,,,,,,,,,29.6,76.0,UNSAMPLED,0
4571,185.2136729944887,0,,,,,,,,,,,29.6,76.0,UNSAMPLED,0
4572,185.25419228413963,0,,,,,,,,,,,29.6,76.0,UNSAMPLED,0
4573,185.29471157379058,0,,,,,,,,,,,29.6,76.0,UNSAMPLED,0
4574,185.33523086344152,0,,,,,,,,,,,29.6,76.0,UNSAMPLED,0
4575,185.37575015309247,0,,,,,,,,,,,29.6,76.0,UNSAMPLED,0
4576,185.4162694427434,1,29.6,76.0,29.6,76.0,29.6,76.0,29.6,76.0,green_difference/PSM7,gray_otsu/PSM7,29.6,76.0,ACCEPT_PRIMARY,0
4577,185.4567887323944,0,,,,,,,,,,,29.6,76.0,UNSAMPLED,0
4578,185.49730802204533,0,,,,,,,,,,,29.6,76.0,UNSAMPLED,0
4579,185.53782731169628,0,,,,,,,,,,,29.6,76.0,UNSAMPLED,0
4580,185.57834660134722,0,,,,,,,,,,,29.6,76.0,UNSAMPLED,0
4581,185.61886589099817,0,,,,,,,,,,,29.6,76.0,UNSAMPLED,0
4582,185.6593851806491,0,,,,,,,,,,,29.6,76.0,UNSAMPLED,0
4583,185.69990447030008,0,,,,,,,,,,,29.6,76.0,UNSAMPLED,0
4584,185.74042375995103,1,29.6,6.0,29.6,6.0,29.6,76.0,29.6,76.0-,green_difference/PSM7,green_channel_otsu/PSM7,29.6,76.0,ACCEPT_RETRY,1
4585,185.78094304960197,0,,,,,,,,,,,29.6,76.0,UNSAMPLED,0
4586,185.82146233925292,0,,,,,,,,,,,29.6,76.0,UNSAMPLED,0
4587,185.86198162890386,0,,,,,,,,,,,29.6,76.0,UNSAMPLED,0
4588,185.9025009185548,0,,,,,,,,,,,29.6,76.0,UNSAMPLED,0
4589,185.94302020820575,0,,,,,,,,,,,29.6,76.0,UNSAMPLED,0
4590,185.98353949785673,0,,,,,,,,,,,29.6,76.0,UNSAMPLED,0
4591,186.02405878750767,0,,,,,,,,,,,29.6,76.0,UNSAMPLED,0
4592,186.06457807715861,1,29.6,75.9,29.6,75.9-,29.6,75.9,29.6,75.9-,green_difference/PSM7,gray_otsu/PSM7,29.6,75.9,ACCEPT_PRIMARY,0
4593,186.10509736680956,0,,,,,,,,,,,29.6,75.9,UNSAMPLED,0
4594,186.1456166564605,0,,,,,,,,,,,29.6,75.9,UNSAMPLED,0
4595,186.18613594611145,0,,,,,,,,,,,29.6,75.9,UNSAMPLED,0
4596,186.22665523576242,0,,,,,,,,,,,29.6,75.9,UNSAMPLED,0
4597,186.26717452541337,0,,,,,,,,,,,29.6,75.9,UNSAMPLED,0
4598,186.3076938150643,0,,,,,,,,,,,29.6,75.9,UNSAMPLED,0
4599,186.34821310471526,0,,,,,,,,,,,29.6,75.9,UNSAMPLED,0
4600,186.3887323943662,1,29.6,75.9,29.6,75.9-,29.6,75.9,29.6,75.9-,green_difference/PSM7,gray_otsu/PSM7,29.6,75.9,ACCEPT_PRIMARY,0
4601,186.42925168401715,0,,,,,,,,,,,29.6,75.9,UNSAMPLED,0
4602,186.46977097366812,0,,,,,,,,,,,29.6,75.9,UNSAMPLED,0
4603,186.51029026331906,0,,,,,,,,,,,29.6,75.9,UNSAMPLED,0
4604,186.55080955297,0,,,,,,,,,,,29.6,75.9,UNSAMPLED,0
4605,186.59132884262095,0,,,,,,,,,,,29.6,75.9,UNSAMPLED,0
4606,186.6318481322719,0,,,,,,,,,,,29.6,75.9,UNSAMPLED,0
4607,186.67236742192284,0,,,,,,,,,,,29.6,75.9,UNSAMPLED,0
4608,186.7128867115738,1,29.7,49.8,29.7,49.8-,,,,,,,29.6,75.9,HOLD_PREVIOUS,1
4609,186.75340600122476,0,,,,,,,,,,,29.6,75.9,UNSAMPLED,0
4610,186.7939252908757,0,,,,,,,,,,,29.6,75.9,UNSAMPLED,0
4611,186.83444458052665,0,,,,,,,,,,,29.6,75.9,UNSAMPLED,0
4612,186.8749638701776,0,,,,,,,,,,,29.6,75.9,UNSAMPLED,0
4613,186.91548315982854,0,,,,,,,,,,,29.6,75.9,UNSAMPLED,0
4614,186.95600244947948,0,,,,,,,,,,,29.6,75.9,UNSAMPLED,0
4615,186.99652173913046,0,,,,,,,,,,,29.6,75.9,UNSAMPLED,0
4616,187.0370410287814,1,29.7,73.8,29.7,73.80,,,,,,,29.6,75.9,HOLD_PREVIOUS,1
4617,187.07756031843235,0,,,,,,,,,,,29.6,75.9,UNSAMPLED,0
4618,187.1180796080833,0,,,,,,,,,,,29.6,75.9,UNSAMPLED,0
4619,187.15859889773424,0,,,,,,,,,,,29.6,75.9,UNSAMPLED,0
4620,187.19911818738518,0,,,,,,,,,,,29.6,75.9,UNSAMPLED,0
4621,187.23963747703613,0,,,,,,,,,,,29.6,75.9,UNSAMPLED,0
4622,187.2801567666871,0,,,,,,,,,,,29.6,75.9,UNSAMPLED,0
4623,187.32067605633804,0,,,,,,,,,,,29.6,75.9,UNSAMPLED,0
4624,187.361195345989,1,29.7,73.8,29.7,73.80,,,,,,,29.6,75.9,HOLD_PREVIOUS,1
4625,187.40171463563993,0,,,,,,,,,,,29.6,75.9,UNSAMPLED,0
4626,187.44223392529088,0,,,,,,,,,,,29.6,75.9,UNSAMPLED,0
4627,187.48275321494182,0,,,,,,,,,,,29.6,75.9,UNSAMPLED,0
4628,187.5232725045928,0,,,,,,,,,,,29.6,75.9,UNSAMPLED,0
4629,187.56379179424374,0,,,,,,,,,,,29.6,75.9,UNSAMPLED,0
4630,187.6043110838947,0,,,,,,,,,,,29.6,75.9,UNSAMPLED,0
4631,187.64483037354563,0,,,,,,,,,,,29.6,75.9,UNSAMPLED,0
4632,187.68534966319658,1,29.7,73.8,29.7,73.80,,,,,,,29.6,75.9,HOLD_PREVIOUS,1
4633,187.72586895284752,0,,,,,,,,,,,29.6,75.9,UNSAMPLED,0
4634,187.76638824249846,0,,,,,,,,,,,29.6,75.9,UNSAMPLED,0
4635,187.80690753214944,0,,,,,,,,,,,29.6,75.9,UNSAMPLED,0
4636,187.84742682180038,0,,,,,,,,,,,29.6,75.9,UNSAMPLED,0
4637,187.88794611145133,0,,,,,,,,,,,29.6,75.9,UNSAMPLED,0
4638,187.92846540110227,0,,,,,,,,,,,29.6,75.9,UNSAMPLED,0
4639,187.96898469075322,0,,,,,,,,,,,29.6,75.9,UNSAMPLED,0
4640,188.00950398040416,1,29.7,19.8,29.7,19.8,,,,,,,29.6,75.9,HOLD_PREVIOUS,1
4641,188.05002327005514,0,,,,,,,,,,,29.6,75.9,UNSAMPLED,0
4642,188.09054255970608,0,,,,,,,,,,,29.6,75.9,UNSAMPLED,0
4643,188.13106184935702,0,,,,,,,,,,,29.6,75.9,UNSAMPLED,0
4644,188.17158113900797,0,,,,,,,,,,,29.6,75.9,UNSAMPLED,0
4645,188.2121004286589,0,,,,,,,,,,,29.6,75.9,UNSAMPLED,0
4646,188.25261971830986,0,,,,,,,,,,,29.6,75.9,UNSAMPLED,0
4647,188.29313900796083,0,,,,,,,,,,,29.6,75.9,UNSAMPLED,0
4648,188.33365829761178,1,29.7,79.8,29.7,79.8-,,,,,,,29.6,75.9,HOLD_PREVIOUS,1
4649,188.37417758726272,0,,,,,,,,,,,29.6,75.9,UNSAMPLED,0
4650,188.41469687691367,0,,,,,,,,,,,29.6,75.9,UNSAMPLED,0
4651,188.4552161665646,0,,,,,,,,,,,29.6,75.9,UNSAMPLED,0
4652,188.49573545621556,0,,,,,,,,,,,29.6,75.9,UNSAMPLED,0
4653,188.5362547458665,0,,,,,,,,,,,29.6,75.9,UNSAMPLED,0
4654,188.57677403551747,0,,,,,,,,,,,29.6,75.9,UNSAMPLED,0
4655,188.61729332516842,0,,,,,,,,,,,29.6,75.9,UNSAMPLED,0
4656,188.65781261481936,1,,75.6,,75.6-,,,,,,,29.6,75.9,HOLD_PREVIOUS,1
4657,188.6983319044703,0,,,,,,,,,,,29.6,75.9,UNSAMPLED,0
4658,188.73885119412125,0,,,,,,,,,,,29.6,75.9,UNSAMPLED,0
4659,188.7793704837722,0,,,,,,,,,,,29.6,75.9,UNSAMPLED,0
4660,188.81988977342317,0,,,,,,,,,,,29.6,75.9,UNSAMPLED,0
4661,188.86040906307412,0,,,,,,,,,,,29.6,75.9,UNSAMPLED,0
4662,188.90092835272506,0,,,,,,,,,,,29.6,75.9,UNSAMPLED,0
4663,188.941447642376,0,,,,,,,,,,,29.6,75.9,UNSAMPLED,0
4664,188.98196693202695,1,,75.6,,75.6-,,,,,,,29.6,75.9,HOLD_PREVIOUS,1
4665,189.0224862216779,0,,,,,,,,,,,29.6,75.9,UNSAMPLED,0
4666,189.06300551132884,0,,,,,,,,,,,29.6,75.9,UNSAMPLED,0
4667,189.1035248009798,0,,,,,,,,,,,29.6,75.9,UNSAMPLED,0
4668,189.14404409063076,0,,,,,,,,,,,29.6,75.9,UNSAMPLED,0
4669,189.1845633802817,0,,,,,,,,,,,29.6,75.9,UNSAMPLED,0
4670,189.22508266993265,0,,,,,,,,,,,29.6,75.9,UNSAMPLED,0
4671,189.2656019595836,0,,,,,,,,,,,29.6,75.9,UNSAMPLED,0
4672,189.30612124923454,1,,45.7,,45.7-,,,,,,,29.6,75.9,HOLD_PREVIOUS,1
4673,189.3466405388855,0,,,,,,,,,,,29.6,75.9,UNSAMPLED,0
4674,189.38715982853645,0,,,,,,,,,,,29.6,75.9,UNSAMPLED,0
4675,189.4276791181874,0,,,,,,,,,,,29.6,75.9,UNSAMPLED,0
4676,189.46819840783834,0,,,,,,,,,,,29.6,75.9,UNSAMPLED,0
4677,189.5087176974893,0,,,,,,,,,,,29.6,75.9,UNSAMPLED,0
4678,189.54923698714023,0,,,,,,,,,,,29.6,75.9,UNSAMPLED,0
4679,189.58975627679118,0,,,,,,,,,,,29.6,75.9,UNSAMPLED,0
4680,189.63027556644215,1,,75.7,,75.70,,,,,,,29.6,75.9,HOLD_PREVIOUS,1
4681,189.6707948560931,0,,,,,,,,,,,29.6,75.9,UNSAMPLED,0
4682,189.71131414574404,0,,,,,,,,,,,29.6,75.9,UNSAMPLED,0
4683,189.75183343539499,0,,,,,,,,,,,29.6,75.9,UNSAMPLED,0
4684,189.79235272504593,0,,,,,,,,,,,29.6,75.9,UNSAMPLED,0
4685,189.83287201469687,0,,,,,,,,,,,29.6,75.9,UNSAMPLED,0
4686,189.87339130434785,0,,,,,,,,,,,29.6,75.9,UNSAMPLED,0
4687,189.9139105939988,0,,,,,,,,,,,29.6,75.9,UNSAMPLED,0
4688,189.95442988364974,1,,45.8,,45.8-,,,,,,,29.6,75.9,HOLD_PREVIOUS,1
4689,189.99494917330068,0,,,,,,,,,,,29.6,75.9,UNSAMPLED,0
4690,190.03546846295163,0,,,,,,,,,,,29.6,75.9,UNSAMPLED,0
4691,190.07598775260257,0,,,,,,,,,,,29.6,75.9,UNSAMPLED,0
4692,190.11650704225355,0,,,,,,,,,,,29.6,75.9,UNSAMPLED,0
4693,190.1570263319045,0,,,,,,,,,,,29.6,75.9,UNSAMPLED,0
4694,190.19754562155543,0,,,,,,,,,,,29.6,75.9,UNSAMPLED,0
4695,190.23806491120638,0,,,,,,,,,,,29.6,75.9,UNSAMPLED,0
4696,190.27858420085732,1,29.6,45.8,29.6,45.8-,,,,,,,29.6,75.9,HOLD_PREVIOUS,1
4697,190.31910349050827,0,,,,,,,,,,,29.6,75.9,UNSAMPLED,0
4698,190.3596227801592,0,,,,,,,,,,,29.6,75.9,UNSAMPLED,0
4699,190.4001420698102,0,,,,,,,,,,,29.6,75.9,UNSAMPLED,0
4700,190.44066135946113,0,,,,,,,,,,,29.6,75.9,UNSAMPLED,0
4701,190.48118064911208,0,,,,,,,,,,,29.6,75.9,UNSAMPLED,0
4702,190.52169993876302,0,,,,,,,,,,,29.6,75.9,UNSAMPLED,0
4703,190.56221922841397,0,,,,,,,,,,,29.6,75.9,UNSAMPLED,0
4704,190.6027385180649,1,29.6,75.8,29.6,75.8-,29.6,75.8,29.6,75.8-,green_difference/PSM7,gray_otsu/PSM7,29.6,75.8,ACCEPT_PRIMARY,0
4705,190.64325780771588,0,,,,,,,,,,,29.6,75.8,UNSAMPLED,0
4706,190.68377709736683,0,,,,,,,,,,,29.6,75.8,UNSAMPLED,0
4707,190.72429638701777,0,,,,,,,,,,,29.6,75.8,UNSAMPLED,0
4708,190.76481567666872,0,,,,,,,,,,,29.6,75.8,UNSAMPLED,0
4709,190.80533496631966,0,,,,,,,,,,,29.6,75.8,UNSAMPLED,0
4710,190.8458542559706,0,,,,,,,,,,,29.6,75.8,UNSAMPLED,0
4711,190.88637354562155,0,,,,,,,,,,,29.6,75.8,UNSAMPLED,0
4712,190.92689283527253,1,29.4,45.7,29.4,45.7-,,,,,,,29.6,75.8,HOLD_PREVIOUS,1
4713,190.96741212492347,0,,,,,,,,,,,29.6,75.8,UNSAMPLED,0
4714,191.00793141457441,0,,,,,,,,,,,29.6,75.8,UNSAMPLED,0
4715,191.04845070422536,0,,,,,,,,,,,29.6,75.8,UNSAMPLED,0
4716,191.0889699938763,0,,,,,,,,,,,29.6,75.8,UNSAMPLED,0
4717,191.12948928352725,0,,,,,,,,,,,29.6,75.8,UNSAMPLED,0
4718,191.17000857317822,0,,,,,,,,,,,29.6,75.8,UNSAMPLED,0
4719,191.21052786282917,0,,,,,,,,,,,29.6,75.8,UNSAMPLED,0
4720,191.2510471524801,1,,45.7,29,45.7-,,,,,,,29.6,75.8,HOLD_PREVIOUS,1
4721,191.29156644213106,0,,,,,,,,,,,29.6,75.8,UNSAMPLED,0
4722,191.332085731782,0,,,,,,,,,,,29.6,75.8,UNSAMPLED,0
4723,191.37260502143295,0,,,,,,,,,,,29.6,75.8,UNSAMPLED,0
4724,191.4131243110839,0,,,,,,,,,,,29.6,75.8,UNSAMPLED,0
4725,191.45364360073486,0,,,,,,,,,,,29.6,75.8,UNSAMPLED,0
4726,191.4941628903858,0,,,,,,,,,,,29.6,75.8,UNSAMPLED,0
4727,191.53468218003675,0,,,,,,,,,,,29.6,75.8,UNSAMPLED,0
4728,191.5752014696877,1,,75.8,29,75.8,,,,,,,29.6,75.8,HOLD_PREVIOUS,1
4729,191.61572075933864,0,,,,,,,,,,,29.6,75.8,UNSAMPLED,0
4730,191.6562400489896,0,,,,,,,,,,,29.6,75.8,UNSAMPLED,0
4731,191.69675933864056,0,,,,,,,,,,,29.6,75.8,UNSAMPLED,0
4732,191.7372786282915,0,,,,,,,,,,,29.6,75.8,UNSAMPLED,0
4733,191.77779791794245,0,,,,,,,,,,,29.6,75.8,UNSAMPLED,0
4734,191.8183172075934,0,,,,,,,,,,,29.6,75.8,UNSAMPLED,0
4735,191.85883649724434,0,,,,,,,,,,,29.6,75.8,UNSAMPLED,0
4736,191.89935578689528,1,,75.8,29,75.8,,,,,,,29.6,75.8,HOLD_PREVIOUS,1
4737,191.93987507654626,0,,,,,,,,,,,29.6,75.8,UNSAMPLED,0
4738,191.9803943661972,0,,,,,,,,,,,29.6,75.8,UNSAMPLED,0
4739,192.02091365584815,0,,,,,,,,,,,29.6,75.8,UNSAMPLED,0
4740,192.0614329454991,0,,,,,,,,,,,29.6,75.8,UNSAMPLED,0
4741,192.10195223515004,0,,,,,,,,,,,29.6,75.8,UNSAMPLED,0
4742,192.14247152480098,0,,,,,,,,,,,29.6,75.8,UNSAMPLED,0
4743,192.18299081445193,0,,,,,,,,,,,29.6,75.8,UNSAMPLED,0
4744,192.2235101041029,1,,75.9,29,75.9-,,,,,,,29.6,75.8,HOLD_PREVIOUS,1
4745,192.26402939375384,0,,,,,,,,,,,29.6,75.8,UNSAMPLED,0
4746,192.3045486834048,0,,,,,,,,,,,29.6,75.8,UNSAMPLED,0
4747,192.34506797305573,0,,,,,,,,,,,29.6,75.8,UNSAMPLED,0
4748,192.38558726270668,0,,,,,,,,,,,29.6,75.8,UNSAMPLED,0
4749,192.42610655235762,0,,,,,,,,,,,29.6,75.8,UNSAMPLED,0
4750,192.4666258420086,0,,,,,,,,,,,29.6,75.8,UNSAMPLED,0
4751,192.50714513165954,0,,,,,,,,,,,29.6,75.8,UNSAMPLED,0
4752,192.5476644213105,1,,75.9,,75.90,,,,,,,29.6,75.8,HOLD_PREVIOUS,1
4753,192.58818371096143,0,,,,,,,,,,,29.6,75.8,UNSAMPLED,0
4754,192.62870300061238,0,,,,,,,,,,,29.6,75.8,UNSAMPLED,0
4755,192.66922229026332,0,,,,,,,,,,,29.6,75.8,UNSAMPLED,0
4756,192.70974157991427,0,,,,,,,,,,,29.6,75.8,UNSAMPLED,0
4757,192.75026086956524,0,,,,,,,,,,,29.6,75.8,UNSAMPLED,0
4758,192.79078015921618,0,,,,,,,,,,,29.6,75.8,UNSAMPLED,0
4759,192.83129944886713,0,,,,,,,,,,,29.6,75.8,UNSAMPLED,0
4760,192.87181873851807,1,29.4,75.8,294,75.80,29.4,75.8,294,75.80,green_difference/PSM7,gray_otsu/PSM7,29.4,75.8,ACCEPT_PRIMARY,0
4761,192.91233802816902,0,,,,,,,,,,,29.4,75.8,UNSAMPLED,0
4762,192.95285731781996,0,,,,,,,,,,,29.4,75.8,UNSAMPLED,0
4763,192.99337660747094,0,,,,,,,,,,,29.4,75.8,UNSAMPLED,0
4764,193.03389589712188,0,,,,,,,,,,,29.4,75.8,UNSAMPLED,0
4765,193.07441518677282,0,,,,,,,,,,,29.4,75.8,UNSAMPLED,0
4766,193.11493447642377,0,,,,,,,,,,,29.4,75.8,UNSAMPLED,0
4767,193.15545376607471,0,,,,,,,,,,,29.4,75.8,UNSAMPLED,0
4768,193.19597305572566,1,29.4,75.8,294,75.80,29.4,75.8,294,75.80,green_difference/PSM7,gray_otsu/PSM7,29.4,75.8,ACCEPT_PRIMARY,0
4769,193.2364923453766,0,,,,,,,,,,,29.4,75.8,UNSAMPLED,0
4770,193.27701163502758,0,,,,,,,,,,,29.4,75.8,UNSAMPLED,0
4771,193.31753092467852,0,,,,,,,,,,,29.4,75.8,UNSAMPLED,0
4772,193.35805021432947,0,,,,,,,,,,,29.4,75.8,UNSAMPLED,0
4773,193.3985695039804,0,,,,,,,,,,,29.4,75.8,UNSAMPLED,0
4774,193.43908879363136,0,,,,,,,,,,,29.4,75.8,UNSAMPLED,0
4775,193.4796080832823,0,,,,,,,,,,,29.4,75.8,UNSAMPLED,0
4776,193.52012737293327,1,29.4,75.6,294,75.6-,29.4,75.6,294,75.6-,green_difference/PSM7,gray_otsu/PSM7,29.4,75.6,ACCEPT_PRIMARY,0
4777,193.56064666258422,0,,,,,,,,,,,29.4,75.6,UNSAMPLED,0
4778,193.60116595223516,0,,,,,,,,,,,29.4,75.6,UNSAMPLED,0
4779,193.6416852418861,0,,,,,,,,,,,29.4,75.6,UNSAMPLED,0
4780,193.68220453153705,0,,,,,,,,,,,29.4,75.6,UNSAMPLED,0
4781,193.722723821188,0,,,,,,,,,,,29.4,75.6,UNSAMPLED,0
4782,193.76324311083897,0,,,,,,,,,,,29.4,75.6,UNSAMPLED,0
4783,193.80376240048992,0,,,,,,,,,,,29.4,75.6,UNSAMPLED,0
4784,193.84428169014086,1,29.4,75.6,294,75.6-,29.4,75.6,294,75.6-,green_difference/PSM7,gray_otsu/PSM7,29.4,75.6,ACCEPT_PRIMARY,0
4785,193.8848009797918,0,,,,,,,,,,,29.4,75.6,UNSAMPLED,0
4786,193.92532026944275,0,,,,,,,,,,,29.4,75.6,UNSAMPLED,0
4787,193.9658395590937,0,,,,,,,,,,,29.4,75.6,UNSAMPLED,0
4788,194.00635884874464,0,,,,,,,,,,,29.4,75.6,UNSAMPLED,0
4789,194.0468781383956,0,,,,,,,,,,,29.4,75.6,UNSAMPLED,0
4790,194.08739742804656,0,,,,,,,,,,,29.4,75.6,UNSAMPLED,0
4791,194.1279167176975,0,,,,,,,,,,,29.4,75.6,UNSAMPLED,0
4792,194.16843600734845,1,29.4,75.5,294,75.5,29.4,75.5,294,75.5,green_difference/PSM7,gray_otsu/PSM7,29.4,75.5,ACCEPT_PRIMARY,0
4793,194.2089552969994,0,,,,,,,,,,,29.4,75.5,UNSAMPLED,0
4794,194.24947458665034,0,,,,,,,,,,,29.4,75.5,UNSAMPLED,0
4795,194.2899938763013,0,,,,,,,,,,,29.4,75.5,UNSAMPLED,0
4796,194.33051316595225,0,,,,,,,,,,,29.4,75.5,UNSAMPLED,0
4797,194.3710324556032,0,,,,,,,,,,,29.4,75.5,UNSAMPLED,0
4798,194.41155174525414,0,,,,,,,,,,,29.4,75.5,UNSAMPLED,0
4799,194.4520710349051,0,,,,,,,,,,,29.4,75.5,UNSAMPLED,0
4800,194.49259032455603,1,29.4,45.5,294,45.5,,,,,,,29.4,75.5,HOLD_PREVIOUS,1
4801,194.53310961420698,0,,,,,,,,,,,29.4,75.5,UNSAMPLED,0
4802,194.57362890385795,0,,,,,,,,,,,29.4,75.5,UNSAMPLED,0
4803,194.6141481935089,0,,,,,,,,,,,29.4,75.5,UNSAMPLED,0
4804,194.65466748315984,0,,,,,,,,,,,29.4,75.5,UNSAMPLED,0
4805,194.69518677281079,0,,,,,,,,,,,29.4,75.5,UNSAMPLED,0
4806,194.73570606246173,0,,,,,,,,,,,29.4,75.5,UNSAMPLED,0
4807,194.77622535211268,0,,,,,,,,,,,29.4,75.5,UNSAMPLED,0
4808,194.81674464176365,1,29.4,754.0,29.4,7540,,,,,,,29.4,75.5,HOLD_PREVIOUS,1
4809,194.8572639314146,0,,,,,,,,,,,29.4,75.5,UNSAMPLED,0
4810,194.89778322106554,0,,,,,,,,,,,29.4,75.5,UNSAMPLED,0
4811,194.93830251071648,0,,,,,,,,,,,29.4,75.5,UNSAMPLED,0
4812,194.97882180036743,0,,,,,,,,,,,29.4,75.5,UNSAMPLED,0
4813,195.01934109001837,0,,,,,,,,,,,29.4,75.5,UNSAMPLED,0
4814,195.05986037966932,0,,,,,,,,,,,29.4,75.5,UNSAMPLED,0
4815,195.1003796693203,0,,,,,,,,,,,29.4,75.5,UNSAMPLED,0
4816,195.14089895897123,1,29.4,754.0,29.4,7540,,,,,,,29.4,75.5,HOLD_PREVIOUS,1
4817,195.18141824862218,0,,,,,,,,,,,29.4,75.5,UNSAMPLED,0
4818,195.22193753827312,0,,,,,,,,,,,29.4,75.5,UNSAMPLED,0
4819,195.26245682792407,0,,,,,,,,,,,29.4,75.5,UNSAMPLED,0
4820,195.302976117575,0,,,,,,,,,,,29.4,75.5,UNSAMPLED,0
4821,195.343495407226,0,,,,,,,,,,,29.4,75.5,UNSAMPLED,0
4822,195.38401469687693,0,,,,,,,,,,,29.4,75.5,UNSAMPLED,0
4823,195.42453398652788,0,,,,,,,,,,,29.4,75.5,UNSAMPLED,0
4824,195.46505327617882,1,29.4,754.0,29.4,7540,,,,,,,29.4,75.5,HOLD_PREVIOUS,1
4825,195.50557256582977,0,,,,,,,,,,,29.4,75.5,UNSAMPLED,0
4826,195.5460918554807,0,,,,,,,,,,,29.4,75.5,UNSAMPLED,0
4827,195.58661114513166,0,,,,,,,,,,,29.4,75.5,UNSAMPLED,0
4828,195.62713043478263,0,,,,,,,,,,,29.4,75.5,UNSAMPLED,0
4829,195.66764972443357,0,,,,,,,,,,,29.4,75.5,UNSAMPLED,0
4830,195.70816901408452,0,,,,,,,,,,,29.4,75.5,UNSAMPLED,0
4831,195.74868830373546,0,,,,,,,,,,,29.4,75.5,UNSAMPLED,0
4832,195.7892075933864,1,29.4,75.3,29.4,75.3-,29.4,75.3,29.4,75.3-,green_difference/PSM7,gray_otsu/PSM7,29.4,75.3,ACCEPT_PRIMARY,0
4833,195.82972688303735,0,,,,,,,,,,,29.4,75.3,UNSAMPLED,0
4834,195.87024617268833,0,,,,,,,,,,,29.4,75.3,UNSAMPLED,0
4835,195.91076546233927,0,,,,,,,,,,,29.4,75.3,UNSAMPLED,0
4836,195.95128475199022,0,,,,,,,,,,,29.4,75.3,UNSAMPLED,0
4837,195.99180404164116,0,,,,,,,,,,,29.4,75.3,UNSAMPLED,0
4838,196.0323233312921,0,,,,,,,,,,,29.4,75.3,UNSAMPLED,0
4839,196.07284262094305,0,,,,,,,,,,,29.4,75.3,UNSAMPLED,0
4840,196.11336191059402,1,29.4,754.0,29.4,7540,,,,,,,29.4,75.3,HOLD_PREVIOUS,1
4841,196.15388120024497,0,,,,,,,,,,,29.4,75.3,UNSAMPLED,0
4842,196.1944004898959,0,,,,,,,,,,,29.4,75.3,UNSAMPLED,0
4843,196.23491977954686,0,,,,,,,,,,,29.4,75.3,UNSAMPLED,0
4844,196.2754390691978,0,,,,,,,,,,,29.4,75.3,UNSAMPLED,0
4845,196.31595835884875,0,,,,,,,,,,,29.4,75.3,UNSAMPLED,0
4846,196.3564776484997,0,,,,,,,,,,,29.4,75.3,UNSAMPLED,0
4847,196.39699693815066,0,,,,,,,,,,,29.4,75.3,UNSAMPLED,0
4848,196.4375162278016,1,29.4,754.0,29.4,7540,,,,,,,29.4,75.3,HOLD_PREVIOUS,1
4849,196.47803551745255,0,,,,,,,,,,,29.4,75.3,UNSAMPLED,0
4850,196.5185548071035,0,,,,,,,,,,,29.4,75.3,UNSAMPLED,0
4851,196.55907409675444,0,,,,,,,,,,,29.4,75.3,UNSAMPLED,0
4852,196.5995933864054,0,,,,,,,,,,,29.4,75.3,UNSAMPLED,0
4853,196.64011267605636,0,,,,,,,,,,,29.4,75.3,UNSAMPLED,0
4854,196.6806319657073,0,,,,,,,,,,,29.4,75.3,UNSAMPLED,0
4855,196.72115125535825,0,,,,,,,,,,,29.4,75.3,UNSAMPLED,0
4856,196.7616705450092,1,29.4,75.3,29.4,75.3,29.4,75.3,29.4,75.3,green_difference/PSM7,gray_otsu/PSM7,29.4,75.3,ACCEPT_PRIMARY,0
4857,196.80218983466014,0,,,,,,,,,,,29.4,75.3,UNSAMPLED,0
4858,196.84270912431109,0,,,,,,,,,,,29.4,75.3,UNSAMPLED,0
4859,196.88322841396203,0,,,,,,,,,,,29.4,75.3,UNSAMPLED,0
4860,196.923747703613,0,,,,,,,,,,,29.4,75.3,UNSAMPLED,0
4861,196.96426699326395,0,,,,,,,,,,,29.4,75.3,UNSAMPLED,0
4862,197.0047862829149,0,,,,,,,,,,,29.4,75.3,UNSAMPLED,0
4863,197.04530557256584,0,,,,,,,,,,,29.4,75.3,UNSAMPLED,0
4864,197.08582486221678,1,29.4,45.2,29.4,45.20,,,,,,,29.4,75.3,HOLD_PREVIOUS,1
4865,197.12634415186773,0,,,,,,,,,,,29.4,75.3,UNSAMPLED,0
4866,197.1668634415187,0,,,,,,,,,,,29.4,75.3,UNSAMPLED,0
4867,197.20738273116964,0,,,,,,,,,,,29.4,75.3,UNSAMPLED,0
4868,197.2479020208206,0,,,,,,,,,,,29.4,75.3,UNSAMPLED,0
4869,197.28842131047153,0,,,,,,,,,,,29.4,75.3,UNSAMPLED,0
4870,197.32894060012248,0,,,,,,,,,,,29.4,75.3,UNSAMPLED,0
4871,197.36945988977342,0,,,,,,,,,,,29.4,75.3,UNSAMPLED,0
4872,197.40997917942437,1,29.4,45.2,29.4,45.20,,,,,,,29.4,75.3,HOLD_PREVIOUS,1
4873,197.45049846907534,0,,,,,,,,,,,29.4,75.3,UNSAMPLED,0
4874,197.4910177587263,0,,,,,,,,,,,29.4,75.3,UNSAMPLED,0
4875,197.53153704837723,0,,,,,,,,,,,29.4,75.3,UNSAMPLED,0
4876,197.57205633802818,0,,,,,,,,,,,29.4,75.3,UNSAMPLED,0
4877,197.61257562767912,0,,,,,,,,,,,29.4,75.3,UNSAMPLED,0
4878,197.65309491733007,0,,,,,,,,,,,29.4,75.3,UNSAMPLED,0
4879,197.69361420698104,0,,,,,,,,,,,29.4,75.3,UNSAMPLED,0
4880,197.73413349663198,1,29.4,751.0,29.4,7510,,,,,,,29.4,75.3,HOLD_PREVIOUS,1
4881,197.77465278628293,0,,,,,,,,,,,29.4,75.3,UNSAMPLED,0
4882,197.81517207593387,0,,,,,,,,,,,29.4,75.3,UNSAMPLED,0
4883,197.85569136558482,0,,,,,,,,,,,29.4,75.3,UNSAMPLED,0
4884,197.89621065523576,0,,,,,,,,,,,29.4,75.3,UNSAMPLED,0
4885,197.93672994488674,0,,,,,,,,,,,29.4,75.3,UNSAMPLED,0
4886,197.97724923453768,0,,,,,,,,,,,29.4,75.3,UNSAMPLED,0
4887,198.01776852418863,0,,,,,,,,,,,29.4,75.3,UNSAMPLED,0
4888,198.05828781383957,1,29.4,751.0,29.4,7510,,,,,,,29.4,75.3,HOLD_PREVIOUS,1
4889,198.09880710349051,0,,,,,,,,,,,29.4,75.3,UNSAMPLED,0
4890,198.13932639314146,0,,,,,,,,,,,29.4,75.3,UNSAMPLED,0
4891,198.1798456827924,0,,,,,,,,,,,29.4,75.3,UNSAMPLED,0
4892,198.22036497244338,0,,,,,,,,,,,29.4,75.3,UNSAMPLED,0
4893,198.26088426209432,0,,,,,,,,,,,29.4,75.3,UNSAMPLED,0
4894,198.30140355174527,0,,,,,,,,,,,29.4,75.3,UNSAMPLED,0
4895,198.3419228413962,0,,,,,,,,,,,29.4,75.3,UNSAMPLED,0
4896,198.38244213104716,1,29.4,751.0,29.4,7510,,,,,,,29.4,75.3,HOLD_PREVIOUS,1
4897,198.4229614206981,0,,,,,,,,,,,29.4,75.3,UNSAMPLED,0
4898,198.46348071034907,0,,,,,,,,,,,29.4,75.3,UNSAMPLED,0
4899,198.50400000000002,0,,,,,,,,,,,29.4,75.3,UNSAMPLED,0
4900,198.54451928965096,0,,,,,,,,,,,29.4,75.3,UNSAMPLED,0
4901,198.5850385793019,0,,,,,,,,,,,29.4,75.3,UNSAMPLED,0
4902,198.62555786895285,0,,,,,,,,,,,29.4,75.3,UNSAMPLED,0
4903,198.6660771586038,0,,,,,,,,,,,29.4,75.3,UNSAMPLED,0
4904,198.70659644825474,1,29.4,751.0,29.4,7510,29.4,75.1,29.4,75.10,green_difference/PSM7,green_difference/PSM7,29.4,75.1,ACCEPT_RETRY,1
4905,198.74711573790572,0,,,,,,,,,,,29.4,75.1,UNSAMPLED,0
4906,198.78763502755666,0,,,,,,,,,,,29.4,75.1,UNSAMPLED,0
4907,198.8281543172076,0,,,,,,,,,,,29.4,75.1,UNSAMPLED,0
4908,198.86867360685855,0,,,,,,,,,,,29.4,75.1,UNSAMPLED,0
4909,198.9091928965095,0,,,,,,,,,,,29.4,75.1,UNSAMPLED,0
4910,198.94971218616044,0,,,,,,,,,,,29.4,75.1,UNSAMPLED,0
4911,198.9902314758114,0,,,,,,,,,,,29.4,75.1,UNSAMPLED,0
4912,199.03075076546236,1,29.4,45.2,29.4,45.20,29.4,75.2,29.4,752.,green_difference/PSM7,green_difference/PSM8,29.4,75.2,ACCEPT_RETRY,1
4913,199.0712700551133,0,,,,,,,,,,,29.4,75.2,UNSAMPLED,0
4914,199.11178934476425,0,,,,,,,,,,,29.4,75.2,UNSAMPLED,0
4915,199.1523086344152,0,,,,,,,,,,,29.4,75.2,UNSAMPLED,0
4916,199.19282792406614,0,,,,,,,,,,,29.4,75.2,UNSAMPLED,0
4917,199.23334721371708,0,,,,,,,,,,,29.4,75.2,UNSAMPLED,0
4918,199.27386650336805,0,,,,,,,,,,,29.4,75.2,UNSAMPLED,0
4919,199.314385793019,0,,,,,,,,,,,29.4,75.2,UNSAMPLED,0
4920,199.35490508266994,1,29.4,751.0,29.4,7510,,,,,,,29.4,75.2,HOLD_PREVIOUS,1
4921,199.3954243723209,0,,,,,,,,,,,29.4,75.2,UNSAMPLED,0
4922,199.43594366197183,0,,,,,,,,,,,29.4,75.2,UNSAMPLED,0
4923,199.47646295162278,0,,,,,,,,,,,29.4,75.2,UNSAMPLED,0
4924,199.51698224127375,0,,,,,,,,,,,29.4,75.2,UNSAMPLED,0
4925,199.5575015309247,0,,,,,,,,,,,29.4,75.2,UNSAMPLED,0
4926,199.59802082057564,0,,,,,,,,,,,29.4,75.2,UNSAMPLED,0
4927,199.6385401102266,0,,,,,,,,,,,29.4,75.2,UNSAMPLED,0
4928,199.67905939987753,1,29.4,751.0,29.4,7510,,,,,,,29.4,75.2,HOLD_PREVIOUS,1
4929,199.71957868952848,0,,,,,,,,,,,29.4,75.2,UNSAMPLED,0
4930,199.76009797917945,0,,,,,,,,,,,29.4,75.2,UNSAMPLED,0
4931,199.8006172688304,0,,,,,,,,,,,29.4,75.2,UNSAMPLED,0
4932,199.84113655848134,0,,,,,,,,,,,29.4,75.2,UNSAMPLED,0
4933,199.88165584813228,0,,,,,,,,,,,29.4,75.2,UNSAMPLED,0
4934,199.92217513778323,0,,,,,,,,,,,29.4,75.2,UNSAMPLED,0
4935,199.96269442743417,0,,,,,,,,,,,29.4,75.2,UNSAMPLED,0
4936,200.00321371708512,1,29.4,751.0,29.4,7510,,,,,,,29.4,75.2,HOLD_PREVIOUS,1
4937,200.0437330067361,0,,,,,,,,,,,29.4,75.2,UNSAMPLED,0
4938,200.08425229638704,0,,,,,,,,,,,29.4,75.2,UNSAMPLED,0
4939,200.12477158603798,0,,,,,,,,,,,29.4,75.2,UNSAMPLED,0
4940,200.16529087568892,0,,,,,,,,,,,29.4,75.2,UNSAMPLED,0
4941,200.20581016533987,0,,,,,,,,,,,29.4,75.2,UNSAMPLED,0
4942,200.2463294549908,0,,,,,,,,,,,29.4,75.2,UNSAMPLED,0
4943,200.2868487446418,0,,,,,,,,,,,29.4,75.2,UNSAMPLED,0
4944,200.32736803429273,1,29.4,751.0,29.4,7510,,,,,,,29.4,75.2,HOLD_PREVIOUS,1
4945,200.36788732394368,0,,,,,,,,,,,29.4,75.2,UNSAMPLED,0
4946,200.40840661359462,0,,,,,,,,,,,29.4,75.2,UNSAMPLED,0
4947,200.44892590324557,0,,,,,,,,,,,29.4,75.2,UNSAMPLED,0
4948,200.4894451928965,0,,,,,,,,,,,29.4,75.2,UNSAMPLED,0
4949,200.52996448254746,0,,,,,,,,,,,29.4,75.2,UNSAMPLED,0
4950,200.57048377219843,0,,,,,,,,,,,29.4,75.2,UNSAMPLED,0
4951,200.61100306184937,0,,,,,,,,,,,29.4,75.2,UNSAMPLED,0
4952,200.65152235150032,1,29.6,751.0,29.6,7510,29.6,75.1,29.6,75.10,green_difference/PSM7,green_difference/PSM7,29.6,75.1,ACCEPT_RETRY,1
4953,200.69204164115126,0,,,,,,,,,,,29.6,75.1,UNSAMPLED,0
4954,200.7325609308022,0,,,,,,,,,,,29.6,75.1,UNSAMPLED,0
4955,200.77308022045315,0,,,,,,,,,,,29.6,75.1,UNSAMPLED,0
4956,200.81359951010413,0,,,,,,,,,,,29.6,75.1,UNSAMPLED,0
4957,200.85411879975507,0,,,,,,,,,,,29.6,75.1,UNSAMPLED,0
4958,200.89463808940602,0,,,,,,,,,,,29.6,75.1,UNSAMPLED,0
4959,200.93515737905696,0,,,,,,,,,,,29.6,75.1,UNSAMPLED,0
4960,200.9756766687079,1,2.6,75.0,2.6,75.00,,,,,,,29.6,75.1,HOLD_PREVIOUS,1
4961,201.01619595835885,0,,,,,,,,,,,29.6,75.1,UNSAMPLED,0
4962,201.0567152480098,0,,,,,,,,,,,29.6,75.1,UNSAMPLED,0
4963,201.09723453766077,0,,,,,,,,,,,29.6,75.1,UNSAMPLED,0
4964,201.1377538273117,0,,,,,,,,,,,29.6,75.1,UNSAMPLED,0
4965,201.17827311696266,0,,,,,,,,,,,29.6,75.1,UNSAMPLED,0
4966,201.2187924066136,0,,,,,,,,,,,29.6,75.1,UNSAMPLED,0
4967,201.25931169626455,0,,,,,,,,,,,29.6,75.1,UNSAMPLED,0
4968,201.2998309859155,1,2.6,749.0,2.6,7490,,,,,,,29.6,75.1,HOLD_PREVIOUS,1
4969,201.34035027556646,0,,,,,,,,,,,29.6,75.1,UNSAMPLED,0
4970,201.3808695652174,0,,,,,,,,,,,29.6,75.1,UNSAMPLED,0
4971,201.42138885486835,0,,,,,,,,,,,29.6,75.1,UNSAMPLED,0
4972,201.4619081445193,0,,,,,,,,,,,29.6,75.1,UNSAMPLED,0
4973,201.50242743417024,0,,,,,,,,,,,29.6,75.1,UNSAMPLED,0
4974,201.5429467238212,0,,,,,,,,,,,29.6,75.1,UNSAMPLED,0
4975,201.58346601347216,0,,,,,,,,,,,29.6,75.1,UNSAMPLED,0
4976,201.6239853031231,1,2.6,75.0,2.6,75.00,,,,,,,29.6,75.1,HOLD_PREVIOUS,1
4977,201.66450459277405,0,,,,,,,,,,,29.6,75.1,UNSAMPLED,0
4978,201.705023882425,0,,,,,,,,,,,29.6,75.1,UNSAMPLED,0
4979,201.74554317207594,0,,,,,,,,,,,29.6,75.1,UNSAMPLED,0
4980,201.78606246172689,0,,,,,,,,,,,29.6,75.1,UNSAMPLED,0
4981,201.82658175137783,0,,,,,,,,,,,29.6,75.1,UNSAMPLED,0
4982,201.8671010410288,0,,,,,,,,,,,29.6,75.1,UNSAMPLED,0
4983,201.90762033067975,0,,,,,,,,,,,29.6,75.1,UNSAMPLED,0
4984,201.9481396203307,1,2.6,74.8,2.6,74.80,,,,,,,29.6,75.1,HOLD_PREVIOUS,1
4985,201.98865890998164,0,,,,,,,,,,,29.6,75.1,UNSAMPLED,0
4986,202.02917819963258,0,,,,,,,,,,,29.6,75.1,UNSAMPLED,0
4987,202.06969748928353,0,,,,,,,,,,,29.6,75.1,UNSAMPLED,0
4988,202.1102167789345,0,,,,,,,,,,,29.6,75.1,UNSAMPLED,0
4989,202.15073606858545,0,,,,,,,,,,,29.6,75.1,UNSAMPLED,0
4990,202.1912553582364,0,,,,,,,,,,,29.6,75.1,UNSAMPLED,0
4991,202.23177464788733,0,,,,,,,,,,,29.6,75.1,UNSAMPLED,0
4992,202.27229393753828,1,2.6,74.8,2.6,74.80,,,,,,,29.6,75.1,HOLD_PREVIOUS,1
4993,202.31281322718922,0,,,,,,,,,,,29.6,75.1,UNSAMPLED,0
4994,202.35333251684017,0,,,,,,,,,,,29.6,75.1,UNSAMPLED,0
4995,202.39385180649114,0,,,,,,,,,,,29.6,75.1,UNSAMPLED,0
4996,202.4343710961421,0,,,,,,,,,,,29.6,75.1,UNSAMPLED,0
4997,202.47489038579303,0,,,,,,,,,,,29.6,75.1,UNSAMPLED,0
4998,202.51540967544398,0,,,,,,,,,,,29.6,75.1,UNSAMPLED,0
4999,202.55592896509492,0,,,,,,,,,,,29.6,75.1,UNSAMPLED,0
5000,202.59644825474587,1,2.6,74.8,2.6,74.80,,,,,,,29.6,75.1,HOLD_PREVIOUS,1
5001,202.63696754439684,0,,,,,,,,,,,29.6,75.1,UNSAMPLED,0
5002,202.67748683404778,0,,,,,,,,,,,29.6,75.1,UNSAMPLED,0
5003,202.71800612369873,0,,,,,,,,,,,29.6,75.1,UNSAMPLED,0
5004,202.75852541334967,0,,,,,,,,,,,29.6,75.1,UNSAMPLED,0
5005,202.79904470300062,0,,,,,,,,,,,29.6,75.1,UNSAMPLED,0
5006,202.83956399265156,0,,,,,,,,,,,29.6,75.1,UNSAMPLED,0
5007,202.8800832823025,0,,,,,,,,,,,29.6,75.1,UNSAMPLED,0
5008,202.92060257195348,1,29.5,74.8,29.5,748,29.5,74.8,29.5,748,green_difference/PSM7,gray_otsu/PSM7,29.5,74.8,ACCEPT_PRIMARY,0
5009,202.96112186160443,0,,,,,,,,,,,29.5,74.8,UNSAMPLED,0
5010,203.00164115125537,0,,,,,,,,,,,29.5,74.8,UNSAMPLED,0
5011,203.04216044090631,0,,,,,,,,,,,29.5,74.8,UNSAMPLED,0
5012,203.08267973055726,0,,,,,,,,,,,29.5,74.8,UNSAMPLED,0
5013,203.1231990202082,0,,,,,,,,,,,29.5,74.8,UNSAMPLED,0
5014,203.16371830985918,0,,,,,,,,,,,29.5,74.8,UNSAMPLED,0
5015,203.20423759951012,0,,,,,,,,,,,29.5,74.8,UNSAMPLED,0
5016,203.24475688916107,1,29.5,749.0,29.5,7490,29.5,74.9,29.5,749,green_difference/PSM7,green_difference/PSM7,29.5,74.9,ACCEPT_RETRY,1
5017,203.285276178812,0,,,,,,,,,,,29.5,74.9,UNSAMPLED,0
5018,203.32579546846296,0,,,,,,,,,,,29.5,74.9,UNSAMPLED,0
5019,203.3663147581139,0,,,,,,,,,,,29.5,74.9,UNSAMPLED,0
5020,203.40683404776487,0,,,,,,,,,,,29.5,74.9,UNSAMPLED,0
5021,203.44735333741582,0,,,,,,,,,,,29.5,74.9,UNSAMPLED,0
5022,203.48787262706676,0,,,,,,,,,,,29.5,74.9,UNSAMPLED,0
5023,203.5283919167177,0,,,,,,,,,,,29.5,74.9,UNSAMPLED,0
5024,203.56891120636865,1,29.5,749.0,29.5,7490,29.5,74.9,29.5,749,green_difference/PSM7,green_difference/PSM7,29.5,74.9,ACCEPT_RETRY,1
5025,203.6094304960196,0,,,,,,,,,,,29.5,74.9,UNSAMPLED,0
5026,203.64994978567054,0,,,,,,,,,,,29.5,74.9,UNSAMPLED,0
5027,203.69046907532152,0,,,,,,,,,,,29.5,74.9,UNSAMPLED,0
5028,203.73098836497246,0,,,,,,,,,,,29.5,74.9,UNSAMPLED,0
5029,203.7715076546234,0,,,,,,,,,,,29.5,74.9,UNSAMPLED,0
5030,203.81202694427435,0,,,,,,,,,,,29.5,74.9,UNSAMPLED,0
5031,203.8525462339253,0,,,,,,,,,,,29.5,74.9,UNSAMPLED,0
5032,203.89306552357624,1,29.5,749.0,29.5,7490,29.5,74.9,29.5,749,green_difference/PSM7,green_difference/PSM7,29.5,74.9,ACCEPT_RETRY,1
5033,203.9335848132272,0,,,,,,,,,,,29.5,74.9,UNSAMPLED,0
5034,203.97410410287816,0,,,,,,,,,,,29.5,74.9,UNSAMPLED,0
5035,204.0146233925291,0,,,,,,,,,,,29.5,74.9,UNSAMPLED,0
5036,204.05514268218005,0,,,,,,,,,,,29.5,74.9,UNSAMPLED,0
5037,204.095661971831,0,,,,,,,,,,,29.5,74.9,UNSAMPLED,0
5038,204.13618126148194,0,,,,,,,,,,,29.5,74.9,UNSAMPLED,0
5039,204.17670055113288,0,,,,,,,,,,,29.5,74.9,UNSAMPLED,0
5040,204.21721984078386,1,29.5,749.0,29.5,7490,29.5,74.9,29.5,749,green_difference/PSM7,green_difference/PSM7,29.5,74.9,ACCEPT_RETRY,1
5041,204.2577391304348,0,,,,,,,,,,,29.5,74.9,UNSAMPLED,0
5042,204.29825842008574,0,,,,,,,,,,,29.5,74.9,UNSAMPLED,0
5043,204.3387777097367,0,,,,,,,,,,,29.5,74.9,UNSAMPLED,0
5044,204.37929699938763,0,,,,,,,,,,,29.5,74.9,UNSAMPLED,0
5045,204.41981628903858,0,,,,,,,,,,,29.5,74.9,UNSAMPLED,0
5046,204.46033557868955,0,,,,,,,,,,,29.5,74.9,UNSAMPLED,0
5047,204.5008548683405,0,,,,,,,,,,,29.5,74.9,UNSAMPLED,0
5048,204.54137415799144,1,29.5,749.0,29.5,7490,29.5,74.9,29.5,749,green_difference/PSM7,green_difference/PSM7,29.5,74.9,ACCEPT_RETRY,1
5049,204.5818934476424,0,,,,,,,,,,,29.5,74.9,UNSAMPLED,0
5050,204.62241273729333,0,,,,,,,,,,,29.5,74.9,UNSAMPLED,0
5051,204.66293202694428,0,,,,,,,,,,,29.5,74.9,UNSAMPLED,0
5052,204.70345131659522,0,,,,,,,,,,,29.5,74.9,UNSAMPLED,0
5053,204.7439706062462,0,,,,,,,,,,,29.5,74.9,UNSAMPLED,0
5054,204.78448989589714,0,,,,,,,,,,,29.5,74.9,UNSAMPLED,0
5055,204.82500918554808,0,,,,,,,,,,,29.5,74.9,UNSAMPLED,0
5056,204.86552847519903,1,29.5,749.0,29.5,7490,,,,,,,29.5,74.9,HOLD_PREVIOUS,1
5057,204.90604776484997,0,,,,,,,,,,,29.5,74.9,UNSAMPLED,0
5058,204.94656705450092,0,,,,,,,,,,,29.5,74.9,UNSAMPLED,0
5059,204.9870863441519,0,,,,,,,,,,,29.5,74.9,UNSAMPLED,0
5060,205.02760563380284,0,,,,,,,,,,,29.5,74.9,UNSAMPLED,0
5061,205.06812492345378,0,,,,,,,,,,,29.5,74.9,UNSAMPLED,0
5062,205.10864421310472,0,,,,,,,,,,,29.5,74.9,UNSAMPLED,0
5063,205.14916350275567,0,,,,,,,,,,,29.5,74.9,UNSAMPLED,0
5064,205.18968279240661,1,29.5,749.0,29.5,7490,,,,,,,29.5,74.9,HOLD_PREVIOUS,1
5065,205.2302020820576,0,,,,,,,,,,,29.5,74.9,UNSAMPLED,0
5066,205.27072137170853,0,,,,,,,,,,,29.5,74.9,UNSAMPLED,0
5067,205.31124066135948,0,,,,,,,,,,,29.5,74.9,UNSAMPLED,0
5068,205.35175995101042,0,,,,,,,,,,,29.5,74.9,UNSAMPLED,0
5069,205.39227924066137,0,,,,,,,,,,,29.5,74.9,UNSAMPLED,0
5070,205.4327985303123,0,,,,,,,,,,,29.5,74.9,UNSAMPLED,0
5071,205.47331781996326,0,,,,,,,,,,,29.5,74.9,UNSAMPLED,0
5072,205.51383710961423,1,29.5,74.8,29.5,748,29.5,74.8,29.5,748,green_difference/PSM7,gray_otsu/PSM7,29.5,74.8,ACCEPT_PRIMARY,0
5073,205.55435639926517,0,,,,,,,,,,,29.5,74.8,UNSAMPLED,0
5074,205.59487568891612,0,,,,,,,,,,,29.5,74.8,UNSAMPLED,0
5075,205.63539497856706,0,,,,,,,,,,,29.5,74.8,UNSAMPLED,0
5076,205.675914268218,0,,,,,,,,,,,29.5,74.8,UNSAMPLED,0
5077,205.71643355786895,0,,,,,,,,,,,29.5,74.8,UNSAMPLED,0
5078,205.75695284751993,0,,,,,,,,,,,29.5,74.8,UNSAMPLED,0
5079,205.79747213717087,0,,,,,,,,,,,29.5,74.8,UNSAMPLED,0
5080,205.83799142682182,1,29.5,74.8,29.5,748,29.5,74.8,29.5,748,green_difference/PSM7,gray_otsu/PSM7,29.5,74.8,ACCEPT_PRIMARY,0
5081,205.87851071647276,0,,,,,,,,,,,29.5,74.8,UNSAMPLED,0
5082,205.9190300061237,0,,,,,,,,,,,29.5,74.8,UNSAMPLED,0
5083,205.95954929577465,0,,,,,,,,,,,29.5,74.8,UNSAMPLED,0
5084,206.0000685854256,0,,,,,,,,,,,29.5,74.8,UNSAMPLED,0
5085,206.04058787507657,0,,,,,,,,,,,29.5,74.8,UNSAMPLED,0
5086,206.0811071647275,0,,,,,,,,,,,29.5,74.8,UNSAMPLED,0
5087,206.12162645437846,0,,,,,,,,,,,29.5,74.8,UNSAMPLED,0
5088,206.1621457440294,1,29.5,74.8,29.5,748,29.5,74.8,29.5,748,green_difference/PSM7,gray_otsu/PSM7,29.5,74.8,ACCEPT_PRIMARY,0
5089,206.20266503368035,0,,,,,,,,,,,29.5,74.8,UNSAMPLED,0
5090,206.2431843233313,0,,,,,,,,,,,29.5,74.8,UNSAMPLED,0
5091,206.28370361298226,0,,,,,,,,,,,29.5,74.8,UNSAMPLED,0
5092,206.3242229026332,0,,,,,,,,,,,29.5,74.8,UNSAMPLED,0
5093,206.36474219228415,0,,,,,,,,,,,29.5,74.8,UNSAMPLED,0
5094,206.4052614819351,0,,,,,,,,,,,29.5,74.8,UNSAMPLED,0
5095,206.44578077158604,0,,,,,,,,,,,29.5,74.8,UNSAMPLED,0
5096,206.486300061237,1,29.5,74.8,29.5,748,29.5,74.8,29.5,748,green_difference/PSM7,gray_otsu/PSM7,29.5,74.8,ACCEPT_PRIMARY,0
5097,206.52681935088793,0,,,,,,,,,,,29.5,74.8,UNSAMPLED,0
5098,206.5673386405389,0,,,,,,,,,,,29.5,74.8,UNSAMPLED,0
5099,206.60785793018985,0,,,,,,,,,,,29.5,74.8,UNSAMPLED,0
5100,206.6483772198408,0,,,,,,,,,,,29.5,74.8,UNSAMPLED,0
5101,206.68889650949174,0,,,,,,,,,,,29.5,74.8,UNSAMPLED,0
5102,206.72941579914269,0,,,,,,,,,,,29.5,74.8,UNSAMPLED,0
5103,206.76993508879363,0,,,,,,,,,,,29.5,74.8,UNSAMPLED,0
5104,206.8104543784446,1,,74.8,,748,,,,,,,29.5,74.8,HOLD_PREVIOUS,1
5105,206.85097366809555,0,,,,,,,,,,,29.5,74.8,UNSAMPLED,0
5106,206.8914929577465,0,,,,,,,,,,,29.5,74.8,UNSAMPLED,0
5107,206.93201224739744,0,,,,,,,,,,,29.5,74.8,UNSAMPLED,0
5108,206.97253153704838,0,,,,,,,,,,,29.5,74.8,UNSAMPLED,0
5109,207.01305082669933,0,,,,,,,,,,,29.5,74.8,UNSAMPLED,0
5110,207.05357011635027,0,,,,,,,,,,,29.5,74.8,UNSAMPLED,0
5111,207.09408940600125,0,,,,,,,,,,,29.5,74.8,UNSAMPLED,0
5112,207.1346086956522,1,29.4,749.0,29.4,7490,29.4,74.8,29.4,74.8,green_difference/PSM7,green_difference/PSM7,29.4,74.8,ACCEPT_RETRY,1
5113,207.17512798530313,0,,,,,,,,,,,29.4,74.8,UNSAMPLED,0
5114,207.21564727495408,0,,,,,,,,,,,29.4,74.8,UNSAMPLED,0
5115,207.25616656460502,0,,,,,,,,,,,29.4,74.8,UNSAMPLED,0
5116,207.29668585425597,0,,,,,,,,,,,29.4,74.8,UNSAMPLED,0
5117,207.33720514390694,0,,,,,,,,,,,29.4,74.8,UNSAMPLED,0
5118,207.3777244335579,0,,,,,,,,,,,29.4,74.8,UNSAMPLED,0
5119,207.41824372320883,0,,,,,,,,,,,29.4,74.8,UNSAMPLED,0
5120,207.45876301285978,1,29.4,79.1,29.4,791-,29.4,76.47,29.4,76.47,green_difference/PSM7,green_difference/PSM7,29.4,76.47,ACCEPT_RETRY,1
5121,207.49928230251072,0,,,,,,,,,,,29.4,76.47,UNSAMPLED,0
5122,207.53980159216167,0,,,,,,,,,,,29.4,76.47,UNSAMPLED,0
5123,207.58032088181264,0,,,,,,,,,,,29.4,76.47,UNSAMPLED,0
5124,207.62084017146358,0,,,,,,,,,,,29.4,76.47,UNSAMPLED,0
5125,207.66135946111453,0,,,,,,,,,,,29.4,76.47,UNSAMPLED,0
5126,207.70187875076547,0,,,,,,,,,,,29.4,76.47,UNSAMPLED,0
5127,207.74239804041642,0,,,,,,,,,,,29.4,76.47,UNSAMPLED,0
5128,207.78291733006736,1,29.4,79.1,29.4,791-,29.4,76.1,29.4,76.1,green_difference/PSM7,green_difference/PSM7,29.4,76.1,ACCEPT_RETRY,1
5129,207.8234366197183,0,,,,,,,,,,,29.4,76.1,UNSAMPLED,0
5130,207.86395590936928,0,,,,,,,,,,,29.4,76.1,UNSAMPLED,0
5131,207.90447519902023,0,,,,,,,,,,,29.4,76.1,UNSAMPLED,0
5132,207.94499448867117,0,,,,,,,,,,,29.4,76.1,UNSAMPLED,0
5133,207.98551377832212,0,,,,,,,,,,,29.4,76.1,UNSAMPLED,0
5134,208.02603306797306,0,,,,,,,,,,,29.4,76.1,UNSAMPLED,0
5135,208.066552357624,0,,,,,,,,,,,29.4,76.1,UNSAMPLED,0
5136,208.10707164727498,1,29.4,79.1,29.4,791-,29.4,76.1,29.4,76.1,green_difference/PSM7,green_difference/PSM7,29.4,76.1,ACCEPT_RETRY,1
5137,208.14759093692592,0,,,,,,,,,,,29.4,76.1,UNSAMPLED,0
5138,208.18811022657687,0,,,,,,,,,,,29.4,76.1,UNSAMPLED,0
5139,208.2286295162278,0,,,,,,,,,,,29.4,76.1,UNSAMPLED,0
5140,208.26914880587876,0,,,,,,,,,,,29.4,76.1,UNSAMPLED,0
5141,208.3096680955297,0,,,,,,,,,,,29.4,76.1,UNSAMPLED,0
5142,208.35018738518065,0,,,,,,,,,,,29.4,76.1,UNSAMPLED,0
5143,208.39070667483162,0,,,,,,,,,,,29.4,76.1,UNSAMPLED,0
5144,208.43122596448256,1,29.4,79.1,29.4,791-,29.4,76.1,29.4,76.1,green_difference/PSM7,green_difference/PSM7,29.4,76.1,ACCEPT_RETRY,1
5145,208.4717452541335,0,,,,,,,,,,,29.4,76.1,UNSAMPLED,0
5146,208.51226454378445,0,,,,,,,,,,,29.4,76.1,UNSAMPLED,0
5147,208.5527838334354,0,,,,,,,,,,,29.4,76.1,UNSAMPLED,0
5148,208.59330312308634,0,,,,,,,,,,,29.4,76.1,UNSAMPLED,0
5149,208.63382241273732,0,,,,,,,,,,,29.4,76.1,UNSAMPLED,0
5150,208.67434170238826,0,,,,,,,,,,,29.4,76.1,UNSAMPLED,0
5151,208.7148609920392,0,,,,,,,,,,,29.4,76.1,UNSAMPLED,0
5152,208.75538028169015,1,29.68,75.3,29.680,75.3,29.68,75.3,29.680,75.3,green_difference/PSM7,gray_otsu/PSM7,29.68,75.3,ACCEPT_PRIMARY,0
5153,208.7958995713411,0,,,,,,,,,,,29.68,75.3,UNSAMPLED,0
5154,208.83641886099204,0,,,,,,,,,,,29.68,75.3,UNSAMPLED,0
5155,208.87693815064299,0,,,,,,,,,,,29.68,75.3,UNSAMPLED,0
5156,208.91745744029396,0,,,,,,,,,,,29.68,75.3,UNSAMPLED,0
5157,208.9579767299449,0,,,,,,,,,,,29.68,75.3,UNSAMPLED,0
5158,208.99849601959585,0,,,,,,,,,,,29.68,75.3,UNSAMPLED,0
5159,209.0390153092468,0,,,,,,,,,,,29.68,75.3,UNSAMPLED,0
5160,209.07953459889774,1,296.0,75.3,2960,75.3,28.6,75.3,28.6,75.3,hsv_green/PSM7,gray_otsu/PSM7,28.6,75.3,ACCEPT_RETRY,1
5161,209.12005388854868,0,,,,,,,,,,,28.6,75.3,UNSAMPLED,0
5162,209.16057317819966,0,,,,,,,,,,,28.6,75.3,UNSAMPLED,0
5163,209.2010924678506,0,,,,,,,,,,,28.6,75.3,UNSAMPLED,0
5164,209.24161175750154,0,,,,,,,,,,,28.6,75.3,UNSAMPLED,0
5165,209.2821310471525,0,,,,,,,,,,,28.6,75.3,UNSAMPLED,0
5166,209.32265033680343,0,,,,,,,,,,,28.6,75.3,UNSAMPLED,0
5167,209.36316962645438,0,,,,,,,,,,,28.6,75.3,UNSAMPLED,0
5168,209.40368891610535,1,296.0,75.3,2960,75.3-,29.6,75.3,29.6,75.3-,hsv_green/PSM7,gray_otsu/PSM7,29.6,75.3,ACCEPT_RETRY,1
5169,209.4442082057563,0,,,,,,,,,,,29.6,75.3,UNSAMPLED,0
5170,209.48472749540724,0,,,,,,,,,,,29.6,75.3,UNSAMPLED,0
5171,209.5252467850582,0,,,,,,,,,,,29.6,75.3,UNSAMPLED,0
5172,209.56576607470913,0,,,,,,,,,,,29.6,75.3,UNSAMPLED,0
5173,209.60628536436008,0,,,,,,,,,,,29.6,75.3,UNSAMPLED,0
5174,209.64680465401102,0,,,,,,,,,,,29.6,75.3,UNSAMPLED,0
5175,209.687323943662,0,,,,,,,,,,,29.6,75.3,UNSAMPLED,0
5176,209.72784323331294,1,296.0,75.3,2960,75.3-,29.6,75.3,29.6,75.3-,hsv_green/PSM7,gray_otsu/PSM7,29.6,75.3,ACCEPT_RETRY,1
5177,209.76836252296388,0,,,,,,,,,,,29.6,75.3,UNSAMPLED,0
5178,209.80888181261483,0,,,,,,,,,,,29.6,75.3,UNSAMPLED,0
5179,209.84940110226577,0,,,,,,,,,,,29.6,75.3,UNSAMPLED,0
5180,209.88992039191672,0,,,,,,,,,,,29.6,75.3,UNSAMPLED,0
5181,209.9304396815677,0,,,,,,,,,,,29.6,75.3,UNSAMPLED,0
5182,209.97095897121864,0,,,,,,,,,,,29.6,75.3,UNSAMPLED,0
5183,210.01147826086958,0,,,,,,,,,,,29.6,75.3,UNSAMPLED,0
5184,210.05199755052053,1,296.0,45.2,2960,45.20,29.6,75.2,29.6,75.20,hsv_green/PSM7,green_channel_otsu/PSM7,29.6,75.2,ACCEPT_RETRY,1
5185,210.09251684017147,0,,,,,,,,,,,29.6,75.2,UNSAMPLED,0
5186,210.13303612982241,0,,,,,,,,,,,29.6,75.2,UNSAMPLED,0
5187,210.17355541947336,0,,,,,,,,,,,29.6,75.2,UNSAMPLED,0
5188,210.21407470912433,0,,,,,,,,,,,29.6,75.2,UNSAMPLED,0
5189,210.25459399877528,0,,,,,,,,,,,29.6,75.2,UNSAMPLED,0
5190,210.29511328842622,0,,,,,,,,,,,29.6,75.2,UNSAMPLED,0
5191,210.33563257807717,0,,,,,,,,,,,29.6,75.2,UNSAMPLED,0
5192,210.3761518677281,1,296.0,45.0,2960,45.00,29.6,75.0,29.6,75.0,hsv_green/PSM7,green_difference/PSM7,29.6,75.0,ACCEPT_RETRY,1
5193,210.41667115737906,0,,,,,,,,,,,29.6,75.0,UNSAMPLED,0
5194,210.45719044703003,0,,,,,,,,,,,29.6,75.0,UNSAMPLED,0
5195,210.49770973668097,0,,,,,,,,,,,29.6,75.0,UNSAMPLED,0
5196,210.53822902633192,0,,,,,,,,,,,29.6,75.0,UNSAMPLED,0
5197,210.57874831598286,0,,,,,,,,,,,29.6,75.0,UNSAMPLED,0
5198,210.6192676056338,0,,,,,,,,,,,29.6,75.0,UNSAMPLED,0
5199,210.65978689528475,0,,,,,,,,,,,29.6,75.0,UNSAMPLED,0
5200,210.7003061849357,1,296.0,74.8,2960,748,29.6,74.8,29.6,748,hsv_green/PSM7,gray_otsu/PSM7,29.6,74.8,ACCEPT_RETRY,1
5201,210.74082547458667,0,,,,,,,,,,,29.6,74.8,UNSAMPLED,0
5202,210.78134476423762,0,,,,,,,,,,,29.6,74.8,UNSAMPLED,0
5203,210.82186405388856,0,,,,,,,,,,,29.6,74.8,UNSAMPLED,0
5204,210.8623833435395,0,,,,,,,,,,,29.6,74.8,UNSAMPLED,0
5205,210.90290263319045,0,,,,,,,,,,,29.6,74.8,UNSAMPLED,0
5206,210.9434219228414,0,,,,,,,,,,,29.6,74.8,UNSAMPLED,0
5207,210.98394121249237,0,,,,,,,,,,,29.6,74.8,UNSAMPLED,0
5208,211.0244605021433,1,29.8,749.0,29.8,7490,,,,,,,29.6,74.8,HOLD_PREVIOUS,1
5209,211.06497979179426,0,,,,,,,,,,,29.6,74.8,UNSAMPLED,0
5210,211.1054990814452,0,,,,,,,,,,,29.6,74.8,UNSAMPLED,0
5211,211.14601837109615,0,,,,,,,,,,,29.6,74.8,UNSAMPLED,0
5212,211.1865376607471,0,,,,,,,,,,,29.6,74.8,UNSAMPLED,0
5213,211.22705695039807,0,,,,,,,,,,,29.6,74.8,UNSAMPLED,0
5214,211.267576240049,0,,,,,,,,,,,29.6,74.8,UNSAMPLED,0
5215,211.30809552969995,0,,,,,,,,,,,29.6,74.8,UNSAMPLED,0
5216,211.3486148193509,1,29.8,749.0,29.8,7490,,,,,,,29.6,74.8,HOLD_PREVIOUS,1
5217,211.38913410900184,0,,,,,,,,,,,29.6,74.8,UNSAMPLED,0
5218,211.4296533986528,0,,,,,,,,,,,29.6,74.8,UNSAMPLED,0
5219,211.47017268830373,0,,,,,,,,,,,29.6,74.8,UNSAMPLED,0
5220,211.5106919779547,0,,,,,,,,,,,29.6,74.8,UNSAMPLED,0
5221,211.55121126760565,0,,,,,,,,,,,29.6,74.8,UNSAMPLED,0
5222,211.5917305572566,0,,,,,,,,,,,29.6,74.8,UNSAMPLED,0
5223,211.63224984690754,0,,,,,,,,,,,29.6,74.8,UNSAMPLED,0
5224,211.6727691365585,1,29.8,748.0,29.8,7480,29.6,74.8,296,748,green_channel_otsu/PSM7,green_channel_otsu/PSM7,29.6,74.8,ACCEPT_RETRY,1
5225,211.71328842620943,0,,,,,,,,,,,29.6,74.8,UNSAMPLED,0
5226,211.7538077158604,0,,,,,,,,,,,29.6,74.8,UNSAMPLED,0
5227,211.79432700551135,0,,,,,,,,,,,29.6,74.8,UNSAMPLED,0
5228,211.8348462951623,0,,,,,,,,,,,29.6,74.8,UNSAMPLED,0
5229,211.87536558481324,0,,,,,,,,,,,29.6,74.8,UNSAMPLED,0
5230,211.91588487446418,0,,,,,,,,,,,29.6,74.8,UNSAMPLED,0
5231,211.95640416411513,0,,,,,,,,,,,29.6,74.8,UNSAMPLED,0
5232,211.99692345376607,1,20.8,74.5,20.80,745,29.6,74.8,296,74.8,green_channel_otsu/PSM7,green_difference/PSM7,29.6,74.8,ACCEPT_RETRY,1
5233,212.03744274341705,0,,,,,,,,,,,29.6,74.8,UNSAMPLED,0
5234,212.077962033068,0,,,,,,,,,,,29.6,74.8,UNSAMPLED,0
5235,212.11848132271894,0,,,,,,,,,,,29.6,74.8,UNSAMPLED,0
5236,212.15900061236988,0,,,,,,,,,,,29.6,74.8,UNSAMPLED,0
5237,212.19951990202082,0,,,,,,,,,,,29.6,74.8,UNSAMPLED,0
5238,212.24003919167177,0,,,,,,,,,,,29.6,74.8,UNSAMPLED,0
5239,212.28055848132274,0,,,,,,,,,,,29.6,74.8,UNSAMPLED,0
5240,212.3210777709737,1,20.8,74.3,20.80,74.30,29.6,74.3,296,74.30,green_channel_otsu/PSM7,gray_otsu/PSM7,29.6,74.3,ACCEPT_RETRY,1
5241,212.36159706062463,0,,,,,,,,,,,29.6,74.3,UNSAMPLED,0
5242,212.40211635027558,0,,,,,,,,,,,29.6,74.3,UNSAMPLED,0
5243,212.44263563992652,0,,,,,,,,,,,29.6,74.3,UNSAMPLED,0
5244,212.48315492957747,0,,,,,,,,,,,29.6,74.3,UNSAMPLED,0
5245,212.5236742192284,0,,,,,,,,,,,29.6,74.3,UNSAMPLED,0
5246,212.56419350887938,0,,,,,,,,,,,29.6,74.3,UNSAMPLED,0
5247,212.60471279853033,0,,,,,,,,,,,29.6,74.3,UNSAMPLED,0
5248,212.64523208818127,1,20.8,74.3,20.80,74.30,29.6,74.3,296,74.30,green_channel_otsu/PSM7,gray_otsu/PSM7,29.6,74.3,ACCEPT_RETRY,1
5249,212.68575137783222,0,,,,,,,,,,,29.6,74.3,UNSAMPLED,0
5250,212.72627066748316,0,,,,,,,,,,,29.6,74.3,UNSAMPLED,0
5251,212.7667899571341,0,,,,,,,,,,,29.6,74.3,UNSAMPLED,0
5252,212.80730924678508,0,,,,,,,,,,,29.6,74.3,UNSAMPLED,0
5253,212.84782853643603,0,,,,,,,,,,,29.6,74.3,UNSAMPLED,0
5254,212.88834782608697,0,,,,,,,,,,,29.6,74.3,UNSAMPLED,0
5255,212.92886711573792,0,,,,,,,,,,,29.6,74.3,UNSAMPLED,0
5256,212.96938640538886,1,,74.3,96,74.30,29.6,74.3,296,74.30,green_channel_otsu/PSM7,gray_otsu/PSM7,29.6,74.3,ACCEPT_RETRY,1
5257,213.0099056950398,0,,,,,,,,,,,29.6,74.3,UNSAMPLED,0
5258,213.05042498469078,0,,,,,,,,,,,29.6,74.3,UNSAMPLED,0
5259,213.09094427434172,0,,,,,,,,,,,29.6,74.3,UNSAMPLED,0
5260,213.13146356399267,0,,,,,,,,,,,29.6,74.3,UNSAMPLED,0
5261,213.1719828536436,0,,,,,,,,,,,29.6,74.3,UNSAMPLED,0
5262,213.21250214329456,0,,,,,,,,,,,29.6,74.3,UNSAMPLED,0
5263,213.2530214329455,0,,,,,,,,,,,29.6,74.3,UNSAMPLED,0
5264,213.29354072259645,1,29.6,74.3,296,74.30,29.6,74.3,296,74.30,green_difference/PSM7,gray_otsu/PSM7,29.6,74.3,ACCEPT_PRIMARY,0
5265,213.33406001224742,0,,,,,,,,,,,29.6,74.3,UNSAMPLED,0
5266,213.37457930189836,0,,,,,,,,,,,29.6,74.3,UNSAMPLED,0
5267,213.4150985915493,0,,,,,,,,,,,29.6,74.3,UNSAMPLED,0
5268,213.45561788120025,0,,,,,,,,,,,29.6,74.3,UNSAMPLED,0
5269,213.4961371708512,0,,,,,,,,,,,29.6,74.3,UNSAMPLED,0
5270,213.53665646050214,0,,,,,,,,,,,29.6,74.3,UNSAMPLED,0
5271,213.57717575015312,0,,,,,,,,,,,29.6,74.3,UNSAMPLED,0
5272,213.61769503980406,1,,43.8,94,43.8,,,,,,,29.6,74.3,HOLD_PREVIOUS,1
5273,213.658214329455,0,,,,,,,,,,,29.6,74.3,UNSAMPLED,0
5274,213.69873361910595,0,,,,,,,,,,,29.6,74.3,UNSAMPLED,0
5275,213.7392529087569,0,,,,,,,,,,,29.6,74.3,UNSAMPLED,0
5276,213.77977219840784,0,,,,,,,,,,,29.6,74.3,UNSAMPLED,0
5277,213.82029148805879,0,,,,,,,,,,,29.6,74.3,UNSAMPLED,0
5278,213.86081077770976,0,,,,,,,,,,,29.6,74.3,UNSAMPLED,0
5279,213.9013300673607,0,,,,,,,,,,,29.6,74.3,UNSAMPLED,0
5280,213.94184935701165,1,,73.9,94,73.9-,,,,,,,29.6,74.3,HOLD_PREVIOUS,1
5281,213.9823686466626,0,,,,,,,,,,,29.6,74.3,UNSAMPLED,0
5282,214.02288793631354,0,,,,,,,,,,,29.6,74.3,UNSAMPLED,0
5283,214.06340722596448,0,,,,,,,,,,,29.6,74.3,UNSAMPLED,0
5284,214.10392651561546,0,,,,,,,,,,,29.6,74.3,UNSAMPLED,0
5285,214.1444458052664,0,,,,,,,,,,,29.6,74.3,UNSAMPLED,0
5286,214.18496509491735,0,,,,,,,,,,,29.6,74.3,UNSAMPLED,0
5287,214.2254843845683,0,,,,,,,,,,,29.6,74.3,UNSAMPLED,0
5288,214.26600367421923,1,,73.9,94,73.9-,,,,,,,29.6,74.3,HOLD_PREVIOUS,1
5289,214.30652296387018,0,,,,,,,,,,,29.6,74.3,UNSAMPLED,0
5290,214.34704225352112,0,,,,,,,,,,,29.6,74.3,UNSAMPLED,0
5291,214.3875615431721,0,,,,,,,,,,,29.6,74.3,UNSAMPLED,0
5292,214.42808083282304,0,,,,,,,,,,,29.6,74.3,UNSAMPLED,0
5293,214.468600122474,0,,,,,,,,,,,29.6,74.3,UNSAMPLED,0
5294,214.50911941212493,0,,,,,,,,,,,29.6,74.3,UNSAMPLED,0
5295,214.54963870177588,0,,,,,,,,,,,29.6,74.3,UNSAMPLED,0
5296,214.59015799142682,1,,73.9,94,73.9-,,,,,,,29.6,74.3,HOLD_PREVIOUS,1
5297,214.6306772810778,0,,,,,,,,,,,29.6,74.3,UNSAMPLED,0
5298,214.67119657072874,0,,,,,,,,,,,29.6,74.3,UNSAMPLED,0
5299,214.71171586037968,0,,,,,,,,,,,29.6,74.3,UNSAMPLED,0
5300,214.75223515003063,0,,,,,,,,,,,29.6,74.3,UNSAMPLED,0
5301,214.79275443968157,0,,,,,,,,,,,29.6,74.3,UNSAMPLED,0
5302,214.83327372933252,0,,,,,,,,,,,29.6,74.3,UNSAMPLED,0
5303,214.8737930189835,0,,,,,,,,,,,29.6,74.3,UNSAMPLED,0
5304,214.91431230863444,1,29.4,73.9,294,73.9-,29.4,73.9,294,73.9-,green_difference/PSM7,gray_otsu/PSM7,29.4,73.9,ACCEPT_PRIMARY,0
5305,214.95483159828538,0,,,,,,,,,,,29.4,73.9,UNSAMPLED,0
5306,214.99535088793633,0,,,,,,,,,,,29.4,73.9,UNSAMPLED,0
5307,215.03587017758727,0,,,,,,,,,,,29.4,73.9,UNSAMPLED,0
5308,215.07638946723822,0,,,,,,,,,,,29.4,73.9,UNSAMPLED,0
5309,215.11690875688916,0,,,,,,,,,,,29.4,73.9,UNSAMPLED,0
5310,215.15742804654013,0,,,,,,,,,,,29.4,73.9,UNSAMPLED,0
5311,215.19794733619108,0,,,,,,,,,,,29.4,73.9,UNSAMPLED,0
5312,215.23846662584202,1,29.4,740.0,294,7400,29.4,74.0,294,74.00,green_difference/PSM7,green_channel_otsu/PSM7,29.4,74.0,ACCEPT_RETRY,1
5313,215.27898591549297,0,,,,,,,,,,,29.4,74.0,UNSAMPLED,0
5314,215.3195052051439,0,,,,,,,,,,,29.4,74.0,UNSAMPLED,0
5315,215.36002449479486,0,,,,,,,,,,,29.4,74.0,UNSAMPLED,0
5316,215.40054378444583,0,,,,,,,,,,,29.4,74.0,UNSAMPLED,0
5317,215.44106307409677,0,,,,,,,,,,,29.4,74.0,UNSAMPLED,0
5318,215.48158236374772,0,,,,,,,,,,,29.4,74.0,UNSAMPLED,0
5319,215.52210165339866,0,,,,,,,,,,,29.4,74.0,UNSAMPLED,0
5320,215.5626209430496,1,29.4,742.0,294,7420,29.4,74.2,294,74.20,green_difference/PSM7,green_channel_otsu/PSM7,29.4,74.2,ACCEPT_RETRY,1
5321,215.60314023270055,0,,,,,,,,,,,29.4,74.2,UNSAMPLED,0
5322,215.6436595223515,0,,,,,,,,,,,29.4,74.2,UNSAMPLED,0
5323,215.68417881200247,0,,,,,,,,,,,29.4,74.2,UNSAMPLED,0
5324,215.72469810165342,0,,,,,,,,,,,29.4,74.2,UNSAMPLED,0
5325,215.76521739130436,0,,,,,,,,,,,29.4,74.2,UNSAMPLED,0
5326,215.8057366809553,0,,,,,,,,,,,29.4,74.2,UNSAMPLED,0
5327,215.84625597060625,0,,,,,,,,,,,29.4,74.2,UNSAMPLED,0
5328,215.8867752602572,1,29.4,742.0,294,7420,29.4,74.2,294,74.20,green_difference/PSM7,green_channel_otsu/PSM7,29.4,74.2,ACCEPT_RETRY,1
5329,215.92729454990817,0,,,,,,,,,,,29.4,74.2,UNSAMPLED,0
5330,215.9678138395591,0,,,,,,,,,,,29.4,74.2,UNSAMPLED,0
5331,216.00833312921006,0,,,,,,,,,,,29.4,74.2,UNSAMPLED,0
5332,216.048852418861,0,,,,,,,,,,,29.4,74.2,UNSAMPLED,0
5333,216.08937170851195,0,,,,,,,,,,,29.4,74.2,UNSAMPLED,0
5334,216.1298909981629,0,,,,,,,,,,,29.4,74.2,UNSAMPLED,0
5335,216.17041028781384,0,,,,,,,,,,,29.4,74.2,UNSAMPLED,0
5336,216.2109295774648,1,29.4,742.0,294,7420,29.4,74.2,294,74.20,green_difference/PSM7,green_channel_otsu/PSM7,29.4,74.2,ACCEPT_RETRY,1
5337,216.25144886711576,0,,,,,,,,,,,29.4,74.2,UNSAMPLED,0
5338,216.2919681567667,0,,,,,,,,,,,29.4,74.2,UNSAMPLED,0
5339,216.33248744641764,0,,,,,,,,,,,29.4,74.2,UNSAMPLED,0
5340,216.3730067360686,0,,,,,,,,,,,29.4,74.2,UNSAMPLED,0
5341,216.41352602571953,0,,,,,,,,,,,29.4,74.2,UNSAMPLED,0
5342,216.4540453153705,0,,,,,,,,,,,29.4,74.2,UNSAMPLED,0
5343,216.49456460502145,0,,,,,,,,,,,29.4,74.2,UNSAMPLED,0
5344,216.5350838946724,1,29.4,742.0,294,7420,29.4,74.2,294,74.20,green_difference/PSM7,green_channel_otsu/PSM7,29.4,74.2,ACCEPT_RETRY,1
5345,216.57560318432334,0,,,,,,,,,,,29.4,74.2,UNSAMPLED,0
5346,216.6161224739743,0,,,,,,,,,,,29.4,74.2,UNSAMPLED,0
5347,216.65664176362523,0,,,,,,,,,,,29.4,74.2,UNSAMPLED,0
5348,216.6971610532762,0,,,,,,,,,,,29.4,74.2,UNSAMPLED,0
5349,216.73768034292715,0,,,,,,,,,,,29.4,74.2,UNSAMPLED,0
5350,216.7781996325781,0,,,,,,,,,,,29.4,74.2,UNSAMPLED,0
5351,216.81871892222904,0,,,,,,,,,,,29.4,74.2,UNSAMPLED,0
5352,216.85923821187998,1,29.4,744.0,294,7440,29.4,74.4,294,74.40,green_difference/PSM7,green_channel_otsu/PSM7,29.4,74.4,ACCEPT_RETRY,1
5353,216.89975750153093,0,,,,,,,,,,,29.4,74.4,UNSAMPLED,0
5354,216.94027679118187,0,,,,,,,,,,,29.4,74.4,UNSAMPLED,0
5355,216.98079608083285,0,,,,,,,,,,,29.4,74.4,UNSAMPLED,0
5356,217.0213153704838,0,,,,,,,,,,,29.4,74.4,UNSAMPLED,0
5357,217.06183466013474,0,,,,,,,,,,,29.4,74.4,UNSAMPLED,0
5358,217.10235394978568,0,,,,,,,,,,,29.4,74.4,UNSAMPLED,0
5359,217.14287323943662,0,,,,,,,,,,,29.4,74.4,UNSAMPLED,0
5360,217.18339252908757,1,29.4,744.0,294,7440,,,,,,,29.4,74.4,HOLD_PREVIOUS,1
5361,217.22391181873854,0,,,,,,,,,,,29.4,74.4,UNSAMPLED,0
5362,217.2644311083895,0,,,,,,,,,,,29.4,74.4,UNSAMPLED,0
5363,217.30495039804043,0,,,,,,,,,,,29.4,74.4,UNSAMPLED,0
5364,217.34546968769138,0,,,,,,,,,,,29.4,74.4,UNSAMPLED,0
5365,217.38598897734232,0,,,,,,,,,,,29.4,74.4,UNSAMPLED,0
5366,217.42650826699327,0,,,,,,,,,,,29.4,74.4,UNSAMPLED,0
5367,217.4670275566442,0,,,,,,,,,,,29.4,74.4,UNSAMPLED,0
5368,217.50754684629518,1,29.4,744.0,294,7440,,,,,,,29.4,74.4,HOLD_PREVIOUS,1
5369,217.54806613594613,0,,,,,,,,,,,29.4,74.4,UNSAMPLED,0
5370,217.58858542559707,0,,,,,,,,,,,29.4,74.4,UNSAMPLED,0
5371,217.62910471524802,0,,,,,,,,,,,29.4,74.4,UNSAMPLED,0
5372,217.66962400489896,0,,,,,,,,,,,29.4,74.4,UNSAMPLED,0
5373,217.7101432945499,0,,,,,,,,,,,29.4,74.4,UNSAMPLED,0
5374,217.75066258420088,0,,,,,,,,,,,29.4,74.4,UNSAMPLED,0
5375,217.79118187385183,0,,,,,,,,,,,29.4,74.4,UNSAMPLED,0
5376,217.83170116350277,1,29.4,744.0,294,7440,,,,,,,29.4,74.4,HOLD_PREVIOUS,1
5377,217.87222045315372,0,,,,,,,,,,,29.4,74.4,UNSAMPLED,0
5378,217.91273974280466,0,,,,,,,,,,,29.4,74.4,UNSAMPLED,0
5379,217.9532590324556,0,,,,,,,,,,,29.4,74.4,UNSAMPLED,0
5380,217.99377832210655,0,,,,,,,,,,,29.4,74.4,UNSAMPLED,0
5381,218.03429761175752,0,,,,,,,,,,,29.4,74.4,UNSAMPLED,0
5382,218.07481690140847,0,,,,,,,,,,,29.4,74.4,UNSAMPLED,0
5383,218.1153361910594,0,,,,,,,,,,,29.4,74.4,UNSAMPLED,0
5384,218.15585548071036,1,29.4,744.0,294,7440,,,,,,,29.4,74.4,HOLD_PREVIOUS,1
5385,218.1963747703613,0,,,,,,,,,,,29.4,74.4,UNSAMPLED,0
5386,218.23689406001225,0,,,,,,,,,,,29.4,74.4,UNSAMPLED,0
5387,218.27741334966322,0,,,,,,,,,,,29.4,74.4,UNSAMPLED,0
5388,218.31793263931417,0,,,,,,,,,,,29.4,74.4,UNSAMPLED,0
5389,218.3584519289651,0,,,,,,,,,,,29.4,74.4,UNSAMPLED,0
5390,218.39897121861605,0,,,,,,,,,,,29.4,74.4,UNSAMPLED,0
5391,218.439490508267,0,,,,,,,,,,,29.4,74.4,UNSAMPLED,0
5392,218.48000979791794,1,29.4,74.3,294,74.30,29.4,74.3,294,74.30,green_difference/PSM7,gray_otsu/PSM7,29.4,74.3,ACCEPT_PRIMARY,0
5393,218.5205290875689,0,,,,,,,,,,,29.4,74.3,UNSAMPLED,0
5394,218.56104837721986,0,,,,,,,,,,,29.4,74.3,UNSAMPLED,0
5395,218.6015676668708,0,,,,,,,,,,,29.4,74.3,UNSAMPLED,0
5396,218.64208695652175,0,,,,,,,,,,,29.4,74.3,UNSAMPLED,0
5397,218.6826062461727,0,,,,,,,,,,,29.4,74.3,UNSAMPLED,0
5398,218.72312553582364,0,,,,,,,,,,,29.4,74.3,UNSAMPLED,0
5399,218.76364482547459,0,,,,,,,,,,,29.4,74.3,UNSAMPLED,0
5400,218.80416411512556,1,29.4,741.0,294,7410,29.4,74.4,294,74.40,green_difference/PSM7,green_difference/PSM7,29.4,74.4,ACCEPT_RETRY,1
5401,218.8446834047765,0,,,,,,,,,,,29.4,74.4,UNSAMPLED,0
5402,218.88520269442745,0,,,,,,,,,,,29.4,74.4,UNSAMPLED,0
5403,218.9257219840784,0,,,,,,,,,,,29.4,74.4,UNSAMPLED,0
5404,218.96624127372934,0,,,,,,,,,,,29.4,74.4,UNSAMPLED,0
5405,219.00676056338028,0,,,,,,,,,,,29.4,74.4,UNSAMPLED,0
5406,219.04727985303126,0,,,,,,,,,,,29.4,74.4,UNSAMPLED,0
5407,219.0877991426822,0,,,,,,,,,,,29.4,74.4,UNSAMPLED,0
5408,219.12831843233315,1,29.4,740.0,294,7400,29.4,74.0,294,740,green_difference/PSM7,green_difference/PSM7,29.4,74.0,ACCEPT_RETRY,1
5409,219.1688377219841,0,,,,,,,,,,,29.4,74.0,UNSAMPLED,0
5410,219.20935701163503,0,,,,,,,,,,,29.4,74.0,UNSAMPLED,0
5411,219.24987630128598,0,,,,,,,,,,,29.4,74.0,UNSAMPLED,0
5412,219.29039559093692,0,,,,,,,,,,,29.4,74.0,UNSAMPLED,0
5413,219.3309148805879,0,,,,,,,,,,,29.4,74.0,UNSAMPLED,0
5414,219.37143417023884,0,,,,,,,,,,,29.4,74.0,UNSAMPLED,0
5415,219.4119534598898,0,,,,,,,,,,,29.4,74.0,UNSAMPLED,0
5416,219.45247274954073,1,29.4,73.9,294,73.9-,29.4,73.9,294,73.9-,green_difference/PSM7,gray_otsu/PSM7,29.4,73.9,ACCEPT_PRIMARY,0
5417,219.49299203919168,0,,,,,,,,,,,29.4,73.9,UNSAMPLED,0
5418,219.53351132884262,0,,,,,,,,,,,29.4,73.9,UNSAMPLED,0
5419,219.5740306184936,0,,,,,,,,,,,29.4,73.9,UNSAMPLED,0
5420,219.61454990814454,0,,,,,,,,,,,29.4,73.9,UNSAMPLED,0
5421,219.65506919779548,0,,,,,,,,,,,29.4,73.9,UNSAMPLED,0
5422,219.69558848744643,0,,,,,,,,,,,29.4,73.9,UNSAMPLED,0
5423,219.73610777709737,0,,,,,,,,,,,29.4,73.9,UNSAMPLED,0
5424,219.77662706674832,1,29.4,73.9,294-,73.9-,29.4,73.9,294-,73.9-,green_difference/PSM7,gray_otsu/PSM7,29.4,73.9,ACCEPT_PRIMARY,0
5425,219.81714635639926,0,,,,,,,,,,,29.4,73.9,UNSAMPLED,0
5426,219.85766564605024,0,,,,,,,,,,,29.4,73.9,UNSAMPLED,0
5427,219.89818493570118,0,,,,,,,,,,,29.4,73.9,UNSAMPLED,0
5428,219.93870422535213,0,,,,,,,,,,,29.4,73.9,UNSAMPLED,0
5429,219.97922351500307,0,,,,,,,,,,,29.4,73.9,UNSAMPLED,0
5430,220.01974280465402,0,,,,,,,,,,,29.4,73.9,UNSAMPLED,0
5431,220.06026209430496,0,,,,,,,,,,,29.4,73.9,UNSAMPLED,0
5432,220.10078138395593,1,29.4,73.9,294-,73.9-,29.4,73.9,294-,73.9-,green_difference/PSM7,gray_otsu/PSM7,29.4,73.9,ACCEPT_PRIMARY,0
5433,220.14130067360688,0,,,,,,,,,,,29.4,73.9,UNSAMPLED,0
5434,220.18181996325782,0,,,,,,,,,,,29.4,73.9,UNSAMPLED,0
5435,220.22233925290877,0,,,,,,,,,,,29.4,73.9,UNSAMPLED,0
5436,220.2628585425597,0,,,,,,,,,,,29.4,73.9,UNSAMPLED,0
5437,220.30337783221066,0,,,,,,,,,,,29.4,73.9,UNSAMPLED,0
5438,220.3438971218616,0,,,,,,,,,,,29.4,73.9,UNSAMPLED,0
5439,220.38441641151257,0,,,,,,,,,,,29.4,73.9,UNSAMPLED,0
5440,220.42493570116352,1,29.4,73.9,294-,73.9-,29.4,73.9,294-,73.9-,green_difference/PSM7,gray_otsu/PSM7,29.4,73.9,ACCEPT_PRIMARY,0
5441,220.46545499081446,0,,,,,,,,,,,29.4,73.9,UNSAMPLED,0
5442,220.5059742804654,0,,,,,,,,,,,29.4,73.9,UNSAMPLED,0
5443,220.54649357011635,0,,,,,,,,,,,29.4,73.9,UNSAMPLED,0
5444,220.5870128597673,0,,,,,,,,,,,29.4,73.9,UNSAMPLED,0
5445,220.62753214941827,0,,,,,,,,,,,29.4,73.9,UNSAMPLED,0
5446,220.66805143906922,0,,,,,,,,,,,29.4,73.9,UNSAMPLED,0
5447,220.70857072872016,0,,,,,,,,,,,29.4,73.9,UNSAMPLED,0
5448,220.7490900183711,1,29.4,740.0,294-,7400,29.4,74.0,294-,740,green_difference/PSM7,green_difference/PSM7,29.4,74.0,ACCEPT_RETRY,1
5449,220.78960930802205,0,,,,,,,,,,,29.4,74.0,UNSAMPLED,0
5450,220.830128597673,0,,,,,,,,,,,29.4,74.0,UNSAMPLED,0
5451,220.87064788732397,0,,,,,,,,,,,29.4,74.0,UNSAMPLED,0
5452,220.9111671769749,0,,,,,,,,,,,29.4,74.0,UNSAMPLED,0
5453,220.95168646662586,0,,,,,,,,,,,29.4,74.0,UNSAMPLED,0
5454,220.9922057562768,0,,,,,,,,,,,29.4,74.0,UNSAMPLED,0
5455,221.03272504592775,0,,,,,,,,,,,29.4,74.0,UNSAMPLED,0
5456,221.0732443355787,1,29.4,741.0,294,7410,,,,,,,29.4,74.0,HOLD_PREVIOUS,1
5457,221.11376362522964,0,,,,,,,,,,,29.4,74.0,UNSAMPLED,0
5458,221.1542829148806,0,,,,,,,,,,,29.4,74.0,UNSAMPLED,0
5459,221.19480220453156,0,,,,,,,,,,,29.4,74.0,UNSAMPLED,0
5460,221.2353214941825,0,,,,,,,,,,,29.4,74.0,UNSAMPLED,0
5461,221.27584078383344,0,,,,,,,,,,,29.4,74.0,UNSAMPLED,0
5462,221.3163600734844,0,,,,,,,,,,,29.4,74.0,UNSAMPLED,0
5463,221.35687936313533,0,,,,,,,,,,,29.4,74.0,UNSAMPLED,0
5464,221.3973986527863,1,29.4,741.0,294,7410,,,,,,,29.4,74.0,HOLD_PREVIOUS,1
5465,221.43791794243725,0,,,,,,,,,,,29.4,74.0,UNSAMPLED,0
5466,221.4784372320882,0,,,,,,,,,,,29.4,74.0,UNSAMPLED,0
5467,221.51895652173914,0,,,,,,,,,,,29.4,74.0,UNSAMPLED,0
5468,221.5594758113901,0,,,,,,,,,,,29.4,74.0,UNSAMPLED,0
5469,221.59999510104103,0,,,,,,,,,,,29.4,74.0,UNSAMPLED,0
5470,221.64051439069198,0,,,,,,,,,,,29.4,74.0,UNSAMPLED,0
5471,221.68103368034295,0,,,,,,,,,,,29.4,74.0,UNSAMPLED,0
5472,221.7215529699939,1,29.45,741.0,29.45,7410,,,,,,,29.4,74.0,HOLD_PREVIOUS,1
5473,221.76207225964484,0,,,,,,,,,,,29.4,74.0,UNSAMPLED,0
5474,221.80259154929578,0,,,,,,,,,,,29.4,74.0,UNSAMPLED,0
5475,221.84311083894673,0,,,,,,,,,,,29.4,74.0,UNSAMPLED,0
5476,221.88363012859767,0,,,,,,,,,,,29.4,74.0,UNSAMPLED,0
5477,221.92414941824865,0,,,,,,,,,,,29.4,74.0,UNSAMPLED,0
5478,221.9646687078996,0,,,,,,,,,,,29.4,74.0,UNSAMPLED,0
5479,222.00518799755054,0,,,,,,,,,,,29.4,74.0,UNSAMPLED,0
5480,222.04570728720148,1,29.45,741.0,29.45,7410,,,,,,,29.4,74.0,HOLD_PREVIOUS,1
5481,222.08622657685243,0,,,,,,,,,,,29.4,74.0,UNSAMPLED,0
5482,222.12674586650337,0,,,,,,,,,,,29.4,74.0,UNSAMPLED,0
5483,222.16726515615431,0,,,,,,,,,,,29.4,74.0,UNSAMPLED,0
5484,222.2077844458053,0,,,,,,,,,,,29.4,74.0,UNSAMPLED,0
5485,222.24830373545623,0,,,,,,,,,,,29.4,74.0,UNSAMPLED,0
5486,222.28882302510718,0,,,,,,,,,,,29.4,74.0,UNSAMPLED,0
5487,222.32934231475812,0,,,,,,,,,,,29.4,74.0,UNSAMPLED,0
5488,222.36986160440907,1,29.45,740.0,29.45,7400,29.4,74.0,29.4,74.0,hsv_green/PSM7,green_difference/PSM7,29.4,74.0,ACCEPT_RETRY,1
5489,222.41038089406,0,,,,,,,,,,,29.4,74.0,UNSAMPLED,0
5490,222.45090018371098,0,,,,,,,,,,,29.4,74.0,UNSAMPLED,0
5491,222.49141947336193,0,,,,,,,,,,,29.4,74.0,UNSAMPLED,0
5492,222.53193876301287,0,,,,,,,,,,,29.4,74.0,UNSAMPLED,0
5493,222.57245805266382,0,,,,,,,,,,,29.4,74.0,UNSAMPLED,0
5494,222.61297734231476,0,,,,,,,,,,,29.4,74.0,UNSAMPLED,0
5495,222.6534966319657,0,,,,,,,,,,,29.4,74.0,UNSAMPLED,0
5496,222.69401592161668,1,29.45,740.0,29.45,7400,29.406,74.0,29.406,74.0,hsv_green/PSM7,green_difference/PSM7,29.406,74.0,ACCEPT_RETRY,1
5497,222.73453521126763,0,,,,,,,,,,,29.406,74.0,UNSAMPLED,0
5498,222.77505450091857,0,,,,,,,,,,,29.406,74.0,UNSAMPLED,0
5499,222.81557379056952,0,,,,,,,,,,,29.406,74.0,UNSAMPLED,0
5500,222.85609308022046,0,,,,,,,,,,,29.406,74.0,UNSAMPLED,0
5501,222.8966123698714,0,,,,,,,,,,,29.406,74.0,UNSAMPLED,0
5502,222.93713165952235,0,,,,,,,,,,,29.406,74.0,UNSAMPLED,0
5503,222.97765094917332,0,,,,,,,,,,,29.406,74.0,UNSAMPLED,0
5504,223.01817023882427,1,29.45,73.9,29.45,73.9-,29.45,73.9,29.45,73.9-,green_difference/PSM7,gray_otsu/PSM7,29.45,73.9,ACCEPT_PRIMARY,0
5505,223.0586895284752,0,,,,,,,,,,,29.45,73.9,UNSAMPLED,0
5506,223.09920881812616,0,,,,,,,,,,,29.45,73.9,UNSAMPLED,0
5507,223.1397281077771,0,,,,,,,,,,,29.45,73.9,UNSAMPLED,0
5508,223.18024739742805,0,,,,,,,,,,,29.45,73.9,UNSAMPLED,0
5509,223.22076668707902,0,,,,,,,,,,,29.45,73.9,UNSAMPLED,0
5510,223.26128597672997,0,,,,,,,,,,,29.45,73.9,UNSAMPLED,0
5511,223.3018052663809,0,,,,,,,,,,,29.45,73.9,UNSAMPLED,0
5512,223.34232455603185,1,29.4,73.9,29.4,73.9-,29.4,73.9,29.4,73.9-,green_difference/PSM7,gray_otsu/PSM7,29.4,73.9,ACCEPT_PRIMARY,0
5513,223.3828438456828,0,,,,,,,,,,,29.4,73.9,UNSAMPLED,0
5514,223.42336313533374,0,,,,,,,,,,,29.4,73.9,UNSAMPLED,0
5515,223.4638824249847,0,,,,,,,,,,,29.4,73.9,UNSAMPLED,0
5516,223.50440171463566,0,,,,,,,,,,,29.4,73.9,UNSAMPLED,0
5517,223.5449210042866,0,,,,,,,,,,,29.4,73.9,UNSAMPLED,0
5518,223.58544029393755,0,,,,,,,,,,,29.4,73.9,UNSAMPLED,0
5519,223.6259595835885,0,,,,,,,,,,,29.4,73.9,UNSAMPLED,0
5520,223.66647887323944,1,99.4,3.4,994,3.4-,,,,,,,29.4,73.9,HOLD_PREVIOUS,1
5521,223.7069981628904,0,,,,,,,,,,,29.4,73.9,UNSAMPLED,0
5522,223.74751745254136,0,,,,,,,,,,,29.4,73.9,UNSAMPLED,0
5523,223.7880367421923,0,,,,,,,,,,,29.4,73.9,UNSAMPLED,0
5524,223.82855603184325,0,,,,,,,,,,,29.4,73.9,UNSAMPLED,0
5525,223.8690753214942,0,,,,,,,,,,,29.4,73.9,UNSAMPLED,0
5526,223.90959461114514,0,,,,,,,,,,,29.4,73.9,UNSAMPLED,0
5527,223.95011390079608,0,,,,,,,,,,,29.4,73.9,UNSAMPLED,0
5528,223.99063319044703,1,99.4,3.7,994,3.70,,,,,,,29.4,73.9,HOLD_PREVIOUS,1
5529,224.031152480098,0,,,,,,,,,,,29.4,73.9,UNSAMPLED,0
5530,224.07167176974895,0,,,,,,,,,,,29.4,73.9,UNSAMPLED,0
5531,224.1121910593999,0,,,,,,,,,,,29.4,73.9,UNSAMPLED,0
5532,224.15271034905084,0,,,,,,,,,,,29.4,73.9,UNSAMPLED,0
5533,224.19322963870178,0,,,,,,,,,,,29.4,73.9,UNSAMPLED,0
5534,224.23374892835272,0,,,,,,,,,,,29.4,73.9,UNSAMPLED,0
5535,224.2742682180037,0,,,,,,,,,,,29.4,73.9,UNSAMPLED,0
5536,224.31478750765464,1,99.4,3.7,994,3.70,,,,,,,29.4,73.9,HOLD_PREVIOUS,1
5537,224.3553067973056,0,,,,,,,,,,,29.4,73.9,UNSAMPLED,0
5538,224.39582608695653,0,,,,,,,,,,,29.4,73.9,UNSAMPLED,0
5539,224.43634537660748,0,,,,,,,,,,,29.4,73.9,UNSAMPLED,0
5540,224.47686466625842,0,,,,,,,,,,,29.4,73.9,UNSAMPLED,0
5541,224.5173839559094,0,,,,,,,,,,,29.4,73.9,UNSAMPLED,0
5542,224.55790324556034,0,,,,,,,,,,,29.4,73.9,UNSAMPLED,0
5543,224.59842253521128,0,,,,,,,,,,,29.4,73.9,UNSAMPLED,0
5544,224.63894182486223,1,99.4,3.7,994,3.70,,,,,,,29.4,73.9,HOLD_PREVIOUS,1
5545,224.67946111451317,0,,,,,,,,,,,29.4,73.9,UNSAMPLED,0
5546,224.71998040416412,0,,,,,,,,,,,29.4,73.9,UNSAMPLED,0
5547,224.76049969381506,0,,,,,,,,,,,29.4,73.9,UNSAMPLED,0
5548,224.80101898346604,0,,,,,,,,,,,29.4,73.9,UNSAMPLED,0
5549,224.84153827311698,0,,,,,,,,,,,29.4,73.9,UNSAMPLED,0
5550,224.88205756276793,0,,,,,,,,,,,29.4,73.9,UNSAMPLED,0
5551,224.92257685241887,0,,,,,,,,,,,29.4,73.9,UNSAMPLED,0
5552,224.96309614206982,1,99.4,73.6,994,73.6-,,,,,,,29.4,73.9,HOLD_PREVIOUS,1
5553,225.00361543172076,0,,,,,,,,,,,29.4,73.9,UNSAMPLED,0
5554,225.04413472137173,0,,,,,,,,,,,29.4,73.9,UNSAMPLED,0
5555,225.08465401102268,0,,,,,,,,,,,29.4,73.9,UNSAMPLED,0
5556,225.12517330067362,0,,,,,,,,,,,29.4,73.9,UNSAMPLED,0
5557,225.16569259032457,0,,,,,,,,,,,29.4,73.9,UNSAMPLED,0
5558,225.2062118799755,0,,,,,,,,,,,29.4,73.9,UNSAMPLED,0
5559,225.24673116962646,0,,,,,,,,,,,29.4,73.9,UNSAMPLED,0
5560,225.2872504592774,1,99.4,73.6,994,73.6-,,,,,,,29.4,73.9,HOLD_PREVIOUS,1
5561,225.32776974892838,0,,,,,,,,,,,29.4,73.9,UNSAMPLED,0
5562,225.36828903857932,0,,,,,,,,,,,29.4,73.9,UNSAMPLED,0
5563,225.40880832823026,0,,,,,,,,,,,29.4,73.9,UNSAMPLED,0
5564,225.4493276178812,0,,,,,,,,,,,29.4,73.9,UNSAMPLED,0
5565,225.48984690753215,0,,,,,,,,,,,29.4,73.9,UNSAMPLED,0
5566,225.5303661971831,0,,,,,,,,,,,29.4,73.9,UNSAMPLED,0
5567,225.57088548683407,0,,,,,,,,,,,29.4,73.9,UNSAMPLED,0
5568,225.61140477648502,1,99.4,73.8,994,73.8-,,,,,,,29.4,73.9,HOLD_PREVIOUS,1
5569,225.65192406613596,0,,,,,,,,,,,29.4,73.9,UNSAMPLED,0
5570,225.6924433557869,0,,,,,,,,,,,29.4,73.9,UNSAMPLED,0
5571,225.73296264543785,0,,,,,,,,,,,29.4,73.9,UNSAMPLED,0
5572,225.7734819350888,0,,,,,,,,,,,29.4,73.9,UNSAMPLED,0
5573,225.81400122473974,0,,,,,,,,,,,29.4,73.9,UNSAMPLED,0
5574,225.8545205143907,0,,,,,,,,,,,29.4,73.9,UNSAMPLED,0
5575,225.89503980404166,0,,,,,,,,,,,29.4,73.9,UNSAMPLED,0
5576,225.9355590936926,1,,3.4,24,3.4,,,,,,,29.4,73.9,HOLD_PREVIOUS,1
5577,225.97607838334355,0,,,,,,,,,,,29.4,73.9,UNSAMPLED,0
5578,226.0165976729945,0,,,,,,,,,,,29.4,73.9,UNSAMPLED,0
5579,226.05711696264544,0,,,,,,,,,,,29.4,73.9,UNSAMPLED,0
5580,226.0976362522964,0,,,,,,,,,,,29.4,73.9,UNSAMPLED,0
5581,226.13815554194736,0,,,,,,,,,,,29.4,73.9,UNSAMPLED,0
5582,226.1786748315983,0,,,,,,,,,,,29.4,73.9,UNSAMPLED,0
5583,226.21919412124925,0,,,,,,,,,,,29.4,73.9,UNSAMPLED,0
5584,226.2597134109002,1,,3.4,24,3.4,,,,,,,29.4,73.9,HOLD_PREVIOUS,1
5585,226.30023270055113,0,,,,,,,,,,,29.4,73.9,UNSAMPLED,0
5586,226.3407519902021,0,,,,,,,,,,,29.4,73.9,UNSAMPLED,0
5587,226.38127127985305,0,,,,,,,,,,,29.4,73.9,UNSAMPLED,0
5588,226.421790569504,0,,,,,,,,,,,29.4,73.9,UNSAMPLED,0
5589,226.46230985915494,0,,,,,,,,,,,29.4,73.9,UNSAMPLED,0
5590,226.5028291488059,0,,,,,,,,,,,29.4,73.9,UNSAMPLED,0
5591,226.54334843845683,0,,,,,,,,,,,29.4,73.9,UNSAMPLED,0
5592,226.58386772810778,1,,3.4,24,3.4,,,,,,,29.4,73.9,HOLD_PREVIOUS,1
5593,226.62438701775875,0,,,,,,,,,,,29.4,73.9,UNSAMPLED,0
5594,226.6649063074097,0,,,,,,,,,,,29.4,73.9,UNSAMPLED,0
5595,226.70542559706064,0,,,,,,,,,,,29.4,73.9,UNSAMPLED,0
5596,226.74594488671158,0,,,,,,,,,,,29.4,73.9,UNSAMPLED,0
5597,226.78646417636253,0,,,,,,,,,,,29.4,73.9,UNSAMPLED,0
5598,226.82698346601347,0,,,,,,,,,,,29.4,73.9,UNSAMPLED,0
5599,226.86750275566445,0,,,,,,,,,,,29.4,73.9,UNSAMPLED,0
5600,226.9080220453154,1,,73.9,24,73.9-,29.4,73.9,294,73.90,hsv_green/PSM7,green_channel_otsu/PSM7,29.4,73.9,ACCEPT_RETRY,1
5601,226.94854133496634,0,,,,,,,,,,,29.4,73.9,UNSAMPLED,0
5602,226.98906062461728,0,,,,,,,,,,,29.4,73.9,UNSAMPLED,0
5603,227.02957991426823,0,,,,,,,,,,,29.4,73.9,UNSAMPLED,0
5604,227.07009920391917,0,,,,,,,,,,,29.4,73.9,UNSAMPLED,0
5605,227.11061849357012,0,,,,,,,,,,,29.4,73.9,UNSAMPLED,0
5606,227.1511377832211,0,,,,,,,,,,,29.4,73.9,UNSAMPLED,0
5607,227.19165707287203,0,,,,,,,,,,,29.4,73.9,UNSAMPLED,0
5608,227.23217636252298,1,,73.9,24,73.9-,29.4,73.9,294,73.90,hsv_green/PSM7,green_channel_otsu/PSM7,29.4,73.9,ACCEPT_RETRY,1
5609,227.27269565217392,0,,,,,,,,,,,29.4,73.9,UNSAMPLED,0
5610,227.31321494182487,0,,,,,,,,,,,29.4,73.9,UNSAMPLED,0
5611,227.3537342314758,0,,,,,,,,,,,29.4,73.9,UNSAMPLED,0
5612,227.39425352112679,0,,,,,,,,,,,29.4,73.9,UNSAMPLED,0
5613,227.43477281077773,0,,,,,,,,,,,29.4,73.9,UNSAMPLED,0
5614,227.47529210042867,0,,,,,,,,,,,29.4,73.9,UNSAMPLED,0
5615,227.51581139007962,0,,,,,,,,,,,29.4,73.9,UNSAMPLED,0
5616,227.55633067973056,1,,43.8,24,43.8-,,,,,,,29.4,73.9,HOLD_PREVIOUS,1
5617,227.5968499693815,0,,,,,,,,,,,29.4,73.9,UNSAMPLED,0
5618,227.63736925903245,0,,,,,,,,,,,29.4,73.9,UNSAMPLED,0
5619,227.67788854868343,0,,,,,,,,,,,29.4,73.9,UNSAMPLED,0
5620,227.71840783833437,0,,,,,,,,,,,29.4,73.9,UNSAMPLED,0
5621,227.75892712798532,0,,,,,,,,,,,29.4,73.9,UNSAMPLED,0
5622,227.79944641763626,0,,,,,,,,,,,29.4,73.9,UNSAMPLED,0
5623,227.8399657072872,0,,,,,,,,,,,29.4,73.9,UNSAMPLED,0
5624,227.88048499693815,1,,73.8,,73.8-,,,,,,,29.4,73.9,HOLD_PREVIOUS,1
5625,227.92100428658912,0,,,,,,,,,,,29.4,73.9,UNSAMPLED,0
5626,227.96152357624007,0,,,,,,,,,,,29.4,73.9,UNSAMPLED,0
5627,228.002042865891,0,,,,,,,,,,,29.4,73.9,UNSAMPLED,0
5628,228.04256215554196,0,,,,,,,,,,,29.4,73.9,UNSAMPLED,0
5629,228.0830814451929,0,,,,,,,,,,,29.4,73.9,UNSAMPLED,0
5630,228.12360073484385,0,,,,,,,,,,,29.4,73.9,UNSAMPLED,0
5631,228.16412002449482,0,,,,,,,,,,,29.4,73.9,UNSAMPLED,0
5632,228.20463931414577,1,,73.9,,73.9-,,,,,,,29.4,73.9,HOLD_PREVIOUS,1
5633,228.2451586037967,0,,,,,,,,,,,29.4,73.9,UNSAMPLED,0
5634,228.28567789344766,0,,,,,,,,,,,29.4,73.9,UNSAMPLED,0
5635,228.3261971830986,0,,,,,,,,,,,29.4,73.9,UNSAMPLED,0
5636,228.36671647274954,0,,,,,,,,,,,29.4,73.9,UNSAMPLED,0
5637,228.4072357624005,0,,,,,,,,,,,29.4,73.9,UNSAMPLED,0
5638,228.44775505205146,0,,,,,,,,,,,29.4,73.9,UNSAMPLED,0
5639,228.4882743417024,0,,,,,,,,,,,29.4,73.9,UNSAMPLED,0
5640,228.52879363135335,1,29.6,73.9,296,73.9-,29.6,73.9,296,73.9-,green_difference/PSM7,gray_otsu/PSM7,29.6,73.9,ACCEPT_PRIMARY,0
5641,228.5693129210043,0,,,,,,,,,,,29.6,73.9,UNSAMPLED,0
5642,228.60983221065524,0,,,,,,,,,,,29.6,73.9,UNSAMPLED,0
5643,228.6503515003062,0,,,,,,,,,,,29.6,73.9,UNSAMPLED,0
5644,228.69087078995716,0,,,,,,,,,,,29.6,73.9,UNSAMPLED,0
5645,228.7313900796081,0,,,,,,,,,,,29.6,73.9,UNSAMPLED,0
5646,228.77190936925905,0,,,,,,,,,,,29.6,73.9,UNSAMPLED,0
5647,228.81242865891,0,,,,,,,,,,,29.6,73.9,UNSAMPLED,0
5648,228.85294794856094,1,29.5,73.8,295,73.8-,29.5,73.8,295,73.8-,green_difference/PSM7,gray_otsu/PSM7,29.5,73.8,ACCEPT_PRIMARY,0
5649,228.89346723821188,0,,,,,,,,,,,29.5,73.8,UNSAMPLED,0
5650,228.93398652786283,0,,,,,,,,,,,29.5,73.8,UNSAMPLED,0
5651,228.9745058175138,0,,,,,,,,,,,29.5,73.8,UNSAMPLED,0
5652,229.01502510716475,0,,,,,,,,,,,29.5,73.8,UNSAMPLED,0
5653,229.0555443968157,0,,,,,,,,,,,29.5,73.8,UNSAMPLED,0
5654,229.09606368646664,0,,,,,,,,,,,29.5,73.8,UNSAMPLED,0
5655,229.13658297611758,0,,,,,,,,,,,29.5,73.8,UNSAMPLED,0
5656,229.17710226576853,1,29.5,73.6,295,73.6-,29.5,73.6,295,73.6-,green_difference/PSM7,gray_otsu/PSM7,29.5,73.6,ACCEPT_PRIMARY,0
5657,229.2176215554195,0,,,,,,,,,,,29.5,73.6,UNSAMPLED,0
5658,229.25814084507044,0,,,,,,,,,,,29.5,73.6,UNSAMPLED,0
5659,229.2986601347214,0,,,,,,,,,,,29.5,73.6,UNSAMPLED,0
5660,229.33917942437233,0,,,,,,,,,,,29.5,73.6,UNSAMPLED,0
5661,229.37969871402328,0,,,,,,,,,,,29.5,73.6,UNSAMPLED,0
5662,229.42021800367422,0,,,,,,,,,,,29.5,73.6,UNSAMPLED,0
5663,229.46073729332517,0,,,,,,,,,,,29.5,73.6,UNSAMPLED,0
5664,229.50125658297614,1,29.5,773.5,295,773.5,29.5,73.9,295,73.9,green_difference/PSM7,green_channel_otsu/PSM7,29.5,73.9,ACCEPT_RETRY,1
5665,229.54177587262708,0,,,,,,,,,,,29.5,73.9,UNSAMPLED,0
5666,229.58229516227803,0,,,,,,,,,,,29.5,73.9,UNSAMPLED,0
5667,229.62281445192897,0,,,,,,,,,,,29.5,73.9,UNSAMPLED,0
5668,229.66333374157992,0,,,,,,,,,,,29.5,73.9,UNSAMPLED,0
5669,229.70385303123086,0,,,,,,,,,,,29.5,73.9,UNSAMPLED,0
5670,229.74437232088184,0,,,,,,,,,,,29.5,73.9,UNSAMPLED,0
5671,229.78489161053278,0,,,,,,,,,,,29.5,73.9,UNSAMPLED,0
5672,229.82541090018373,1,29.6,734.0,29.6,7340,29.6,73.4,29.6,73.40,green_difference/PSM7,green_channel_otsu/PSM7,29.6,73.4,ACCEPT_RETRY,1
5673,229.86593018983467,0,,,,,,,,,,,29.6,73.4,UNSAMPLED,0
5674,229.90644947948562,0,,,,,,,,,,,29.6,73.4,UNSAMPLED,0
5675,229.94696876913656,0,,,,,,,,,,,29.6,73.4,UNSAMPLED,0
5676,229.9874880587875,0,,,,,,,,,,,29.6,73.4,UNSAMPLED,0
5677,230.02800734843848,0,,,,,,,,,,,29.6,73.4,UNSAMPLED,0
5678,230.06852663808942,0,,,,,,,,,,,29.6,73.4,UNSAMPLED,0
5679,230.10904592774037,0,,,,,,,,,,,29.6,73.4,UNSAMPLED,0
5680,230.1495652173913,1,29.6,43.3,29.6,43.3-,,,,,,,29.6,73.4,HOLD_PREVIOUS,1
5681,230.19008450704226,0,,,,,,,,,,,29.6,73.4,UNSAMPLED,0
5682,230.2306037966932,0,,,,,,,,,,,29.6,73.4,UNSAMPLED,0
5683,230.27112308634418,0,,,,,,,,,,,29.6,73.4,UNSAMPLED,0
5684,230.31164237599512,0,,,,,,,,,,,29.6,73.4,UNSAMPLED,0
5685,230.35216166564607,0,,,,,,,,,,,29.6,73.4,UNSAMPLED,0
5686,230.392680955297,0,,,,,,,,,,,29.6,73.4,UNSAMPLED,0
5687,230.43320024494795,0,,,,,,,,,,,29.6,73.4,UNSAMPLED,0
5688,230.4737195345989,1,29.6,43.3,29.6,43.3-,,,,,,,29.6,73.4,HOLD_PREVIOUS,1
5689,230.51423882424987,0,,,,,,,,,,,29.6,73.4,UNSAMPLED,0
5690,230.55475811390082,0,,,,,,,,,,,29.6,73.4,UNSAMPLED,0
5691,230.59527740355176,0,,,,,,,,,,,29.6,73.4,UNSAMPLED,0
5692,230.6357966932027,0,,,,,,,,,,,29.6,73.4,UNSAMPLED,0
5693,230.67631598285365,0,,,,,,,,,,,29.6,73.4,UNSAMPLED,0
5694,230.7168352725046,0,,,,,,,,,,,29.6,73.4,UNSAMPLED,0
5695,230.75735456215554,0,,,,,,,,,,,29.6,73.4,UNSAMPLED,0
5696,230.79787385180651,1,29.6,73.1,29.6,73.10,29.6,73.1,29.6,73.10,green_difference/PSM7,gray_otsu/PSM7,29.6,73.1,ACCEPT_PRIMARY,0
5697,230.83839314145746,0,,,,,,,,,,,29.6,73.1,UNSAMPLED,0
5698,230.8789124311084,0,,,,,,,,,,,29.6,73.1,UNSAMPLED,0
5699,230.91943172075935,0,,,,,,,,,,,29.6,73.1,UNSAMPLED,0
5700,230.9599510104103,0,,,,,,,,,,,29.6,73.1,UNSAMPLED,0
5701,231.00047030006124,0,,,,,,,,,,,29.6,73.1,UNSAMPLED,0
5702,231.0409895897122,0,,,,,,,,,,,29.6,73.1,UNSAMPLED,0
5703,231.08150887936316,0,,,,,,,,,,,29.6,73.1,UNSAMPLED,0
5704,231.1220281690141,1,29.6,73.1,29.6,73.10,29.6,73.1,29.6,73.10,green_difference/PSM7,gray_otsu/PSM7,29.6,73.1,ACCEPT_PRIMARY,0
5705,231.16254745866505,0,,,,,,,,,,,29.6,73.1,UNSAMPLED,0
5706,231.203066748316,0,,,,,,,,,,,29.6,73.1,UNSAMPLED,0
5707,231.24358603796694,0,,,,,,,,,,,29.6,73.1,UNSAMPLED,0
5708,231.28410532761788,0,,,,,,,,,,,29.6,73.1,UNSAMPLED,0
5709,231.32462461726885,0,,,,,,,,,,,29.6,73.1,UNSAMPLED,0
5710,231.3651439069198,0,,,,,,,,,,,29.6,73.1,UNSAMPLED,0
5711,231.40566319657074,0,,,,,,,,,,,29.6,73.1,UNSAMPLED,0
5712,231.4461824862217,1,29.6,73.1,296,73.10,29.6,73.1,296,73.10,green_difference/PSM7,gray_otsu/PSM7,29.6,73.1,ACCEPT_PRIMARY,0
5713,231.48670177587263,0,,,,,,,,,,,29.6,73.1,UNSAMPLED,0
5714,231.52722106552358,0,,,,,,,,,,,29.6,73.1,UNSAMPLED,0
5715,231.56774035517455,0,,,,,,,,,,,29.6,73.1,UNSAMPLED,0
5716,231.6082596448255,0,,,,,,,,,,,29.6,73.1,UNSAMPLED,0
5717,231.64877893447644,0,,,,,,,,,,,29.6,73.1,UNSAMPLED,0
5718,231.68929822412738,0,,,,,,,,,,,29.6,73.1,UNSAMPLED,0
5719,231.72981751377833,0,,,,,,,,,,,29.6,73.1,UNSAMPLED,0
5720,231.77033680342927,1,29.6,731.0,29.60,7310,29.6,73.1,29.60,73.10,green_difference/PSM7,green_difference/PSM7,29.6,73.1,ACCEPT_RETRY,1
5721,231.81085609308022,0,,,,,,,,,,,29.6,73.1,UNSAMPLED,0
5722,231.8513753827312,0,,,,,,,,,,,29.6,73.1,UNSAMPLED,0
5723,231.89189467238214,0,,,,,,,,,,,29.6,73.1,UNSAMPLED,0
5724,231.93241396203308,0,,,,,,,,,,,29.6,73.1,UNSAMPLED,0
5725,231.97293325168403,0,,,,,,,,,,,29.6,73.1,UNSAMPLED,0
5726,232.01345254133497,0,,,,,,,,,,,29.6,73.1,UNSAMPLED,0
5727,232.05397183098592,0,,,,,,,,,,,29.6,73.1,UNSAMPLED,0
5728,232.0944911206369,1,29.6,73.1,29.6,73.10,29.6,73.1,29.6,73.10,green_difference/PSM7,gray_otsu/PSM7,29.6,73.1,ACCEPT_PRIMARY,0
5729,232.13501041028783,0,,,,,,,,,,,29.6,73.1,UNSAMPLED,0
5730,232.17552969993878,0,,,,,,,,,,,29.6,73.1,UNSAMPLED,0
5731,232.21604898958972,0,,,,,,,,,,,29.6,73.1,UNSAMPLED,0
5732,232.25656827924067,0,,,,,,,,,,,29.6,73.1,UNSAMPLED,0
5733,232.2970875688916,0,,,,,,,,,,,29.6,73.1,UNSAMPLED,0
5734,232.33760685854259,0,,,,,,,,,,,29.6,73.1,UNSAMPLED,0
5735,232.37812614819353,0,,,,,,,,,,,29.6,73.1,UNSAMPLED,0
5736,232.41864543784448,1,,72.9,,72.90,29.6,72.9,296,72.90,green_difference/PSM8,gray_otsu/PSM7,29.6,72.9,ACCEPT_RETRY,1
5737,232.45916472749542,0,,,,,,,,,,,29.6,72.9,UNSAMPLED,0
5738,232.49968401714636,0,,,,,,,,,,,29.6,72.9,UNSAMPLED,0
5739,232.5402033067973,0,,,,,,,,,,,29.6,72.9,UNSAMPLED,0
5740,232.58072259644825,0,,,,,,,,,,,29.6,72.9,UNSAMPLED,0
5741,232.62124188609923,0,,,,,,,,,,,29.6,72.9,UNSAMPLED,0
5742,232.66176117575017,0,,,,,,,,,,,29.6,72.9,UNSAMPLED,0
5743,232.70228046540112,0,,,,,,,,,,,29.6,72.9,UNSAMPLED,0
5744,232.74279975505206,1,,73.0,,73.00,29.6,73.0,296,73.00,green_difference/PSM8,gray_otsu/PSM7,29.6,73.0,ACCEPT_RETRY,1
5745,232.783319044703,0,,,,,,,,,,,29.6,73.0,UNSAMPLED,0
5746,232.82383833435395,0,,,,,,,,,,,29.6,73.0,UNSAMPLED,0
5747,232.86435762400492,0,,,,,,,,,,,29.6,73.0,UNSAMPLED,0
5748,232.90487691365587,0,,,,,,,,,,,29.6,73.0,UNSAMPLED,0
5749,232.9453962033068,0,,,,,,,,,,,29.6,73.0,UNSAMPLED,0
5750,232.98591549295776,0,,,,,,,,,,,29.6,73.0,UNSAMPLED,0
5751,233.0264347826087,0,,,,,,,,,,,29.6,73.0,UNSAMPLED,0
5752,233.06695407225965,1,,72.9,,72.90,29.6,72.9,29.6.,72.90,hsv_green/PSM7,gray_otsu/PSM7,29.6,72.9,ACCEPT_RETRY,1
5753,233.1074733619106,0,,,,,,,,,,,29.6,72.9,UNSAMPLED,0
5754,233.14799265156157,0,,,,,,,,,,,29.6,72.9,UNSAMPLED,0
5755,233.1885119412125,0,,,,,,,,,,,29.6,72.9,UNSAMPLED,0
5756,233.22903123086346,0,,,,,,,,,,,29.6,72.9,UNSAMPLED,0
5757,233.2695505205144,0,,,,,,,,,,,29.6,72.9,UNSAMPLED,0
5758,233.31006981016534,0,,,,,,,,,,,29.6,72.9,UNSAMPLED,0
5759,233.3505890998163,0,,,,,,,,,,,29.6,72.9,UNSAMPLED,0
5760,233.39110838946726,1,,2.4,29-6,2.4,,,,,,,29.6,72.9,HOLD_PREVIOUS,1
5761,233.4316276791182,0,,,,,,,,,,,29.6,72.9,UNSAMPLED,0
5762,233.47214696876915,0,,,,,,,,,,,29.6,72.9,UNSAMPLED,0
5763,233.5126662584201,0,,,,,,,,,,,29.6,72.9,UNSAMPLED,0
5764,233.55318554807104,0,,,,,,,,,,,29.6,72.9,UNSAMPLED,0
5765,233.593704837722,0,,,,,,,,,,,29.6,72.9,UNSAMPLED,0
5766,233.63422412737293,0,,,,,,,,,,,29.6,72.9,UNSAMPLED,0
5767,233.6747434170239,0,,,,,,,,,,,29.6,72.9,UNSAMPLED,0
5768,233.71526270667485,1,,72.6,29-6,72.60,29.5,72.9,295,729,green_difference/PSM8,hsv_green/PSM7,29.5,72.9,ACCEPT_RETRY,1
5769,233.7557819963258,0,,,,,,,,,,,29.5,72.9,UNSAMPLED,0
5770,233.79630128597674,0,,,,,,,,,,,29.5,72.9,UNSAMPLED,0
5771,233.83682057562768,0,,,,,,,,,,,29.5,72.9,UNSAMPLED,0
5772,233.87733986527863,0,,,,,,,,,,,29.5,72.9,UNSAMPLED,0
5773,233.9178591549296,0,,,,,,,,,,,29.5,72.9,UNSAMPLED,0
5774,233.95837844458055,0,,,,,,,,,,,29.5,72.9,UNSAMPLED,0
5775,233.9988977342315,0,,,,,,,,,,,29.5,72.9,UNSAMPLED,0
5776,234.03941702388244,1,29.5,72.6,295,72.60,29.5,72.6,295,72.60,green_difference/PSM7,gray_otsu/PSM7,29.5,72.6,ACCEPT_PRIMARY,0
5777,234.07993631353338,0,,,,,,,,,,,29.5,72.6,UNSAMPLED,0
5778,234.12045560318433,0,,,,,,,,,,,29.5,72.6,UNSAMPLED,0
5779,234.1609748928353,0,,,,,,,,,,,29.5,72.6,UNSAMPLED,0
5780,234.20149418248624,0,,,,,,,,,,,29.5,72.6,UNSAMPLED,0
5781,234.2420134721372,0,,,,,,,,,,,29.5,72.6,UNSAMPLED,0
5782,234.28253276178813,0,,,,,,,,,,,29.5,72.6,UNSAMPLED,0
5783,234.32305205143908,0,,,,,,,,,,,29.5,72.6,UNSAMPLED,0
5784,234.36357134109002,1,29.5,2.4,29.5,2.40,,,,,,,29.5,72.6,HOLD_PREVIOUS,1
5785,234.40409063074097,0,,,,,,,,,,,29.5,72.6,UNSAMPLED,0
5786,234.44460992039194,0,,,,,,,,,,,29.5,72.6,UNSAMPLED,0
5787,234.48512921004289,0,,,,,,,,,,,29.5,72.6,UNSAMPLED,0
5788,234.52564849969383,0,,,,,,,,,,,29.5,72.6,UNSAMPLED,0
5789,234.56616778934477,0,,,,,,,,,,,29.5,72.6,UNSAMPLED,0
5790,234.60668707899572,0,,,,,,,,,,,29.5,72.6,UNSAMPLED,0
5791,234.64720636864666,0,,,,,,,,,,,29.5,72.6,UNSAMPLED,0
5792,234.68772565829764,1,29.5,2.4,29.5,2.40,,,,,,,29.5,72.6,HOLD_PREVIOUS,1
5793,234.72824494794858,0,,,,,,,,,,,29.5,72.6,UNSAMPLED,0
5794,234.76876423759953,0,,,,,,,,,,,29.5,72.6,UNSAMPLED,0
5795,234.80928352725047,0,,,,,,,,,,,29.5,72.6,UNSAMPLED,0
5796,234.84980281690142,0,,,,,,,,,,,29.5,72.6,UNSAMPLED,0
5797,234.89032210655236,0,,,,,,,,,,,29.5,72.6,UNSAMPLED,0
5798,234.9308413962033,0,,,,,,,,,,,29.5,72.6,UNSAMPLED,0
5799,234.97136068585428,0,,,,,,,,,,,29.5,72.6,UNSAMPLED,0
5800,235.01187997550522,1,294.0,2.4,2940,2.40,,,,,,,29.5,72.6,HOLD_PREVIOUS,1
5801,235.05239926515617,0,,,,,,,,,,,29.5,72.6,UNSAMPLED,0
5802,235.0929185548071,0,,,,,,,,,,,29.5,72.6,UNSAMPLED,0
5803,235.13343784445806,0,,,,,,,,,,,29.5,72.6,UNSAMPLED,0
5804,235.173957134109,0,,,,,,,,,,,29.5,72.6,UNSAMPLED,0
5805,235.21447642375998,0,,,,,,,,,,,29.5,72.6,UNSAMPLED,0
5806,235.25499571341092,0,,,,,,,,,,,29.5,72.6,UNSAMPLED,0
5807,235.29551500306187,0,,,,,,,,,,,29.5,72.6,UNSAMPLED,0
5808,235.3360342927128,1,294.0,2.4,2940,2.40,,,,,,,29.5,72.6,HOLD_PREVIOUS,1
5809,235.37655358236375,0,,,,,,,,,,,29.5,72.6,UNSAMPLED,0
5810,235.4170728720147,0,,,,,,,,,,,29.5,72.6,UNSAMPLED,0
5811,235.45759216166564,0,,,,,,,,,,,29.5,72.6,UNSAMPLED,0
5812,235.49811145131662,0,,,,,,,,,,,29.5,72.6,UNSAMPLED,0
5813,235.53863074096756,0,,,,,,,,,,,29.5,72.6,UNSAMPLED,0
5814,235.5791500306185,0,,,,,,,,,,,29.5,72.6,UNSAMPLED,0
5815,235.61966932026945,0,,,,,,,,,,,29.5,72.6,UNSAMPLED,0
5816,235.6601886099204,1,294.0,42.3,2940,42.3,29.0,72.8,29.0,72.8,hsv_green/PSM7,green_channel_otsu/PSM7,29.0,72.8,ACCEPT_RETRY,1
5817,235.70070789957134,0,,,,,,,,,,,29.0,72.8,UNSAMPLED,0
5818,235.74122718922231,0,,,,,,,,,,,29.0,72.8,UNSAMPLED,0
5819,235.78174647887326,0,,,,,,,,,,,29.0,72.8,UNSAMPLED,0
5820,235.8222657685242,0,,,,,,,,,,,29.0,72.8,UNSAMPLED,0
5821,235.86278505817515,0,,,,,,,,,,,29.0,72.8,UNSAMPLED,0
5822,235.9033043478261,0,,,,,,,,,,,29.0,72.8,UNSAMPLED,0
5823,235.94382363747704,0,,,,,,,,,,,29.0,72.8,UNSAMPLED,0
5824,235.984342927128,1,294.0,42.3,2940,42.3,29.0,72.8,29.0,72.8,hsv_green/PSM7,green_channel_otsu/PSM7,29.0,72.8,ACCEPT_RETRY,1
5825,236.02486221677896,0,,,,,,,,,,,29.0,72.8,UNSAMPLED,0
5826,236.0653815064299,0,,,,,,,,,,,29.0,72.8,UNSAMPLED,0
5827,236.10590079608085,0,,,,,,,,,,,29.0,72.8,UNSAMPLED,0
5828,236.1464200857318,0,,,,,,,,,,,29.0,72.8,UNSAMPLED,0
5829,236.18693937538274,0,,,,,,,,,,,29.0,72.8,UNSAMPLED,0
5830,236.22745866503368,0,,,,,,,,,,,29.0,72.8,UNSAMPLED,0
5831,236.26797795468465,0,,,,,,,,,,,29.0,72.8,UNSAMPLED,0
5832,236.3084972443356,1,29.4,72.8,29.40,72.8,29.4,72.8,29.40,72.8,green_difference/PSM7,gray_otsu/PSM7,29.4,72.8,ACCEPT_PRIMARY,0
5833,236.34901653398654,0,,,,,,,,,,,29.4,72.8,UNSAMPLED,0
5834,236.3895358236375,0,,,,,,,,,,,29.4,72.8,UNSAMPLED,0
5835,236.43005511328843,0,,,,,,,,,,,29.4,72.8,UNSAMPLED,0
5836,236.47057440293938,0,,,,,,,,,,,29.4,72.8,UNSAMPLED,0
5837,236.51109369259035,0,,,,,,,,,,,29.4,72.8,UNSAMPLED,0
5838,236.5516129822413,0,,,,,,,,,,,29.4,72.8,UNSAMPLED,0
5839,236.59213227189224,0,,,,,,,,,,,29.4,72.8,UNSAMPLED,0
5840,236.63265156154318,1,29.4,2.4,29.40,2.4,,,,,,,29.4,72.8,HOLD_PREVIOUS,1
5841,236.67317085119413,0,,,,,,,,,,,29.4,72.8,UNSAMPLED,0
5842,236.71369014084507,0,,,,,,,,,,,29.4,72.8,UNSAMPLED,0
5843,236.75420943049602,0,,,,,,,,,,,29.4,72.8,UNSAMPLED,0
5844,236.794728720147,0,,,,,,,,,,,29.4,72.8,UNSAMPLED,0
5845,236.83524800979794,0,,,,,,,,,,,29.4,72.8,UNSAMPLED,0
5846,236.87576729944888,0,,,,,,,,,,,29.4,72.8,UNSAMPLED,0
5847,236.91628658909983,0,,,,,,,,,,,29.4,72.8,UNSAMPLED,0
5848,236.95680587875077,1,29.4,72.8,29.40,72.80,29.4,72.8,29.40,72.80,green_difference/PSM7,gray_otsu/PSM7,29.4,72.8,ACCEPT_PRIMARY,0
5849,236.99732516840172,0,,,,,,,,,,,29.4,72.8,UNSAMPLED,0
5850,237.0378444580527,0,,,,,,,,,,,29.4,72.8,UNSAMPLED,0
5851,237.07836374770363,0,,,,,,,,,,,29.4,72.8,UNSAMPLED,0
5852,237.11888303735458,0,,,,,,,,,,,29.4,72.8,UNSAMPLED,0
5853,237.15940232700552,0,,,,,,,,,,,29.4,72.8,UNSAMPLED,0
5854,237.19992161665647,0,,,,,,,,,,,29.4,72.8,UNSAMPLED,0
5855,237.2404409063074,0,,,,,,,,,,,29.4,72.8,UNSAMPLED,0
5856,237.28096019595836,1,29.4,72.9,29.40,72.90,29.4,72.9,29.40,72.90,green_difference/PSM7,gray_otsu/PSM7,29.4,72.9,ACCEPT_PRIMARY,0
5857,237.32147948560933,0,,,,,,,,,,,29.4,72.9,UNSAMPLED,0
5858,237.36199877526028,0,,,,,,,,,,,29.4,72.9,UNSAMPLED,0
5859,237.40251806491122,0,,,,,,,,,,,29.4,72.9,UNSAMPLED,0
5860,237.44303735456216,0,,,,,,,,,,,29.4,72.9,UNSAMPLED,0
5861,237.4835566442131,0,,,,,,,,,,,29.4,72.9,UNSAMPLED,0
5862,237.52407593386405,0,,,,,,,,,,,29.4,72.9,UNSAMPLED,0
5863,237.56459522351503,0,,,,,,,,,,,29.4,72.9,UNSAMPLED,0
5864,237.60511451316597,1,29.4,72.9,29.40,72.90,29.4,72.9,29.40,72.90,green_difference/PSM7,gray_otsu/PSM7,29.4,72.9,ACCEPT_PRIMARY,0
5865,237.64563380281692,0,,,,,,,,,,,29.4,72.9,UNSAMPLED,0
5866,237.68615309246786,0,,,,,,,,,,,29.4,72.9,UNSAMPLED,0
5867,237.7266723821188,0,,,,,,,,,,,29.4,72.9,UNSAMPLED,0
5868,237.76719167176975,0,,,,,,,,,,,29.4,72.9,UNSAMPLED,0
5869,237.80771096142072,0,,,,,,,,,,,29.4,72.9,UNSAMPLED,0
5870,237.84823025107167,0,,,,,,,,,,,29.4,72.9,UNSAMPLED,0
5871,237.8887495407226,0,,,,,,,,,,,29.4,72.9,UNSAMPLED,0
5872,237.92926883037356,1,29.4,72.8,29.40,72.8,29.4,72.8,29.40,72.8,green_difference/PSM7,gray_otsu/PSM7,29.4,72.8,ACCEPT_PRIMARY,0
5873,237.9697881200245,0,,,,,,,,,,,29.4,72.8,UNSAMPLED,0
5874,238.01030740967545,0,,,,,,,,,,,29.4,72.8,UNSAMPLED,0
5875,238.0508266993264,0,,,,,,,,,,,29.4,72.8,UNSAMPLED,0
5876,238.09134598897737,0,,,,,,,,,,,29.4,72.8,UNSAMPLED,0
5877,238.1318652786283,0,,,,,,,,,,,29.4,72.8,UNSAMPLED,0
5878,238.17238456827926,0,,,,,,,,,,,29.4,72.8,UNSAMPLED,0
5879,238.2129038579302,0,,,,,,,,,,,29.4,72.8,UNSAMPLED,0
5880,238.25342314758115,1,294.0,72.8,2940,72.80,29.4,72.8,294,72.80,green_difference/PSM8,gray_otsu/PSM7,29.4,72.8,ACCEPT_RETRY,1
5881,238.2939424372321,0,,,,,,,,,,,29.4,72.8,UNSAMPLED,0
5882,238.33446172688306,0,,,,,,,,,,,29.4,72.8,UNSAMPLED,0
5883,238.374981016534,0,,,,,,,,,,,29.4,72.8,UNSAMPLED,0
5884,238.41550030618495,0,,,,,,,,,,,29.4,72.8,UNSAMPLED,0
5885,238.4560195958359,0,,,,,,,,,,,29.4,72.8,UNSAMPLED,0
5886,238.49653888548684,0,,,,,,,,,,,29.4,72.8,UNSAMPLED,0
5887,238.5370581751378,0,,,,,,,,,,,29.4,72.8,UNSAMPLED,0
5888,238.57757746478873,1,294.0,72.8,2940,72.80,29.4,72.8,294,72.80,green_difference/PSM8,gray_otsu/PSM7,29.4,72.8,ACCEPT_RETRY,1
5889,238.6180967544397,0,,,,,,,,,,,29.4,72.8,UNSAMPLED,0
5890,238.65861604409065,0,,,,,,,,,,,29.4,72.8,UNSAMPLED,0
5891,238.6991353337416,0,,,,,,,,,,,29.4,72.8,UNSAMPLED,0
5892,238.73965462339254,0,,,,,,,,,,,29.4,72.8,UNSAMPLED,0
5893,238.78017391304348,0,,,,,,,,,,,29.4,72.8,UNSAMPLED,0
5894,238.82069320269443,0,,,,,,,,,,,29.4,72.8,UNSAMPLED,0
5895,238.8612124923454,0,,,,,,,,,,,29.4,72.8,UNSAMPLED,0
5896,238.90173178199635,1,294.0,42.9,2940,42.90,,,,,,,29.4,72.8,HOLD_PREVIOUS,1
5897,238.9422510716473,0,,,,,,,,,,,29.4,72.8,UNSAMPLED,0
5898,238.98277036129824,0,,,,,,,,,,,29.4,72.8,UNSAMPLED,0
5899,239.02328965094918,0,,,,,,,,,,,29.4,72.8,UNSAMPLED,0
5900,239.06380894060013,0,,,,,,,,,,,29.4,72.8,UNSAMPLED,0
5901,239.10432823025107,0,,,,,,,,,,,29.4,72.8,UNSAMPLED,0
5902,239.14484751990204,0,,,,,,,,,,,29.4,72.8,UNSAMPLED,0
5903,239.185366809553,0,,,,,,,,,,,29.4,72.8,UNSAMPLED,0
5904,239.22588609920393,1,294.0,42.9,2940,42.90,,,,,,,29.4,72.8,HOLD_PREVIOUS,1
5905,239.26640538885488,0,,,,,,,,,,,29.4,72.8,UNSAMPLED,0
5906,239.30692467850582,0,,,,,,,,,,,29.4,72.8,UNSAMPLED,0
5907,239.34744396815677,0,,,,,,,,,,,29.4,72.8,UNSAMPLED,0
5908,239.38796325780774,0,,,,,,,,,,,29.4,72.8,UNSAMPLED,0
5909,239.42848254745869,0,,,,,,,,,,,29.4,72.8,UNSAMPLED,0
5910,239.46900183710963,0,,,,,,,,,,,29.4,72.8,UNSAMPLED,0
5911,239.50952112676057,0,,,,,,,,,,,29.4,72.8,UNSAMPLED,0
5912,239.55004041641152,1,29.4,73.0,29.4,73.0,29.4,73.0,29.4,73.0,green_difference/PSM7,gray_otsu/PSM7,29.4,73.0,ACCEPT_PRIMARY,0
5913,239.59055970606246,0,,,,,,,,,,,29.4,73.0,UNSAMPLED,0
5914,239.63107899571344,0,,,,,,,,,,,29.4,73.0,UNSAMPLED,0
5915,239.67159828536438,0,,,,,,,,,,,29.4,73.0,UNSAMPLED,0
5916,239.71211757501533,0,,,,,,,,,,,29.4,73.0,UNSAMPLED,0
5917,239.75263686466627,0,,,,,,,,,,,29.4,73.0,UNSAMPLED,0
5918,239.79315615431722,0,,,,,,,,,,,29.4,73.0,UNSAMPLED,0
5919,239.83367544396816,0,,,,,,,,,,,29.4,73.0,UNSAMPLED,0
5920,239.8741947336191,1,29.4,773.0,29.4,773.0,29.4,73.0,29.4,73.00,green_difference/PSM7,green_channel_otsu/PSM7,29.4,73.0,ACCEPT_RETRY,1
5921,239.91471402327008,0,,,,,,,,,,,29.4,73.0,UNSAMPLED,0
5922,239.95523331292102,0,,,,,,,,,,,29.4,73.0,UNSAMPLED,0
5923,239.99575260257197,0,,,,,,,,,,,29.4,73.0,UNSAMPLED,0
5924,240.0362718922229,0,,,,,,,,,,,29.4,73.0,UNSAMPLED,0
5925,240.07679118187386,0,,,,,,,,,,,29.4,73.0,UNSAMPLED,0
5926,240.1173104715248,0,,,,,,,,,,,29.4,73.0,UNSAMPLED,0
5927,240.15782976117578,0,,,,,,,,,,,29.4,73.0,UNSAMPLED,0
5928,240.19834905082672,1,29.4,73.1,29.4,73.10,29.4,73.1,29.4,73.10,green_difference/PSM7,gray_otsu/PSM7,29.4,73.1,ACCEPT_PRIMARY,0
5929,240.23886834047767,0,,,,,,,,,,,29.4,73.1,UNSAMPLED,0
5930,240.2793876301286,0,,,,,,,,,,,29.4,73.1,UNSAMPLED,0
5931,240.31990691977956,0,,,,,,,,,,,29.4,73.1,UNSAMPLED,0
5932,240.3604262094305,0,,,,,,,,,,,29.4,73.1,UNSAMPLED,0
5933,240.40094549908144,0,,,,,,,,,,,29.4,73.1,UNSAMPLED,0
5934,240.44146478873242,0,,,,,,,,,,,29.4,73.1,UNSAMPLED,0
5935,240.48198407838336,0,,,,,,,,,,,29.4,73.1,UNSAMPLED,0
5936,240.5225033680343,1,29.4,73.0,29.4,73.0,29.4,73.0,29.4,73.0,green_difference/PSM7,gray_otsu/PSM7,29.4,73.0,ACCEPT_PRIMARY,0
5937,240.56302265768525,0,,,,,,,,,,,29.4,73.0,UNSAMPLED,0
5938,240.6035419473362,0,,,,,,,,,,,29.4,73.0,UNSAMPLED,0
5939,240.64406123698714,0,,,,,,,,,,,29.4,73.0,UNSAMPLED,0
5940,240.68458052663811,0,,,,,,,,,,,29.4,73.0,UNSAMPLED,0
5941,240.72509981628906,0,,,,,,,,,,,29.4,73.0,UNSAMPLED,0
5942,240.76561910594,0,,,,,,,,,,,29.4,73.0,UNSAMPLED,0
5943,240.80613839559095,0,,,,,,,,,,,29.4,73.0,UNSAMPLED,0
5944,240.8466576852419,1,29.4,72.9,29.4,72.90,29.4,72.9,29.4,72.90,green_difference/PSM7,gray_otsu/PSM7,29.4,72.9,ACCEPT_PRIMARY,0
5945,240.88717697489284,0,,,,,,,,,,,29.4,72.9,UNSAMPLED,0
5946,240.92769626454378,0,,,,,,,,,,,29.4,72.9,UNSAMPLED,0
5947,240.96821555419476,0,,,,,,,,,,,29.4,72.9,UNSAMPLED,0
5948,241.0087348438457,0,,,,,,,,,,,29.4,72.9,UNSAMPLED,0
5949,241.04925413349665,0,,,,,,,,,,,29.4,72.9,UNSAMPLED,0
5950,241.0897734231476,0,,,,,,,,,,,29.4,72.9,UNSAMPLED,0
5951,241.13029271279854,0,,,,,,,,,,,29.4,72.9,UNSAMPLED,0
5952,241.17081200244948,1,29.4,72.9,29.4,72.90,29.4,72.9,29.4,72.90,green_difference/PSM7,gray_otsu/PSM7,29.4,72.9,ACCEPT_PRIMARY,0
5953,241.21133129210045,0,,,,,,,,,,,29.4,72.9,UNSAMPLED,0
5954,241.2518505817514,0,,,,,,,,,,,29.4,72.9,UNSAMPLED,0
5955,241.29236987140234,0,,,,,,,,,,,29.4,72.9,UNSAMPLED,0
5956,241.3328891610533,0,,,,,,,,,,,29.4,72.9,UNSAMPLED,0
5957,241.37340845070423,0,,,,,,,,,,,29.4,72.9,UNSAMPLED,0
5958,241.41392774035518,0,,,,,,,,,,,29.4,72.9,UNSAMPLED,0
5959,241.45444703000612,0,,,,,,,,,,,29.4,72.9,UNSAMPLED,0
5960,241.4949663196571,1,29.4,72.9,294,72.90,29.4,72.9,294,72.90,green_difference/PSM7,gray_otsu/PSM7,29.4,72.9,ACCEPT_PRIMARY,0
5961,241.53548560930804,0,,,,,,,,,,,29.4,72.9,UNSAMPLED,0
5962,241.57600489895898,0,,,,,,,,,,,29.4,72.9,UNSAMPLED,0
5963,241.61652418860993,0,,,,,,,,,,,29.4,72.9,UNSAMPLED,0
5964,241.65704347826087,0,,,,,,,,,,,29.4,72.9,UNSAMPLED,0
5965,241.69756276791182,0,,,,,,,,,,,29.4,72.9,UNSAMPLED,0
5966,241.7380820575628,0,,,,,,,,,,,29.4,72.9,UNSAMPLED,0
5967,241.77860134721374,0,,,,,,,,,,,29.4,72.9,UNSAMPLED,0
5968,241.81912063686468,1,29.4,729.0,294,7290,,,,,,,29.4,72.9,HOLD_PREVIOUS,1
5969,241.85963992651563,0,,,,,,,,,,,29.4,72.9,UNSAMPLED,0
5970,241.90015921616657,0,,,,,,,,,,,29.4,72.9,UNSAMPLED,0
5971,241.94067850581752,0,,,,,,,,,,,29.4,72.9,UNSAMPLED,0
5972,241.9811977954685,0,,,,,,,,,,,29.4,72.9,UNSAMPLED,0
5973,242.02171708511943,0,,,,,,,,,,,29.4,72.9,UNSAMPLED,0
5974,242.06223637477038,0,,,,,,,,,,,29.4,72.9,UNSAMPLED,0
5975,242.10275566442132,0,,,,,,,,,,,29.4,72.9,UNSAMPLED,0
5976,242.14327495407227,1,29.4,729.0,294,7290,,,,,,,29.4,72.9,HOLD_PREVIOUS,1
5977,242.1837942437232,0,,,,,,,,,,,29.4,72.9,UNSAMPLED,0
5978,242.22431353337416,0,,,,,,,,,,,29.4,72.9,UNSAMPLED,0
5979,242.26483282302513,0,,,,,,,,,,,29.4,72.9,UNSAMPLED,0
5980,242.30535211267608,0,,,,,,,,,,,29.4,72.9,UNSAMPLED,0
5981,242.34587140232702,0,,,,,,,,,,,29.4,72.9,UNSAMPLED,0
5982,242.38639069197797,0,,,,,,,,,,,29.4,72.9,UNSAMPLED,0
5983,242.4269099816289,0,,,,,,,,,,,29.4,72.9,UNSAMPLED,0
5984,242.46742927127985,1,29.4,773.0,294,773.0,,,,,,,29.4,72.9,HOLD_PREVIOUS,1
5985,242.50794856093083,0,,,,,,,,,,,29.4,72.9,UNSAMPLED,0
5986,242.54846785058177,0,,,,,,,,,,,29.4,72.9,UNSAMPLED,0
5987,242.58898714023272,0,,,,,,,,,,,29.4,72.9,UNSAMPLED,0
5988,242.62950642988366,0,,,,,,,,,,,29.4,72.9,UNSAMPLED,0
5989,242.6700257195346,0,,,,,,,,,,,29.4,72.9,UNSAMPLED,0
5990,242.71054500918555,0,,,,,,,,,,,29.4,72.9,UNSAMPLED,0
5991,242.7510642988365,0,,,,,,,,,,,29.4,72.9,UNSAMPLED,0
5992,242.79158358848747,1,29.4,773.0,294,773.0,,,,,,,29.4,72.9,HOLD_PREVIOUS,1
5993,242.83210287813841,0,,,,,,,,,,,29.4,72.9,UNSAMPLED,0
5994,242.87262216778936,0,,,,,,,,,,,29.4,72.9,UNSAMPLED,0
5995,242.9131414574403,0,,,,,,,,,,,29.4,72.9,UNSAMPLED,0
5996,242.95366074709125,0,,,,,,,,,,,29.4,72.9,UNSAMPLED,0
5997,242.9941800367422,0,,,,,,,,,,,29.4,72.9,UNSAMPLED,0
5998,243.03469932639317,0,,,,,,,,,,,29.4,72.9,UNSAMPLED,0
5999,243.0752186160441,0,,,,,,,,,,,29.4,72.9,UNSAMPLED,0
6000,243.11573790569506,1,29.4,773.0,294,773.0,,,,,,,29.4,72.9,HOLD_PREVIOUS,1
6001,243.156257195346,0,,,,,,,,,,,29.4,72.9,UNSAMPLED,0
6002,243.19677648499695,0,,,,,,,,,,,29.4,72.9,UNSAMPLED,0
6003,243.2372957746479,0,,,,,,,,,,,29.4,72.9,UNSAMPLED,0
6004,243.27781506429884,0,,,,,,,,,,,29.4,72.9,UNSAMPLED,0
6005,243.3183343539498,0,,,,,,,,,,,29.4,72.9,UNSAMPLED,0
6006,243.35885364360075,0,,,,,,,,,,,29.4,72.9,UNSAMPLED,0
6007,243.3993729332517,0,,,,,,,,,,,29.4,72.9,UNSAMPLED,0
6008,243.43989222290264,1,29.4,72.9,294,72.90,29.4,72.9,294,72.90,green_difference/PSM7,gray_otsu/PSM7,29.4,72.9,ACCEPT_PRIMARY,0
6009,243.4804115125536,0,,,,,,,,,,,29.4,72.9,UNSAMPLED,0
6010,243.52093080220453,0,,,,,,,,,,,29.4,72.9,UNSAMPLED,0
6011,243.5614500918555,0,,,,,,,,,,,29.4,72.9,UNSAMPLED,0
6012,243.60196938150645,0,,,,,,,,,,,29.4,72.9,UNSAMPLED,0
6013,243.6424886711574,0,,,,,,,,,,,29.4,72.9,UNSAMPLED,0
6014,243.68300796080834,0,,,,,,,,,,,29.4,72.9,UNSAMPLED,0
6015,243.72352725045928,0,,,,,,,,,,,29.4,72.9,UNSAMPLED,0
6016,243.76404654011023,1,29.4,73.0,294,73.0,29.4,73.0,294,73.0,green_difference/PSM7,gray_otsu/PSM7,29.4,73.0,ACCEPT_PRIMARY,0
6017,243.8045658297612,0,,,,,,,,,,,29.4,73.0,UNSAMPLED,0
6018,243.84508511941215,0,,,,,,,,,,,29.4,73.0,UNSAMPLED,0
6019,243.8856044090631,0,,,,,,,,,,,29.4,73.0,UNSAMPLED,0
6020,243.92612369871404,0,,,,,,,,,,,29.4,73.0,UNSAMPLED,0
6021,243.96664298836498,0,,,,,,,,,,,29.4,73.0,UNSAMPLED,0
6022,244.00716227801593,0,,,,,,,,,,,29.4,73.0,UNSAMPLED,0
6023,244.04768156766687,0,,,,,,,,,,,29.4,73.0,UNSAMPLED,0
6024,244.08820085731784,1,29.4,3.2,294,3.20,,,,,,,29.4,73.0,HOLD_PREVIOUS,1
6025,244.1287201469688,0,,,,,,,,,,,29.4,73.0,UNSAMPLED,0
6026,244.16923943661973,0,,,,,,,,,,,29.4,73.0,UNSAMPLED,0
6027,244.20975872627068,0,,,,,,,,,,,29.4,73.0,UNSAMPLED,0
6028,244.25027801592162,0,,,,,,,,,,,29.4,73.0,UNSAMPLED,0
6029,244.29079730557257,0,,,,,,,,,,,29.4,73.0,UNSAMPLED,0
6030,244.33131659522354,0,,,,,,,,,,,29.4,73.0,UNSAMPLED,0
6031,244.37183588487449,0,,,,,,,,,,,29.4,73.0,UNSAMPLED,0
6032,244.41235517452543,1,29.4,3.2,294,3.20,,,,,,,29.4,73.0,HOLD_PREVIOUS,1
6033,244.45287446417638,0,,,,,,,,,,,29.4,73.0,UNSAMPLED,0
6034,244.49339375382732,0,,,,,,,,,,,29.4,73.0,UNSAMPLED,0
6035,244.53391304347826,0,,,,,,,,,,,29.4,73.0,UNSAMPLED,0
6036,244.5744323331292,0,,,,,,,,,,,29.4,73.0,UNSAMPLED,0
6037,244.61495162278018,0,,,,,,,,,,,29.4,73.0,UNSAMPLED,0
6038,244.65547091243113,0,,,,,,,,,,,29.4,73.0,UNSAMPLED,0
6039,244.69599020208207,0,,,,,,,,,,,29.4,73.0,UNSAMPLED,0
6040,244.73650949173302,1,29.4,3.2,294,3.20,,,,,,,29.4,73.0,HOLD_PREVIOUS,1
6041,244.77702878138396,0,,,,,,,,,,,29.4,73.0,UNSAMPLED,0
6042,244.8175480710349,0,,,,,,,,,,,29.4,73.0,UNSAMPLED,0
6043,244.85806736068588,0,,,,,,,,,,,29.4,73.0,UNSAMPLED,0
6044,244.89858665033682,0,,,,,,,,,,,29.4,73.0,UNSAMPLED,0
6045,244.93910593998777,0,,,,,,,,,,,29.4,73.0,UNSAMPLED,0
6046,244.9796252296387,0,,,,,,,,,,,29.4,73.0,UNSAMPLED,0
6047,245.02014451928966,0,,,,,,,,,,,29.4,73.0,UNSAMPLED,0
6048,245.0606638089406,1,29.4,3.2,294,3.20,,,,,,,29.4,73.0,HOLD_PREVIOUS,1
6049,245.10118309859155,0,,,,,,,,,,,29.4,73.0,UNSAMPLED,0
6050,245.14170238824252,0,,,,,,,,,,,29.4,73.0,UNSAMPLED,0
6051,245.18222167789347,0,,,,,,,,,,,29.4,73.0,UNSAMPLED,0
6052,245.2227409675444,0,,,,,,,,,,,29.4,73.0,UNSAMPLED,0
6053,245.26326025719536,0,,,,,,,,,,,29.4,73.0,UNSAMPLED,0
6054,245.3037795468463,0,,,,,,,,,,,29.4,73.0,UNSAMPLED,0
6055,245.34429883649725,0,,,,,,,,,,,29.4,73.0,UNSAMPLED,0
6056,245.38481812614822,1,29.4,3.2,294,3.20,,,,,,,29.4,73.0,HOLD_PREVIOUS,1
6057,245.42533741579916,0,,,,,,,,,,,29.4,73.0,UNSAMPLED,0
6058,245.4658567054501,0,,,,,,,,,,,29.4,73.0,UNSAMPLED,0
6059,245.50637599510105,0,,,,,,,,,,,29.4,73.0,UNSAMPLED,0
6060,245.546895284752,0,,,,,,,,,,,29.4,73.0,UNSAMPLED,0
6061,245.58741457440294,0,,,,,,,,,,,29.4,73.0,UNSAMPLED,0
6062,245.62793386405392,0,,,,,,,,,,,29.4,73.0,UNSAMPLED,0
6063,245.66845315370486,0,,,,,,,,,,,29.4,73.0,UNSAMPLED,0
6064,245.7089724433558,1,24.0,43.2,240,43.20,29.4,73.2,29.4,73.2,green_channel_otsu/PSM7,green_channel_otsu/PSM7,29.4,73.2,ACCEPT_RETRY,1
6065,245.74949173300675,0,,,,,,,,,,,29.4,73.2,UNSAMPLED,0
6066,245.7900110226577,0,,,,,,,,,,,29.4,73.2,UNSAMPLED,0
6067,245.83053031230864,0,,,,,,,,,,,29.4,73.2,UNSAMPLED,0
6068,245.87104960195958,0,,,,,,,,,,,29.4,73.2,UNSAMPLED,0
6069,245.91156889161056,0,,,,,,,,,,,29.4,73.2,UNSAMPLED,0
6070,245.9520881812615,0,,,,,,,,,,,29.4,73.2,UNSAMPLED,0
6071,245.99260747091245,0,,,,,,,,,,,29.4,73.2,UNSAMPLED,0
6072,246.0331267605634,1,24.0,43.2,240,43.20,29.4,73.2,29.4,73.2,green_channel_otsu/PSM7,green_channel_otsu/PSM7,29.4,73.2,ACCEPT_RETRY,1
6073,246.07364605021434,0,,,,,,,,,,,29.4,73.2,UNSAMPLED,0
6074,246.11416533986528,0,,,,,,,,,,,29.4,73.2,UNSAMPLED,0
6075,246.15468462951625,0,,,,,,,,,,,29.4,73.2,UNSAMPLED,0
6076,246.1952039191672,0,,,,,,,,,,,29.4,73.2,UNSAMPLED,0
6077,246.23572320881814,0,,,,,,,,,,,29.4,73.2,UNSAMPLED,0
6078,246.2762424984691,0,,,,,,,,,,,29.4,73.2,UNSAMPLED,0
6079,246.31676178812003,0,,,,,,,,,,,29.4,73.2,UNSAMPLED,0
6080,246.35728107777098,1,24.0,43.2,240,43.20,29.4,73.2,29.4,73.2,green_channel_otsu/PSM7,green_channel_otsu/PSM7,29.4,73.2,ACCEPT_RETRY,1
6081,246.39780036742192,0,,,,,,,,,,,29.4,73.2,UNSAMPLED,0
6082,246.4383196570729,0,,,,,,,,,,,29.4,73.2,UNSAMPLED,0
6083,246.47883894672384,0,,,,,,,,,,,29.4,73.2,UNSAMPLED,0
6084,246.51935823637479,0,,,,,,,,,,,29.4,73.2,UNSAMPLED,0
6085,246.55987752602573,0,,,,,,,,,,,29.4,73.2,UNSAMPLED,0
6086,246.60039681567667,0,,,,,,,,,,,29.4,73.2,UNSAMPLED,0
6087,246.64091610532762,0,,,,,,,,,,,29.4,73.2,UNSAMPLED,0
6088,246.6814353949786,1,24.0,73.3,240,73.3-,29.4,73.3,29.4,73.30,green_channel_otsu/PSM7,green_channel_otsu/PSM7,29.4,73.3,ACCEPT_RETRY,1
6089,246.72195468462954,0,,,,,,,,,,,29.4,73.3,UNSAMPLED,0
6090,246.76247397428048,0,,,,,,,,,,,29.4,73.3,UNSAMPLED,0
6091,246.80299326393143,0,,,,,,,,,,,29.4,73.3,UNSAMPLED,0
6092,246.84351255358237,0,,,,,,,,,,,29.4,73.3,UNSAMPLED,0
6093,246.88403184323332,0,,,,,,,,,,,29.4,73.3,UNSAMPLED,0
6094,246.92455113288426,0,,,,,,,,,,,29.4,73.3,UNSAMPLED,0
6095,246.96507042253523,0,,,,,,,,,,,29.4,73.3,UNSAMPLED,0
6096,247.00558971218618,1,24.0,73.3,240,73.3-,29.4,73.3,29.4,73.30,green_channel_otsu/PSM7,green_channel_otsu/PSM7,29.4,73.3,ACCEPT_RETRY,1
6097,247.04610900183712,0,,,,,,,,,,,29.4,73.3,UNSAMPLED,0
6098,247.08662829148807,0,,,,,,,,,,,29.4,73.3,UNSAMPLED,0
6099,247.127147581139,0,,,,,,,,,,,29.4,73.3,UNSAMPLED,0
6100,247.16766687078996,0,,,,,,,,,,,29.4,73.3,UNSAMPLED,0
6101,247.20818616044093,0,,,,,,,,,,,29.4,73.3,UNSAMPLED,0
6102,247.24870545009188,0,,,,,,,,,,,29.4,73.3,UNSAMPLED,0
6103,247.28922473974282,0,,,,,,,,,,,29.4,73.3,UNSAMPLED,0
6104,247.32974402939377,1,24.0,73.3,240,73.3-,29.4,73.3,29.4,73.30,green_channel_otsu/PSM7,green_channel_otsu/PSM7,29.4,73.3,ACCEPT_RETRY,1
6105,247.3702633190447,0,,,,,,,,,,,29.4,73.3,UNSAMPLED,0
6106,247.41078260869565,0,,,,,,,,,,,29.4,73.3,UNSAMPLED,0
6107,247.45130189834663,0,,,,,,,,,,,29.4,73.3,UNSAMPLED,0
6108,247.49182118799757,0,,,,,,,,,,,29.4,73.3,UNSAMPLED,0
6109,247.53234047764852,0,,,,,,,,,,,29.4,73.3,UNSAMPLED,0
6110,247.57285976729946,0,,,,,,,,,,,29.4,73.3,UNSAMPLED,0
6111,247.6133790569504,0,,,,,,,,,,,29.4,73.3,UNSAMPLED,0
6112,247.65389834660135,1,,73.3,24,73.3-,,,,,,,29.4,73.3,HOLD_PREVIOUS,1
6113,247.6944176362523,0,,,,,,,,,,,29.4,73.3,UNSAMPLED,0
6114,247.73493692590327,0,,,,,,,,,,,29.4,73.3,UNSAMPLED,0
6115,247.77545621555421,0,,,,,,,,,,,29.4,73.3,UNSAMPLED,0
6116,247.81597550520516,0,,,,,,,,,,,29.4,73.3,UNSAMPLED,0
6117,247.8564947948561,0,,,,,,,,,,,29.4,73.3,UNSAMPLED,0
6118,247.89701408450705,0,,,,,,,,,,,29.4,73.3,UNSAMPLED,0
6119,247.937533374158,0,,,,,,,,,,,29.4,73.3,UNSAMPLED,0
6120,247.97805266380897,1,,43.2,,43.20,,,,,,,29.4,73.3,HOLD_PREVIOUS,1
6121,248.0185719534599,0,,,,,,,,,,,29.4,73.3,UNSAMPLED,0
6122,248.05909124311086,0,,,,,,,,,,,29.4,73.3,UNSAMPLED,0
6123,248.0996105327618,0,,,,,,,,,,,29.4,73.3,UNSAMPLED,0
6124,248.14012982241275,0,,,,,,,,,,,29.4,73.3,UNSAMPLED,0
6125,248.1806491120637,0,,,,,,,,,,,29.4,73.3,UNSAMPLED,0
6126,248.22116840171464,0,,,,,,,,,,,29.4,73.3,UNSAMPLED,0
6127,248.2616876913656,0,,,,,,,,,,,29.4,73.3,UNSAMPLED,0
6128,248.30220698101655,1,,43.2,,43.20,,,,,,,29.4,73.3,HOLD_PREVIOUS,1
6129,248.3427262706675,0,,,,,,,,,,,29.4,73.3,UNSAMPLED,0
6130,248.38324556031844,0,,,,,,,,,,,29.4,73.3,UNSAMPLED,0
6131,248.4237648499694,0,,,,,,,,,,,29.4,73.3,UNSAMPLED,0
6132,248.46428413962033,0,,,,,,,,,,,29.4,73.3,UNSAMPLED,0
6133,248.5048034292713,0,,,,,,,,,,,29.4,73.3,UNSAMPLED,0
6134,248.54532271892225,0,,,,,,,,,,,29.4,73.3,UNSAMPLED,0
6135,248.5858420085732,0,,,,,,,,,,,29.4,73.3,UNSAMPLED,0
6136,248.62636129822414,1,,43.4,,43.40,,,,,,,29.4,73.3,HOLD_PREVIOUS,1
6137,248.66688058787508,0,,,,,,,,,,,29.4,73.3,UNSAMPLED,0
6138,248.70739987752603,0,,,,,,,,,,,29.4,73.3,UNSAMPLED,0
6139,248.74791916717697,0,,,,,,,,,,,29.4,73.3,UNSAMPLED,0
6140,248.78843845682795,0,,,,,,,,,,,29.4,73.3,UNSAMPLED,0
6141,248.8289577464789,0,,,,,,,,,,,29.4,73.3,UNSAMPLED,0
6142,248.86947703612984,0,,,,,,,,,,,29.4,73.3,UNSAMPLED,0
6143,248.90999632578078,0,,,,,,,,,,,29.4,73.3,UNSAMPLED,0
6144,248.95051561543173,1,,43.5,,43.5,,,,,,,29.4,73.3,HOLD_PREVIOUS,1
6145,248.99103490508267,0,,,,,,,,,,,29.4,73.3,UNSAMPLED,0
6146,249.03155419473364,0,,,,,,,,,,,29.4,73.3,UNSAMPLED,0
6147,249.0720734843846,0,,,,,,,,,,,29.4,73.3,UNSAMPLED,0
6148,249.11259277403553,0,,,,,,,,,,,29.4,73.3,UNSAMPLED,0
6149,249.15311206368648,0,,,,,,,,,,,29.4,73.3,UNSAMPLED,0
6150,249.19363135333742,0,,,,,,,,,,,29.4,73.3,UNSAMPLED,0
6151,249.23415064298837,0,,,,,,,,,,,29.4,73.3,UNSAMPLED,0
6152,249.27466993263934,1,,43.4,,43.40,,,,,,,29.4,73.3,HOLD_PREVIOUS,1
6153,249.3151892222903,0,,,,,,,,,,,29.4,73.3,UNSAMPLED,0
6154,249.35570851194123,0,,,,,,,,,,,29.4,73.3,UNSAMPLED,0
6155,249.39622780159218,0,,,,,,,,,,,29.4,73.3,UNSAMPLED,0
6156,249.43674709124312,0,,,,,,,,,,,29.4,73.3,UNSAMPLED,0
6157,249.47726638089406,0,,,,,,,,,,,29.4,73.3,UNSAMPLED,0
6158,249.517785670545,0,,,,,,,,,,,29.4,73.3,UNSAMPLED,0
6159,249.55830496019598,0,,,,,,,,,,,29.4,73.3,UNSAMPLED,0
6160,249.59882424984693,1,29.4,43.5,294,43.5,,,,,,,29.4,73.3,HOLD_PREVIOUS,1
6161,249.63934353949787,0,,,,,,,,,,,29.4,73.3,UNSAMPLED,0
6162,249.67986282914882,0,,,,,,,,,,,29.4,73.3,UNSAMPLED,0
6163,249.72038211879976,0,,,,,,,,,,,29.4,73.3,UNSAMPLED,0
6164,249.7609014084507,0,,,,,,,,,,,29.4,73.3,UNSAMPLED,0
6165,249.80142069810168,0,,,,,,,,,,,29.4,73.3,UNSAMPLED,0
6166,249.84193998775262,0,,,,,,,,,,,29.4,73.3,UNSAMPLED,0
6167,249.88245927740357,0,,,,,,,,,,,29.4,73.3,UNSAMPLED,0
6168,249.9229785670545,1,29.4,43.5,294,43.5,,,,,,,29.4,73.3,HOLD_PREVIOUS,1
6169,249.96349785670546,0,,,,,,,,,,,29.4,73.3,UNSAMPLED,0
6170,250.0040171463564,0,,,,,,,,,,,29.4,73.3,UNSAMPLED,0
6171,250.04453643600735,0,,,,,,,,,,,29.4,73.3,UNSAMPLED,0
6172,250.08505572565832,0,,,,,,,,,,,29.4,73.3,UNSAMPLED,0
6173,250.12557501530927,0,,,,,,,,,,,29.4,73.3,UNSAMPLED,0
6174,250.1660943049602,0,,,,,,,,,,,29.4,73.3,UNSAMPLED,0
6175,250.20661359461116,0,,,,,,,,,,,29.4,73.3,UNSAMPLED,0
6176,250.2471328842621,1,29.4,43.5,294,43.5,,,,,,,29.4,73.3,HOLD_PREVIOUS,1
6177,250.28765217391305,0,,,,,,,,,,,29.4,73.3,UNSAMPLED,0
6178,250.32817146356402,0,,,,,,,,,,,29.4,73.3,UNSAMPLED,0
6179,250.36869075321496,0,,,,,,,,,,,29.4,73.3,UNSAMPLED,0
6180,250.4092100428659,0,,,,,,,,,,,29.4,73.3,UNSAMPLED,0
6181,250.44972933251685,0,,,,,,,,,,,29.4,73.3,UNSAMPLED,0
6182,250.4902486221678,0,,,,,,,,,,,29.4,73.3,UNSAMPLED,0
6183,250.53076791181874,0,,,,,,,,,,,29.4,73.3,UNSAMPLED,0
6184,250.5712872014697,1,29.4,43.5,294,43.5,,,,,,,29.4,73.3,HOLD_PREVIOUS,1
6185,250.61180649112066,0,,,,,,,,,,,29.4,73.3,UNSAMPLED,0
6186,250.6523257807716,0,,,,,,,,,,,29.4,73.3,UNSAMPLED,0
6187,250.69284507042255,0,,,,,,,,,,,29.4,73.3,UNSAMPLED,0
6188,250.7333643600735,0,,,,,,,,,,,29.4,73.3,UNSAMPLED,0
6189,250.77388364972444,0,,,,,,,,,,,29.4,73.3,UNSAMPLED,0
6190,250.81440293937538,0,,,,,,,,,,,29.4,73.3,UNSAMPLED,0
6191,250.85492222902636,0,,,,,,,,,,,29.4,73.3,UNSAMPLED,0
6192,250.8954415186773,1,29.4,43.5,294,43.5,,,,,,,29.4,73.3,HOLD_PREVIOUS,1
6193,250.93596080832825,0,,,,,,,,,,,29.4,73.3,UNSAMPLED,0
6194,250.9764800979792,0,,,,,,,,,,,29.4,73.3,UNSAMPLED,0
6195,251.01699938763014,0,,,,,,,,,,,29.4,73.3,UNSAMPLED,0
6196,251.05751867728108,0,,,,,,,,,,,29.4,73.3,UNSAMPLED,0
6197,251.09803796693205,0,,,,,,,,,,,29.4,73.3,UNSAMPLED,0
6198,251.138557256583,0,,,,,,,,,,,29.4,73.3,UNSAMPLED,0
6199,251.17907654623394,0,,,,,,,,,,,29.4,73.3,UNSAMPLED,0
6200,251.2195958358849,1,294.0,43.5,2940,43.5,,,,,,,29.4,73.3,HOLD_PREVIOUS,1
6201,251.26011512553583,0,,,,,,,,,,,29.4,73.3,UNSAMPLED,0
6202,251.30063441518678,0,,,,,,,,,,,29.4,73.3,UNSAMPLED,0
6203,251.34115370483772,0,,,,,,,,,,,29.4,73.3,UNSAMPLED,0
6204,251.3816729944887,0,,,,,,,,,,,29.4,73.3,UNSAMPLED,0
6205,251.42219228413964,0,,,,,,,,,,,29.4,73.3,UNSAMPLED,0
6206,251.46271157379059,0,,,,,,,,,,,29.4,73.3,UNSAMPLED,0
6207,251.50323086344153,0,,,,,,,,,,,29.4,73.3,UNSAMPLED,0
6208,251.54375015309247,1,29.4,73.4,294,73.4-,29.4,73.4,294,73.4-,green_difference/PSM7,gray_otsu/PSM7,29.4,73.4,ACCEPT_PRIMARY,0
6209,251.58426944274342,0,,,,,,,,,,,29.4,73.4,UNSAMPLED,0
6210,251.6247887323944,0,,,,,,,,,,,29.4,73.4,UNSAMPLED,0
6211,251.66530802204534,0,,,,,,,,,,,29.4,73.4,UNSAMPLED,0
6212,251.70582731169628,0,,,,,,,,,,,29.4,73.4,UNSAMPLED,0
6213,251.74634660134723,0,,,,,,,,,,,29.4,73.4,UNSAMPLED,0
6214,251.78686589099817,0,,,,,,,,,,,29.4,73.4,UNSAMPLED,0
6215,251.82738518064912,0,,,,,,,,,,,29.4,73.4,UNSAMPLED,0
6216,251.86790447030006,1,29.4,73.3,294,73.3,29.4,73.3,294,73.3,green_difference/PSM7,gray_otsu/PSM7,29.4,73.3,ACCEPT_PRIMARY,0
6217,251.90842375995103,0,,,,,,,,,,,29.4,73.3,UNSAMPLED,0
6218,251.94894304960198,0,,,,,,,,,,,29.4,73.3,UNSAMPLED,0
6219,251.98946233925292,0,,,,,,,,,,,29.4,73.3,UNSAMPLED,0
6220,252.02998162890387,0,,,,,,,,,,,29.4,73.3,UNSAMPLED,0
6221,252.0705009185548,0,,,,,,,,,,,29.4,73.3,UNSAMPLED,0
6222,252.11102020820576,0,,,,,,,,,,,29.4,73.3,UNSAMPLED,0
6223,252.15153949785673,0,,,,,,,,,,,29.4,73.3,UNSAMPLED,0
6224,252.19205878750768,1,29.4,3.2,294,3.20,29.4,73.2,29.4,732,green_channel_otsu/PSM7,green_difference/PSM8,29.4,73.2,ACCEPT_RETRY,1
6225,252.23257807715862,0,,,,,,,,,,,29.4,73.2,UNSAMPLED,0
6226,252.27309736680957,0,,,,,,,,,,,29.4,73.2,UNSAMPLED,0
6227,252.3136166564605,0,,,,,,,,,,,29.4,73.2,UNSAMPLED,0
6228,252.35413594611146,0,,,,,,,,,,,29.4,73.2,UNSAMPLED,0
6229,252.3946552357624,0,,,,,,,,,,,29.4,73.2,UNSAMPLED,0
6230,252.43517452541337,0,,,,,,,,,,,29.4,73.2,UNSAMPLED,0
6231,252.47569381506432,0,,,,,,,,,,,29.4,73.2,UNSAMPLED,0
6232,252.51621310471526,1,29.4,3.2,294,3.20,29.4,73.2,29.4,732,green_channel_otsu/PSM7,green_difference/PSM8,29.4,73.2,ACCEPT_RETRY,1
6233,252.5567323943662,0,,,,,,,,,,,29.4,73.2,UNSAMPLED,0
6234,252.59725168401715,0,,,,,,,,,,,29.4,73.2,UNSAMPLED,0
6235,252.6377709736681,0,,,,,,,,,,,29.4,73.2,UNSAMPLED,0
6236,252.67829026331907,0,,,,,,,,,,,29.4,73.2,UNSAMPLED,0
6237,252.71880955297001,0,,,,,,,,,,,29.4,73.2,UNSAMPLED,0
6238,252.75932884262096,0,,,,,,,,,,,29.4,73.2,UNSAMPLED,0
6239,252.7998481322719,0,,,,,,,,,,,29.4,73.2,UNSAMPLED,0
6240,252.84036742192285,1,29.4,73.3,294,73.3,29.4,73.3,294,73.3,green_difference/PSM7,gray_otsu/PSM7,29.4,73.3,ACCEPT_PRIMARY,0
6241,252.8808867115738,0,,,,,,,,,,,29.4,73.3,UNSAMPLED,0
6242,252.92140600122477,0,,,,,,,,,,,29.4,73.3,UNSAMPLED,0
6243,252.9619252908757,0,,,,,,,,,,,29.4,73.3,UNSAMPLED,0
6244,253.00244458052666,0,,,,,,,,,,,29.4,73.3,UNSAMPLED,0
6245,253.0429638701776,0,,,,,,,,,,,29.4,73.3,UNSAMPLED,0
6246,253.08348315982855,0,,,,,,,,,,,29.4,73.3,UNSAMPLED,0
6247,253.1240024494795,0,,,,,,,,,,,29.4,73.3,UNSAMPLED,0
6248,253.16452173913044,1,29.4,73.3,294,73.3-,29.4,73.3,294,73.3-,green_difference/PSM7,gray_otsu/PSM7,29.4,73.3,ACCEPT_PRIMARY,0
6249,253.2050410287814,0,,,,,,,,,,,29.4,73.3,UNSAMPLED,0
6250,253.24556031843235,0,,,,,,,,,,,29.4,73.3,UNSAMPLED,0
6251,253.2860796080833,0,,,,,,,,,,,29.4,73.3,UNSAMPLED,0
6252,253.32659889773424,0,,,,,,,,,,,29.4,73.3,UNSAMPLED,0
6253,253.3671181873852,0,,,,,,,,,,,29.4,73.3,UNSAMPLED,0
6254,253.40763747703613,0,,,,,,,,,,,29.4,73.3,UNSAMPLED,0
6255,253.4481567666871,0,,,,,,,,,,,29.4,73.3,UNSAMPLED,0
6256,253.48867605633805,1,29.4,73.3,294,73.3-,29.4,73.3,294,73.3-,green_difference/PSM7,gray_otsu/PSM7,29.4,73.3,ACCEPT_PRIMARY,0
6257,253.529195345989,0,,,,,,,,,,,29.4,73.3,UNSAMPLED,0
6258,253.56971463563994,0,,,,,,,,,,,29.4,73.3,UNSAMPLED,0
6259,253.61023392529088,0,,,,,,,,,,,29.4,73.3,UNSAMPLED,0
6260,253.65075321494183,0,,,,,,,,,,,29.4,73.3,UNSAMPLED,0
6261,253.69127250459277,0,,,,,,,,,,,29.4,73.3,UNSAMPLED,0
6262,253.73179179424375,0,,,,,,,,,,,29.4,73.3,UNSAMPLED,0
6263,253.7723110838947,0,,,,,,,,,,,29.4,73.3,UNSAMPLED,0
6264,253.81283037354564,1,294.0,3.2,2940,3.2-,,,,,,,29.4,73.3,HOLD_PREVIOUS,1
6265,253.85334966319658,0,,,,,,,,,,,29.4,73.3,UNSAMPLED,0
6266,253.89386895284753,0,,,,,,,,,,,29.4,73.3,UNSAMPLED,0
6267,253.93438824249847,0,,,,,,,,,,,29.4,73.3,UNSAMPLED,0
6268,253.97490753214944,0,,,,,,,,,,,29.4,73.3,UNSAMPLED,0
6269,254.0154268218004,0,,,,,,,,,,,29.4,73.3,UNSAMPLED,0
6270,254.05594611145133,0,,,,,,,,,,,29.4,73.3,UNSAMPLED,0
6271,254.09646540110228,0,,,,,,,,,,,29.4,73.3,UNSAMPLED,0
6272,254.13698469075322,1,294.0,3.2,2940,3.2-,,,,,,,29.4,73.3,HOLD_PREVIOUS,1
6273,254.17750398040417,0,,,,,,,,,,,29.4,73.3,UNSAMPLED,0
6274,254.2180232700551,0,,,,,,,,,,,29.4,73.3,UNSAMPLED,0
6275,254.2585425597061,0,,,,,,,,,,,29.4,73.3,UNSAMPLED,0
6276,254.29906184935703,0,,,,,,,,,,,29.4,73.3,UNSAMPLED,0
6277,254.33958113900798,0,,,,,,,,,,,29.4,73.3,UNSAMPLED,0
6278,254.38010042865892,0,,,,,,,,,,,29.4,73.3,UNSAMPLED,0
6279,254.42061971830987,0,,,,,,,,,,,29.4,73.3,UNSAMPLED,0
6280,254.4611390079608,1,294.0,73.3,2940,73.3,,,,,,,29.4,73.3,HOLD_PREVIOUS,1
6281,254.50165829761178,0,,,,,,,,,,,29.4,73.3,UNSAMPLED,0
6282,254.54217758726273,0,,,,,,,,,,,29.4,73.3,UNSAMPLED,0
6283,254.58269687691367,0,,,,,,,,,,,29.4,73.3,UNSAMPLED,0
6284,254.62321616656462,0,,,,,,,,,,,29.4,73.3,UNSAMPLED,0
6285,254.66373545621556,0,,,,,,,,,,,29.4,73.3,UNSAMPLED,0
6286,254.7042547458665,0,,,,,,,,,,,29.4,73.3,UNSAMPLED,0
6287,254.74477403551745,0,,,,,,,,,,,29.4,73.3,UNSAMPLED,0
6288,254.78529332516842,1,294.0,73.3,2940,73.3,,,,,,,29.4,73.3,HOLD_PREVIOUS,1
6289,254.82581261481937,0,,,,,,,,,,,29.4,73.3,UNSAMPLED,0
6290,254.86633190447031,0,,,,,,,,,,,29.4,73.3,UNSAMPLED,0
6291,254.90685119412126,0,,,,,,,,,,,29.4,73.3,UNSAMPLED,0
6292,254.9473704837722,0,,,,,,,,,,,29.4,73.3,UNSAMPLED,0
6293,254.98788977342315,0,,,,,,,,,,,29.4,73.3,UNSAMPLED,0
6294,255.02840906307412,0,,,,,,,,,,,29.4,73.3,UNSAMPLED,0
6295,255.06892835272507,0,,,,,,,,,,,29.4,73.3,UNSAMPLED,0
6296,255.109447642376,1,294.0,73.3,2940,73.3,,,,,,,29.4,73.3,HOLD_PREVIOUS,1
6297,255.14996693202696,0,,,,,,,,,,,29.4,73.3,UNSAMPLED,0
6298,255.1904862216779,0,,,,,,,,,,,29.4,73.3,UNSAMPLED,0
6299,255.23100551132885,0,,,,,,,,,,,29.4,73.3,UNSAMPLED,0
6300,255.27152480097982,0,,,,,,,,,,,29.4,73.3,UNSAMPLED,0
6301,255.31204409063076,0,,,,,,,,,,,29.4,73.3,UNSAMPLED,0
6302,255.3525633802817,0,,,,,,,,,,,29.4,73.3,UNSAMPLED,0
6303,255.39308266993265,0,,,,,,,,,,,29.4,73.3,UNSAMPLED,0
6304,255.4336019595836,1,294.0,73.3,2940,73.3,,,,,,,29.4,73.3,HOLD_PREVIOUS,1
6305,255.47412124923454,0,,,,,,,,,,,29.4,73.3,UNSAMPLED,0
6306,255.5146405388855,0,,,,,,,,,,,29.4,73.3,UNSAMPLED,0
6307,255.55515982853646,0,,,,,,,,,,,29.4,73.3,UNSAMPLED,0
6308,255.5956791181874,0,,,,,,,,,,,29.4,73.3,UNSAMPLED,0
6309,255.63619840783835,0,,,,,,,,,,,29.4,73.3,UNSAMPLED,0
6310,255.6767176974893,0,,,,,,,,,,,29.4,73.3,UNSAMPLED,0
6311,255.71723698714024,0,,,,,,,,,,,29.4,73.3,UNSAMPLED,0
6312,255.75775627679118,1,24.0,434.0,240,4340,29.4,73.4,294,73.40,green_difference/PSM8,green_channel_otsu/PSM7,29.4,73.4,ACCEPT_RETRY,1
6313,255.79827556644216,0,,,,,,,,,,,29.4,73.4,UNSAMPLED,0
6314,255.8387948560931,0,,,,,,,,,,,29.4,73.4,UNSAMPLED,0
6315,255.87931414574405,0,,,,,,,,,,,29.4,73.4,UNSAMPLED,0
6316,255.919833435395,0,,,,,,,,,,,29.4,73.4,UNSAMPLED,0
6317,255.96035272504594,0,,,,,,,,,,,29.4,73.4,UNSAMPLED,0
6318,256.0008720146969,0,,,,,,,,,,,29.4,73.4,UNSAMPLED,0
6319,256.0413913043478,0,,,,,,,,,,,29.4,73.4,UNSAMPLED,0
6320,256.08191059399877,1,24.0,434.0,240,4340,29.4,73.4,29.4,73.40,green_channel_otsu/PSM7,green_channel_otsu/PSM7,29.4,73.4,ACCEPT_RETRY,1
6321,256.1224298836497,0,,,,,,,,,,,29.4,73.4,UNSAMPLED,0
6322,256.16294917330066,0,,,,,,,,,,,29.4,73.4,UNSAMPLED,0
6323,256.20346846295166,0,,,,,,,,,,,29.4,73.4,UNSAMPLED,0
6324,256.2439877526026,0,,,,,,,,,,,29.4,73.4,UNSAMPLED,0
6325,256.28450704225355,0,,,,,,,,,,,29.4,73.4,UNSAMPLED,0
6326,256.3250263319045,0,,,,,,,,,,,29.4,73.4,UNSAMPLED,0
6327,256.36554562155544,0,,,,,,,,,,,29.4,73.4,UNSAMPLED,0
6328,256.4060649112064,1,24.0,434.0,240,4340,29.4,73.4,29.4,73.40,green_channel_otsu/PSM7,green_channel_otsu/PSM7,29.4,73.4,ACCEPT_RETRY,1
6329,256.44658420085733,0,,,,,,,,,,,29.4,73.4,UNSAMPLED,0
6330,256.4871034905083,0,,,,,,,,,,,29.4,73.4,UNSAMPLED,0
6331,256.5276227801592,0,,,,,,,,,,,29.4,73.4,UNSAMPLED,0
6332,256.56814206981016,0,,,,,,,,,,,29.4,73.4,UNSAMPLED,0
6333,256.6086613594611,0,,,,,,,,,,,29.4,73.4,UNSAMPLED,0
6334,256.64918064911205,0,,,,,,,,,,,29.4,73.4,UNSAMPLED,0
6335,256.689699938763,0,,,,,,,,,,,29.4,73.4,UNSAMPLED,0
6336,256.730219228414,1,24.0,434.0,240,4340,29.4,73.4,29.4,73.40,green_channel_otsu/PSM7,green_channel_otsu/PSM7,29.4,73.4,ACCEPT_RETRY,1
6337,256.77073851806495,0,,,,,,,,,,,29.4,73.4,UNSAMPLED,0
6338,256.8112578077159,0,,,,,,,,,,,29.4,73.4,UNSAMPLED,0
6339,256.85177709736683,0,,,,,,,,,,,29.4,73.4,UNSAMPLED,0
6340,256.8922963870178,0,,,,,,,,,,,29.4,73.4,UNSAMPLED,0
6341,256.9328156766687,0,,,,,,,,,,,29.4,73.4,UNSAMPLED,0
6342,256.97333496631967,0,,,,,,,,,,,29.4,73.4,UNSAMPLED,0
6343,257.0138542559706,0,,,,,,,,,,,29.4,73.4,UNSAMPLED,0
6344,257.05437354562156,1,24.0,73.3,240,73.3,29.4,73.3,29.4,73.3,green_channel_otsu/PSM7,gray_otsu/PSM7,29.4,73.3,ACCEPT_RETRY,1
6345,257.0948928352725,0,,,,,,,,,,,29.4,73.3,UNSAMPLED,0
6346,257.13541212492345,0,,,,,,,,,,,29.4,73.3,UNSAMPLED,0
6347,257.1759314145744,0,,,,,,,,,,,29.4,73.3,UNSAMPLED,0
6348,257.21645070422534,0,,,,,,,,,,,29.4,73.3,UNSAMPLED,0
6349,257.25696999387634,0,,,,,,,,,,,29.4,73.3,UNSAMPLED,0
6350,257.2974892835273,0,,,,,,,,,,,29.4,73.3,UNSAMPLED,0
6351,257.33800857317823,0,,,,,,,,,,,29.4,73.3,UNSAMPLED,0
6352,257.3785278628292,1,24.0,73.3,240,73.3,29.4,73.3,29.4,73.3,green_channel_otsu/PSM7,gray_otsu/PSM7,29.4,73.3,ACCEPT_RETRY,1
6353,257.4190471524801,0,,,,,,,,,,,29.4,73.3,UNSAMPLED,0
6354,257.45956644213106,0,,,,,,,,,,,29.4,73.3,UNSAMPLED,0
6355,257.500085731782,0,,,,,,,,,,,29.4,73.3,UNSAMPLED,0
6356,257.54060502143295,0,,,,,,,,,,,29.4,73.3,UNSAMPLED,0
6357,257.5811243110839,0,,,,,,,,,,,29.4,73.3,UNSAMPLED,0
6358,257.62164360073484,0,,,,,,,,,,,29.4,73.3,UNSAMPLED,0
6359,257.6621628903858,0,,,,,,,,,,,29.4,73.3,UNSAMPLED,0
6360,257.70268218003673,1,29.4,73.3,294,73.3-,29.4,73.3,294,73.3-,green_difference/PSM7,gray_otsu/PSM7,29.4,73.3,ACCEPT_PRIMARY,0
6361,257.74320146968773,0,,,,,,,,,,,29.4,73.3,UNSAMPLED,0
6362,257.7837207593387,0,,,,,,,,,,,29.4,73.3,UNSAMPLED,0
6363,257.8242400489896,0,,,,,,,,,,,29.4,73.3,UNSAMPLED,0
6364,257.86475933864057,0,,,,,,,,,,,29.4,73.3,UNSAMPLED,0
6365,257.9052786282915,0,,,,,,,,,,,29.4,73.3,UNSAMPLED,0
6366,257.94579791794246,0,,,,,,,,,,,29.4,73.3,UNSAMPLED,0
6367,257.9863172075934,0,,,,,,,,,,,29.4,73.3,UNSAMPLED,0
6368,258.02683649724435,1,29.4,73.3,294,73.3-,29.4,73.3,294,73.3-,green_difference/PSM7,gray_otsu/PSM7,29.4,73.3,ACCEPT_PRIMARY,0
6369,258.0673557868953,0,,,,,,,,,,,29.4,73.3,UNSAMPLED,0
6370,258.10787507654624,0,,,,,,,,,,,29.4,73.3,UNSAMPLED,0
6371,258.1483943661972,0,,,,,,,,,,,29.4,73.3,UNSAMPLED,0
6372,258.1889136558481,0,,,,,,,,,,,29.4,73.3,UNSAMPLED,0
6373,258.22943294549907,0,,,,,,,,,,,29.4,73.3,UNSAMPLED,0
6374,258.2699522351501,0,,,,,,,,,,,29.4,73.3,UNSAMPLED,0
6375,258.310471524801,0,,,,,,,,,,,29.4,73.3,UNSAMPLED,0
6376,258.35099081445196,1,29.4,73.3,294,73.3-,29.4,73.3,294,73.3-,green_difference/PSM7,gray_otsu/PSM7,29.4,73.3,ACCEPT_PRIMARY,0
6377,258.3915101041029,0,,,,,,,,,,,29.4,73.3,UNSAMPLED,0
6378,258.43202939375385,0,,,,,,,,,,,29.4,73.3,UNSAMPLED,0
6379,258.4725486834048,0,,,,,,,,,,,29.4,73.3,UNSAMPLED,0
6380,258.51306797305574,0,,,,,,,,,,,29.4,73.3,UNSAMPLED,0
6381,258.5535872627067,0,,,,,,,,,,,29.4,73.3,UNSAMPLED,0
6382,258.59410655235763,0,,,,,,,,,,,29.4,73.3,UNSAMPLED,0
6383,258.6346258420086,0,,,,,,,,,,,29.4,73.3,UNSAMPLED,0
6384,258.6751451316595,1,29.4,734.0,294,7340,,,,,,,29.4,73.3,HOLD_PREVIOUS,1
6385,258.71566442131046,0,,,,,,,,,,,29.4,73.3,UNSAMPLED,0
6386,258.7561837109614,0,,,,,,,,,,,29.4,73.3,UNSAMPLED,0
6387,258.7967030006124,0,,,,,,,,,,,29.4,73.3,UNSAMPLED,0
6388,258.83722229026336,0,,,,,,,,,,,29.4,73.3,UNSAMPLED,0
6389,258.8777415799143,0,,,,,,,,,,,29.4,73.3,UNSAMPLED,0
6390,258.91826086956524,0,,,,,,,,,,,29.4,73.3,UNSAMPLED,0
6391,258.9587801592162,0,,,,,,,,,,,29.4,73.3,UNSAMPLED,0
6392,258.99929944886713,1,29.4,73.4,29.40,73.40,29.4,73.4,29.40,73.40,green_difference/PSM7,gray_otsu/PSM7,29.4,73.4,ACCEPT_PRIMARY,0
6393,259.0398187385181,0,,,,,,,,,,,29.4,73.4,UNSAMPLED,0
6394,259.080338028169,0,,,,,,,,,,,29.4,73.4,UNSAMPLED,0
6395,259.12085731781997,0,,,,,,,,,,,29.4,73.4,UNSAMPLED,0
6396,259.1613766074709,0,,,,,,,,,,,29.4,73.4,UNSAMPLED,0
6397,259.20189589712186,0,,,,,,,,,,,29.4,73.4,UNSAMPLED,0
6398,259.2424151867728,0,,,,,,,,,,,29.4,73.4,UNSAMPLED,0
6399,259.28293447642375,0,,,,,,,,,,,29.4,73.4,UNSAMPLED,0
6400,259.32345376607475,1,29.3,73.4,29.3,73.40,29.3,73.4,29.3,73.40,green_difference/PSM7,gray_otsu/PSM7,29.3,73.4,ACCEPT_PRIMARY,0
6401,259.3639730557257,0,,,,,,,,,,,29.3,73.4,UNSAMPLED,0
6402,259.40449234537664,0,,,,,,,,,,,29.3,73.4,UNSAMPLED,0
6403,259.4450116350276,0,,,,,,,,,,,29.3,73.4,UNSAMPLED,0
6404,259.4855309246785,0,,,,,,,,,,,29.3,73.4,UNSAMPLED,0
6405,259.5260502143295,0,,,,,,,,,,,29.3,73.4,UNSAMPLED,0
6406,259.5665695039804,0,,,,,,,,,,,29.3,73.4,UNSAMPLED,0
6407,259.60708879363136,0,,,,,,,,,,,29.3,73.4,UNSAMPLED,0
6408,259.6476080832823,1,29.4,73.4,29.40,73.40,29.4,73.4,29.40,73.40,green_difference/PSM7,gray_otsu/PSM7,29.4,73.4,ACCEPT_PRIMARY,0
6409,259.68812737293325,0,,,,,,,,,,,29.4,73.4,UNSAMPLED,0
6410,259.7286466625842,0,,,,,,,,,,,29.4,73.4,UNSAMPLED,0
6411,259.76916595223514,0,,,,,,,,,,,29.4,73.4,UNSAMPLED,0
6412,259.8096852418861,0,,,,,,,,,,,29.4,73.4,UNSAMPLED,0
6413,259.8502045315371,0,,,,,,,,,,,29.4,73.4,UNSAMPLED,0
6414,259.89072382118803,0,,,,,,,,,,,29.4,73.4,UNSAMPLED,0
6415,259.931243110839,0,,,,,,,,,,,29.4,73.4,UNSAMPLED,0
6416,259.9717624004899,1,29.4,73.4,29.40,73.40,29.4,73.4,29.40,73.40,green_difference/PSM7,gray_otsu/PSM7,29.4,73.4,ACCEPT_PRIMARY,0
6417,260.01228169014087,0,,,,,,,,,,,29.4,73.4,UNSAMPLED,0
6418,260.0528009797918,0,,,,,,,,,,,29.4,73.4,UNSAMPLED,0
6419,260.09332026944276,0,,,,,,,,,,,29.4,73.4,UNSAMPLED,0
6420,260.1338395590937,0,,,,,,,,,,,29.4,73.4,UNSAMPLED,0
6421,260.17435884874465,0,,,,,,,,,,,29.4,73.4,UNSAMPLED,0
6422,260.2148781383956,0,,,,,,,,,,,29.4,73.4,UNSAMPLED,0
6423,260.25539742804654,0,,,,,,,,,,,29.4,73.4,UNSAMPLED,0
6424,260.2959167176975,1,29.4,73.4,29.40,73.40,29.4,73.4,29.40,73.40,green_difference/PSM7,gray_otsu/PSM7,29.4,73.4,ACCEPT_PRIMARY,0
6425,260.3364360073484,0,,,,,,,,,,,29.4,73.4,UNSAMPLED,0
6426,260.3769552969994,0,,,,,,,,,,,29.4,73.4,UNSAMPLED,0
6427,260.41747458665037,0,,,,,,,,,,,29.4,73.4,UNSAMPLED,0
6428,260.4579938763013,0,,,,,,,,,,,29.4,73.4,UNSAMPLED,0
6429,260.49851316595226,0,,,,,,,,,,,29.4,73.4,UNSAMPLED,0
6430,260.5390324556032,0,,,,,,,,,,,29.4,73.4,UNSAMPLED,0
6431,260.57955174525415,0,,,,,,,,,,,29.4,73.4,UNSAMPLED,0
6432,260.6200710349051,1,29.4,73.4,29.40,73.40,29.4,73.4,29.40,73.40,green_difference/PSM7,gray_otsu/PSM7,29.4,73.4,ACCEPT_PRIMARY,0
6433,260.66059032455604,0,,,,,,,,,,,29.4,73.4,UNSAMPLED,0
6434,260.701109614207,0,,,,,,,,,,,29.4,73.4,UNSAMPLED,0
6435,260.74162890385793,0,,,,,,,,,,,29.4,73.4,UNSAMPLED,0
6436,260.7821481935089,0,,,,,,,,,,,29.4,73.4,UNSAMPLED,0
6437,260.8226674831598,0,,,,,,,,,,,29.4,73.4,UNSAMPLED,0
6438,260.86318677281076,0,,,,,,,,,,,29.4,73.4,UNSAMPLED,0
6439,260.90370606246177,0,,,,,,,,,,,29.4,73.4,UNSAMPLED,0
6440,260.9442253521127,1,29.4,73.4,29.40,73.40,29.4,73.4,29.40,73.40,green_difference/PSM7,gray_otsu/PSM7,29.4,73.4,ACCEPT_PRIMARY,0
6441,260.98474464176365,0,,,,,,,,,,,29.4,73.4,UNSAMPLED,0
6442,261.0252639314146,0,,,,,,,,,,,29.4,73.4,UNSAMPLED,0
6443,261.06578322106554,0,,,,,,,,,,,29.4,73.4,UNSAMPLED,0
6444,261.1063025107165,0,,,,,,,,,,,29.4,73.4,UNSAMPLED,0
6445,261.14682180036743,0,,,,,,,,,,,29.4,73.4,UNSAMPLED,0
6446,261.1873410900184,0,,,,,,,,,,,29.4,73.4,UNSAMPLED,0
6447,261.2278603796693,0,,,,,,,,,,,29.4,73.4,UNSAMPLED,0
6448,261.26837966932027,1,29.4,73.4,29.40,73.40,29.4,73.4,29.40,73.40,green_difference/PSM7,gray_otsu/PSM7,29.4,73.4,ACCEPT_PRIMARY,0
6449,261.3088989589712,0,,,,,,,,,,,29.4,73.4,UNSAMPLED,0
6450,261.34941824862216,0,,,,,,,,,,,29.4,73.4,UNSAMPLED,0
6451,261.3899375382731,0,,,,,,,,,,,29.4,73.4,UNSAMPLED,0
6452,261.4304568279241,0,,,,,,,,,,,29.4,73.4,UNSAMPLED,0
6453,261.47097611757505,0,,,,,,,,,,,29.4,73.4,UNSAMPLED,0
6454,261.511495407226,0,,,,,,,,,,,29.4,73.4,UNSAMPLED,0
6455,261.55201469687694,0,,,,,,,,,,,29.4,73.4,UNSAMPLED,0
6456,261.5925339865279,1,29.4,773.5,29.4,773.5-,29.4,73.5,29.4,735,green_difference/PSM7,green_difference/PSM8,29.4,73.5,ACCEPT_RETRY,1
6457,261.6330532761788,0,,,,,,,,,,,29.4,73.5,UNSAMPLED,0
6458,261.6735725658298,0,,,,,,,,,,,29.4,73.5,UNSAMPLED,0
6459,261.7140918554807,0,,,,,,,,,,,29.4,73.5,UNSAMPLED,0
6460,261.75461114513166,0,,,,,,,,,,,29.4,73.5,UNSAMPLED,0
6461,261.7951304347826,0,,,,,,,,,,,29.4,73.5,UNSAMPLED,0
6462,261.83564972443355,0,,,,,,,,,,,29.4,73.5,UNSAMPLED,0
6463,261.8761690140845,0,,,,,,,,,,,29.4,73.5,UNSAMPLED,0
6464,261.9166883037355,1,294.0,473.5,2940,473.5,29.4,73.5,294,735,green_difference/PSM8,green_difference/PSM8,29.4,73.5,ACCEPT_RETRY,1
6465,261.95720759338644,0,,,,,,,,,,,29.4,73.5,UNSAMPLED,0
6466,261.9977268830374,0,,,,,,,,,,,29.4,73.5,UNSAMPLED,0
6467,262.03824617268833,0,,,,,,,,,,,29.4,73.5,UNSAMPLED,0
6468,262.0787654623393,0,,,,,,,,,,,29.4,73.5,UNSAMPLED,0
6469,262.1192847519902,0,,,,,,,,,,,29.4,73.5,UNSAMPLED,0
6470,262.15980404164117,0,,,,,,,,,,,29.4,73.5,UNSAMPLED,0
6471,262.2003233312921,0,,,,,,,,,,,29.4,73.5,UNSAMPLED,0
6472,262.24084262094306,1,294.0,73.4,2940,73.40,29.4,73.4,294,73.40,green_difference/PSM8,gray_otsu/PSM7,29.4,73.4,ACCEPT_RETRY,1
6473,262.281361910594,0,,,,,,,,,,,29.4,73.4,UNSAMPLED,0
6474,262.32188120024495,0,,,,,,,,,,,29.4,73.4,UNSAMPLED,0
6475,262.3624004898959,0,,,,,,,,,,,29.4,73.4,UNSAMPLED,0
6476,262.40291977954683,0,,,,,,,,,,,29.4,73.4,UNSAMPLED,0
6477,262.44343906919784,0,,,,,,,,,,,29.4,73.4,UNSAMPLED,0
6478,262.4839583588488,0,,,,,,,,,,,29.4,73.4,UNSAMPLED,0
6479,262.5244776484997,0,,,,,,,,,,,29.4,73.4,UNSAMPLED,0
6480,262.56499693815067,1,294.0,473.5,2940,473.5,,,,,,,29.4,73.4,HOLD_PREVIOUS,1
6481,262.6055162278016,0,,,,,,,,,,,29.4,73.4,UNSAMPLED,0
6482,262.64603551745256,0,,,,,,,,,,,29.4,73.4,UNSAMPLED,0
6483,262.6865548071035,0,,,,,,,,,,,29.4,73.4,UNSAMPLED,0
6484,262.72707409675445,0,,,,,,,,,,,29.4,73.4,UNSAMPLED,0
6485,262.7675933864054,0,,,,,,,,,,,29.4,73.4,UNSAMPLED,0
6486,262.80811267605634,0,,,,,,,,,,,29.4,73.4,UNSAMPLED,0
6487,262.8486319657073,0,,,,,,,,,,,29.4,73.4,UNSAMPLED,0
6488,262.88915125535823,1,294.0,73.3,2940,73.3,29.4,73.3,294,73.3,green_difference/PSM8,gray_otsu/PSM7,29.4,73.3,ACCEPT_RETRY,1
6489,262.9296705450092,0,,,,,,,,,,,29.4,73.3,UNSAMPLED,0
6490,262.9701898346602,0,,,,,,,,,,,29.4,73.3,UNSAMPLED,0
6491,263.0107091243111,0,,,,,,,,,,,29.4,73.3,UNSAMPLED,0
6492,263.05122841396206,0,,,,,,,,,,,29.4,73.3,UNSAMPLED,0
6493,263.091747703613,0,,,,,,,,,,,29.4,73.3,UNSAMPLED,0
6494,263.13226699326395,0,,,,,,,,,,,29.4,73.3,UNSAMPLED,0
6495,263.1727862829149,0,,,,,,,,,,,29.4,73.3,UNSAMPLED,0
6496,263.21330557256584,1,294.0,43.2,2940,43.20,29.4,73.8,294,738,green_difference/PSM8,green_difference/PSM8,29.4,73.8,ACCEPT_RETRY,1
6497,263.2538248622168,0,,,,,,,,,,,29.4,73.8,UNSAMPLED,0
6498,263.29434415186773,0,,,,,,,,,,,29.4,73.8,UNSAMPLED,0
6499,263.3348634415187,0,,,,,,,,,,,29.4,73.8,UNSAMPLED,0
6500,263.3753827311696,0,,,,,,,,,,,29.4,73.8,UNSAMPLED,0
6501,263.41590202082057,0,,,,,,,,,,,29.4,73.8,UNSAMPLED,0
6502,263.4564213104715,0,,,,,,,,,,,29.4,73.8,UNSAMPLED,0
6503,263.4969406001225,0,,,,,,,,,,,29.4,73.8,UNSAMPLED,0
6504,263.53745988977346,1,24.5,43.2,245,43.20,,,,,,,29.4,73.8,HOLD_PREVIOUS,1
6505,263.5779791794244,0,,,,,,,,,,,29.4,73.8,UNSAMPLED,0
6506,263.61849846907535,0,,,,,,,,,,,29.4,73.8,UNSAMPLED,0
6507,263.6590177587263,0,,,,,,,,,,,29.4,73.8,UNSAMPLED,0
6508,263.69953704837724,0,,,,,,,,,,,29.4,73.8,UNSAMPLED,0
6509,263.7400563380282,0,,,,,,,,,,,29.4,73.8,UNSAMPLED,0
6510,263.7805756276791,0,,,,,,,,,,,29.4,73.8,UNSAMPLED,0
6511,263.8210949173301,0,,,,,,,,,,,29.4,73.8,UNSAMPLED,0
6512,263.861614206981,1,29.5,3.2,295,3.20,,,,,,,29.4,73.8,HOLD_PREVIOUS,1
6513,263.90213349663196,0,,,,,,,,,,,29.4,73.8,UNSAMPLED,0
6514,263.9426527862829,0,,,,,,,,,,,29.4,73.8,UNSAMPLED,0
6515,263.98317207593385,0,,,,,,,,,,,29.4,73.8,UNSAMPLED,0
6516,264.02369136558485,0,,,,,,,,,,,29.4,73.8,UNSAMPLED,0
6517,264.0642106552358,0,,,,,,,,,,,29.4,73.8,UNSAMPLED,0
6518,264.10472994488674,0,,,,,,,,,,,29.4,73.8,UNSAMPLED,0
6519,264.1452492345377,0,,,,,,,,,,,29.4,73.8,UNSAMPLED,0
6520,264.18576852418863,1,29.5,73.3,295,73.3,29.5,73.3,295,73.3,green_difference/PSM7,gray_otsu/PSM7,29.5,73.3,ACCEPT_PRIMARY,0
6521,264.2262878138396,0,,,,,,,,,,,29.5,73.3,UNSAMPLED,0
6522,264.2668071034905,0,,,,,,,,,,,29.5,73.3,UNSAMPLED,0
6523,264.30732639314147,0,,,,,,,,,,,29.5,73.3,UNSAMPLED,0
6524,264.3478456827924,0,,,,,,,,,,,29.5,73.3,UNSAMPLED,0
6525,264.38836497244336,0,,,,,,,,,,,29.5,73.3,UNSAMPLED,0
6526,264.4288842620943,0,,,,,,,,,,,29.5,73.3,UNSAMPLED,0
6527,264.46940355174524,0,,,,,,,,,,,29.5,73.3,UNSAMPLED,0
6528,264.5099228413962,1,29.4,73.3,294,73.3-,29.4,73.3,294,73.3-,green_difference/PSM7,gray_otsu/PSM7,29.4,73.3,ACCEPT_PRIMARY,0
6529,264.5504421310472,0,,,,,,,,,,,29.4,73.3,UNSAMPLED,0
6530,264.59096142069814,0,,,,,,,,,,,29.4,73.3,UNSAMPLED,0
6531,264.6314807103491,0,,,,,,,,,,,29.4,73.3,UNSAMPLED,0
6532,264.672,0,,,,,,,,,,,29.4,73.3,UNSAMPLED,0
6533,264.71251928965097,0,,,,,,,,,,,29.4,73.3,UNSAMPLED,0
6534,264.7530385793019,0,,,,,,,,,,,29.4,73.3,UNSAMPLED,0
6535,264.79355786895286,0,,,,,,,,,,,29.4,73.3,UNSAMPLED,0
6536,264.8340771586038,1,29.4,73.3,294,73.3-,29.4,73.3,294,73.3-,green_difference/PSM7,gray_otsu/PSM7,29.4,73.3,ACCEPT_PRIMARY,0
6537,264.87459644825475,0,,,,,,,,,,,29.4,73.3,UNSAMPLED,0
6538,264.9151157379057,0,,,,,,,,,,,29.4,73.3,UNSAMPLED,0
6539,264.95563502755664,0,,,,,,,,,,,29.4,73.3,UNSAMPLED,0
6540,264.9961543172076,0,,,,,,,,,,,29.4,73.3,UNSAMPLED,0
6541,265.0366736068585,0,,,,,,,,,,,29.4,73.3,UNSAMPLED,0
6542,265.07719289650953,0,,,,,,,,,,,29.4,73.3,UNSAMPLED,0
6543,265.1177121861605,0,,,,,,,,,,,29.4,73.3,UNSAMPLED,0
6544,265.1582314758114,1,29.4,73.3,294,73.3-,29.4,73.3,294,73.3-,green_difference/PSM7,gray_otsu/PSM7,29.4,73.3,ACCEPT_PRIMARY,0
6545,265.19875076546236,0,,,,,,,,,,,29.4,73.3,UNSAMPLED,0
6546,265.2392700551133,0,,,,,,,,,,,29.4,73.3,UNSAMPLED,0
6547,265.27978934476425,0,,,,,,,,,,,29.4,73.3,UNSAMPLED,0
6548,265.3203086344152,0,,,,,,,,,,,29.4,73.3,UNSAMPLED,0
6549,265.36082792406614,0,,,,,,,,,,,29.4,73.3,UNSAMPLED,0
6550,265.4013472137171,0,,,,,,,,,,,29.4,73.3,UNSAMPLED,0
6551,265.44186650336803,0,,,,,,,,,,,29.4,73.3,UNSAMPLED,0
6552,265.482385793019,1,29.4,73.3,294,73.3-,29.4,73.3,294,73.3-,green_difference/PSM7,gray_otsu/PSM7,29.4,73.3,ACCEPT_PRIMARY,0
6553,265.5229050826699,0,,,,,,,,,,,29.4,73.3,UNSAMPLED,0
6554,265.5634243723209,0,,,,,,,,,,,29.4,73.3,UNSAMPLED,0
6555,265.60394366197187,0,,,,,,,,,,,29.4,73.3,UNSAMPLED,0
6556,265.6444629516228,0,,,,,,,,,,,29.4,73.3,UNSAMPLED,0
6557,265.68498224127376,0,,,,,,,,,,,29.4,73.3,UNSAMPLED,0
6558,265.7255015309247,0,,,,,,,,,,,29.4,73.3,UNSAMPLED,0
6559,265.76602082057565,0,,,,,,,,,,,29.4,73.3,UNSAMPLED,0
6560,265.8065401102266,1,29.4,73.4,294,73.40,29.4,73.4,294,73.40,green_difference/PSM7,gray_otsu/PSM7,29.4,73.4,ACCEPT_PRIMARY,0
6561,265.84705939987754,0,,,,,,,,,,,29.4,73.4,UNSAMPLED,0
6562,265.8875786895285,0,,,,,,,,,,,29.4,73.4,UNSAMPLED,0
6563,265.9280979791794,0,,,,,,,,,,,29.4,73.4,UNSAMPLED,0
6564,265.96861726883037,0,,,,,,,,,,,29.4,73.4,UNSAMPLED,0
6565,266.0091365584813,0,,,,,,,,,,,29.4,73.4,UNSAMPLED,0
6566,266.04965584813226,0,,,,,,,,,,,29.4,73.4,UNSAMPLED,0
6567,266.09017513778326,0,,,,,,,,,,,29.4,73.4,UNSAMPLED,0
6568,266.1306944274342,1,29.4,43.3,294,43.3,,,,,,,29.4,73.4,HOLD_PREVIOUS,1
6569,266.17121371708515,0,,,,,,,,,,,29.4,73.4,UNSAMPLED,0
6570,266.2117330067361,0,,,,,,,,,,,29.4,73.4,UNSAMPLED,0
6571,266.25225229638704,0,,,,,,,,,,,29.4,73.4,UNSAMPLED,0
6572,266.292771586038,0,,,,,,,,,,,29.4,73.4,UNSAMPLED,0
6573,266.33329087568893,0,,,,,,,,,,,29.4,73.4,UNSAMPLED,0
6574,266.3738101653399,0,,,,,,,,,,,29.4,73.4,UNSAMPLED,0
6575,266.4143294549908,0,,,,,,,,,,,29.4,73.4,UNSAMPLED,0
6576,266.45484874464177,1,29.4,73.4,294,73.4,29.4,73.4,294,73.4,green_difference/PSM7,gray_otsu/PSM7,29.4,73.4,ACCEPT_PRIMARY,0
6577,266.4953680342927,0,,,,,,,,,,,29.4,73.4,UNSAMPLED,0
6578,266.53588732394365,0,,,,,,,,,,,29.4,73.4,UNSAMPLED,0
6579,266.5764066135946,0,,,,,,,,,,,29.4,73.4,UNSAMPLED,0
6580,266.6169259032456,0,,,,,,,,,,,29.4,73.4,UNSAMPLED,0
6581,266.65744519289655,0,,,,,,,,,,,29.4,73.4,UNSAMPLED,0
6582,266.6979644825475,0,,,,,,,,,,,29.4,73.4,UNSAMPLED,0
6583,266.73848377219844,0,,,,,,,,,,,29.4,73.4,UNSAMPLED,0
6584,266.7790030618494,1,29.4,73.3,294,73.3-,29.4,73.3,294,73.3-,green_difference/PSM7,gray_otsu/PSM7,29.4,73.3,ACCEPT_PRIMARY,0
6585,266.8195223515003,0,,,,,,,,,,,29.4,73.3,UNSAMPLED,0
6586,266.86004164115127,0,,,,,,,,,,,29.4,73.3,UNSAMPLED,0
6587,266.9005609308022,0,,,,,,,,,,,29.4,73.3,UNSAMPLED,0
6588,266.94108022045316,0,,,,,,,,,,,29.4,73.3,UNSAMPLED,0
6589,266.9815995101041,0,,,,,,,,,,,29.4,73.3,UNSAMPLED,0
6590,267.02211879975505,0,,,,,,,,,,,29.4,73.3,UNSAMPLED,0
6591,267.062638089406,0,,,,,,,,,,,29.4,73.3,UNSAMPLED,0
6592,267.10315737905694,1,29.4,73.3,294,73.3-,29.4,73.3,294,73.3-,green_difference/PSM7,gray_otsu/PSM7,29.4,73.3,ACCEPT_PRIMARY,0
6593,267.14367666870794,0,,,,,,,,,,,29.4,73.3,UNSAMPLED,0
6594,267.1841959583589,0,,,,,,,,,,,29.4,73.3,UNSAMPLED,0
6595,267.22471524800983,0,,,,,,,,,,,29.4,73.3,UNSAMPLED,0
6596,267.2652345376608,0,,,,,,,,,,,29.4,73.3,UNSAMPLED,0
6597,267.3057538273117,0,,,,,,,,,,,29.4,73.3,UNSAMPLED,0
6598,267.34627311696266,0,,,,,,,,,,,29.4,73.3,UNSAMPLED,0
6599,267.3867924066136,0,,,,,,,,,,,29.4,73.3,UNSAMPLED,0
6600,267.42731169626455,1,29.4,73.3,294,73.3-,29.4,73.3,294,73.3-,green_difference/PSM7,gray_otsu/PSM7,29.4,73.3,ACCEPT_PRIMARY,0
6601,267.4678309859155,0,,,,,,,,,,,29.4,73.3,UNSAMPLED,0
6602,267.50835027556644,0,,,,,,,,,,,29.4,73.3,UNSAMPLED,0
6603,267.5488695652174,0,,,,,,,,,,,29.4,73.3,UNSAMPLED,0
6604,267.58938885486833,0,,,,,,,,,,,29.4,73.3,UNSAMPLED,0
6605,267.6299081445193,0,,,,,,,,,,,29.4,73.3,UNSAMPLED,0
6606,267.6704274341703,0,,,,,,,,,,,29.4,73.3,UNSAMPLED,0
6607,267.7109467238212,0,,,,,,,,,,,29.4,73.3,UNSAMPLED,0
6608,267.75146601347217,1,294.0,73.3,2940,73.3-,,,,,,,29.4,73.3,HOLD_PREVIOUS,1
6609,267.7919853031231,0,,,,,,,,,,,29.4,73.3,UNSAMPLED,0
6610,267.83250459277406,0,,,,,,,,,,,29.4,73.3,UNSAMPLED,0
6611,267.873023882425,0,,,,,,,,,,,29.4,73.3,UNSAMPLED,0
6612,267.91354317207595,0,,,,,,,,,,,29.4,73.3,UNSAMPLED,0
6613,267.9540624617269,0,,,,,,,,,,,29.4,73.3,UNSAMPLED,0
6614,267.99458175137784,0,,,,,,,,,,,29.4,73.3,UNSAMPLED,0
6615,268.0351010410288,0,,,,,,,,,,,29.4,73.3,UNSAMPLED,0
6616,268.0756203306797,1,294.0,73.3,2940,73.3-,,,,,,,29.4,73.3,HOLD_PREVIOUS,1
6617,268.11613962033067,0,,,,,,,,,,,29.4,73.3,UNSAMPLED,0
6618,268.1566589099816,0,,,,,,,,,,,29.4,73.3,UNSAMPLED,0
6619,268.1971781996326,0,,,,,,,,,,,29.4,73.3,UNSAMPLED,0
6620,268.23769748928356,0,,,,,,,,,,,29.4,73.3,UNSAMPLED,0
6621,268.2782167789345,0,,,,,,,,,,,29.4,73.3,UNSAMPLED,0
6622,268.31873606858545,0,,,,,,,,,,,29.4,73.3,UNSAMPLED,0
6623,268.3592553582364,0,,,,,,,,,,,29.4,73.3,UNSAMPLED,0
6624,268.39977464788734,1,29.6,73.4,296,73.4,29.6,73.4,296,73.4,green_difference/PSM7,gray_otsu/PSM7,29.6,73.4,ACCEPT_PRIMARY,0
6625,268.4402939375383,0,,,,,,,,,,,29.6,73.4,UNSAMPLED,0
6626,268.48081322718923,0,,,,,,,,,,,29.6,73.4,UNSAMPLED,0
6627,268.5213325168402,0,,,,,,,,,,,29.6,73.4,UNSAMPLED,0
6628,268.5618518064911,0,,,,,,,,,,,29.6,73.4,UNSAMPLED,0
6629,268.60237109614206,0,,,,,,,,,,,29.6,73.4,UNSAMPLED,0
6630,268.642890385793,0,,,,,,,,,,,29.6,73.4,UNSAMPLED,0
6631,268.68340967544395,0,,,,,,,,,,,29.6,73.4,UNSAMPLED,0
6632,268.72392896509496,1,29.6,73.5,296,73.50,29.6,73.5,296,73.50,green_difference/PSM7,gray_otsu/PSM7,29.6,73.5,ACCEPT_PRIMARY,0
6633,268.7644482547459,0,,,,,,,,,,,29.6,73.5,UNSAMPLED,0
6634,268.80496754439685,0,,,,,,,,,,,29.6,73.5,UNSAMPLED,0
6635,268.8454868340478,0,,,,,,,,,,,29.6,73.5,UNSAMPLED,0
6636,268.88600612369873,0,,,,,,,,,,,29.6,73.5,UNSAMPLED,0
6637,268.9265254133497,0,,,,,,,,,,,29.6,73.5,UNSAMPLED,0
6638,268.9670447030006,0,,,,,,,,,,,29.6,73.5,UNSAMPLED,0
6639,269.00756399265157,0,,,,,,,,,,,29.6,73.5,UNSAMPLED,0
6640,269.0480832823025,1,29.6,73.5,296,73.50,29.6,73.5,296,73.50,green_difference/PSM7,gray_otsu/PSM7,29.6,73.5,ACCEPT_PRIMARY,0
6641,269.08860257195346,0,,,,,,,,,,,29.6,73.5,UNSAMPLED,0
6642,269.1291218616044,0,,,,,,,,,,,29.6,73.5,UNSAMPLED,0
6643,269.16964115125535,0,,,,,,,,,,,29.6,73.5,UNSAMPLED,0
6644,269.21016044090635,0,,,,,,,,,,,29.6,73.5,UNSAMPLED,0
6645,269.2506797305573,0,,,,,,,,,,,29.6,73.5,UNSAMPLED,0
6646,269.29119902020824,0,,,,,,,,,,,29.6,73.5,UNSAMPLED,0
6647,269.3317183098592,0,,,,,,,,,,,29.6,73.5,UNSAMPLED,0
6648,269.37223759951013,1,29.6,73.5,296,73.50,29.6,73.5,296,73.50,green_difference/PSM7,gray_otsu/PSM7,29.6,73.5,ACCEPT_PRIMARY,0
6649,269.4127568891611,0,,,,,,,,,,,29.6,73.5,UNSAMPLED,0
6650,269.453276178812,0,,,,,,,,,,,29.6,73.5,UNSAMPLED,0
6651,269.49379546846296,0,,,,,,,,,,,29.6,73.5,UNSAMPLED,0
6652,269.5343147581139,0,,,,,,,,,,,29.6,73.5,UNSAMPLED,0
6653,269.57483404776485,0,,,,,,,,,,,29.6,73.5,UNSAMPLED,0
6654,269.6153533374158,0,,,,,,,,,,,29.6,73.5,UNSAMPLED,0
6655,269.65587262706674,0,,,,,,,,,,,29.6,73.5,UNSAMPLED,0
6656,269.6963919167177,1,29.5,73.4,29.5,73.40,29.5,73.4,29.5,73.40,green_difference/PSM7,gray_otsu/PSM7,29.5,73.4,ACCEPT_PRIMARY,0
6657,269.7369112063687,0,,,,,,,,,,,29.5,73.4,UNSAMPLED,0
6658,269.77743049601963,0,,,,,,,,,,,29.5,73.4,UNSAMPLED,0
6659,269.8179497856706,0,,,,,,,,,,,29.5,73.4,UNSAMPLED,0
6660,269.8584690753215,0,,,,,,,,,,,29.5,73.4,UNSAMPLED,0
6661,269.89898836497247,0,,,,,,,,,,,29.5,73.4,UNSAMPLED,0
6662,269.9395076546234,0,,,,,,,,,,,29.5,73.4,UNSAMPLED,0
6663,269.98002694427436,0,,,,,,,,,,,29.5,73.4,UNSAMPLED,0
6664,270.0205462339253,1,25.0,73.4,250,73.40,,,,,,,29.5,73.4,HOLD_PREVIOUS,1
6665,270.06106552357625,0,,,,,,,,,,,29.5,73.4,UNSAMPLED,0
6666,270.1015848132272,0,,,,,,,,,,,29.5,73.4,UNSAMPLED,0
6667,270.14210410287814,0,,,,,,,,,,,29.5,73.4,UNSAMPLED,0
6668,270.1826233925291,0,,,,,,,,,,,29.5,73.4,UNSAMPLED,0
6669,270.22314268218,0,,,,,,,,,,,29.5,73.4,UNSAMPLED,0
6670,270.263661971831,0,,,,,,,,,,,29.5,73.4,UNSAMPLED,0
6671,270.304181261482,0,,,,,,,,,,,29.5,73.4,UNSAMPLED,0
6672,270.3447005511329,1,25.0,73.4,250,73.40,,,,,,,29.5,73.4,HOLD_PREVIOUS,1
6673,270.38521984078386,0,,,,,,,,,,,29.5,73.4,UNSAMPLED,0
6674,270.4257391304348,0,,,,,,,,,,,29.5,73.4,UNSAMPLED,0
6675,270.46625842008575,0,,,,,,,,,,,29.5,73.4,UNSAMPLED,0
6676,270.5067777097367,0,,,,,,,,,,,29.5,73.4,UNSAMPLED,0
6677,270.54729699938764,0,,,,,,,,,,,29.5,73.4,UNSAMPLED,0
6678,270.5878162890386,0,,,,,,,,,,,29.5,73.4,UNSAMPLED,0
6679,270.62833557868953,0,,,,,,,,,,,29.5,73.4,UNSAMPLED,0
6680,270.6688548683405,1,25.0,73.4,250,73.40,29.6,73.4,296,73.40,hsv_green/PSM7,gray_otsu/PSM7,29.6,73.4,ACCEPT_RETRY,1
6681,270.7093741579914,0,,,,,,,,,,,29.6,73.4,UNSAMPLED,0
6682,270.74989344764236,0,,,,,,,,,,,29.6,73.4,UNSAMPLED,0
6683,270.79041273729337,0,,,,,,,,,,,29.6,73.4,UNSAMPLED,0
6684,270.8309320269443,0,,,,,,,,,,,29.6,73.4,UNSAMPLED,0
6685,270.87145131659526,0,,,,,,,,,,,29.6,73.4,UNSAMPLED,0
6686,270.9119706062462,0,,,,,,,,,,,29.6,73.4,UNSAMPLED,0
6687,270.95248989589714,0,,,,,,,,,,,29.6,73.4,UNSAMPLED,0
6688,270.9930091855481,1,25.0,73.57,250,73.57,29.6,73.4,296,73.4,hsv_green/PSM7,green_difference/PSM7,29.6,73.4,ACCEPT_RETRY,1
6689,271.03352847519903,0,,,,,,,,,,,29.6,73.4,UNSAMPLED,0
6690,271.07404776485,0,,,,,,,,,,,29.6,73.4,UNSAMPLED,0
6691,271.1145670545009,0,,,,,,,,,,,29.6,73.4,UNSAMPLED,0
6692,271.15508634415187,0,,,,,,,,,,,29.6,73.4,UNSAMPLED,0
6693,271.1956056338028,0,,,,,,,,,,,29.6,73.4,UNSAMPLED,0
6694,271.23612492345376,0,,,,,,,,,,,29.6,73.4,UNSAMPLED,0
6695,271.2766442131047,0,,,,,,,,,,,29.6,73.4,UNSAMPLED,0
6696,271.3171635027557,1,25.0,43.6,250,43.60,29.6,73.8,296,738,hsv_green/PSM7,green_difference/PSM8,29.6,73.8,ACCEPT_RETRY,1
6697,271.35768279240665,0,,,,,,,,,,,29.6,73.8,UNSAMPLED,0
6698,271.3982020820576,0,,,,,,,,,,,29.6,73.8,UNSAMPLED,0
6699,271.43872137170854,0,,,,,,,,,,,29.6,73.8,UNSAMPLED,0
6700,271.4792406613595,0,,,,,,,,,,,29.6,73.8,UNSAMPLED,0
6701,271.5197599510104,0,,,,,,,,,,,29.6,73.8,UNSAMPLED,0
6702,271.5602792406614,0,,,,,,,,,,,29.6,73.8,UNSAMPLED,0
6703,271.6007985303123,0,,,,,,,,,,,29.6,73.8,UNSAMPLED,0
6704,271.64131781996326,1,25.0,43.5,250,43.5-,29.6,73.5,296,73.5,hsv_green/PSM7,green_difference/PSM7,29.6,73.5,ACCEPT_RETRY,1
6705,271.6818371096142,0,,,,,,,,,,,29.6,73.5,UNSAMPLED,0
6706,271.72235639926515,0,,,,,,,,,,,29.6,73.5,UNSAMPLED,0
6707,271.7628756889161,0,,,,,,,,,,,29.6,73.5,UNSAMPLED,0
6708,271.80339497856704,0,,,,,,,,,,,29.6,73.5,UNSAMPLED,0
6709,271.84391426821804,0,,,,,,,,,,,29.6,73.5,UNSAMPLED,0
6710,271.884433557869,0,,,,,,,,,,,29.6,73.5,UNSAMPLED,0
6711,271.92495284751993,0,,,,,,,,,,,29.6,73.5,UNSAMPLED,0
6712,271.9654721371709,1,29.5,473.5,295,473.5,29.5,73.5,295,73.50,green_difference/PSM7,green_channel_otsu/PSM7,29.5,73.5,ACCEPT_RETRY,1
6713,272.0059914268218,0,,,,,,,,,,,29.5,73.5,UNSAMPLED,0
6714,272.04651071647277,0,,,,,,,,,,,29.5,73.5,UNSAMPLED,0
6715,272.0870300061237,0,,,,,,,,,,,29.5,73.5,UNSAMPLED,0
6716,272.12754929577466,0,,,,,,,,,,,29.5,73.5,UNSAMPLED,0
6717,272.1680685854256,0,,,,,,,,,,,29.5,73.5,UNSAMPLED,0
6718,272.20858787507655,0,,,,,,,,,,,29.5,73.5,UNSAMPLED,0
6719,272.2491071647275,0,,,,,,,,,,,29.5,73.5,UNSAMPLED,0
6720,272.28962645437844,1,29.5,473.5,295,473.5,29.5,73.5,295,73.50,green_difference/PSM7,green_channel_otsu/PSM7,29.5,73.5,ACCEPT_RETRY,1
6721,272.3301457440294,0,,,,,,,,,,,29.5,73.5,UNSAMPLED,0
6722,272.3706650336804,0,,,,,,,,,,,29.5,73.5,UNSAMPLED,0
6723,272.4111843233313,0,,,,,,,,,,,29.5,73.5,UNSAMPLED,0
6724,272.45170361298227,0,,,,,,,,,,,29.5,73.5,UNSAMPLED,0
6725,272.4922229026332,0,,,,,,,,,,,29.5,73.5,UNSAMPLED,0
6726,272.53274219228416,0,,,,,,,,,,,29.5,73.5,UNSAMPLED,0
6727,272.5732614819351,0,,,,,,,,,,,29.5,73.5,UNSAMPLED,0
6728,272.61378077158605,1,29.5,73.6,295,73.6-,29.5,73.6,295,73.6-,green_difference/PSM7,gray_otsu/PSM7,29.5,73.6,ACCEPT_PRIMARY,0
6729,272.654300061237,0,,,,,,,,,,,29.5,73.6,UNSAMPLED,0
6730,272.69481935088794,0,,,,,,,,,,,29.5,73.6,UNSAMPLED,0
6731,272.7353386405389,0,,,,,,,,,,,29.5,73.6,UNSAMPLED,0
6732,272.77585793018983,0,,,,,,,,,,,29.5,73.6,UNSAMPLED,0
6733,272.8163772198408,0,,,,,,,,,,,29.5,73.6,UNSAMPLED,0
6734,272.8568965094917,0,,,,,,,,,,,29.5,73.6,UNSAMPLED,0
6735,272.8974157991427,0,,,,,,,,,,,29.5,73.6,UNSAMPLED,0
6736,272.93793508879367,1,29.5,73.5,295,73.5,29.5,73.5,295,73.5,green_difference/PSM7,gray_otsu/PSM7,29.5,73.5,ACCEPT_PRIMARY,0
6737,272.9784543784446,0,,,,,,,,,,,29.5,73.5,UNSAMPLED,0
6738,273.01897366809555,0,,,,,,,,,,,29.5,73.5,UNSAMPLED,0
6739,273.0594929577465,0,,,,,,,,,,,29.5,73.5,UNSAMPLED,0
6740,273.10001224739744,0,,,,,,,,,,,29.5,73.5,UNSAMPLED,0
6741,273.1405315370484,0,,,,,,,,,,,29.5,73.5,UNSAMPLED,0
6742,273.18105082669933,0,,,,,,,,,,,29.5,73.5,UNSAMPLED,0
6743,273.2215701163503,0,,,,,,,,,,,29.5,73.5,UNSAMPLED,0
6744,273.2620894060012,1,29.5,43.5,295,43.5,29.5,73.5,295,73.50,green_difference/PSM7,green_channel_otsu/PSM7,29.5,73.5,ACCEPT_RETRY,1
6745,273.30260869565217,0,,,,,,,,,,,29.5,73.5,UNSAMPLED,0
6746,273.3431279853031,0,,,,,,,,,,,29.5,73.5,UNSAMPLED,0
6747,273.3836472749541,0,,,,,,,,,,,29.5,73.5,UNSAMPLED,0
6748,273.42416656460506,0,,,,,,,,,,,29.5,73.5,UNSAMPLED,0
6749,273.464685854256,0,,,,,,,,,,,29.5,73.5,UNSAMPLED,0
6750,273.50520514390695,0,,,,,,,,,,,29.5,73.5,UNSAMPLED,0
6751,273.5457244335579,0,,,,,,,,,,,29.5,73.5,UNSAMPLED,0
6752,273.58624372320884,1,29.3,73.4,29.3,73.40,29.3,73.4,29.3,73.40,green_difference/PSM7,gray_otsu/PSM7,29.3,73.4,ACCEPT_PRIMARY,0
6753,273.6267630128598,0,,,,,,,,,,,29.3,73.4,UNSAMPLED,0
6754,273.6672823025107,0,,,,,,,,,,,29.3,73.4,UNSAMPLED,0
6755,273.7078015921617,0,,,,,,,,,,,29.3,73.4,UNSAMPLED,0
6756,273.7483208818126,0,,,,,,,,,,,29.3,73.4,UNSAMPLED,0
6757,273.78884017146356,0,,,,,,,,,,,29.3,73.4,UNSAMPLED,0
6758,273.8293594611145,0,,,,,,,,,,,29.3,73.4,UNSAMPLED,0
6759,273.86987875076545,0,,,,,,,,,,,29.3,73.4,UNSAMPLED,0
6760,273.91039804041645,1,29.3,43.4,29.30,43.40,29.3,73.4,29.30,73.40,green_difference/PSM7,green_channel_otsu/PSM7,29.3,73.4,ACCEPT_RETRY,1
6761,273.9509173300674,0,,,,,,,,,,,29.3,73.4,UNSAMPLED,0
6762,273.99143661971834,0,,,,,,,,,,,29.3,73.4,UNSAMPLED,0
6763,274.0319559093693,0,,,,,,,,,,,29.3,73.4,UNSAMPLED,0
6764,274.07247519902023,0,,,,,,,,,,,29.3,73.4,UNSAMPLED,0
6765,274.1129944886712,0,,,,,,,,,,,29.3,73.4,UNSAMPLED,0
6766,274.1535137783221,0,,,,,,,,,,,29.3,73.4,UNSAMPLED,0
6767,274.19403306797307,0,,,,,,,,,,,29.3,73.4,UNSAMPLED,0
6768,274.234552357624,1,29.4,43.4,294,43.40,29.4,73.4,294,73.40,green_difference/PSM7,green_channel_otsu/PSM7,29.4,73.4,ACCEPT_RETRY,1
6769,274.27507164727496,0,,,,,,,,,,,29.4,73.4,UNSAMPLED,0
6770,274.3155909369259,0,,,,,,,,,,,29.4,73.4,UNSAMPLED,0
6771,274.35611022657685,0,,,,,,,,,,,29.4,73.4,UNSAMPLED,0
6772,274.3966295162278,0,,,,,,,,,,,29.4,73.4,UNSAMPLED,0
6773,274.4371488058788,0,,,,,,,,,,,29.4,73.4,UNSAMPLED,0
6774,274.47766809552974,0,,,,,,,,,,,29.4,73.4,UNSAMPLED,0
6775,274.5181873851807,0,,,,,,,,,,,29.4,73.4,UNSAMPLED,0
6776,274.5587066748316,1,29.4,43.4,294,43.40,29.4,73.4,294,73.40,green_difference/PSM7,green_channel_otsu/PSM7,29.4,73.4,ACCEPT_RETRY,1
6777,274.59922596448257,0,,,,,,,,,,,29.4,73.4,UNSAMPLED,0
6778,274.6397452541335,0,,,,,,,,,,,29.4,73.4,UNSAMPLED,0
6779,274.68026454378446,0,,,,,,,,,,,29.4,73.4,UNSAMPLED,0
6780,274.7207838334354,0,,,,,,,,,,,29.4,73.4,UNSAMPLED,0
6781,274.76130312308635,0,,,,,,,,,,,29.4,73.4,UNSAMPLED,0
6782,274.8018224127373,0,,,,,,,,,,,29.4,73.4,UNSAMPLED,0
6783,274.84234170238824,0,,,,,,,,,,,29.4,73.4,UNSAMPLED,0
6784,274.8828609920392,1,29.4,43.4,294,43.40,29.4,73.4,294,73.40,green_difference/PSM7,green_channel_otsu/PSM7,29.4,73.4,ACCEPT_RETRY,1
6785,274.92338028169013,0,,,,,,,,,,,29.4,73.4,UNSAMPLED,0
6786,274.96389957134113,0,,,,,,,,,,,29.4,73.4,UNSAMPLED,0
6787,275.0044188609921,0,,,,,,,,,,,29.4,73.4,UNSAMPLED,0
6788,275.044938150643,0,,,,,,,,,,,29.4,73.4,UNSAMPLED,0
6789,275.08545744029396,0,,,,,,,,,,,29.4,73.4,UNSAMPLED,0
6790,275.1259767299449,0,,,,,,,,,,,29.4,73.4,UNSAMPLED,0
6791,275.16649601959585,0,,,,,,,,,,,29.4,73.4,UNSAMPLED,0
6792,275.2070153092468,1,29.4,43.4,294,43.40,29.4,73.4,294,73.40,green_difference/PSM7,green_channel_otsu/PSM7,29.4,73.4,ACCEPT_RETRY,1
6793,275.24753459889774,0,,,,,,,,,,,29.4,73.4,UNSAMPLED,0
6794,275.2880538885487,0,,,,,,,,,,,29.4,73.4,UNSAMPLED,0
6795,275.32857317819963,0,,,,,,,,,,,29.4,73.4,UNSAMPLED,0
6796,275.3690924678506,0,,,,,,,,,,,29.4,73.4,UNSAMPLED,0
6797,275.4096117575015,0,,,,,,,,,,,29.4,73.4,UNSAMPLED,0
6798,275.45013104715247,0,,,,,,,,,,,29.4,73.4,UNSAMPLED,0
6799,275.49065033680347,0,,,,,,,,,,,29.4,73.4,UNSAMPLED,0
6800,275.5311696264544,1,29.4,43.4,294,43.40,29.4,73.4,294,73.40,green_difference/PSM7,green_channel_otsu/PSM7,29.4,73.4,ACCEPT_RETRY,1
6801,275.57168891610536,0,,,,,,,,,,,29.4,73.4,UNSAMPLED,0
6802,275.6122082057563,0,,,,,,,,,,,29.4,73.4,UNSAMPLED,0
6803,275.65272749540725,0,,,,,,,,,,,29.4,73.4,UNSAMPLED,0
6804,275.6932467850582,0,,,,,,,,,,,29.4,73.4,UNSAMPLED,0
6805,275.73376607470914,0,,,,,,,,,,,29.4,73.4,UNSAMPLED,0
6806,275.7742853643601,0,,,,,,,,,,,29.4,73.4,UNSAMPLED,0
6807,275.814804654011,0,,,,,,,,,,,29.4,73.4,UNSAMPLED,0
6808,275.855323943662,1,29.4,73.4,294,73.40,29.4,73.4,294,73.40,green_difference/PSM7,gray_otsu/PSM7,29.4,73.4,ACCEPT_PRIMARY,0
6809,275.8958432333129,0,,,,,,,,,,,29.4,73.4,UNSAMPLED,0
6810,275.93636252296386,0,,,,,,,,,,,29.4,73.4,UNSAMPLED,0
6811,275.9768818126148,0,,,,,,,,,,,29.4,73.4,UNSAMPLED,0
6812,276.0174011022658,0,,,,,,,,,,,29.4,73.4,UNSAMPLED,0
6813,276.05792039191675,0,,,,,,,,,,,29.4,73.4,UNSAMPLED,0
6814,276.0984396815677,0,,,,,,,,,,,29.4,73.4,UNSAMPLED,0
6815,276.13895897121864,0,,,,,,,,,,,29.4,73.4,UNSAMPLED,0
6816,276.1794782608696,1,29.4,734.0,29.4,7340,29.4,73.4,29.4,73.40,green_difference/PSM7,green_channel_otsu/PSM7,29.4,73.4,ACCEPT_RETRY,1
6817,276.21999755052053,0,,,,,,,,,,,29.4,73.4,UNSAMPLED,0
6818,276.2605168401715,0,,,,,,,,,,,29.4,73.4,UNSAMPLED,0
6819,276.3010361298224,0,,,,,,,,,,,29.4,73.4,UNSAMPLED,0
6820,276.34155541947337,0,,,,,,,,,,,29.4,73.4,UNSAMPLED,0
6821,276.3820747091243,0,,,,,,,,,,,29.4,73.4,UNSAMPLED,0
6822,276.42259399877526,0,,,,,,,,,,,29.4,73.4,UNSAMPLED,0
6823,276.4631132884262,0,,,,,,,,,,,29.4,73.4,UNSAMPLED,0
6824,276.50363257807714,1,29.4,734.0,29.4,7340,29.4,73.4,29.4,73.40,green_difference/PSM7,green_channel_otsu/PSM7,29.4,73.4,ACCEPT_RETRY,1
6825,276.54415186772815,0,,,,,,,,,,,29.4,73.4,UNSAMPLED,0
6826,276.5846711573791,0,,,,,,,,,,,29.4,73.4,UNSAMPLED,0
6827,276.62519044703004,0,,,,,,,,,,,29.4,73.4,UNSAMPLED,0
6828,276.665709736681,0,,,,,,,,,,,29.4,73.4,UNSAMPLED,0
6829,276.7062290263319,0,,,,,,,,,,,29.4,73.4,UNSAMPLED,0
6830,276.74674831598287,0,,,,,,,,,,,29.4,73.4,UNSAMPLED,0
6831,276.7872676056338,0,,,,,,,,,,,29.4,73.4,UNSAMPLED,0
6832,276.82778689528476,1,29.4,734.0,29.4,7340,29.4,73.4,29.4,73.40,green_difference/PSM7,green_channel_otsu/PSM7,29.4,73.4,ACCEPT_RETRY,1
6833,276.8683061849357,0,,,,,,,,,,,29.4,73.4,UNSAMPLED,0
6834,276.90882547458665,0,,,,,,,,,,,29.4,73.4,UNSAMPLED,0
6835,276.9493447642376,0,,,,,,,,,,,29.4,73.4,UNSAMPLED,0
6836,276.98986405388854,0,,,,,,,,,,,29.4,73.4,UNSAMPLED,0
6837,277.03038334353954,0,,,,,,,,,,,29.4,73.4,UNSAMPLED,0
6838,277.0709026331905,0,,,,,,,,,,,29.4,73.4,UNSAMPLED,0
6839,277.11142192284143,0,,,,,,,,,,,29.4,73.4,UNSAMPLED,0
6840,277.1519412124924,1,29.4,734.0,294,7340,29.4,73.4,294,73.40,green_difference/PSM7,green_channel_otsu/PSM7,29.4,73.4,ACCEPT_RETRY,1
6841,277.1924605021433,0,,,,,,,,,,,29.4,73.4,UNSAMPLED,0
6842,277.23297979179426,0,,,,,,,,,,,29.4,73.4,UNSAMPLED,0
6843,277.2734990814452,0,,,,,,,,,,,29.4,73.4,UNSAMPLED,0
6844,277.31401837109615,0,,,,,,,,,,,29.4,73.4,UNSAMPLED,0
6845,277.3545376607471,0,,,,,,,,,,,29.4,73.4,UNSAMPLED,0
6846,277.39505695039804,0,,,,,,,,,,,29.4,73.4,UNSAMPLED,0
6847,277.435576240049,0,,,,,,,,,,,29.4,73.4,UNSAMPLED,0
6848,277.47609552969993,1,29.4,734.0,294,7340,29.4,73.4,294,73.40,green_difference/PSM7,green_channel_otsu/PSM7,29.4,73.4,ACCEPT_RETRY,1
6849,277.5166148193509,0,,,,,,,,,,,29.4,73.4,UNSAMPLED,0
6850,277.5571341090019,0,,,,,,,,,,,29.4,73.4,UNSAMPLED,0
6851,277.5976533986528,0,,,,,,,,,,,29.4,73.4,UNSAMPLED,0
6852,277.63817268830377,0,,,,,,,,,,,29.4,73.4,UNSAMPLED,0
6853,277.6786919779547,0,,,,,,,,,,,29.4,73.4,UNSAMPLED,0
6854,277.71921126760566,0,,,,,,,,,,,29.4,73.4,UNSAMPLED,0
6855,277.7597305572566,0,,,,,,,,,,,29.4,73.4,UNSAMPLED,0
6856,277.80024984690755,1,,734.0,,7340,,,,,,,29.4,73.4,HOLD_PREVIOUS,1
6857,277.8407691365585,0,,,,,,,,,,,29.4,73.4,UNSAMPLED,0
6858,277.88128842620944,0,,,,,,,,,,,29.4,73.4,UNSAMPLED,0
6859,277.9218077158604,0,,,,,,,,,,,29.4,73.4,UNSAMPLED,0
6860,277.9623270055113,0,,,,,,,,,,,29.4,73.4,UNSAMPLED,0
6861,278.00284629516227,0,,,,,,,,,,,29.4,73.4,UNSAMPLED,0
6862,278.0433655848132,0,,,,,,,,,,,29.4,73.4,UNSAMPLED,0
6863,278.0838848744642,0,,,,,,,,,,,29.4,73.4,UNSAMPLED,0
6864,278.12440416411516,1,29.4,734.0,29.4,7340,29.4,73.4,29.4,73.40,green_difference/PSM7,green_channel_otsu/PSM7,29.4,73.4,ACCEPT_RETRY,1
6865,278.1649234537661,0,,,,,,,,,,,29.4,73.4,UNSAMPLED,0
6866,278.20544274341705,0,,,,,,,,,,,29.4,73.4,UNSAMPLED,0
6867,278.245962033068,0,,,,,,,,,,,29.4,73.4,UNSAMPLED,0
6868,278.28648132271894,0,,,,,,,,,,,29.4,73.4,UNSAMPLED,0
6869,278.3270006123699,0,,,,,,,,,,,29.4,73.4,UNSAMPLED,0
6870,278.36751990202083,0,,,,,,,,,,,29.4,73.4,UNSAMPLED,0
6871,278.4080391916718,0,,,,,,,,,,,29.4,73.4,UNSAMPLED,0
6872,278.4485584813227,1,29.4,734.0,29.4,7340,29.4,73.4,29.4,73.40,green_difference/PSM7,green_channel_otsu/PSM7,29.4,73.4,ACCEPT_RETRY,1
6873,278.48907777097367,0,,,,,,,,,,,29.4,73.4,UNSAMPLED,0
6874,278.5295970606246,0,,,,,,,,,,,29.4,73.4,UNSAMPLED,0
6875,278.57011635027555,0,,,,,,,,,,,29.4,73.4,UNSAMPLED,0
6876,278.61063563992656,0,,,,,,,,,,,29.4,73.4,UNSAMPLED,0
6877,278.6511549295775,0,,,,,,,,,,,29.4,73.4,UNSAMPLED,0
6878,278.69167421922845,0,,,,,,,,,,,29.4,73.4,UNSAMPLED,0
6879,278.7321935088794,0,,,,,,,,,,,29.4,73.4,UNSAMPLED,0
6880,278.77271279853034,1,29.4,734.0,29.4,7340,29.4,73.4,29.4,73.40,green_difference/PSM7,green_channel_otsu/PSM7,29.4,73.4,ACCEPT_RETRY,1
6881,278.8132320881813,0,,,,,,,,,,,29.4,73.4,UNSAMPLED,0
6882,278.8537513778322,0,,,,,,,,,,,29.4,73.4,UNSAMPLED,0
6883,278.89427066748317,0,,,,,,,,,,,29.4,73.4,UNSAMPLED,0
6884,278.9347899571341,0,,,,,,,,,,,29.4,73.4,UNSAMPLED,0
6885,278.97530924678506,0,,,,,,,,,,,29.4,73.4,UNSAMPLED,0
6886,279.015828536436,0,,,,,,,,,,,29.4,73.4,UNSAMPLED,0
6887,279.05634782608695,0,,,,,,,,,,,29.4,73.4,UNSAMPLED,0
6888,279.0968671157379,1,294.0,734.0,2940,7340,,,,,,,29.4,73.4,HOLD_PREVIOUS,1
6889,279.1373864053889,0,,,,,,,,,,,29.4,73.4,UNSAMPLED,0
6890,279.17790569503984,0,,,,,,,,,,,29.4,73.4,UNSAMPLED,0
6891,279.2184249846908,0,,,,,,,,,,,29.4,73.4,UNSAMPLED,0
6892,279.25894427434173,0,,,,,,,,,,,29.4,73.4,UNSAMPLED,0
6893,279.2994635639927,0,,,,,,,,,,,29.4,73.4,UNSAMPLED,0
6894,279.3399828536436,0,,,,,,,,,,,29.4,73.4,UNSAMPLED,0
6895,279.38050214329456,0,,,,,,,,,,,29.4,73.4,UNSAMPLED,0
6896,279.4210214329455,1,294.0,734.0,2940,7340,,,,,,,29.4,73.4,HOLD_PREVIOUS,1
6897,279.46154072259645,0,,,,,,,,,,,29.4,73.4,UNSAMPLED,0
6898,279.5020600122474,0,,,,,,,,,,,29.4,73.4,UNSAMPLED,0
6899,279.54257930189834,0,,,,,,,,,,,29.4,73.4,UNSAMPLED,0
6900,279.5830985915493,0,,,,,,,,,,,29.4,73.4,UNSAMPLED,0
6901,279.62361788120023,0,,,,,,,,,,,29.4,73.4,UNSAMPLED,0
6902,279.66413717085123,0,,,,,,,,,,,29.4,73.4,UNSAMPLED,0
6903,279.7046564605022,0,,,,,,,,,,,29.4,73.4,UNSAMPLED,0
6904,279.7451757501531,1,29.4,73.5,29.4,73.50,29.4,73.5,29.4,73.50,green_difference/PSM7,gray_otsu/PSM7,29.4,73.5,ACCEPT_PRIMARY,0
6905,279.78569503980407,0,,,,,,,,,,,29.4,73.5,UNSAMPLED,0
6906,279.826214329455,0,,,,,,,,,,,29.4,73.5,UNSAMPLED,0
6907,279.86673361910596,0,,,,,,,,,,,29.4,73.5,UNSAMPLED,0
6908,279.9072529087569,0,,,,,,,,,,,29.4,73.5,UNSAMPLED,0
6909,279.94777219840785,0,,,,,,,,,,,29.4,73.5,UNSAMPLED,0
6910,279.9882914880588,0,,,,,,,,,,,29.4,73.5,UNSAMPLED,0
6911,280.02881077770974,0,,,,,,,,,,,29.4,73.5,UNSAMPLED,0
6912,280.0693300673607,1,,73.5,74,73.50,,,,,,,29.4,73.5,HOLD_PREVIOUS,1
6913,280.1098493570116,0,,,,,,,,,,,29.4,73.5,UNSAMPLED,0
6914,280.15036864666257,0,,,,,,,,,,,29.4,73.5,UNSAMPLED,0
6915,280.1908879363136,0,,,,,,,,,,,29.4,73.5,UNSAMPLED,0
6916,280.2314072259645,0,,,,,,,,,,,29.4,73.5,UNSAMPLED,0
6917,280.27192651561546,0,,,,,,,,,,,29.4,73.5,UNSAMPLED,0
6918,280.3124458052664,0,,,,,,,,,,,29.4,73.5,UNSAMPLED,0
6919,280.35296509491735,0,,,,,,,,,,,29.4,73.5,UNSAMPLED,0
6920,280.3934843845683,1,29.4,43.6,294,43.60,29.4,73.6,294,73.60,green_difference/PSM7,green_channel_otsu/PSM7,29.4,73.6,ACCEPT_RETRY,1
6921,280.43400367421924,0,,,,,,,,,,,29.4,73.6,UNSAMPLED,0
6922,280.4745229638702,0,,,,,,,,,,,29.4,73.6,UNSAMPLED,0
6923,280.51504225352113,0,,,,,,,,,,,29.4,73.6,UNSAMPLED,0
6924,280.5555615431721,0,,,,,,,,,,,29.4,73.6,UNSAMPLED,0
6925,280.596080832823,0,,,,,,,,,,,29.4,73.6,UNSAMPLED,0
6926,280.63660012247396,0,,,,,,,,,,,29.4,73.6,UNSAMPLED,0
6927,280.67711941212497,0,,,,,,,,,,,29.4,73.6,UNSAMPLED,0
6928,280.7176387017759,1,294.0,43.7,2940,43.70,29.4,73.4,294,73.4-,green_difference/PSM8,green_channel_otsu/PSM7,29.4,73.4,ACCEPT_RETRY,1
6929,280.75815799142686,0,,,,,,,,,,,29.4,73.4,UNSAMPLED,0
6930,280.7986772810778,0,,,,,,,,,,,29.4,73.4,UNSAMPLED,0
6931,280.83919657072875,0,,,,,,,,,,,29.4,73.4,UNSAMPLED,0
6932,280.8797158603797,0,,,,,,,,,,,29.4,73.4,UNSAMPLED,0
6933,280.92023515003063,0,,,,,,,,,,,29.4,73.4,UNSAMPLED,0
6934,280.9607544396816,0,,,,,,,,,,,29.4,73.4,UNSAMPLED,0
6935,281.0012737293325,0,,,,,,,,,,,29.4,73.4,UNSAMPLED,0
6936,281.04179301898347,1,24.4,3.7,244,3.70,,,,,,,29.4,73.4,HOLD_PREVIOUS,1
6937,281.0823123086344,0,,,,,,,,,,,29.4,73.4,UNSAMPLED,0
6938,281.12283159828536,0,,,,,,,,,,,29.4,73.4,UNSAMPLED,0
6939,281.1633508879363,0,,,,,,,,,,,29.4,73.4,UNSAMPLED,0
6940,281.2038701775873,0,,,,,,,,,,,29.4,73.4,UNSAMPLED,0
6941,281.24438946723825,0,,,,,,,,,,,29.4,73.4,UNSAMPLED,0
6942,281.2849087568892,0,,,,,,,,,,,29.4,73.4,UNSAMPLED,0
6943,281.32542804654014,0,,,,,,,,,,,29.4,73.4,UNSAMPLED,0
6944,281.3659473361911,1,24.0,,240,37,,,,,,,29.4,73.4,HOLD_PREVIOUS,1
6945,281.40646662584203,0,,,,,,,,,,,29.4,73.4,UNSAMPLED,0
6946,281.446985915493,0,,,,,,,,,,,29.4,73.4,UNSAMPLED,0
6947,281.4875052051439,0,,,,,,,,,,,29.4,73.4,UNSAMPLED,0
6948,281.52802449479486,0,,,,,,,,,,,29.4,73.4,UNSAMPLED,0
6949,281.5685437844458,0,,,,,,,,,,,29.4,73.4,UNSAMPLED,0
6950,281.60906307409675,0,,,,,,,,,,,29.4,73.4,UNSAMPLED,0
6951,281.6495823637477,0,,,,,,,,,,,29.4,73.4,UNSAMPLED,0
6952,281.69010165339864,1,24.0,73.6,240,73.6-,28.4,73.6,284,73.60,hsv_green/PSM7,green_channel_otsu/PSM7,28.4,73.6,ACCEPT_RETRY,1
6953,281.73062094304964,0,,,,,,,,,,,28.4,73.6,UNSAMPLED,0
6954,281.7711402327006,0,,,,,,,,,,,28.4,73.6,UNSAMPLED,0
6955,281.81165952235153,0,,,,,,,,,,,28.4,73.6,UNSAMPLED,0
6956,281.8521788120025,0,,,,,,,,,,,28.4,73.6,UNSAMPLED,0
6957,281.8926981016534,0,,,,,,,,,,,28.4,73.6,UNSAMPLED,0
6958,281.93321739130437,0,,,,,,,,,,,28.4,73.6,UNSAMPLED,0
6959,281.9737366809553,0,,,,,,,,,,,28.4,73.6,UNSAMPLED,0
6960,282.01425597060626,1,24.0,43.6,240,43.60,,,,,,,28.4,73.6,HOLD_PREVIOUS,1
6961,282.0547752602572,0,,,,,,,,,,,28.4,73.6,UNSAMPLED,0
6962,282.09529454990815,0,,,,,,,,,,,28.4,73.6,UNSAMPLED,0
6963,282.1358138395591,0,,,,,,,,,,,28.4,73.6,UNSAMPLED,0
6964,282.17633312921004,0,,,,,,,,,,,28.4,73.6,UNSAMPLED,0
6965,282.216852418861,0,,,,,,,,,,,28.4,73.6,UNSAMPLED,0
6966,282.257371708512,0,,,,,,,,,,,28.4,73.6,UNSAMPLED,0
6967,282.2978909981629,0,,,,,,,,,,,28.4,73.6,UNSAMPLED,0
6968,282.3384102878139,1,24.0,73.5,240,73.5-,,,,,,,28.4,73.6,HOLD_PREVIOUS,1
6969,282.3789295774648,0,,,,,,,,,,,28.4,73.6,UNSAMPLED,0
6970,282.41944886711576,0,,,,,,,,,,,28.4,73.6,UNSAMPLED,0
6971,282.4599681567667,0,,,,,,,,,,,28.4,73.6,UNSAMPLED,0
6972,282.50048744641765,0,,,,,,,,,,,28.4,73.6,UNSAMPLED,0
6973,282.5410067360686,0,,,,,,,,,,,28.4,73.6,UNSAMPLED,0
6974,282.58152602571954,0,,,,,,,,,,,28.4,73.6,UNSAMPLED,0
6975,282.6220453153705,0,,,,,,,,,,,28.4,73.6,UNSAMPLED,0
6976,282.66256460502143,1,24.0,73.4,240,73.40,,,,,,,28.4,73.6,HOLD_PREVIOUS,1
6977,282.7030838946724,0,,,,,,,,,,,28.4,73.6,UNSAMPLED,0
6978,282.7436031843233,0,,,,,,,,,,,28.4,73.6,UNSAMPLED,0
6979,282.7841224739743,0,,,,,,,,,,,28.4,73.6,UNSAMPLED,0
6980,282.82464176362527,0,,,,,,,,,,,28.4,73.6,UNSAMPLED,0
6981,282.8651610532762,0,,,,,,,,,,,28.4,73.6,UNSAMPLED,0
6982,282.90568034292716,0,,,,,,,,,,,28.4,73.6,UNSAMPLED,0
6983,282.9461996325781,0,,,,,,,,,,,28.4,73.6,UNSAMPLED,0
6984,282.98671892222904,1,294.0,73.4,2940,73.40,29.4,73.4,294,73.40,green_difference/PSM8,gray_otsu/PSM7,29.4,73.4,ACCEPT_RETRY,1
6985,283.02723821188,0,,,,,,,,,,,29.4,73.4,UNSAMPLED,0
6986,283.06775750153093,0,,,,,,,,,,,29.4,73.4,UNSAMPLED,0
6987,283.1082767911819,0,,,,,,,,,,,29.4,73.4,UNSAMPLED,0
6988,283.1487960808328,0,,,,,,,,,,,29.4,73.4,UNSAMPLED,0
6989,283.18931537048377,0,,,,,,,,,,,29.4,73.4,UNSAMPLED,0
6990,283.2298346601347,0,,,,,,,,,,,29.4,73.4,UNSAMPLED,0
6991,283.27035394978566,0,,,,,,,,,,,29.4,73.4,UNSAMPLED,0
6992,283.31087323943666,1,29.4,73.4,294,73.40,29.4,73.4,294,73.40,green_difference/PSM7,gray_otsu/PSM7,29.4,73.4,ACCEPT_PRIMARY,0
6993,283.3513925290876,0,,,,,,,,,,,29.4,73.4,UNSAMPLED,0
6994,283.39191181873855,0,,,,,,,,,,,29.4,73.4,UNSAMPLED,0
6995,283.4324311083895,0,,,,,,,,,,,29.4,73.4,UNSAMPLED,0
6996,283.47295039804044,0,,,,,,,,,,,29.4,73.4,UNSAMPLED,0
6997,283.5134696876914,0,,,,,,,,,,,29.4,73.4,UNSAMPLED,0
6998,283.5539889773423,0,,,,,,,,,,,29.4,73.4,UNSAMPLED,0
6999,283.5945082669933,0,,,,,,,,,,,29.4,73.4,UNSAMPLED,0
7000,283.6350275566442,1,29.4,73.4,294,73.40,29.4,73.4,294,73.40,green_difference/PSM7,gray_otsu/PSM7,29.4,73.4,ACCEPT_PRIMARY,0
7001,283.67554684629516,0,,,,,,,,,,,29.4,73.4,UNSAMPLED,0
7002,283.7160661359461,0,,,,,,,,,,,29.4,73.4,UNSAMPLED,0
7003,283.75658542559705,0,,,,,,,,,,,29.4,73.4,UNSAMPLED,0
7004,283.797104715248,0,,,,,,,,,,,29.4,73.4,UNSAMPLED,0
7005,283.837624004899,0,,,,,,,,,,,29.4,73.4,UNSAMPLED,0
7006,283.87814329454994,0,,,,,,,,,,,29.4,73.4,UNSAMPLED,0
7007,283.9186625842009,0,,,,,,,,,,,29.4,73.4,UNSAMPLED,0
7008,283.95918187385183,1,29.3,73.3,29.30,73.3,29.3,73.3,29.30,73.3,green_difference/PSM7,gray_otsu/PSM7,29.3,73.3,ACCEPT_PRIMARY,0
7009,283.9997011635028,0,,,,,,,,,,,29.3,73.3,UNSAMPLED,0
7010,284.0402204531537,0,,,,,,,,,,,29.3,73.3,UNSAMPLED,0
7011,284.08073974280467,0,,,,,,,,,,,29.3,73.3,UNSAMPLED,0
7012,284.1212590324556,0,,,,,,,,,,,29.3,73.3,UNSAMPLED,0
7013,284.16177832210656,0,,,,,,,,,,,29.3,73.3,UNSAMPLED,0
7014,284.2022976117575,0,,,,,,,,,,,29.3,73.3,UNSAMPLED,0
7015,284.24281690140845,0,,,,,,,,,,,29.3,73.3,UNSAMPLED,0
7016,284.2833361910594,1,29.3,73.3,29.30,73.3,29.3,73.3,29.30,73.3,green_difference/PSM7,gray_otsu/PSM7,29.3,73.3,ACCEPT_PRIMARY,0
7017,284.32385548071034,0,,,,,,,,,,,29.3,73.3,UNSAMPLED,0
7018,284.36437477036134,0,,,,,,,,,,,29.3,73.3,UNSAMPLED,0
7019,284.4048940600123,0,,,,,,,,,,,29.3,73.3,UNSAMPLED,0
7020,284.4454133496632,0,,,,,,,,,,,29.3,73.3,UNSAMPLED,0
7021,284.48593263931417,0,,,,,,,,,,,29.3,73.3,UNSAMPLED,0
7022,284.5264519289651,0,,,,,,,,,,,29.3,73.3,UNSAMPLED,0
7023,284.56697121861606,0,,,,,,,,,,,29.3,73.3,UNSAMPLED,0
7024,284.607490508267,1,29.3,73.4,29.30,73.40,29.3,73.4,29.30,73.40,green_difference/PSM7,gray_otsu/PSM7,29.3,73.4,ACCEPT_PRIMARY,0
7025,284.64800979791795,0,,,,,,,,,,,29.3,73.4,UNSAMPLED,0
7026,284.6885290875689,0,,,,,,,,,,,29.3,73.4,UNSAMPLED,0
7027,284.72904837721984,0,,,,,,,,,,,29.3,73.4,UNSAMPLED,0
7028,284.7695676668708,0,,,,,,,,,,,29.3,73.4,UNSAMPLED,0
7029,284.81008695652173,0,,,,,,,,,,,29.3,73.4,UNSAMPLED,0
7030,284.85060624617273,0,,,,,,,,,,,29.3,73.4,UNSAMPLED,0
7031,284.8911255358237,0,,,,,,,,,,,29.3,73.4,UNSAMPLED,0
7032,284.9316448254746,1,29.3,43.5,29.30,43.5,29.3,73.6,29.30,736,green_difference/PSM7,green_difference/PSM8,29.3,73.6,ACCEPT_RETRY,1
7033,284.97216411512557,0,,,,,,,,,,,29.3,73.6,UNSAMPLED,0
7034,285.0126834047765,0,,,,,,,,,,,29.3,73.6,UNSAMPLED,0
7035,285.05320269442745,0,,,,,,,,,,,29.3,73.6,UNSAMPLED,0
7036,285.0937219840784,0,,,,,,,,,,,29.3,73.6,UNSAMPLED,0
7037,285.13424127372934,0,,,,,,,,,,,29.3,73.6,UNSAMPLED,0
7038,285.1747605633803,0,,,,,,,,,,,29.3,73.6,UNSAMPLED,0
7039,285.21527985303123,0,,,,,,,,,,,29.3,73.6,UNSAMPLED,0
7040,285.2557991426822,1,29.3,473.5,29.30,473.5,29.3,73.6,29.30,736,green_difference/PSM7,green_difference/PSM8,29.3,73.6,ACCEPT_RETRY,1
7041,285.2963184323331,0,,,,,,,,,,,29.3,73.6,UNSAMPLED,0
7042,285.33683772198407,0,,,,,,,,,,,29.3,73.6,UNSAMPLED,0
7043,285.37735701163507,0,,,,,,,,,,,29.3,73.6,UNSAMPLED,0
7044,285.417876301286,0,,,,,,,,,,,29.3,73.6,UNSAMPLED,0
7045,285.45839559093696,0,,,,,,,,,,,29.3,73.6,UNSAMPLED,0
7046,285.4989148805879,0,,,,,,,,,,,29.3,73.6,UNSAMPLED,0
7047,285.53943417023885,0,,,,,,,,,,,29.3,73.6,UNSAMPLED,0
7048,285.5799534598898,1,29.3,473.5,29.30,473.5,29.3,73.6,29.30,736,green_difference/PSM7,green_difference/PSM8,29.3,73.6,ACCEPT_RETRY,1
7049,285.62047274954074,0,,,,,,,,,,,29.3,73.6,UNSAMPLED,0
7050,285.6609920391917,0,,,,,,,,,,,29.3,73.6,UNSAMPLED,0
7051,285.7015113288426,0,,,,,,,,,,,29.3,73.6,UNSAMPLED,0
7052,285.7420306184936,0,,,,,,,,,,,29.3,73.6,UNSAMPLED,0
7053,285.7825499081445,0,,,,,,,,,,,29.3,73.6,UNSAMPLED,0
7054,285.82306919779546,0,,,,,,,,,,,29.3,73.6,UNSAMPLED,0
7055,285.8635884874464,0,,,,,,,,,,,29.3,73.6,UNSAMPLED,0
7056,285.9041077770974,1,29.3,73.4,29.30,73.40,29.3,73.4,29.30,73.40,green_difference/PSM7,gray_otsu/PSM7,29.3,73.4,ACCEPT_PRIMARY,0
7057,285.94462706674835,0,,,,,,,,,,,29.3,73.4,UNSAMPLED,0
7058,285.9851463563993,0,,,,,,,,,,,29.3,73.4,UNSAMPLED,0
7059,286.02566564605024,0,,,,,,,,,,,29.3,73.4,UNSAMPLED,0
7060,286.0661849357012,0,,,,,,,,,,,29.3,73.4,UNSAMPLED,0
7061,286.10670422535213,0,,,,,,,,,,,29.3,73.4,UNSAMPLED,0
7062,286.1472235150031,0,,,,,,,,,,,29.3,73.4,UNSAMPLED,0
7063,286.187742804654,0,,,,,,,,,,,29.3,73.4,UNSAMPLED,0
7064,286.22826209430497,1,29.4,473.3,29.40,473.30,,,,,,,29.3,73.4,HOLD_PREVIOUS,1
7065,286.2687813839559,0,,,,,,,,,,,29.3,73.4,UNSAMPLED,0
7066,286.30930067360686,0,,,,,,,,,,,29.3,73.4,UNSAMPLED,0
7067,286.3498199632578,0,,,,,,,,,,,29.3,73.4,UNSAMPLED,0
7068,286.39033925290875,0,,,,,,,,,,,29.3,73.4,UNSAMPLED,0
7069,286.43085854255975,0,,,,,,,,,,,29.3,73.4,UNSAMPLED,0
7070,286.4713778322107,0,,,,,,,,,,,29.3,73.4,UNSAMPLED,0
7071,286.51189712186164,0,,,,,,,,,,,29.3,73.4,UNSAMPLED,0
7072,286.5524164115126,1,29.4,43.37,29.40,43.37,29.4,73.9,29.40,73.9,green_difference/PSM7,gray_adaptive/PSM7,29.4,73.9,ACCEPT_RETRY,1
7073,286.5929357011635,0,,,,,,,,,,,29.4,73.9,UNSAMPLED,0
7074,286.63345499081447,0,,,,,,,,,,,29.4,73.9,UNSAMPLED,0
7075,286.6739742804654,0,,,,,,,,,,,29.4,73.9,UNSAMPLED,0
7076,286.71449357011636,0,,,,,,,,,,,29.4,73.9,UNSAMPLED,0
7077,286.7550128597673,0,,,,,,,,,,,29.4,73.9,UNSAMPLED,0
7078,286.79553214941825,0,,,,,,,,,,,29.4,73.9,UNSAMPLED,0
7079,286.8360514390692,0,,,,,,,,,,,29.4,73.9,UNSAMPLED,0
7080,286.87657072872014,1,29.4,73.5,29.4,73.5,29.4,73.5,29.4,73.5,green_difference/PSM7,gray_otsu/PSM7,29.4,73.5,ACCEPT_PRIMARY,0
7081,286.9170900183711,0,,,,,,,,,,,29.4,73.5,UNSAMPLED,0
7082,286.9576093080221,0,,,,,,,,,,,29.4,73.5,UNSAMPLED,0
7083,286.99812859767303,0,,,,,,,,,,,29.4,73.5,UNSAMPLED,0
7084,287.038647887324,0,,,,,,,,,,,29.4,73.5,UNSAMPLED,0
7085,287.0791671769749,0,,,,,,,,,,,29.4,73.5,UNSAMPLED,0
7086,287.11968646662586,0,,,,,,,,,,,29.4,73.5,UNSAMPLED,0
7087,287.1602057562768,0,,,,,,,,,,,29.4,73.5,UNSAMPLED,0
7088,287.20072504592775,1,294.0,473.5,2940,473.5,29.4,73.5,294,73.50,green_difference/PSM8,green_channel_otsu/PSM7,29.4,73.5,ACCEPT_RETRY,1
7089,287.2412443355787,0,,,,,,,,,,,29.4,73.5,UNSAMPLED,0
7090,287.28176362522964,0,,,,,,,,,,,29.4,73.5,UNSAMPLED,0
7091,287.3222829148806,0,,,,,,,,,,,29.4,73.5,UNSAMPLED,0
7092,287.36280220453153,0,,,,,,,,,,,29.4,73.5,UNSAMPLED,0
7093,287.4033214941825,0,,,,,,,,,,,29.4,73.5,UNSAMPLED,0
7094,287.4438407838334,0,,,,,,,,,,,29.4,73.5,UNSAMPLED,0
7095,287.4843600734844,0,,,,,,,,,,,29.4,73.5,UNSAMPLED,0
7096,287.52487936313537,1,294.0,473.5,2940,473.5,29.4,73.5,294,73.50,green_difference/PSM8,green_channel_otsu/PSM7,29.4,73.5,ACCEPT_RETRY,1
7097,287.5653986527863,0,,,,,,,,,,,29.4,73.5,UNSAMPLED,0
7098,287.60591794243726,0,,,,,,,,,,,29.4,73.5,UNSAMPLED,0
7099,287.6464372320882,0,,,,,,,,,,,29.4,73.5,UNSAMPLED,0
7100,287.68695652173915,0,,,,,,,,,,,29.4,73.5,UNSAMPLED,0
7101,287.7274758113901,0,,,,,,,,,,,29.4,73.5,UNSAMPLED,0
7102,287.76799510104104,0,,,,,,,,,,,29.4,73.5,UNSAMPLED,0
7103,287.808514390692,0,,,,,,,,,,,29.4,73.5,UNSAMPLED,0
7104,287.8490336803429,1,294.0,73.6,2940,73.6-,29.4,73.6,294,73.6-,green_difference/PSM8,gray_otsu/PSM7,29.4,73.6,ACCEPT_RETRY,1
7105,287.8895529699939,0,,,,,,,,,,,29.4,73.6,UNSAMPLED,0
7106,287.9300722596448,0,,,,,,,,,,,29.4,73.6,UNSAMPLED,0
7107,287.97059154929576,0,,,,,,,,,,,29.4,73.6,UNSAMPLED,0
7108,288.01111083894676,0,,,,,,,,,,,29.4,73.6,UNSAMPLED,0
7109,288.0516301285977,0,,,,,,,,,,,29.4,73.6,UNSAMPLED,0
7110,288.09214941824865,0,,,,,,,,,,,29.4,73.6,UNSAMPLED,0
7111,288.1326687078996,0,,,,,,,,,,,29.4,73.6,UNSAMPLED,0
7112,288.17318799755054,1,294.0,73.6,2940,73.6-,29.4,73.6,294,73.6-,green_difference/PSM8,gray_otsu/PSM7,29.4,73.6,ACCEPT_RETRY,1
7113,288.2137072872015,0,,,,,,,,,,,29.4,73.6,UNSAMPLED,0
7114,288.25422657685243,0,,,,,,,,,,,29.4,73.6,UNSAMPLED,0
7115,288.2947458665034,0,,,,,,,,,,,29.4,73.6,UNSAMPLED,0
7116,288.3352651561543,0,,,,,,,,,,,29.4,73.6,UNSAMPLED,0
7117,288.37578444580527,0,,,,,,,,,,,29.4,73.6,UNSAMPLED,0
7118,288.4163037354562,0,,,,,,,,,,,29.4,73.6,UNSAMPLED,0
7119,288.45682302510716,0,,,,,,,,,,,29.4,73.6,UNSAMPLED,0
7120,288.49734231475816,1,22.0,43.5,220,43.5-,29.2,73.8,292-,738,green_difference/PSM8,gray_adaptive/PSM7,29.2,73.8,ACCEPT_RETRY,1
7121,288.5378616044091,0,,,,,,,,,,,29.2,73.8,UNSAMPLED,0
7122,288.57838089406005,0,,,,,,,,,,,29.2,73.8,UNSAMPLED,0
7123,288.618900183711,0,,,,,,,,,,,29.2,73.8,UNSAMPLED,0
7124,288.65941947336194,0,,,,,,,,,,,29.2,73.8,UNSAMPLED,0
7125,288.6999387630129,0,,,,,,,,,,,29.2,73.8,UNSAMPLED,0
7126,288.7404580526638,0,,,,,,,,,,,29.2,73.8,UNSAMPLED,0
7127,288.78097734231477,0,,,,,,,,,,,29.2,73.8,UNSAMPLED,0
7128,288.8214966319657,1,29.2,43.5,29.2,43.5-,,,,,,,29.2,73.8,HOLD_PREVIOUS,1
7129,288.86201592161666,0,,,,,,,,,,,29.2,73.8,UNSAMPLED,0
7130,288.9025352112676,0,,,,,,,,,,,29.2,73.8,UNSAMPLED,0
7131,288.94305450091855,0,,,,,,,,,,,29.2,73.8,UNSAMPLED,0
7132,288.9835737905695,0,,,,,,,,,,,29.2,73.8,UNSAMPLED,0
7133,289.0240930802205,0,,,,,,,,,,,29.2,73.8,UNSAMPLED,0
7134,289.06461236987144,0,,,,,,,,,,,29.2,73.8,UNSAMPLED,0
7135,289.1051316595224,0,,,,,,,,,,,29.2,73.8,UNSAMPLED,0
7136,289.14565094917333,1,29.2,473.5,29.20,473.5,29.2,73.5,29.20,735,green_difference/PSM7,green_difference/PSM8,29.2,73.5,ACCEPT_RETRY,1
7137,289.1861702388243,0,,,,,,,,,,,29.2,73.5,UNSAMPLED,0
7138,289.2266895284752,0,,,,,,,,,,,29.2,73.5,UNSAMPLED,0
7139,289.26720881812616,0,,,,,,,,,,,29.2,73.5,UNSAMPLED,0
7140,289.3077281077771,0,,,,,,,,,,,29.2,73.5,UNSAMPLED,0
7141,289.34824739742805,0,,,,,,,,,,,29.2,73.5,UNSAMPLED,0
7142,289.388766687079,0,,,,,,,,,,,29.2,73.5,UNSAMPLED,0
7143,289.42928597672994,0,,,,,,,,,,,29.2,73.5,UNSAMPLED,0
7144,289.4698052663809,1,29.2,473.5,29.20,473.5,29.2,73.5,29.20,735,green_difference/PSM7,green_difference/PSM8,29.2,73.5,ACCEPT_RETRY,1
7145,289.51032455603183,0,,,,,,,,,,,29.2,73.5,UNSAMPLED,0
7146,289.55084384568283,0,,,,,,,,,,,29.2,73.5,UNSAMPLED,0
7147,289.5913631353338,0,,,,,,,,,,,29.2,73.5,UNSAMPLED,0
7148,289.6318824249847,0,,,,,,,,,,,29.2,73.5,UNSAMPLED,0
7149,289.67240171463567,0,,,,,,,,,,,29.2,73.5,UNSAMPLED,0
7150,289.7129210042866,0,,,,,,,,,,,29.2,73.5,UNSAMPLED,0
7151,289.75344029393756,0,,,,,,,,,,,29.2,73.5,UNSAMPLED,0
7152,289.7939595835885,1,29.2,473.5,29.20,473.5,,,,,,,29.2,73.5,HOLD_PREVIOUS,1
7153,289.83447887323945,0,,,,,,,,,,,29.2,73.5,UNSAMPLED,0
7154,289.8749981628904,0,,,,,,,,,,,29.2,73.5,UNSAMPLED,0
7155,289.91551745254134,0,,,,,,,,,,,29.2,73.5,UNSAMPLED,0
7156,289.9560367421923,0,,,,,,,,,,,29.2,73.5,UNSAMPLED,0
7157,289.9965560318432,0,,,,,,,,,,,29.2,73.5,UNSAMPLED,0
7158,290.03707532149417,0,,,,,,,,,,,29.2,73.5,UNSAMPLED,0
7159,290.0775946111452,0,,,,,,,,,,,29.2,73.5,UNSAMPLED,0
7160,290.1181139007961,1,29.2,473.5,29.20,473.5,,,,,,,29.2,73.5,HOLD_PREVIOUS,1
7161,290.15863319044706,0,,,,,,,,,,,29.2,73.5,UNSAMPLED,0
7162,290.199152480098,0,,,,,,,,,,,29.2,73.5,UNSAMPLED,0
7163,290.23967176974895,0,,,,,,,,,,,29.2,73.5,UNSAMPLED,0
7164,290.2801910593999,0,,,,,,,,,,,29.2,73.5,UNSAMPLED,0
7165,290.32071034905084,0,,,,,,,,,,,29.2,73.5,UNSAMPLED,0
7166,290.3612296387018,0,,,,,,,,,,,29.2,73.5,UNSAMPLED,0
7167,290.40174892835273,0,,,,,,,,,,,29.2,73.5,UNSAMPLED,0
7168,290.4422682180037,1,29.2,473.5,29.20,473.5,29.2,73.5,29.20,735,green_difference/PSM7,green_difference/PSM7,29.2,73.5,ACCEPT_RETRY,1
7169,290.4827875076546,0,,,,,,,,,,,29.2,73.5,UNSAMPLED,0
7170,290.52330679730557,0,,,,,,,,,,,29.2,73.5,UNSAMPLED,0
7171,290.5638260869565,0,,,,,,,,,,,29.2,73.5,UNSAMPLED,0
7172,290.6043453766075,0,,,,,,,,,,,29.2,73.5,UNSAMPLED,0
7173,290.64486466625846,0,,,,,,,,,,,29.2,73.5,UNSAMPLED,0
7174,290.6853839559094,0,,,,,,,,,,,29.2,73.5,UNSAMPLED,0
7175,290.72590324556035,0,,,,,,,,,,,29.2,73.5,UNSAMPLED,0
7176,290.7664225352113,1,292.0,73.5,2920,73.5-,,,,,,,29.2,73.5,HOLD_PREVIOUS,1
7177,290.80694182486224,0,,,,,,,,,,,29.2,73.5,UNSAMPLED,0
7178,290.8474611145132,0,,,,,,,,,,,29.2,73.5,UNSAMPLED,0
7179,290.8879804041641,0,,,,,,,,,,,29.2,73.5,UNSAMPLED,0
7180,290.92849969381507,0,,,,,,,,,,,29.2,73.5,UNSAMPLED,0
7181,290.969018983466,0,,,,,,,,,,,29.2,73.5,UNSAMPLED,0
7182,291.00953827311696,0,,,,,,,,,,,29.2,73.5,UNSAMPLED,0
7183,291.0500575627679,0,,,,,,,,,,,29.2,73.5,UNSAMPLED,0
7184,291.09057685241885,1,292.0,73.4,2920,73.40,,,,,,,29.2,73.5,HOLD_PREVIOUS,1
7185,291.13109614206985,0,,,,,,,,,,,29.2,73.5,UNSAMPLED,0
7186,291.1716154317208,0,,,,,,,,,,,29.2,73.5,UNSAMPLED,0
7187,291.21213472137174,0,,,,,,,,,,,29.2,73.5,UNSAMPLED,0
7188,291.2526540110227,0,,,,,,,,,,,29.2,73.5,UNSAMPLED,0
7189,291.29317330067363,0,,,,,,,,,,,29.2,73.5,UNSAMPLED,0
7190,291.3336925903246,0,,,,,,,,,,,29.2,73.5,UNSAMPLED,0
7191,291.3742118799755,0,,,,,,,,,,,29.2,73.5,UNSAMPLED,0
7192,291.41473116962646,1,292.0,43.5,2920,43.5,,,,,,,29.2,73.5,HOLD_PREVIOUS,1
7193,291.4552504592774,0,,,,,,,,,,,29.2,73.5,UNSAMPLED,0
7194,291.49576974892835,0,,,,,,,,,,,29.2,73.5,UNSAMPLED,0
7195,291.5362890385793,0,,,,,,,,,,,29.2,73.5,UNSAMPLED,0
7196,291.57680832823024,0,,,,,,,,,,,29.2,73.5,UNSAMPLED,0
7197,291.6173276178812,0,,,,,,,,,,,29.2,73.5,UNSAMPLED,0
7198,291.6578469075322,0,,,,,,,,,,,29.2,73.5,UNSAMPLED,0
7199,291.69836619718313,0,,,,,,,,,,,29.2,73.5,UNSAMPLED,0
7200,291.7388854868341,1,292.0,43.5,2920,43.5,,,,,,,29.2,73.5,HOLD_PREVIOUS,1
7201,291.779404776485,0,,,,,,,,,,,29.2,73.5,UNSAMPLED,0
7202,291.81992406613597,0,,,,,,,,,,,29.2,73.5,UNSAMPLED,0
7203,291.8604433557869,0,,,,,,,,,,,29.2,73.5,UNSAMPLED,0
7204,291.90096264543786,0,,,,,,,,,,,29.2,73.5,UNSAMPLED,0
7205,291.9414819350888,0,,,,,,,,,,,29.2,73.5,UNSAMPLED,0
7206,291.98200122473975,0,,,,,,,,,,,29.2,73.5,UNSAMPLED,0
7207,292.0225205143907,0,,,,,,,,,,,29.2,73.5,UNSAMPLED,0
7208,292.06303980404164,1,292.0,43.5,2920,43.5,,,,,,,29.2,73.5,HOLD_PREVIOUS,1
7209,292.1035590936926,0,,,,,,,,,,,29.2,73.5,UNSAMPLED,0
7210,292.1440783833436,0,,,,,,,,,,,29.2,73.5,UNSAMPLED,0
7211,292.1845976729945,0,,,,,,,,,,,29.2,73.5,UNSAMPLED,0
7212,292.2251169626455,0,,,,,,,,,,,29.2,73.5,UNSAMPLED,0
7213,292.2656362522964,0,,,,,,,,,,,29.2,73.5,UNSAMPLED,0
7214,292.30615554194736,0,,,,,,,,,,,29.2,73.5,UNSAMPLED,0
7215,292.3466748315983,0,,,,,,,,,,,29.2,73.5,UNSAMPLED,0
7216,292.38719412124925,1,292.0,43.5,2920,43.5,,,,,,,29.2,73.5,HOLD_PREVIOUS,1
7217,292.4277134109002,0,,,,,,,,,,,29.2,73.5,UNSAMPLED,0
7218,292.46823270055114,0,,,,,,,,,,,29.2,73.5,UNSAMPLED,0
7219,292.5087519902021,0,,,,,,,,,,,29.2,73.5,UNSAMPLED,0
7220,292.54927127985303,0,,,,,,,,,,,29.2,73.5,UNSAMPLED,0
7221,292.589790569504,0,,,,,,,,,,,29.2,73.5,UNSAMPLED,0
7222,292.6303098591549,0,,,,,,,,,,,29.2,73.5,UNSAMPLED,0
7223,292.6708291488059,0,,,,,,,,,,,29.2,73.5,UNSAMPLED,0
7224,292.71134843845687,1,292.0,43.5,2920,43.5-,,,,,,,29.2,73.5,HOLD_PREVIOUS,1
7225,292.7518677281078,0,,,,,,,,,,,29.2,73.5,UNSAMPLED,0
7226,292.79238701775876,0,,,,,,,,,,,29.2,73.5,UNSAMPLED,0
7227,292.8329063074097,0,,,,,,,,,,,29.2,73.5,UNSAMPLED,0
7228,292.87342559706065,0,,,,,,,,,,,29.2,73.5,UNSAMPLED,0
7229,292.9139448867116,0,,,,,,,,,,,29.2,73.5,UNSAMPLED,0
7230,292.95446417636253,0,,,,,,,,,,,29.2,73.5,UNSAMPLED,0
7231,292.9949834660135,0,,,,,,,,,,,29.2,73.5,UNSAMPLED,0
7232,293.0355027556644,1,292.0,73.6,2920,73.6-,,,,,,,29.2,73.5,HOLD_PREVIOUS,1
7233,293.07602204531537,0,,,,,,,,,,,29.2,73.5,UNSAMPLED,0
7234,293.1165413349663,0,,,,,,,,,,,29.2,73.5,UNSAMPLED,0
7235,293.15706062461726,0,,,,,,,,,,,29.2,73.5,UNSAMPLED,0
7236,293.19757991426826,0,,,,,,,,,,,29.2,73.5,UNSAMPLED,0
7237,293.2380992039192,0,,,,,,,,,,,29.2,73.5,UNSAMPLED,0
7238,293.27861849357015,0,,,,,,,,,,,29.2,73.5,UNSAMPLED,0
7239,293.3191377832211,0,,,,,,,,,,,29.2,73.5,UNSAMPLED,0
7240,293.35965707287204,1,292.0,73.6,2920,73.6-,,,,,,,29.2,73.5,HOLD_PREVIOUS,1
7241,293.400176362523,0,,,,,,,,,,,29.2,73.5,UNSAMPLED,0
7242,293.44069565217393,0,,,,,,,,,,,29.2,73.5,UNSAMPLED,0
7243,293.4812149418249,0,,,,,,,,,,,29.2,73.5,UNSAMPLED,0
7244,293.5217342314758,0,,,,,,,,,,,29.2,73.5,UNSAMPLED,0
7245,293.56225352112676,0,,,,,,,,,,,29.2,73.5,UNSAMPLED,0
7246,293.6027728107777,0,,,,,,,,,,,29.2,73.5,UNSAMPLED,0
7247,293.64329210042865,0,,,,,,,,,,,29.2,73.5,UNSAMPLED,0
7248,293.6838113900796,1,,73.8,24,73.8-,29.4,73.8,29.4,73.8-,hsv_green/PSM7,gray_otsu/PSM7,29.4,73.8,ACCEPT_RETRY,1
7249,293.7243306797306,0,,,,,,,,,,,29.4,73.8,UNSAMPLED,0
7250,293.76484996938154,0,,,,,,,,,,,29.4,73.8,UNSAMPLED,0
7251,293.8053692590325,0,,,,,,,,,,,29.4,73.8,UNSAMPLED,0
7252,293.84588854868343,0,,,,,,,,,,,29.4,73.8,UNSAMPLED,0
7253,293.8864078383344,0,,,,,,,,,,,29.4,73.8,UNSAMPLED,0
7254,293.9269271279853,0,,,,,,,,,,,29.4,73.8,UNSAMPLED,0
7255,293.96744641763627,0,,,,,,,,,,,29.4,73.8,UNSAMPLED,0
7256,294.0079657072872,1,,73.8,2,73.8-,29.4,73.8,29.4,73.8-,hsv_green/PSM7,gray_otsu/PSM7,29.4,73.8,ACCEPT_RETRY,1
7257,294.04848499693816,0,,,,,,,,,,,29.4,73.8,UNSAMPLED,0
7258,294.0890042865891,0,,,,,,,,,,,29.4,73.8,UNSAMPLED,0
7259,294.12952357624005,0,,,,,,,,,,,29.4,73.8,UNSAMPLED,0
7260,294.170042865891,0,,,,,,,,,,,29.4,73.8,UNSAMPLED,0
7261,294.21056215554194,0,,,,,,,,,,,29.4,73.8,UNSAMPLED,0
7262,294.25108144519294,0,,,,,,,,,,,29.4,73.8,UNSAMPLED,0
7263,294.2916007348439,0,,,,,,,,,,,29.4,73.8,UNSAMPLED,0
7264,294.3321200244948,1,,3.7,2,3.70,,,,,,,29.4,73.8,HOLD_PREVIOUS,1
7265,294.3726393141458,0,,,,,,,,,,,29.4,73.8,UNSAMPLED,0
7266,294.4131586037967,0,,,,,,,,,,,29.4,73.8,UNSAMPLED,0
7267,294.45367789344766,0,,,,,,,,,,,29.4,73.8,UNSAMPLED,0
7268,294.4941971830986,0,,,,,,,,,,,29.4,73.8,UNSAMPLED,0
7269,294.53471647274955,0,,,,,,,,,,,29.4,73.8,UNSAMPLED,0
7270,294.5752357624005,0,,,,,,,,,,,29.4,73.8,UNSAMPLED,0
7271,294.61575505205144,0,,,,,,,,,,,29.4,73.8,UNSAMPLED,0
7272,294.6562743417024,1,29.4,3.7,294,3.70,,,,,,,29.4,73.8,HOLD_PREVIOUS,1
7273,294.69679363135333,0,,,,,,,,,,,29.4,73.8,UNSAMPLED,0
7274,294.7373129210043,0,,,,,,,,,,,29.4,73.8,UNSAMPLED,0
7275,294.7778322106553,0,,,,,,,,,,,29.4,73.8,UNSAMPLED,0
7276,294.8183515003062,0,,,,,,,,,,,29.4,73.8,UNSAMPLED,0
7277,294.85887078995717,0,,,,,,,,,,,29.4,73.8,UNSAMPLED,0
7278,294.8993900796081,0,,,,,,,,,,,29.4,73.8,UNSAMPLED,0
7279,294.93990936925906,0,,,,,,,,,,,29.4,73.8,UNSAMPLED,0
7280,294.98042865891,1,29.4,73.6,294,73.6-,29.4,73.6,294,73.6-,green_difference/PSM7,gray_otsu/PSM7,29.4,73.6,ACCEPT_PRIMARY,0
7281,295.02094794856094,0,,,,,,,,,,,29.4,73.6,UNSAMPLED,0
7282,295.0614672382119,0,,,,,,,,,,,29.4,73.6,UNSAMPLED,0
7283,295.10198652786283,0,,,,,,,,,,,29.4,73.6,UNSAMPLED,0
7284,295.1425058175138,0,,,,,,,,,,,29.4,73.6,UNSAMPLED,0
7285,295.1830251071647,0,,,,,,,,,,,29.4,73.6,UNSAMPLED,0
7286,295.22354439681567,0,,,,,,,,,,,29.4,73.6,UNSAMPLED,0
7287,295.2640636864666,0,,,,,,,,,,,29.4,73.6,UNSAMPLED,0
7288,295.3045829761176,1,29.4,73.6,294,73.6-,29.4,73.6,294,73.6-,green_difference/PSM7,gray_otsu/PSM7,29.4,73.6,ACCEPT_PRIMARY,0
7289,295.34510226576856,0,,,,,,,,,,,29.4,73.6,UNSAMPLED,0
7290,295.3856215554195,0,,,,,,,,,,,29.4,73.6,UNSAMPLED,0
7291,295.42614084507045,0,,,,,,,,,,,29.4,73.6,UNSAMPLED,0
7292,295.4666601347214,0,,,,,,,,,,,29.4,73.6,UNSAMPLED,0
7293,295.50717942437234,0,,,,,,,,,,,29.4,73.6,UNSAMPLED,0
7294,295.5476987140233,0,,,,,,,,,,,29.4,73.6,UNSAMPLED,0
7295,295.5882180036742,0,,,,,,,,,,,29.4,73.6,UNSAMPLED,0
7296,295.6287372933252,1,29.4,43.3,294,43.3,,,,,,,29.4,73.6,HOLD_PREVIOUS,1
7297,295.6692565829761,0,,,,,,,,,,,29.4,73.6,UNSAMPLED,0
7298,295.70977587262706,0,,,,,,,,,,,29.4,73.6,UNSAMPLED,0
7299,295.750295162278,0,,,,,,,,,,,29.4,73.6,UNSAMPLED,0
7300,295.79081445192895,0,,,,,,,,,,,29.4,73.6,UNSAMPLED,0
7301,295.83133374157995,0,,,,,,,,,,,29.4,73.6,UNSAMPLED,0
7302,295.8718530312309,0,,,,,,,,,,,29.4,73.6,UNSAMPLED,0
7303,295.91237232088184,0,,,,,,,,,,,29.4,73.6,UNSAMPLED,0
7304,295.9528916105328,1,29.4,43.3,294,43.3-,,,,,,,29.4,73.6,HOLD_PREVIOUS,1
7305,295.99341090018373,0,,,,,,,,,,,29.4,73.6,UNSAMPLED,0
7306,296.0339301898347,0,,,,,,,,,,,29.4,73.6,UNSAMPLED,0
7307,296.0744494794856,0,,,,,,,,,,,29.4,73.6,UNSAMPLED,0
7308,296.11496876913657,0,,,,,,,,,,,29.4,73.6,UNSAMPLED,0
7309,296.1554880587875,0,,,,,,,,,,,29.4,73.6,UNSAMPLED,0
7310,296.19600734843846,0,,,,,,,,,,,29.4,73.6,UNSAMPLED,0
7311,296.2365266380894,0,,,,,,,,,,,29.4,73.6,UNSAMPLED,0
7312,296.27704592774035,1,29.4,43.3,294,43.3-,,,,,,,29.4,73.6,HOLD_PREVIOUS,1
7313,296.31756521739135,0,,,,,,,,,,,29.4,73.6,UNSAMPLED,0
7314,296.3580845070423,0,,,,,,,,,,,29.4,73.6,UNSAMPLED,0
7315,296.39860379669324,0,,,,,,,,,,,29.4,73.6,UNSAMPLED,0
7316,296.4391230863442,0,,,,,,,,,,,29.4,73.6,UNSAMPLED,0
7317,296.4796423759951,0,,,,,,,,,,,29.4,73.6,UNSAMPLED,0
7318,296.52016166564607,0,,,,,,,,,,,29.4,73.6,UNSAMPLED,0
7319,296.560680955297,0,,,,,,,,,,,29.4,73.6,UNSAMPLED,0
7320,296.60120024494796,1,24.0,73.5,240,73.5-,29.4,73.5,29.4,73.5-,green_channel_otsu/PSM7,gray_otsu/PSM7,29.4,73.5,ACCEPT_RETRY,1
7321,296.6417195345989,0,,,,,,,,,,,29.4,73.5,UNSAMPLED,0
7322,296.68223882424985,0,,,,,,,,,,,29.4,73.5,UNSAMPLED,0
7323,296.7227581139008,0,,,,,,,,,,,29.4,73.5,UNSAMPLED,0
7324,296.76327740355174,0,,,,,,,,,,,29.4,73.5,UNSAMPLED,0
7325,296.8037966932027,0,,,,,,,,,,,29.4,73.5,UNSAMPLED,0
7326,296.8443159828537,0,,,,,,,,,,,29.4,73.5,UNSAMPLED,0
7327,296.88483527250463,0,,,,,,,,,,,29.4,73.5,UNSAMPLED,0
7328,296.9253545621556,1,29.4,43.7,294,43.7,,,,,,,29.4,73.5,HOLD_PREVIOUS,1
7329,296.9658738518065,0,,,,,,,,,,,29.4,73.5,UNSAMPLED,0
7330,297.00639314145747,0,,,,,,,,,,,29.4,73.5,UNSAMPLED,0
7331,297.0469124311084,0,,,,,,,,,,,29.4,73.5,UNSAMPLED,0
7332,297.08743172075935,0,,,,,,,,,,,29.4,73.5,UNSAMPLED,0
7333,297.1279510104103,0,,,,,,,,,,,29.4,73.5,UNSAMPLED,0
7334,297.16847030006124,0,,,,,,,,,,,29.4,73.5,UNSAMPLED,0
7335,297.2089895897122,0,,,,,,,,,,,29.4,73.5,UNSAMPLED,0
7336,297.24950887936313,1,29.4,3.7,294,3.7,,,,,,,29.4,73.5,HOLD_PREVIOUS,1
7337,297.2900281690141,0,,,,,,,,,,,29.4,73.5,UNSAMPLED,0
7338,297.330547458665,0,,,,,,,,,,,29.4,73.5,UNSAMPLED,0
7339,297.371066748316,0,,,,,,,,,,,29.4,73.5,UNSAMPLED,0
7340,297.41158603796697,0,,,,,,,,,,,29.4,73.5,UNSAMPLED,0
7341,297.4521053276179,0,,,,,,,,,,,29.4,73.5,UNSAMPLED,0
7342,297.49262461726886,0,,,,,,,,,,,29.4,73.5,UNSAMPLED,0
7343,297.5331439069198,0,,,,,,,,,,,29.4,73.5,UNSAMPLED,0
7344,297.57366319657075,1,29.4,73.6,294,73.6-,29.4,73.6,294,73.6-,green_difference/PSM7,gray_otsu/PSM7,29.4,73.6,ACCEPT_PRIMARY,0
7345,297.6141824862217,0,,,,,,,,,,,29.4,73.6,UNSAMPLED,0
7346,297.65470177587264,0,,,,,,,,,,,29.4,73.6,UNSAMPLED,0
7347,297.6952210655236,0,,,,,,,,,,,29.4,73.6,UNSAMPLED,0
7348,297.7357403551745,0,,,,,,,,,,,29.4,73.6,UNSAMPLED,0
7349,297.7762596448255,0,,,,,,,,,,,29.4,73.6,UNSAMPLED,0
7350,297.8167789344764,0,,,,,,,,,,,29.4,73.6,UNSAMPLED,0
7351,297.85729822412736,0,,,,,,,,,,,29.4,73.6,UNSAMPLED,0
7352,297.89781751377836,1,29.4,43.5,294,43.5-,,,,,,,29.4,73.6,HOLD_PREVIOUS,1
7353,297.9383368034293,0,,,,,,,,,,,29.4,73.6,UNSAMPLED,0
7354,297.97885609308025,0,,,,,,,,,,,29.4,73.6,UNSAMPLED,0
7355,298.0193753827312,0,,,,,,,,,,,29.4,73.6,UNSAMPLED,0
7356,298.05989467238214,0,,,,,,,,,,,29.4,73.6,UNSAMPLED,0
7357,298.1004139620331,0,,,,,,,,,,,29.4,73.6,UNSAMPLED,0
7358,298.14093325168403,0,,,,,,,,,,,29.4,73.6,UNSAMPLED,0
7359,298.181452541335,0,,,,,,,,,,,29.4,73.6,UNSAMPLED,0
7360,298.2219718309859,1,29.4,43.5,294,43.5-,,,,,,,29.4,73.6,HOLD_PREVIOUS,1
7361,298.26249112063687,0,,,,,,,,,,,29.4,73.6,UNSAMPLED,0
7362,298.3030104102878,0,,,,,,,,,,,29.4,73.6,UNSAMPLED,0
7363,298.34352969993876,0,,,,,,,,,,,29.4,73.6,UNSAMPLED,0
7364,298.3840489895897,0,,,,,,,,,,,29.4,73.6,UNSAMPLED,0
7365,298.4245682792407,0,,,,,,,,,,,29.4,73.6,UNSAMPLED,0
7366,298.46508756889165,0,,,,,,,,,,,29.4,73.6,UNSAMPLED,0
7367,298.5056068585426,0,,,,,,,,,,,29.4,73.6,UNSAMPLED,0
7368,298.54612614819354,1,29.4,73.6,294,73.6-,29.4,73.6,294,73.6-,green_difference/PSM7,gray_otsu/PSM7,29.4,73.6,ACCEPT_PRIMARY,0
7369,298.5866454378445,0,,,,,,,,,,,29.4,73.6,UNSAMPLED,0
7370,298.6271647274954,0,,,,,,,,,,,29.4,73.6,UNSAMPLED,0
7371,298.66768401714637,0,,,,,,,,,,,29.4,73.6,UNSAMPLED,0
7372,298.7082033067973,0,,,,,,,,,,,29.4,73.6,UNSAMPLED,0
7373,298.74872259644826,0,,,,,,,,,,,29.4,73.6,UNSAMPLED,0
7374,298.7892418860992,0,,,,,,,,,,,29.4,73.6,UNSAMPLED,0
7375,298.82976117575015,0,,,,,,,,,,,29.4,73.6,UNSAMPLED,0
7376,298.8702804654011,1,24.0,73.6,240,73.6-,,,,,,,29.4,73.6,HOLD_PREVIOUS,1
7377,298.91079975505204,0,,,,,,,,,,,29.4,73.6,UNSAMPLED,0
7378,298.95131904470304,0,,,,,,,,,,,29.4,73.6,UNSAMPLED,0
7379,298.991838334354,0,,,,,,,,,,,29.4,73.6,UNSAMPLED,0
7380,299.03235762400493,0,,,,,,,,,,,29.4,73.6,UNSAMPLED,0
7381,299.0728769136559,0,,,,,,,,,,,29.4,73.6,UNSAMPLED,0
7382,299.1133962033068,0,,,,,,,,,,,29.4,73.6,UNSAMPLED,0
7383,299.15391549295776,0,,,,,,,,,,,29.4,73.6,UNSAMPLED,0
7384,299.1944347826087,1,24.0,73.6,240,73.6-,,,,,,,29.4,73.6,HOLD_PREVIOUS,1
7385,299.23495407225965,0,,,,,,,,,,,29.4,73.6,UNSAMPLED,0
7386,299.2754733619106,0,,,,,,,,,,,29.4,73.6,UNSAMPLED,0
7387,299.31599265156154,0,,,,,,,,,,,29.4,73.6,UNSAMPLED,0
7388,299.3565119412125,0,,,,,,,,,,,29.4,73.6,UNSAMPLED,0
7389,299.39703123086343,0,,,,,,,,,,,29.4,73.6,UNSAMPLED,0
7390,299.4375505205144,0,,,,,,,,,,,29.4,73.6,UNSAMPLED,0
7391,299.4780698101654,0,,,,,,,,,,,29.4,73.6,UNSAMPLED,0
7392,299.5185890998163,1,24.0,3.7,240,3.7,,,,,,,29.4,73.6,HOLD_PREVIOUS,1
7393,299.55910838946727,0,,,,,,,,,,,29.4,73.6,UNSAMPLED,0
7394,299.5996276791182,0,,,,,,,,,,,29.4,73.6,UNSAMPLED,0
7395,299.64014696876916,0,,,,,,,,,,,29.4,73.6,UNSAMPLED,0
7396,299.6806662584201,0,,,,,,,,,,,29.4,73.6,UNSAMPLED,0
7397,299.72118554807105,0,,,,,,,,,,,29.4,73.6,UNSAMPLED,0
7398,299.761704837722,0,,,,,,,,,,,29.4,73.6,UNSAMPLED,0
7399,299.80222412737294,0,,,,,,,,,,,29.4,73.6,UNSAMPLED,0
7400,299.8427434170239,1,24.0,3.7,240,3.7,,,,,,,29.4,73.6,HOLD_PREVIOUS,1
7401,299.8832627066748,0,,,,,,,,,,,29.4,73.6,UNSAMPLED,0
7402,299.9237819963258,0,,,,,,,,,,,29.4,73.6,UNSAMPLED,0
7403,299.9643012859768,0,,,,,,,,,,,29.4,73.6,UNSAMPLED,0
7404,300.0048205756277,0,,,,,,,,,,,29.4,73.6,UNSAMPLED,0
7405,300.04533986527866,0,,,,,,,,,,,29.4,73.6,UNSAMPLED,0
7406,300.0858591549296,0,,,,,,,,,,,29.4,73.6,UNSAMPLED,0
7407,300.12637844458055,0,,,,,,,,,,,29.4,73.6,UNSAMPLED,0
7408,300.1668977342315,1,24.0,73.6,240,73.6-,,,,,,,29.4,73.6,HOLD_PREVIOUS,1
7409,300.20741702388244,0,,,,,,,,,,,29.4,73.6,UNSAMPLED,0
7410,300.2479363135334,0,,,,,,,,,,,29.4,73.6,UNSAMPLED,0
7411,300.28845560318433,0,,,,,,,,,,,29.4,73.6,UNSAMPLED,0
7412,300.3289748928353,0,,,,,,,,,,,29.4,73.6,UNSAMPLED,0
7413,300.3694941824862,0,,,,,,,,,,,29.4,73.6,UNSAMPLED,0
7414,300.41001347213717,0,,,,,,,,,,,29.4,73.6,UNSAMPLED,0
7415,300.4505327617881,0,,,,,,,,,,,29.4,73.6,UNSAMPLED,0
7416,300.4910520514391,1,24.0,73.6,240,73.6-,,,,,,,29.4,73.6,HOLD_PREVIOUS,1
7417,300.53157134109006,0,,,,,,,,,,,29.4,73.6,UNSAMPLED,0
7418,300.572090630741,0,,,,,,,,,,,29.4,73.6,UNSAMPLED,0
7419,300.61260992039195,0,,,,,,,,,,,29.4,73.6,UNSAMPLED,0
7420,300.6531292100429,0,,,,,,,,,,,29.4,73.6,UNSAMPLED,0
7421,300.69364849969384,0,,,,,,,,,,,29.4,73.6,UNSAMPLED,0
7422,300.7341677893448,0,,,,,,,,,,,29.4,73.6,UNSAMPLED,0
7423,300.7746870789957,0,,,,,,,,,,,29.4,73.6,UNSAMPLED,0
7424,300.81520636864667,1,29.4,73.6,294,73.6-,29.4,73.6,294,73.6-,green_difference/PSM7,gray_otsu/PSM7,29.4,73.6,ACCEPT_PRIMARY,0
7425,300.8557256582976,0,,,,,,,,,,,29.4,73.6,UNSAMPLED,0
7426,300.89624494794856,0,,,,,,,,,,,29.4,73.6,UNSAMPLED,0
7427,300.9367642375995,0,,,,,,,,,,,29.4,73.6,UNSAMPLED,0
7428,300.97728352725045,0,,,,,,,,,,,29.4,73.6,UNSAMPLED,0
7429,301.01780281690145,0,,,,,,,,,,,29.4,73.6,UNSAMPLED,0
7430,301.0583221065524,0,,,,,,,,,,,29.4,73.6,UNSAMPLED,0
7431,301.09884139620334,0,,,,,,,,,,,29.4,73.6,UNSAMPLED,0
7432,301.1393606858543,1,29.4,73.6,294,73.6-,29.4,73.6,294,73.6-,green_difference/PSM7,gray_otsu/PSM7,29.4,73.6,ACCEPT_PRIMARY,0
7433,301.17987997550523,0,,,,,,,,,,,29.4,73.6,UNSAMPLED,0
7434,301.2203992651562,0,,,,,,,,,,,29.4,73.6,UNSAMPLED,0
7435,301.2609185548071,0,,,,,,,,,,,29.4,73.6,UNSAMPLED,0
7436,301.30143784445806,0,,,,,,,,,,,29.4,73.6,UNSAMPLED,0
7437,301.341957134109,0,,,,,,,,,,,29.4,73.6,UNSAMPLED,0
7438,301.38247642375995,0,,,,,,,,,,,29.4,73.6,UNSAMPLED,0
7439,301.4229957134109,0,,,,,,,,,,,29.4,73.6,UNSAMPLED,0
7440,301.46351500306184,1,29.4,73.6,294,73.6-,29.4,73.6,294,73.6-,green_difference/PSM7,gray_otsu/PSM7,29.4,73.6,ACCEPT_PRIMARY,0
7441,301.5040342927128,0,,,,,,,,,,,29.4,73.6,UNSAMPLED,0
7442,301.5445535823638,0,,,,,,,,,,,29.4,73.6,UNSAMPLED,0
7443,301.58507287201473,0,,,,,,,,,,,29.4,73.6,UNSAMPLED,0
7444,301.6255921616657,0,,,,,,,,,,,29.4,73.6,UNSAMPLED,0
7445,301.6661114513166,0,,,,,,,,,,,29.4,73.6,UNSAMPLED,0
7446,301.70663074096757,0,,,,,,,,,,,29.4,73.6,UNSAMPLED,0
7447,301.7471500306185,0,,,,,,,,,,,29.4,73.6,UNSAMPLED,0
7448,301.78766932026946,1,29.4,3.7,294,3.7,29.4,73.7,29.4,737,green_channel_otsu/PSM7,green_channel_otsu/PSM7,29.4,73.7,ACCEPT_RETRY,1
7449,301.8281886099204,0,,,,,,,,,,,29.4,73.7,UNSAMPLED,0
7450,301.86870789957135,0,,,,,,,,,,,29.4,73.7,UNSAMPLED,0
7451,301.9092271892223,0,,,,,,,,,,,29.4,73.7,UNSAMPLED,0
7452,301.94974647887324,0,,,,,,,,,,,29.4,73.7,UNSAMPLED,0
7453,301.9902657685242,0,,,,,,,,,,,29.4,73.7,UNSAMPLED,0
7454,302.0307850581751,0,,,,,,,,,,,29.4,73.7,UNSAMPLED,0
7455,302.0713043478261,0,,,,,,,,,,,29.4,73.7,UNSAMPLED,0
7456,302.1118236374771,1,29.4,3.7,294,3.7,29.4,73.7,29.4,737,green_channel_otsu/PSM7,green_channel_otsu/PSM7,29.4,73.7,ACCEPT_RETRY,1
7457,302.152342927128,0,,,,,,,,,,,29.4,73.7,UNSAMPLED,0
7458,302.19286221677896,0,,,,,,,,,,,29.4,73.7,UNSAMPLED,0
7459,302.2333815064299,0,,,,,,,,,,,29.4,73.7,UNSAMPLED,0
7460,302.27390079608085,0,,,,,,,,,,,29.4,73.7,UNSAMPLED,0
7461,302.3144200857318,0,,,,,,,,,,,29.4,73.7,UNSAMPLED,0
7462,302.35493937538274,0,,,,,,,,,,,29.4,73.7,UNSAMPLED,0
7463,302.3954586650337,0,,,,,,,,,,,29.4,73.7,UNSAMPLED,0
7464,302.43597795468463,1,29.4,73.8,294,73.8-,29.4,73.8,294,73.8-,green_difference/PSM7,gray_otsu/PSM7,29.4,73.8,ACCEPT_PRIMARY,0
7465,302.4764972443356,0,,,,,,,,,,,29.4,73.8,UNSAMPLED,0
7466,302.5170165339865,0,,,,,,,,,,,29.4,73.8,UNSAMPLED,0
7467,302.55753582363747,0,,,,,,,,,,,29.4,73.8,UNSAMPLED,0
7468,302.59805511328847,0,,,,,,,,,,,29.4,73.8,UNSAMPLED,0
7469,302.6385744029394,0,,,,,,,,,,,29.4,73.8,UNSAMPLED,0
7470,302.67909369259036,0,,,,,,,,,,,29.4,73.8,UNSAMPLED,0
7471,302.7196129822413,0,,,,,,,,,,,29.4,73.8,UNSAMPLED,0
7472,302.76013227189225,1,,73.8,4,73.8,29.4,73.8,294,73.8,green_difference/PSM8,gray_otsu/PSM7,29.4,73.8,ACCEPT_RETRY,1
7473,302.8006515615432,0,,,,,,,,,,,29.4,73.8,UNSAMPLED,0
7474,302.84117085119414,0,,,,,,,,,,,29.4,73.8,UNSAMPLED,0
7475,302.8816901408451,0,,,,,,,,,,,29.4,73.8,UNSAMPLED,0
7476,302.922209430496,0,,,,,,,,,,,29.4,73.8,UNSAMPLED,0
7477,302.96272872014697,0,,,,,,,,,,,29.4,73.8,UNSAMPLED,0
7478,303.0032480097979,0,,,,,,,,,,,29.4,73.8,UNSAMPLED,0
7479,303.04376729944886,0,,,,,,,,,,,29.4,73.8,UNSAMPLED,0
7480,303.0842865890998,1,29.4,73.9,294,73.9-,29.4,73.9,294,73.9-,green_difference/PSM7,gray_otsu/PSM7,29.4,73.9,ACCEPT_PRIMARY,0
7481,303.1248058787508,0,,,,,,,,,,,29.4,73.9,UNSAMPLED,0
7482,303.16532516840175,0,,,,,,,,,,,29.4,73.9,UNSAMPLED,0
7483,303.2058444580527,0,,,,,,,,,,,29.4,73.9,UNSAMPLED,0
7484,303.24636374770364,0,,,,,,,,,,,29.4,73.9,UNSAMPLED,0
7485,303.2868830373546,0,,,,,,,,,,,29.4,73.9,UNSAMPLED,0
7486,303.32740232700553,0,,,,,,,,,,,29.4,73.9,UNSAMPLED,0
7487,303.3679216166565,0,,,,,,,,,,,29.4,73.9,UNSAMPLED,0
7488,303.4084409063074,1,29.4,73.9,294,73.9-,29.4,73.9,294,73.9-,green_difference/PSM7,gray_otsu/PSM7,29.4,73.9,ACCEPT_PRIMARY,0
7489,303.44896019595836,0,,,,,,,,,,,29.4,73.9,UNSAMPLED,0
7490,303.4894794856093,0,,,,,,,,,,,29.4,73.9,UNSAMPLED,0
7491,303.52999877526025,0,,,,,,,,,,,29.4,73.9,UNSAMPLED,0
7492,303.5705180649112,0,,,,,,,,,,,29.4,73.9,UNSAMPLED,0
7493,303.6110373545622,0,,,,,,,,,,,29.4,73.9,UNSAMPLED,0
7494,303.65155664421314,0,,,,,,,,,,,29.4,73.9,UNSAMPLED,0
7495,303.6920759338641,0,,,,,,,,,,,29.4,73.9,UNSAMPLED,0
7496,303.73259522351503,1,,740.0,25,7400,,,,,,,29.4,73.9,HOLD_PREVIOUS,1
7497,303.773114513166,0,,,,,,,,,,,29.4,73.9,UNSAMPLED,0
7498,303.8136338028169,0,,,,,,,,,,,29.4,73.9,UNSAMPLED,0
7499,303.85415309246787,0,,,,,,,,,,,29.4,73.9,UNSAMPLED,0
7500,303.8946723821188,0,,,,,,,,,,,29.4,73.9,UNSAMPLED,0
7501,303.93519167176976,0,,,,,,,,,,,29.4,73.9,UNSAMPLED,0
7502,303.9757109614207,0,,,,,,,,,,,29.4,73.9,UNSAMPLED,0
7503,304.01623025107165,0,,,,,,,,,,,29.4,73.9,UNSAMPLED,0
7504,304.0567495407226,1,,740.0,25,7400,,,,,,,29.4,73.9,HOLD_PREVIOUS,1
7505,304.09726883037354,0,,,,,,,,,,,29.4,73.9,UNSAMPLED,0
7506,304.13778812002454,0,,,,,,,,,,,29.4,73.9,UNSAMPLED,0
7507,304.1783074096755,0,,,,,,,,,,,29.4,73.9,UNSAMPLED,0
7508,304.2188266993264,0,,,,,,,,,,,29.4,73.9,UNSAMPLED,0
7509,304.2593459889774,0,,,,,,,,,,,29.4,73.9,UNSAMPLED,0
7510,304.2998652786283,0,,,,,,,,,,,29.4,73.9,UNSAMPLED,0
7511,304.34038456827926,0,,,,,,,,,,,29.4,73.9,UNSAMPLED,0
7512,304.3809038579302,1,296.8,43.9,2968,43.9-,,,,,,,29.4,73.9,HOLD_PREVIOUS,1
7513,304.42142314758115,0,,,,,,,,,,,29.4,73.9,UNSAMPLED,0
7514,304.4619424372321,0,,,,,,,,,,,29.4,73.9,UNSAMPLED,0
7515,304.50246172688304,0,,,,,,,,,,,29.4,73.9,UNSAMPLED,0
7516,304.542981016534,0,,,,,,,,,,,29.4,73.9,UNSAMPLED,0
7517,304.58350030618493,0,,,,,,,,,,,29.4,73.9,UNSAMPLED,0
7518,304.6240195958359,0,,,,,,,,,,,29.4,73.9,UNSAMPLED,0
7519,304.6645388854869,0,,,,,,,,,,,29.4,73.9,UNSAMPLED,0
7520,304.7050581751378,1,296.8,73.8,2968,73.8-,,,,,,,29.4,73.9,HOLD_PREVIOUS,1
7521,304.74557746478877,0,,,,,,,,,,,29.4,73.9,UNSAMPLED,0
7522,304.7860967544397,0,,,,,,,,,,,29.4,73.9,UNSAMPLED,0
7523,304.82661604409066,0,,,,,,,,,,,29.4,73.9,UNSAMPLED,0
7524,304.8671353337416,0,,,,,,,,,,,29.4,73.9,UNSAMPLED,0
7525,304.90765462339255,0,,,,,,,,,,,29.4,73.9,UNSAMPLED,0
7526,304.9481739130435,0,,,,,,,,,,,29.4,73.9,UNSAMPLED,0
7527,304.98869320269444,0,,,,,,,,,,,29.4,73.9,UNSAMPLED,0
7528,305.0292124923454,1,296.8,740.0,2968,7400,,,,,,,29.4,73.9,HOLD_PREVIOUS,1
7529,305.0697317819963,0,,,,,,,,,,,29.4,73.9,UNSAMPLED,0
7530,305.11025107164727,0,,,,,,,,,,,29.4,73.9,UNSAMPLED,0
7531,305.1507703612982,0,,,,,,,,,,,29.4,73.9,UNSAMPLED,0
7532,305.1912896509492,0,,,,,,,,,,,29.4,73.9,UNSAMPLED,0
7533,305.23180894060016,0,,,,,,,,,,,29.4,73.9,UNSAMPLED,0
7534,305.2723282302511,0,,,,,,,,,,,29.4,73.9,UNSAMPLED,0
7535,305.31284751990205,0,,,,,,,,,,,29.4,73.9,UNSAMPLED,0
7536,305.353366809553,1,296.8,740.0,2968,7400,,,,,,,29.4,73.9,HOLD_PREVIOUS,1
7537,305.39388609920394,0,,,,,,,,,,,29.4,73.9,UNSAMPLED,0
7538,305.4344053888549,0,,,,,,,,,,,29.4,73.9,UNSAMPLED,0
7539,305.47492467850583,0,,,,,,,,,,,29.4,73.9,UNSAMPLED,0
7540,305.5154439681568,0,,,,,,,,,,,29.4,73.9,UNSAMPLED,0
7541,305.5559632578077,0,,,,,,,,,,,29.4,73.9,UNSAMPLED,0
7542,305.59648254745866,0,,,,,,,,,,,29.4,73.9,UNSAMPLED,0
7543,305.6370018371096,0,,,,,,,,,,,29.4,73.9,UNSAMPLED,0
7544,305.67752112676055,1,29.65,740.0,29.650,7400,29.5,74.0,29.50,74.0,hsv_green/PSM7,green_difference/PSM7,29.5,74.0,ACCEPT_RETRY,1
7545,305.71804041641155,0,,,,,,,,,,,29.5,74.0,UNSAMPLED,0
7546,305.7585597060625,0,,,,,,,,,,,29.5,74.0,UNSAMPLED,0
7547,305.79907899571344,0,,,,,,,,,,,29.5,74.0,UNSAMPLED,0
7548,305.8395982853644,0,,,,,,,,,,,29.5,74.0,UNSAMPLED,0
7549,305.88011757501533,0,,,,,,,,,,,29.5,74.0,UNSAMPLED,0
7550,305.9206368646663,0,,,,,,,,,,,29.5,74.0,UNSAMPLED,0
7551,305.9611561543172,0,,,,,,,,,,,29.5,74.0,UNSAMPLED,0
7552,306.00167544396817,1,29.65,740.0,29.650,7400,29.65,74.0,29.650,74.0,green_difference/PSM7,green_difference/PSM7,29.65,74.0,ACCEPT_RETRY,1
7553,306.0421947336191,0,,,,,,,,,,,29.65,74.0,UNSAMPLED,0
7554,306.08271402327006,0,,,,,,,,,,,29.65,74.0,UNSAMPLED,0
7555,306.123233312921,0,,,,,,,,,,,29.65,74.0,UNSAMPLED,0
7556,306.16375260257195,0,,,,,,,,,,,29.65,74.0,UNSAMPLED,0
7557,306.2042718922229,0,,,,,,,,,,,29.65,74.0,UNSAMPLED,0
7558,306.2447911818739,0,,,,,,,,,,,29.65,74.0,UNSAMPLED,0
7559,306.28531047152484,0,,,,,,,,,,,29.65,74.0,UNSAMPLED,0
7560,306.3258297611758,1,29.65,740.0,29.650,7400,29.65,74.0,29.650,74.0,green_difference/PSM7,green_difference/PSM7,29.65,74.0,ACCEPT_RETRY,1
7561,306.3663490508267,0,,,,,,,,,,,29.65,74.0,UNSAMPLED,0
7562,306.4068683404777,0,,,,,,,,,,,29.65,74.0,UNSAMPLED,0
7563,306.4473876301286,0,,,,,,,,,,,29.65,74.0,UNSAMPLED,0
7564,306.48790691977956,0,,,,,,,,,,,29.65,74.0,UNSAMPLED,0
7565,306.5284262094305,0,,,,,,,,,,,29.65,74.0,UNSAMPLED,0
7566,306.56894549908145,0,,,,,,,,,,,29.65,74.0,UNSAMPLED,0
7567,306.6094647887324,0,,,,,,,,,,,29.65,74.0,UNSAMPLED,0
7568,306.64998407838334,1,29.65,740.0,29.650,7400,29.65,74.0,29.650,74.0,green_difference/PSM7,green_difference/PSM7,29.65,74.0,ACCEPT_RETRY,1
7569,306.6905033680343,0,,,,,,,,,,,29.65,74.0,UNSAMPLED,0
7570,306.73102265768523,0,,,,,,,,,,,29.65,74.0,UNSAMPLED,0
7571,306.77154194733623,0,,,,,,,,,,,29.65,74.0,UNSAMPLED,0
7572,306.8120612369872,0,,,,,,,,,,,29.65,74.0,UNSAMPLED,0
7573,306.8525805266381,0,,,,,,,,,,,29.65,74.0,UNSAMPLED,0
7574,306.89309981628907,0,,,,,,,,,,,29.65,74.0,UNSAMPLED,0
7575,306.93361910594,0,,,,,,,,,,,29.65,74.0,UNSAMPLED,0
7576,306.97413839559096,1,29.65,741.0,29.650,7410,29.65,74.1,29.650,74.1,green_difference/PSM7,green_difference/PSM7,29.65,74.1,ACCEPT_RETRY,1
7577,307.0146576852419,0,,,,,,,,,,,29.65,74.1,UNSAMPLED,0
7578,307.05517697489285,0,,,,,,,,,,,29.65,74.1,UNSAMPLED,0
7579,307.0956962645438,0,,,,,,,,,,,29.65,74.1,UNSAMPLED,0
7580,307.13621555419473,0,,,,,,,,,,,29.65,74.1,UNSAMPLED,0
7581,307.1767348438457,0,,,,,,,,,,,29.65,74.1,UNSAMPLED,0
7582,307.2172541334966,0,,,,,,,,,,,29.65,74.1,UNSAMPLED,0
7583,307.25777342314757,0,,,,,,,,,,,29.65,74.1,UNSAMPLED,0
7584,307.29829271279857,1,29.65,741.0,29.650,7410,29.65,74.1,29.650,74.1,green_difference/PSM7,green_difference/PSM7,29.65,74.1,ACCEPT_RETRY,1
7585,307.3388120024495,0,,,,,,,,,,,29.65,74.1,UNSAMPLED,0
7586,307.37933129210046,0,,,,,,,,,,,29.65,74.1,UNSAMPLED,0
7587,307.4198505817514,0,,,,,,,,,,,29.65,74.1,UNSAMPLED,0
7588,307.46036987140235,0,,,,,,,,,,,29.65,74.1,UNSAMPLED,0
7589,307.5008891610533,0,,,,,,,,,,,29.65,74.1,UNSAMPLED,0
7590,307.54140845070424,0,,,,,,,,,,,29.65,74.1,UNSAMPLED,0
7591,307.5819277403552,0,,,,,,,,,,,29.65,74.1,UNSAMPLED,0
7592,307.62244703000613,1,29.5,741.0,29.50,7410,29.5,74.1,29.50,74.10,green_difference/PSM7,green_channel_otsu/PSM7,29.5,74.1,ACCEPT_RETRY,1
7593,307.6629663196571,0,,,,,,,,,,,29.5,74.1,UNSAMPLED,0
7594,307.703485609308,0,,,,,,,,,,,29.5,74.1,UNSAMPLED,0
7595,307.74400489895896,0,,,,,,,,,,,29.5,74.1,UNSAMPLED,0
7596,307.78452418860996,0,,,,,,,,,,,29.5,74.1,UNSAMPLED,0
7597,307.8250434782609,0,,,,,,,,,,,29.5,74.1,UNSAMPLED,0
7598,307.86556276791185,0,,,,,,,,,,,29.5,74.1,UNSAMPLED,0
7599,307.9060820575628,0,,,,,,,,,,,29.5,74.1,UNSAMPLED,0
7600,307.94660134721374,1,29.5,741.0,29.5,7410,29.5,74.1,29.5,74.10,green_difference/PSM7,green_channel_otsu/PSM7,29.5,74.1,ACCEPT_RETRY,1
7601,307.9871206368647,0,,,,,,,,,,,29.5,74.1,UNSAMPLED,0
7602,308.02763992651563,0,,,,,,,,,,,29.5,74.1,UNSAMPLED,0
7603,308.0681592161666,0,,,,,,,,,,,29.5,74.1,UNSAMPLED,0
7604,308.1086785058175,0,,,,,,,,,,,29.5,74.1,UNSAMPLED,0
7605,308.14919779546847,0,,,,,,,,,,,29.5,74.1,UNSAMPLED,0
7606,308.1897170851194,0,,,,,,,,,,,29.5,74.1,UNSAMPLED,0
7607,308.23023637477036,0,,,,,,,,,,,29.5,74.1,UNSAMPLED,0
7608,308.2707556644213,1,29.5,741.0,29.5,7410,29.5,74.1,29.5,74.10,green_difference/PSM7,green_channel_otsu/PSM7,29.5,74.1,ACCEPT_RETRY,1
7609,308.3112749540723,0,,,,,,,,,,,29.5,74.1,UNSAMPLED,0
7610,308.35179424372325,0,,,,,,,,,,,29.5,74.1,UNSAMPLED,0
7611,308.3923135333742,0,,,,,,,,,,,29.5,74.1,UNSAMPLED,0
7612,308.43283282302514,0,,,,,,,,,,,29.5,74.1,UNSAMPLED,0
7613,308.4733521126761,0,,,,,,,,,,,29.5,74.1,UNSAMPLED,0
7614,308.513871402327,0,,,,,,,,,,,29.5,74.1,UNSAMPLED,0
7615,308.55439069197797,0,,,,,,,,,,,29.5,74.1,UNSAMPLED,0
7616,308.5949099816289,1,29.5,741.0,29.5,7410,29.5,74.1,29.5,74.10,green_difference/PSM7,green_channel_otsu/PSM7,29.5,74.1,ACCEPT_RETRY,1
7617,308.63542927127986,0,,,,,,,,,,,29.5,74.1,UNSAMPLED,0
7618,308.6759485609308,0,,,,,,,,,,,29.5,74.1,UNSAMPLED,0
7619,308.71646785058175,0,,,,,,,,,,,29.5,74.1,UNSAMPLED,0
7620,308.7569871402327,0,,,,,,,,,,,29.5,74.1,UNSAMPLED,0
7621,308.79750642988364,0,,,,,,,,,,,29.5,74.1,UNSAMPLED,0
7622,308.83802571953464,0,,,,,,,,,,,29.5,74.1,UNSAMPLED,0
7623,308.8785450091856,0,,,,,,,,,,,29.5,74.1,UNSAMPLED,0
7624,308.91906429883653,1,29.5,741.0,29.5,7410,29.5,74.1,29.5,74.10,green_difference/PSM7,green_channel_otsu/PSM7,29.5,74.1,ACCEPT_RETRY,1
7625,308.9595835884875,0,,,,,,,,,,,29.5,74.1,UNSAMPLED,0
7626,309.0001028781384,0,,,,,,,,,,,29.5,74.1,UNSAMPLED,0
7627,309.04062216778937,0,,,,,,,,,,,29.5,74.1,UNSAMPLED,0
7628,309.0811414574403,0,,,,,,,,,,,29.5,74.1,UNSAMPLED,0
7629,309.12166074709125,0,,,,,,,,,,,29.5,74.1,UNSAMPLED,0
7630,309.1621800367422,0,,,,,,,,,,,29.5,74.1,UNSAMPLED,0
7631,309.20269932639314,0,,,,,,,,,,,29.5,74.1,UNSAMPLED,0
7632,309.2432186160441,1,29.5,740.0,29.5,7400,29.5,74.0,29.5,740,green_difference/PSM7,green_channel_otsu/PSM7,29.5,74.0,ACCEPT_RETRY,1
7633,309.28373790569503,0,,,,,,,,,,,29.5,74.0,UNSAMPLED,0
7634,309.324257195346,0,,,,,,,,,,,29.5,74.0,UNSAMPLED,0
7635,309.364776484997,0,,,,,,,,,,,29.5,74.0,UNSAMPLED,0
7636,309.4052957746479,0,,,,,,,,,,,29.5,74.0,UNSAMPLED,0
7637,309.44581506429887,0,,,,,,,,,,,29.5,74.0,UNSAMPLED,0
7638,309.4863343539498,0,,,,,,,,,,,29.5,74.0,UNSAMPLED,0
7639,309.52685364360076,0,,,,,,,,,,,29.5,74.0,UNSAMPLED,0
7640,309.5673729332517,1,29.4,740.0,29.40,7400,29.4,74.0,29.40,740,green_difference/PSM7,green_channel_otsu/PSM7,29.4,74.0,ACCEPT_RETRY,1
7641,309.60789222290265,0,,,,,,,,,,,29.4,74.0,UNSAMPLED,0
7642,309.6484115125536,0,,,,,,,,,,,29.4,74.0,UNSAMPLED,0
7643,309.68893080220454,0,,,,,,,,,,,29.4,74.0,UNSAMPLED,0
7644,309.7294500918555,0,,,,,,,,,,,29.4,74.0,UNSAMPLED,0
7645,309.7699693815064,0,,,,,,,,,,,29.4,74.0,UNSAMPLED,0
7646,309.8104886711574,0,,,,,,,,,,,29.4,74.0,UNSAMPLED,0
7647,309.8510079608083,0,,,,,,,,,,,29.4,74.0,UNSAMPLED,0
7648,309.8915272504593,1,294.0,741.0,2940,7410,29.4,74.7,29.4,74.7,hsv_green/PSM7,green_difference/PSM7,29.4,74.7,ACCEPT_RETRY,1
7649,309.93204654011026,0,,,,,,,,,,,29.4,74.7,UNSAMPLED,0
7650,309.9725658297612,0,,,,,,,,,,,29.4,74.7,UNSAMPLED,0
7651,310.01308511941215,0,,,,,,,,,,,29.4,74.7,UNSAMPLED,0
7652,310.0536044090631,0,,,,,,,,,,,29.4,74.7,UNSAMPLED,0
7653,310.09412369871404,0,,,,,,,,,,,29.4,74.7,UNSAMPLED,0
7654,310.134642988365,0,,,,,,,,,,,29.4,74.7,UNSAMPLED,0
7655,310.17516227801593,0,,,,,,,,,,,29.4,74.7,UNSAMPLED,0
7656,310.2156815676669,1,294.0,741.0,2940,7410,29.4,74.7,29.4,74.7,hsv_green/PSM7,green_difference/PSM7,29.4,74.7,ACCEPT_RETRY,1
7657,310.2562008573178,0,,,,,,,,,,,29.4,74.7,UNSAMPLED,0
7658,310.29672014696877,0,,,,,,,,,,,29.4,74.7,UNSAMPLED,0
7659,310.3372394366197,0,,,,,,,,,,,29.4,74.7,UNSAMPLED,0
7660,310.37775872627066,0,,,,,,,,,,,29.4,74.7,UNSAMPLED,0
7661,310.41827801592166,0,,,,,,,,,,,29.4,74.7,UNSAMPLED,0
7662,310.4587973055726,0,,,,,,,,,,,29.4,74.7,UNSAMPLED,0
7663,310.49931659522355,0,,,,,,,,,,,29.4,74.7,UNSAMPLED,0
7664,310.5398358848745,1,294.0,740.0,2940,7400,29.4,74.0,29.4,74.0-,hsv_green/PSM7,green_channel_otsu/PSM7,29.4,74.0,ACCEPT_RETRY,1
7665,310.58035517452544,0,,,,,,,,,,,29.4,74.0,UNSAMPLED,0
7666,310.6208744641764,0,,,,,,,,,,,29.4,74.0,UNSAMPLED,0
7667,310.6613937538273,0,,,,,,,,,,,29.4,74.0,UNSAMPLED,0
7668,310.70191304347827,0,,,,,,,,,,,29.4,74.0,UNSAMPLED,0
7669,310.7424323331292,0,,,,,,,,,,,29.4,74.0,UNSAMPLED,0
7670,310.78295162278016,0,,,,,,,,,,,29.4,74.0,UNSAMPLED,0
7671,310.8234709124311,0,,,,,,,,,,,29.4,74.0,UNSAMPLED,0
7672,310.86399020208205,1,294.0,740.0,2940,7400,,,,,,,29.4,74.0,HOLD_PREVIOUS,1
7673,310.904509491733,0,,,,,,,,,,,29.4,74.0,UNSAMPLED,0
7674,310.945028781384,0,,,,,,,,,,,29.4,74.0,UNSAMPLED,0
7675,310.98554807103494,0,,,,,,,,,,,29.4,74.0,UNSAMPLED,0
7676,311.0260673606859,0,,,,,,,,,,,29.4,74.0,UNSAMPLED,0
7677,311.06658665033683,0,,,,,,,,,,,29.4,74.0,UNSAMPLED,0
7678,311.1071059399878,0,,,,,,,,,,,29.4,74.0,UNSAMPLED,0
7679,311.1476252296387,0,,,,,,,,,,,29.4,74.0,UNSAMPLED,0
7680,311.18814451928966,1,294.0,740.0,2940,7400,,,,,,,29.4,74.0,HOLD_PREVIOUS,1
7681,311.2286638089406,0,,,,,,,,,,,29.4,74.0,UNSAMPLED,0
7682,311.26918309859155,0,,,,,,,,,,,29.4,74.0,UNSAMPLED,0
7683,311.3097023882425,0,,,,,,,,,,,29.4,74.0,UNSAMPLED,0
7684,311.35022167789344,0,,,,,,,,,,,29.4,74.0,UNSAMPLED,0
7685,311.3907409675444,0,,,,,,,,,,,29.4,74.0,UNSAMPLED,0
7686,311.4312602571954,0,,,,,,,,,,,29.4,74.0,UNSAMPLED,0
7687,311.47177954684634,0,,,,,,,,,,,29.4,74.0,UNSAMPLED,0
7688,311.5122988364973,1,294.0,741.0,2940,7410,29.4,74.1,294,74.10,green_difference/PSM8,green_difference/PSM7,29.4,74.1,ACCEPT_RETRY,1
7689,311.5528181261482,0,,,,,,,,,,,29.4,74.1,UNSAMPLED,0
7690,311.59333741579917,0,,,,,,,,,,,29.4,74.1,UNSAMPLED,0
7691,311.6338567054501,0,,,,,,,,,,,29.4,74.1,UNSAMPLED,0
7692,311.67437599510106,0,,,,,,,,,,,29.4,74.1,UNSAMPLED,0
7693,311.714895284752,0,,,,,,,,,,,29.4,74.1,UNSAMPLED,0
7694,311.75541457440295,0,,,,,,,,,,,29.4,74.1,UNSAMPLED,0
7695,311.7959338640539,0,,,,,,,,,,,29.4,74.1,UNSAMPLED,0
7696,311.83645315370484,1,294.0,741.0,2940,7410,29.4,74.1,294,74.10,green_difference/PSM8,green_difference/PSM7,29.4,74.1,ACCEPT_RETRY,1
7697,311.8769724433558,0,,,,,,,,,,,29.4,74.1,UNSAMPLED,0
7698,311.9174917330067,0,,,,,,,,,,,29.4,74.1,UNSAMPLED,0
7699,311.95801102265773,0,,,,,,,,,,,29.4,74.1,UNSAMPLED,0
7700,311.9985303123087,0,,,,,,,,,,,29.4,74.1,UNSAMPLED,0
7701,312.0390496019596,0,,,,,,,,,,,29.4,74.1,UNSAMPLED,0
7702,312.07956889161056,0,,,,,,,,,,,29.4,74.1,UNSAMPLED,0
7703,312.1200881812615,0,,,,,,,,,,,29.4,74.1,UNSAMPLED,0
7704,312.16060747091245,1,294.0,740.0,2940,7400,29.4,74.0,294,74.00,green_difference/PSM8,green_channel_otsu/PSM7,29.4,74.0,ACCEPT_RETRY,1
7705,312.2011267605634,0,,,,,,,,,,,29.4,74.0,UNSAMPLED,0
7706,312.24164605021434,0,,,,,,,,,,,29.4,74.0,UNSAMPLED,0
7707,312.2821653398653,0,,,,,,,,,,,29.4,74.0,UNSAMPLED,0
7708,312.32268462951623,0,,,,,,,,,,,29.4,74.0,UNSAMPLED,0
7709,312.3632039191672,0,,,,,,,,,,,29.4,74.0,UNSAMPLED,0
7710,312.4037232088181,0,,,,,,,,,,,29.4,74.0,UNSAMPLED,0
7711,312.44424249846907,0,,,,,,,,,,,29.4,74.0,UNSAMPLED,0
7712,312.48476178812007,1,29.4,740.0,294,7400,29.4,74.0,294,74.00,green_difference/PSM7,green_channel_otsu/PSM7,29.4,74.0,ACCEPT_RETRY,1
7713,312.525281077771,0,,,,,,,,,,,29.4,74.0,UNSAMPLED,0
7714,312.56580036742196,0,,,,,,,,,,,29.4,74.0,UNSAMPLED,0
7715,312.6063196570729,0,,,,,,,,,,,29.4,74.0,UNSAMPLED,0
7716,312.64683894672385,0,,,,,,,,,,,29.4,74.0,UNSAMPLED,0
7717,312.6873582363748,0,,,,,,,,,,,29.4,74.0,UNSAMPLED,0
7718,312.72787752602574,0,,,,,,,,,,,29.4,74.0,UNSAMPLED,0
7719,312.7683968156767,0,,,,,,,,,,,29.4,74.0,UNSAMPLED,0
7720,312.8089161053276,1,294.0,740.0,2940,7400,29.4,74.0,294,740,green_difference/PSM8,green_channel_otsu/PSM7,29.4,74.0,ACCEPT_RETRY,1
7721,312.84943539497857,0,,,,,,,,,,,29.4,74.0,UNSAMPLED,0
7722,312.8899546846295,0,,,,,,,,,,,29.4,74.0,UNSAMPLED,0
7723,312.93047397428046,0,,,,,,,,,,,29.4,74.0,UNSAMPLED,0
7724,312.9709932639314,0,,,,,,,,,,,29.4,74.0,UNSAMPLED,0
7725,313.0115125535824,0,,,,,,,,,,,29.4,74.0,UNSAMPLED,0
7726,313.05203184323335,0,,,,,,,,,,,29.4,74.0,UNSAMPLED,0
7727,313.0925511328843,0,,,,,,,,,,,29.4,74.0,UNSAMPLED,0
7728,313.13307042253524,1,294.0,44.2,2940,44.20,29.4,74.2,294,74.20,green_difference/PSM8,green_channel_otsu/PSM7,29.4,74.2,ACCEPT_RETRY,1
7729,313.1735897121862,0,,,,,,,,,,,29.4,74.2,UNSAMPLED,0
7730,313.21410900183713,0,,,,,,,,,,,29.4,74.2,UNSAMPLED,0
7731,313.2546282914881,0,,,,,,,,,,,29.4,74.2,UNSAMPLED,0
7732,313.295147581139,0,,,,,,,,,,,29.4,74.2,UNSAMPLED,0
7733,313.33566687078996,0,,,,,,,,,,,29.4,74.2,UNSAMPLED,0
7734,313.3761861604409,0,,,,,,,,,,,29.4,74.2,UNSAMPLED,0
7735,313.41670545009185,0,,,,,,,,,,,29.4,74.2,UNSAMPLED,0
7736,313.4572247397428,1,294.0,44.2,2940,44.20,29.4,74.2,294,74.20,green_difference/PSM8,green_channel_otsu/PSM7,29.4,74.2,ACCEPT_RETRY,1
7737,313.49774402939374,0,,,,,,,,,,,29.4,74.2,UNSAMPLED,0
7738,313.53826331904475,0,,,,,,,,,,,29.4,74.2,UNSAMPLED,0
7739,313.5787826086957,0,,,,,,,,,,,29.4,74.2,UNSAMPLED,0
7740,313.61930189834663,0,,,,,,,,,,,29.4,74.2,UNSAMPLED,0
7741,313.6598211879976,0,,,,,,,,,,,29.4,74.2,UNSAMPLED,0
7742,313.7003404776485,0,,,,,,,,,,,29.4,74.2,UNSAMPLED,0
7743,313.74085976729947,0,,,,,,,,,,,29.4,74.2,UNSAMPLED,0
7744,313.7813790569504,1,294.0,741.0,2940,7410,,,,,,,29.4,74.2,HOLD_PREVIOUS,1
7745,313.82189834660136,0,,,,,,,,,,,29.4,74.2,UNSAMPLED,0
7746,313.8624176362523,0,,,,,,,,,,,29.4,74.2,UNSAMPLED,0
7747,313.90293692590325,0,,,,,,,,,,,29.4,74.2,UNSAMPLED,0
7748,313.9434562155542,0,,,,,,,,,,,29.4,74.2,UNSAMPLED,0
7749,313.98397550520514,0,,,,,,,,,,,29.4,74.2,UNSAMPLED,0
7750,314.0244947948561,0,,,,,,,,,,,29.4,74.2,UNSAMPLED,0
7751,314.0650140845071,0,,,,,,,,,,,29.4,74.2,UNSAMPLED,0
7752,314.10553337415803,1,294.0,741.0,2940,7410,,,,,,,29.4,74.2,HOLD_PREVIOUS,1
7753,314.146052663809,0,,,,,,,,,,,29.4,74.2,UNSAMPLED,0
7754,314.1865719534599,0,,,,,,,,,,,29.4,74.2,UNSAMPLED,0
7755,314.22709124311086,0,,,,,,,,,,,29.4,74.2,UNSAMPLED,0
7756,314.2676105327618,0,,,,,,,,,,,29.4,74.2,UNSAMPLED,0
7757,314.30812982241275,0,,,,,,,,,,,29.4,74.2,UNSAMPLED,0
7758,314.3486491120637,0,,,,,,,,,,,29.4,74.2,UNSAMPLED,0
7759,314.38916840171464,0,,,,,,,,,,,29.4,74.2,UNSAMPLED,0
7760,314.4296876913656,1,294.0,740.0,2940,7400,,,,,,,29.4,74.2,HOLD_PREVIOUS,1
7761,314.47020698101653,0,,,,,,,,,,,29.4,74.2,UNSAMPLED,0
7762,314.5107262706675,0,,,,,,,,,,,29.4,74.2,UNSAMPLED,0
7763,314.5512455603184,0,,,,,,,,,,,29.4,74.2,UNSAMPLED,0
7764,314.5917648499694,0,,,,,,,,,,,29.4,74.2,UNSAMPLED,0
7765,314.63228413962037,0,,,,,,,,,,,29.4,74.2,UNSAMPLED,0
7766,314.6728034292713,0,,,,,,,,,,,29.4,74.2,UNSAMPLED,0
7767,314.71332271892226,0,,,,,,,,,,,29.4,74.2,UNSAMPLED,0
7768,314.7538420085732,1,24.4,740.0,244,7400,,,,,,,29.4,74.2,HOLD_PREVIOUS,1
7769,314.79436129822415,0,,,,,,,,,,,29.4,74.2,UNSAMPLED,0
7770,314.8348805878751,0,,,,,,,,,,,29.4,74.2,UNSAMPLED,0
7771,314.87539987752604,0,,,,,,,,,,,29.4,74.2,UNSAMPLED,0
7772,314.915919167177,0,,,,,,,,,,,29.4,74.2,UNSAMPLED,0
7773,314.9564384568279,0,,,,,,,,,,,29.4,74.2,UNSAMPLED,0
7774,314.99695774647887,0,,,,,,,,,,,29.4,74.2,UNSAMPLED,0
7775,315.0374770361298,0,,,,,,,,,,,29.4,74.2,UNSAMPLED,0
7776,315.0779963257808,1,24.4,741.0,244,7410,29.4,74.1,29.4,74.10,green_channel_otsu/PSM7,green_channel_otsu/PSM7,29.4,74.1,ACCEPT_RETRY,1
7777,315.11851561543176,0,,,,,,,,,,,29.4,74.1,UNSAMPLED,0
7778,315.1590349050827,0,,,,,,,,,,,29.4,74.1,UNSAMPLED,0
7779,315.19955419473365,0,,,,,,,,,,,29.4,74.1,UNSAMPLED,0
7780,315.2400734843846,0,,,,,,,,,,,29.4,74.1,UNSAMPLED,0
7781,315.28059277403554,0,,,,,,,,,,,29.4,74.1,UNSAMPLED,0
7782,315.3211120636865,0,,,,,,,,,,,29.4,74.1,UNSAMPLED,0
7783,315.36163135333743,0,,,,,,,,,,,29.4,74.1,UNSAMPLED,0
7784,315.4021506429884,1,24.4,741.0,244,7410,29.4,74.1,29.4,74.10,green_channel_otsu/PSM7,green_channel_otsu/PSM7,29.4,74.1,ACCEPT_RETRY,1
7785,315.4426699326393,0,,,,,,,,,,,29.4,74.1,UNSAMPLED,0
7786,315.48318922229026,0,,,,,,,,,,,29.4,74.1,UNSAMPLED,0
7787,315.5237085119412,0,,,,,,,,,,,29.4,74.1,UNSAMPLED,0
7788,315.56422780159215,0,,,,,,,,,,,29.4,74.1,UNSAMPLED,0
7789,315.60474709124315,0,,,,,,,,,,,29.4,74.1,UNSAMPLED,0
7790,315.6452663808941,0,,,,,,,,,,,29.4,74.1,UNSAMPLED,0
7791,315.68578567054504,0,,,,,,,,,,,29.4,74.1,UNSAMPLED,0
7792,315.726304960196,1,24.4,741.0,244,7410,29.4,74.1,29.4,74.10,green_channel_otsu/PSM7,green_channel_otsu/PSM7,29.4,74.1,ACCEPT_RETRY,1
7793,315.76682424984693,0,,,,,,,,,,,29.4,74.1,UNSAMPLED,0
7794,315.8073435394979,0,,,,,,,,,,,29.4,74.1,UNSAMPLED,0
7795,315.8478628291488,0,,,,,,,,,,,29.4,74.1,UNSAMPLED,0
7796,315.88838211879977,0,,,,,,,,,,,29.4,74.1,UNSAMPLED,0
7797,315.9289014084507,0,,,,,,,,,,,29.4,74.1,UNSAMPLED,0
7798,315.96942069810166,0,,,,,,,,,,,29.4,74.1,UNSAMPLED,0
7799,316.0099399877526,0,,,,,,,,,,,29.4,74.1,UNSAMPLED,0
7800,316.05045927740355,1,24.4,741.0,244,7410,29.4,74.1,29.4,74.10,green_channel_otsu/PSM7,green_channel_otsu/PSM7,29.4,74.1,ACCEPT_RETRY,1
7801,316.0909785670545,0,,,,,,,,,,,29.4,74.1,UNSAMPLED,0
7802,316.1314978567055,0,,,,,,,,,,,29.4,74.1,UNSAMPLED,0
7803,316.17201714635644,0,,,,,,,,,,,29.4,74.1,UNSAMPLED,0
7804,316.2125364360074,0,,,,,,,,,,,29.4,74.1,UNSAMPLED,0
7805,316.2530557256583,0,,,,,,,,,,,29.4,74.1,UNSAMPLED,0
7806,316.2935750153093,0,,,,,,,,,,,29.4,74.1,UNSAMPLED,0
7807,316.3340943049602,0,,,,,,,,,,,29.4,74.1,UNSAMPLED,0
7808,316.37461359461116,1,24.3,742.0,243,7420,29.3,74.2,293,74.20,green_difference/PSM8,green_channel_otsu/PSM7,29.3,74.2,ACCEPT_RETRY,1
7809,316.4151328842621,0,,,,,,,,,,,29.3,74.2,UNSAMPLED,0
7810,316.45565217391305,0,,,,,,,,,,,29.3,74.2,UNSAMPLED,0
7811,316.496171463564,0,,,,,,,,,,,29.3,74.2,UNSAMPLED,0
7812,316.53669075321494,0,,,,,,,,,,,29.3,74.2,UNSAMPLED,0
7813,316.5772100428659,0,,,,,,,,,,,29.3,74.2,UNSAMPLED,0
7814,316.61772933251683,0,,,,,,,,,,,29.3,74.2,UNSAMPLED,0
7815,316.65824862216783,0,,,,,,,,,,,29.3,74.2,UNSAMPLED,0
7816,316.6987679118188,1,24.3,742.0,24.30,7420,,,,,,,29.3,74.2,HOLD_PREVIOUS,1
7817,316.7392872014697,0,,,,,,,,,,,29.3,74.2,UNSAMPLED,0
7818,316.77980649112067,0,,,,,,,,,,,29.3,74.2,UNSAMPLED,0
7819,316.8203257807716,0,,,,,,,,,,,29.3,74.2,UNSAMPLED,0
7820,316.86084507042256,0,,,,,,,,,,,29.3,74.2,UNSAMPLED,0
7821,316.9013643600735,0,,,,,,,,,,,29.3,74.2,UNSAMPLED,0
7822,316.94188364972445,0,,,,,,,,,,,29.3,74.2,UNSAMPLED,0
7823,316.9824029393754,0,,,,,,,,,,,29.3,74.2,UNSAMPLED,0
7824,317.02292222902634,1,243.0,741.0,2430,7410,29.3,74.1,293,74.10,green_difference/PSM8,green_channel_otsu/PSM7,29.3,74.1,ACCEPT_RETRY,1
7825,317.0634415186773,0,,,,,,,,,,,29.3,74.1,UNSAMPLED,0
7826,317.1039608083282,0,,,,,,,,,,,29.3,74.1,UNSAMPLED,0
7827,317.14448009797917,0,,,,,,,,,,,29.3,74.1,UNSAMPLED,0
7828,317.18499938763017,0,,,,,,,,,,,29.3,74.1,UNSAMPLED,0
7829,317.2255186772811,0,,,,,,,,,,,29.3,74.1,UNSAMPLED,0
7830,317.26603796693206,0,,,,,,,,,,,29.3,74.1,UNSAMPLED,0
7831,317.306557256583,0,,,,,,,,,,,29.3,74.1,UNSAMPLED,0
7832,317.34707654623395,1,243.0,741.0,2430,7410,29.3,74.1,293,74.10,green_difference/PSM8,green_channel_otsu/PSM7,29.3,74.1,ACCEPT_RETRY,1
7833,317.3875958358849,0,,,,,,,,,,,29.3,74.1,UNSAMPLED,0
7834,317.42811512553584,0,,,,,,,,,,,29.3,74.1,UNSAMPLED,0
7835,317.4686344151868,0,,,,,,,,,,,29.3,74.1,UNSAMPLED,0
7836,317.50915370483773,0,,,,,,,,,,,29.3,74.1,UNSAMPLED,0
7837,317.5496729944887,0,,,,,,,,,,,29.3,74.1,UNSAMPLED,0
7838,317.5901922841396,0,,,,,,,,,,,29.3,74.1,UNSAMPLED,0
7839,317.63071157379056,0,,,,,,,,,,,29.3,74.1,UNSAMPLED,0
7840,317.6712308634415,1,243.0,74.2,2430,74.20,29.3,74.2,293,74.20,green_difference/PSM8,gray_otsu/PSM7,29.3,74.2,ACCEPT_RETRY,1
7841,317.7117501530925,0,,,,,,,,,,,29.3,74.2,UNSAMPLED,0
7842,317.75226944274345,0,,,,,,,,,,,29.3,74.2,UNSAMPLED,0
7843,317.7927887323944,0,,,,,,,,,,,29.3,74.2,UNSAMPLED,0
7844,317.83330802204534,0,,,,,,,,,,,29.3,74.2,UNSAMPLED,0
7845,317.8738273116963,0,,,,,,,,,,,29.3,74.2,UNSAMPLED,0
7846,317.91434660134723,0,,,,,,,,,,,29.3,74.2,UNSAMPLED,0
7847,317.9548658909982,0,,,,,,,,,,,29.3,74.2,UNSAMPLED,0
7848,317.9953851806491,1,243.0,74.2,2430,74.20,29.3,74.2,293,74.20,green_difference/PSM8,gray_otsu/PSM7,29.3,74.2,ACCEPT_RETRY,1
7849,318.03590447030007,0,,,,,,,,,,,29.3,74.2,UNSAMPLED,0
7850,318.076423759951,0,,,,,,,,,,,29.3,74.2,UNSAMPLED,0
7851,318.11694304960196,0,,,,,,,,,,,29.3,74.2,UNSAMPLED,0
7852,318.1574623392529,0,,,,,,,,,,,29.3,74.2,UNSAMPLED,0
7853,318.19798162890385,0,,,,,,,,,,,29.3,74.2,UNSAMPLED,0
7854,318.23850091855485,0,,,,,,,,,,,29.3,74.2,UNSAMPLED,0
7855,318.2790202082058,0,,,,,,,,,,,29.3,74.2,UNSAMPLED,0
7856,318.31953949785674,1,243.0,74.2,2430,74.20,29.3,74.2,293,74.20,green_difference/PSM8,gray_otsu/PSM7,29.3,74.2,ACCEPT_RETRY,1
7857,318.3600587875077,0,,,,,,,,,,,29.3,74.2,UNSAMPLED,0
7858,318.4005780771586,0,,,,,,,,,,,29.3,74.2,UNSAMPLED,0
7859,318.4410973668096,0,,,,,,,,,,,29.3,74.2,UNSAMPLED,0
7860,318.4816166564605,0,,,,,,,,,,,29.3,74.2,UNSAMPLED,0
7861,318.52213594611146,0,,,,,,,,,,,29.3,74.2,UNSAMPLED,0
7862,318.5626552357624,0,,,,,,,,,,,29.3,74.2,UNSAMPLED,0
7863,318.60317452541335,0,,,,,,,,,,,29.3,74.2,UNSAMPLED,0
7864,318.6436938150643,1,243.0,74.2,2430,74.20,29.3,74.2,293,74.20,green_difference/PSM8,gray_otsu/PSM7,29.3,74.2,ACCEPT_RETRY,1
7865,318.68421310471524,0,,,,,,,,,,,29.3,74.2,UNSAMPLED,0
7866,318.7247323943662,0,,,,,,,,,,,29.3,74.2,UNSAMPLED,0
7867,318.7652516840172,0,,,,,,,,,,,29.3,74.2,UNSAMPLED,0
7868,318.80577097366813,0,,,,,,,,,,,29.3,74.2,UNSAMPLED,0
7869,318.8462902633191,0,,,,,,,,,,,29.3,74.2,UNSAMPLED,0
7870,318.88680955297,0,,,,,,,,,,,29.3,74.2,UNSAMPLED,0
7871,318.92732884262097,0,,,,,,,,,,,29.3,74.2,UNSAMPLED,0
7872,318.9678481322719,1,,742.0,29,7420,,,,,,,29.3,74.2,HOLD_PREVIOUS,1
7873,319.00836742192286,0,,,,,,,,,,,29.3,74.2,UNSAMPLED,0
7874,319.0488867115738,0,,,,,,,,,,,29.3,74.2,UNSAMPLED,0
7875,319.08940600122475,0,,,,,,,,,,,29.3,74.2,UNSAMPLED,0
7876,319.1299252908757,0,,,,,,,,,,,29.3,74.2,UNSAMPLED,0
7877,319.17044458052663,0,,,,,,,,,,,29.3,74.2,UNSAMPLED,0
7878,319.2109638701776,0,,,,,,,,,,,29.3,74.2,UNSAMPLED,0
7879,319.2514831598286,0,,,,,,,,,,,29.3,74.2,UNSAMPLED,0
7880,319.2920024494795,1,29.0,742.0,290,7420,,,,,,,29.3,74.2,HOLD_PREVIOUS,1
7881,319.33252173913047,0,,,,,,,,,,,29.3,74.2,UNSAMPLED,0
7882,319.3730410287814,0,,,,,,,,,,,29.3,74.2,UNSAMPLED,0
7883,319.41356031843236,0,,,,,,,,,,,29.3,74.2,UNSAMPLED,0
7884,319.4540796080833,0,,,,,,,,,,,29.3,74.2,UNSAMPLED,0
7885,319.49459889773425,0,,,,,,,,,,,29.3,74.2,UNSAMPLED,0
7886,319.5351181873852,0,,,,,,,,,,,29.3,74.2,UNSAMPLED,0
7887,319.57563747703614,0,,,,,,,,,,,29.3,74.2,UNSAMPLED,0
7888,319.6161567666871,1,29.0,742.0,290,7420,,,,,,,29.3,74.2,HOLD_PREVIOUS,1
7889,319.65667605633803,0,,,,,,,,,,,29.3,74.2,UNSAMPLED,0
7890,319.697195345989,0,,,,,,,,,,,29.3,74.2,UNSAMPLED,0
7891,319.7377146356399,0,,,,,,,,,,,29.3,74.2,UNSAMPLED,0
7892,319.7782339252909,0,,,,,,,,,,,29.3,74.2,UNSAMPLED,0
7893,319.81875321494186,0,,,,,,,,,,,29.3,74.2,UNSAMPLED,0
7894,319.8592725045928,0,,,,,,,,,,,29.3,74.2,UNSAMPLED,0
7895,319.89979179424375,0,,,,,,,,,,,29.3,74.2,UNSAMPLED,0
7896,319.9403110838947,1,29.4,743.0,294,7430,29.4,74.3,294,74.30,green_difference/PSM7,green_channel_otsu/PSM7,29.4,74.3,ACCEPT_RETRY,1
7897,319.98083037354564,0,,,,,,,,,,,29.4,74.3,UNSAMPLED,0
7898,320.0213496631966,0,,,,,,,,,,,29.4,74.3,UNSAMPLED,0
7899,320.06186895284753,0,,,,,,,,,,,29.4,74.3,UNSAMPLED,0
7900,320.1023882424985,0,,,,,,,,,,,29.4,74.3,UNSAMPLED,0
7901,320.1429075321494,0,,,,,,,,,,,29.4,74.3,UNSAMPLED,0
7902,320.18342682180037,0,,,,,,,,,,,29.4,74.3,UNSAMPLED,0
7903,320.2239461114513,0,,,,,,,,,,,29.4,74.3,UNSAMPLED,0
7904,320.26446540110226,1,29.5,42.0,29.5,420,,,,,,,29.4,74.3,HOLD_PREVIOUS,1
7905,320.30498469075326,0,,,,,,,,,,,29.4,74.3,UNSAMPLED,0
7906,320.3455039804042,0,,,,,,,,,,,29.4,74.3,UNSAMPLED,0
7907,320.38602327005515,0,,,,,,,,,,,29.4,74.3,UNSAMPLED,0
7908,320.4265425597061,0,,,,,,,,,,,29.4,74.3,UNSAMPLED,0
7909,320.46706184935704,0,,,,,,,,,,,29.4,74.3,UNSAMPLED,0
7910,320.507581139008,0,,,,,,,,,,,29.4,74.3,UNSAMPLED,0
7911,320.5481004286589,0,,,,,,,,,,,29.4,74.3,UNSAMPLED,0
7912,320.5886197183099,1,29.5,42.0,29.5,420,,,,,,,29.4,74.3,HOLD_PREVIOUS,1
7913,320.6291390079608,0,,,,,,,,,,,29.4,74.3,UNSAMPLED,0
7914,320.66965829761176,0,,,,,,,,,,,29.4,74.3,UNSAMPLED,0
7915,320.7101775872627,0,,,,,,,,,,,29.4,74.3,UNSAMPLED,0
7916,320.75069687691365,0,,,,,,,,,,,29.4,74.3,UNSAMPLED,0
7917,320.7912161665646,0,,,,,,,,,,,29.4,74.3,UNSAMPLED,0
7918,320.8317354562156,0,,,,,,,,,,,29.4,74.3,UNSAMPLED,0
7919,320.87225474586654,0,,,,,,,,,,,29.4,74.3,UNSAMPLED,0
7920,320.9127740355175,1,,74.2,,74.20,,,,,,,29.4,74.3,HOLD_PREVIOUS,1
7921,320.95329332516843,0,,,,,,,,,,,29.4,74.3,UNSAMPLED,0
7922,320.9938126148194,0,,,,,,,,,,,29.4,74.3,UNSAMPLED,0
7923,321.0343319044703,0,,,,,,,,,,,29.4,74.3,UNSAMPLED,0
7924,321.07485119412127,0,,,,,,,,,,,29.4,74.3,UNSAMPLED,0
7925,321.1153704837722,0,,,,,,,,,,,29.4,74.3,UNSAMPLED,0
7926,321.15588977342316,0,,,,,,,,,,,29.4,74.3,UNSAMPLED,0
7927,321.1964090630741,0,,,,,,,,,,,29.4,74.3,UNSAMPLED,0
7928,321.23692835272504,1,,743.0,,7430,,,,,,,29.4,74.3,HOLD_PREVIOUS,1
7929,321.277447642376,0,,,,,,,,,,,29.4,74.3,UNSAMPLED,0
7930,321.31796693202693,0,,,,,,,,,,,29.4,74.3,UNSAMPLED,0
7931,321.35848622167794,0,,,,,,,,,,,29.4,74.3,UNSAMPLED,0
7932,321.3990055113289,0,,,,,,,,,,,29.4,74.3,UNSAMPLED,0
7933,321.4395248009798,0,,,,,,,,,,,29.4,74.3,UNSAMPLED,0
7934,321.48004409063077,0,,,,,,,,,,,29.4,74.3,UNSAMPLED,0
7935,321.5205633802817,0,,,,,,,,,,,29.4,74.3,UNSAMPLED,0
7936,321.56108266993266,1,29.65,742.0,29.650,7420,29.65,74.2,29.650,74.20,green_difference/PSM7,green_channel_otsu/PSM7,29.65,74.2,ACCEPT_RETRY,1
7937,321.6016019595836,0,,,,,,,,,,,29.65,74.2,UNSAMPLED,0
7938,321.64212124923455,0,,,,,,,,,,,29.65,74.2,UNSAMPLED,0
7939,321.6826405388855,0,,,,,,,,,,,29.65,74.2,UNSAMPLED,0
7940,321.72315982853644,0,,,,,,,,,,,29.65,74.2,UNSAMPLED,0
7941,321.7636791181874,0,,,,,,,,,,,29.65,74.2,UNSAMPLED,0
7942,321.8041984078383,0,,,,,,,,,,,29.65,74.2,UNSAMPLED,0
7943,321.8447176974893,0,,,,,,,,,,,29.65,74.2,UNSAMPLED,0
7944,321.8852369871403,1,295.0,743.0,2950,7430,,,,,,,29.65,74.2,HOLD_PREVIOUS,1
7945,321.9257562767912,0,,,,,,,,,,,29.65,74.2,UNSAMPLED,0
7946,321.96627556644216,0,,,,,,,,,,,29.65,74.2,UNSAMPLED,0
7947,322.0067948560931,0,,,,,,,,,,,29.65,74.2,UNSAMPLED,0
7948,322.04731414574405,0,,,,,,,,,,,29.65,74.2,UNSAMPLED,0
7949,322.087833435395,0,,,,,,,,,,,29.65,74.2,UNSAMPLED,0
7950,322.12835272504594,0,,,,,,,,,,,29.65,74.2,UNSAMPLED,0
7951,322.1688720146969,0,,,,,,,,,,,29.65,74.2,UNSAMPLED,0
7952,322.20939130434783,1,295.0,743.0,2950,7430,,,,,,,29.65,74.2,HOLD_PREVIOUS,1
7953,322.2499105939988,0,,,,,,,,,,,29.65,74.2,UNSAMPLED,0
7954,322.2904298836497,0,,,,,,,,,,,29.65,74.2,UNSAMPLED,0
7955,322.33094917330067,0,,,,,,,,,,,29.65,74.2,UNSAMPLED,0
7956,322.3714684629516,0,,,,,,,,,,,29.65,74.2,UNSAMPLED,0
7957,322.4119877526026,0,,,,,,,,,,,29.65,74.2,UNSAMPLED,0
7958,322.45250704225356,0,,,,,,,,,,,29.65,74.2,UNSAMPLED,0
7959,322.4930263319045,0,,,,,,,,,,,29.65,74.2,UNSAMPLED,0
7960,322.53354562155545,1,29.4,743.0,294,7430,29.4,74.3,29.4,74.30,green_channel_otsu/PSM7,green_channel_otsu/PSM7,29.4,74.3,ACCEPT_RETRY,1
7961,322.5740649112064,0,,,,,,,,,,,29.4,74.3,UNSAMPLED,0
7962,322.61458420085734,0,,,,,,,,,,,29.4,74.3,UNSAMPLED,0
7963,322.6551034905083,0,,,,,,,,,,,29.4,74.3,UNSAMPLED,0
7964,322.6956227801592,0,,,,,,,,,,,29.4,74.3,UNSAMPLED,0
7965,322.73614206981017,0,,,,,,,,,,,29.4,74.3,UNSAMPLED,0
7966,322.7766613594611,0,,,,,,,,,,,29.4,74.3,UNSAMPLED,0
7967,322.81718064911206,0,,,,,,,,,,,29.4,74.3,UNSAMPLED,0
7968,322.857699938763,1,294.0,74.3,2940,74.30,29.4,74.3,29.4,74.30,green_channel_otsu/PSM7,gray_otsu/PSM7,29.4,74.3,ACCEPT_RETRY,1
7969,322.898219228414,0,,,,,,,,,,,29.4,74.3,UNSAMPLED,0
7970,322.93873851806495,0,,,,,,,,,,,29.4,74.3,UNSAMPLED,0
7971,322.9792578077159,0,,,,,,,,,,,29.4,74.3,UNSAMPLED,0
7972,323.01977709736684,0,,,,,,,,,,,29.4,74.3,UNSAMPLED,0
7973,323.0602963870178,0,,,,,,,,,,,29.4,74.3,UNSAMPLED,0
7974,323.10081567666873,0,,,,,,,,,,,29.4,74.3,UNSAMPLED,0
7975,323.1413349663197,0,,,,,,,,,,,29.4,74.3,UNSAMPLED,0
7976,323.1818542559706,1,294.0,74.3,2940,74.30,29.4,74.3,29.4,74.30,hsv_green/PSM7,gray_otsu/PSM7,29.4,74.3,ACCEPT_RETRY,1
7977,323.22237354562156,0,,,,,,,,,,,29.4,74.3,UNSAMPLED,0
7978,323.2628928352725,0,,,,,,,,,,,29.4,74.3,UNSAMPLED,0
7979,323.30341212492345,0,,,,,,,,,,,29.4,74.3,UNSAMPLED,0
7980,323.3439314145744,0,,,,,,,,,,,29.4,74.3,UNSAMPLED,0
7981,323.38445070422534,0,,,,,,,,,,,29.4,74.3,UNSAMPLED,0
7982,323.42496999387635,0,,,,,,,,,,,29.4,74.3,UNSAMPLED,0
7983,323.4654892835273,0,,,,,,,,,,,29.4,74.3,UNSAMPLED,0
7984,323.50600857317824,1,294.0,74.3,2940,74.30,29.4,74.3,29.4,74.30,hsv_green/PSM7,gray_otsu/PSM7,29.4,74.3,ACCEPT_RETRY,1
7985,323.5465278628292,0,,,,,,,,,,,29.4,74.3,UNSAMPLED,0
7986,323.5870471524801,0,,,,,,,,,,,29.4,74.3,UNSAMPLED,0
7987,323.62756644213107,0,,,,,,,,,,,29.4,74.3,UNSAMPLED,0
7988,323.668085731782,0,,,,,,,,,,,29.4,74.3,UNSAMPLED,0
7989,323.70860502143296,0,,,,,,,,,,,29.4,74.3,UNSAMPLED,0
7990,323.7491243110839,0,,,,,,,,,,,29.4,74.3,UNSAMPLED,0
7991,323.78964360073485,0,,,,,,,,,,,29.4,74.3,UNSAMPLED,0
7992,323.8301628903858,1,294.0,741.0,2940,7410,29.4,74.1,29.4,74.10,hsv_green/PSM7,green_channel_otsu/PSM7,29.4,74.1,ACCEPT_RETRY,1
7993,323.87068218003674,0,,,,,,,,,,,29.4,74.1,UNSAMPLED,0
7994,323.9112014696877,0,,,,,,,,,,,29.4,74.1,UNSAMPLED,0
7995,323.9517207593387,0,,,,,,,,,,,29.4,74.1,UNSAMPLED,0
7996,323.99224004898963,0,,,,,,,,,,,29.4,74.1,UNSAMPLED,0
7997,324.0327593386406,0,,,,,,,,,,,29.4,74.1,UNSAMPLED,0
7998,324.0732786282915,0,,,,,,,,,,,29.4,74.1,UNSAMPLED,0
7999,324.11379791794246,0,,,,,,,,,,,29.4,74.1,UNSAMPLED,0
8000,324.1543172075934,1,294.0,741.0,2940,7410,29.4,74.1,29.4,74.10,hsv_green/PSM7,green_channel_otsu/PSM7,29.4,74.1,ACCEPT_RETRY,1
8001,324.19483649724435,0,,,,,,,,,,,29.4,74.1,UNSAMPLED,0
8002,324.2353557868953,0,,,,,,,,,,,29.4,74.1,UNSAMPLED,0
8003,324.27587507654624,0,,,,,,,,,,,29.4,74.1,UNSAMPLED,0
8004,324.3163943661972,0,,,,,,,,,,,29.4,74.1,UNSAMPLED,0
8005,324.35691365584813,0,,,,,,,,,,,29.4,74.1,UNSAMPLED,0
8006,324.3974329454991,0,,,,,,,,,,,29.4,74.1,UNSAMPLED,0
8007,324.43795223515,0,,,,,,,,,,,29.4,74.1,UNSAMPLED,0
8008,324.478471524801,1,294.0,741.0,2940,7410,29.4,74.1,29.4,74.10,hsv_green/PSM7,green_channel_otsu/PSM7,29.4,74.1,ACCEPT_RETRY,1
8009,324.51899081445197,0,,,,,,,,,,,29.4,74.1,UNSAMPLED,0
8010,324.5595101041029,0,,,,,,,,,,,29.4,74.1,UNSAMPLED,0
8011,324.60002939375386,0,,,,,,,,,,,29.4,74.1,UNSAMPLED,0
8012,324.6405486834048,0,,,,,,,,,,,29.4,74.1,UNSAMPLED,0
8013,324.68106797305575,0,,,,,,,,,,,29.4,74.1,UNSAMPLED,0
8014,324.7215872627067,0,,,,,,,,,,,29.4,74.1,UNSAMPLED,0
8015,324.76210655235764,0,,,,,,,,,,,29.4,74.1,UNSAMPLED,0
8016,324.8026258420086,1,29.4,741.0,294,7410,29.4,74.1,29.4,74.10,green_channel_otsu/PSM7,green_channel_otsu/PSM7,29.4,74.1,ACCEPT_RETRY,1
8017,324.8431451316595,0,,,,,,,,,,,29.4,74.1,UNSAMPLED,0
8018,324.88366442131047,0,,,,,,,,,,,29.4,74.1,UNSAMPLED,0
8019,324.9241837109614,0,,,,,,,,,,,29.4,74.1,UNSAMPLED,0
8020,324.96470300061236,0,,,,,,,,,,,29.4,74.1,UNSAMPLED,0
8021,325.00522229026336,0,,,,,,,,,,,29.4,74.1,UNSAMPLED,0
8022,325.0457415799143,0,,,,,,,,,,,29.4,74.1,UNSAMPLED,0
8023,325.08626086956525,0,,,,,,,,,,,29.4,74.1,UNSAMPLED,0
8024,325.1267801592162,1,294.0,742.0,2940,7420,,,,,,,29.4,74.1,HOLD_PREVIOUS,1
8025,325.16729944886714,0,,,,,,,,,,,29.4,74.1,UNSAMPLED,0
8026,325.2078187385181,0,,,,,,,,,,,29.4,74.1,UNSAMPLED,0
8027,325.24833802816903,0,,,,,,,,,,,29.4,74.1,UNSAMPLED,0
8028,325.28885731782,0,,,,,,,,,,,29.4,74.1,UNSAMPLED,0
8029,325.3293766074709,0,,,,,,,,,,,29.4,74.1,UNSAMPLED,0
8030,325.36989589712186,0,,,,,,,,,,,29.4,74.1,UNSAMPLED,0
8031,325.4104151867728,0,,,,,,,,,,,29.4,74.1,UNSAMPLED,0
8032,325.45093447642375,1,294.0,742.0,2940,7420,,,,,,,29.4,74.1,HOLD_PREVIOUS,1
8033,325.4914537660747,0,,,,,,,,,,,29.4,74.1,UNSAMPLED,0
8034,325.5319730557257,0,,,,,,,,,,,29.4,74.1,UNSAMPLED,0
8035,325.57249234537665,0,,,,,,,,,,,29.4,74.1,UNSAMPLED,0
8036,325.6130116350276,0,,,,,,,,,,,29.4,74.1,UNSAMPLED,0
8037,325.65353092467853,0,,,,,,,,,,,29.4,74.1,UNSAMPLED,0
8038,325.6940502143295,0,,,,,,,,,,,29.4,74.1,UNSAMPLED,0
8039,325.7345695039804,0,,,,,,,,,,,29.4,74.1,UNSAMPLED,0
8040,325.77508879363137,1,294.0,742.0,2940,7420,,,,,,,29.4,74.1,HOLD_PREVIOUS,1
8041,325.8156080832823,0,,,,,,,,,,,29.4,74.1,UNSAMPLED,0
8042,325.85612737293326,0,,,,,,,,,,,29.4,74.1,UNSAMPLED,0
8043,325.8966466625842,0,,,,,,,,,,,29.4,74.1,UNSAMPLED,0
8044,325.93716595223515,0,,,,,,,,,,,29.4,74.1,UNSAMPLED,0
8045,325.9776852418861,0,,,,,,,,,,,29.4,74.1,UNSAMPLED,0
8046,326.01820453153704,0,,,,,,,,,,,29.4,74.1,UNSAMPLED,0
8047,326.05872382118804,0,,,,,,,,,,,29.4,74.1,UNSAMPLED,0
8048,326.099243110839,1,294.0,742.0,2940,7420,,,,,,,29.4,74.1,HOLD_PREVIOUS,1
8049,326.13976240048993,0,,,,,,,,,,,29.4,74.1,UNSAMPLED,0
8050,326.1802816901409,0,,,,,,,,,,,29.4,74.1,UNSAMPLED,0
8051,326.2208009797918,0,,,,,,,,,,,29.4,74.1,UNSAMPLED,0
8052,326.26132026944276,0,,,,,,,,,,,29.4,74.1,UNSAMPLED,0
8053,326.3018395590937,0,,,,,,,,,,,29.4,74.1,UNSAMPLED,0
8054,326.34235884874465,0,,,,,,,,,,,29.4,74.1,UNSAMPLED,0
8055,326.3828781383956,0,,,,,,,,,,,29.4,74.1,UNSAMPLED,0
8056,326.42339742804654,1,294.0,742.0,2940,7420,,,,,,,29.4,74.1,HOLD_PREVIOUS,1
8057,326.4639167176975,0,,,,,,,,,,,29.4,74.1,UNSAMPLED,0
8058,326.50443600734843,0,,,,,,,,,,,29.4,74.1,UNSAMPLED,0
8059,326.54495529699943,0,,,,,,,,,,,29.4,74.1,UNSAMPLED,0
8060,326.5854745866504,0,,,,,,,,,,,29.4,74.1,UNSAMPLED,0
8061,326.6259938763013,0,,,,,,,,,,,29.4,74.1,UNSAMPLED,0
8062,326.66651316595227,0,,,,,,,,,,,29.4,74.1,UNSAMPLED,0
8063,326.7070324556032,0,,,,,,,,,,,29.4,74.1,UNSAMPLED,0
8064,326.74755174525416,1,294.0,742.0,2940,7420,,,,,,,29.4,74.1,HOLD_PREVIOUS,1
8065,326.7880710349051,0,,,,,,,,,,,29.4,74.1,UNSAMPLED,0
8066,326.82859032455605,0,,,,,,,,,,,29.4,74.1,UNSAMPLED,0
8067,326.869109614207,0,,,,,,,,,,,29.4,74.1,UNSAMPLED,0
8068,326.90962890385794,0,,,,,,,,,,,29.4,74.1,UNSAMPLED,0
8069,326.9501481935089,0,,,,,,,,,,,29.4,74.1,UNSAMPLED,0
8070,326.9906674831598,0,,,,,,,,,,,29.4,74.1,UNSAMPLED,0
8071,327.03118677281077,0,,,,,,,,,,,29.4,74.1,UNSAMPLED,0
8072,327.0717060624618,1,294.0,741.0,2940,7410,,,,,,,29.4,74.1,HOLD_PREVIOUS,1
8073,327.1122253521127,0,,,,,,,,,,,29.4,74.1,UNSAMPLED,0
8074,327.15274464176366,0,,,,,,,,,,,29.4,74.1,UNSAMPLED,0
8075,327.1932639314146,0,,,,,,,,,,,29.4,74.1,UNSAMPLED,0
8076,327.23378322106555,0,,,,,,,,,,,29.4,74.1,UNSAMPLED,0
8077,327.2743025107165,0,,,,,,,,,,,29.4,74.1,UNSAMPLED,0
8078,327.31482180036744,0,,,,,,,,,,,29.4,74.1,UNSAMPLED,0
8079,327.3553410900184,0,,,,,,,,,,,29.4,74.1,UNSAMPLED,0
8080,327.39586037966933,1,294.0,741.0,2940,7410,,,,,,,29.4,74.1,HOLD_PREVIOUS,1
8081,327.4363796693203,0,,,,,,,,,,,29.4,74.1,UNSAMPLED,0
8082,327.4768989589712,0,,,,,,,,,,,29.4,74.1,UNSAMPLED,0
8083,327.51741824862216,0,,,,,,,,,,,29.4,74.1,UNSAMPLED,0
8084,327.5579375382731,0,,,,,,,,,,,29.4,74.1,UNSAMPLED,0
8085,327.5984568279241,0,,,,,,,,,,,29.4,74.1,UNSAMPLED,0
8086,327.63897611757506,0,,,,,,,,,,,29.4,74.1,UNSAMPLED,0
8087,327.679495407226,0,,,,,,,,,,,29.4,74.1,UNSAMPLED,0
8088,327.72001469687694,1,294.0,741.0,2940,7410,,,,,,,29.4,74.1,HOLD_PREVIOUS,1
8089,327.7605339865279,0,,,,,,,,,,,29.4,74.1,UNSAMPLED,0
8090,327.80105327617883,0,,,,,,,,,,,29.4,74.1,UNSAMPLED,0
8091,327.8415725658298,0,,,,,,,,,,,29.4,74.1,UNSAMPLED,0
8092,327.8820918554807,0,,,,,,,,,,,29.4,74.1,UNSAMPLED,0
8093,327.92261114513167,0,,,,,,,,,,,29.4,74.1,UNSAMPLED,0
8094,327.9631304347826,0,,,,,,,,,,,29.4,74.1,UNSAMPLED,0
8095,328.00364972443356,0,,,,,,,,,,,29.4,74.1,UNSAMPLED,0
8096,328.0441690140845,1,294.0,741.0,2940,7410,,,,,,,29.4,74.1,HOLD_PREVIOUS,1
8097,328.08468830373545,0,,,,,,,,,,,29.4,74.1,UNSAMPLED,0
8098,328.12520759338645,0,,,,,,,,,,,29.4,74.1,UNSAMPLED,0
8099,328.1657268830374,0,,,,,,,,,,,29.4,74.1,UNSAMPLED,0
8100,328.20624617268834,0,,,,,,,,,,,29.4,74.1,UNSAMPLED,0
8101,328.2467654623393,0,,,,,,,,,,,29.4,74.1,UNSAMPLED,0
8102,328.2872847519902,0,,,,,,,,,,,29.4,74.1,UNSAMPLED,0
8103,328.3278040416412,0,,,,,,,,,,,29.4,74.1,UNSAMPLED,0
8104,328.3683233312921,1,294.0,741.0,2940,7410,,,,,,,29.4,74.1,HOLD_PREVIOUS,1
8105,328.40884262094306,0,,,,,,,,,,,29.4,74.1,UNSAMPLED,0
8106,328.449361910594,0,,,,,,,,,,,29.4,74.1,UNSAMPLED,0
8107,328.48988120024495,0,,,,,,,,,,,29.4,74.1,UNSAMPLED,0
8108,328.5304004898959,0,,,,,,,,,,,29.4,74.1,UNSAMPLED,0
8109,328.57091977954684,0,,,,,,,,,,,29.4,74.1,UNSAMPLED,0
8110,328.6114390691978,0,,,,,,,,,,,29.4,74.1,UNSAMPLED,0
8111,328.6519583588488,0,,,,,,,,,,,29.4,74.1,UNSAMPLED,0
8112,328.69247764849973,1,294.0,741.0,2940,7410,,,,,,,29.4,74.1,HOLD_PREVIOUS,1
8113,328.7329969381507,0,,,,,,,,,,,29.4,74.1,UNSAMPLED,0
8114,328.7735162278016,0,,,,,,,,,,,29.4,74.1,UNSAMPLED,0
8115,328.81403551745257,0,,,,,,,,,,,29.4,74.1,UNSAMPLED,0
8116,328.8545548071035,0,,,,,,,,,,,29.4,74.1,UNSAMPLED,0
8117,328.89507409675446,0,,,,,,,,,,,29.4,74.1,UNSAMPLED,0
8118,328.9355933864054,0,,,,,,,,,,,29.4,74.1,UNSAMPLED,0
8119,328.97611267605635,0,,,,,,,,,,,29.4,74.1,UNSAMPLED,0
8120,329.0166319657073,1,29.4,741.0,294,7410,29.4,74.1,294,74.10,green_difference/PSM7,green_difference/PSM7,29.4,74.1,ACCEPT_RETRY,1
8121,329.05715125535824,0,,,,,,,,,,,29.4,74.1,UNSAMPLED,0
8122,329.0976705450092,0,,,,,,,,,,,29.4,74.1,UNSAMPLED,0
8123,329.1381898346601,0,,,,,,,,,,,29.4,74.1,UNSAMPLED,0
8124,329.1787091243111,0,,,,,,,,,,,29.4,74.1,UNSAMPLED,0
8125,329.21922841396207,0,,,,,,,,,,,29.4,74.1,UNSAMPLED,0
8126,329.259747703613,0,,,,,,,,,,,29.4,74.1,UNSAMPLED,0
8127,329.30026699326396,0,,,,,,,,,,,29.4,74.1,UNSAMPLED,0
8128,329.3407862829149,1,29.4,73.9,294,73.9-,29.4,73.9,294,73.9-,green_difference/PSM7,gray_otsu/PSM7,29.4,73.9,ACCEPT_PRIMARY,0
8129,329.38130557256585,0,,,,,,,,,,,29.4,73.9,UNSAMPLED,0
8130,329.4218248622168,0,,,,,,,,,,,29.4,73.9,UNSAMPLED,0
8131,329.46234415186774,0,,,,,,,,,,,29.4,73.9,UNSAMPLED,0
8132,329.5028634415187,0,,,,,,,,,,,29.4,73.9,UNSAMPLED,0
8133,329.54338273116963,0,,,,,,,,,,,29.4,73.9,UNSAMPLED,0
8134,329.5839020208206,0,,,,,,,,,,,29.4,73.9,UNSAMPLED,0
8135,329.6244213104715,0,,,,,,,,,,,29.4,73.9,UNSAMPLED,0
8136,329.66494060012246,1,29.4,73.9,294,73.9-,29.4,73.9,294,73.9-,green_difference/PSM7,gray_otsu/PSM7,29.4,73.9,ACCEPT_PRIMARY,0
8137,329.70545988977346,0,,,,,,,,,,,29.4,73.9,UNSAMPLED,0
8138,329.7459791794244,0,,,,,,,,,,,29.4,73.9,UNSAMPLED,0
8139,329.78649846907535,0,,,,,,,,,,,29.4,73.9,UNSAMPLED,0
8140,329.8270177587263,0,,,,,,,,,,,29.4,73.9,UNSAMPLED,0
8141,329.86753704837724,0,,,,,,,,,,,29.4,73.9,UNSAMPLED,0
8142,329.9080563380282,0,,,,,,,,,,,29.4,73.9,UNSAMPLED,0
8143,329.94857562767913,0,,,,,,,,,,,29.4,73.9,UNSAMPLED,0
8144,329.9890949173301,1,29.4,740.0,294,7400,29.4,74.0,294,740,green_difference/PSM7,green_difference/PSM7,29.4,74.0,ACCEPT_RETRY,1
8145,330.029614206981,0,,,,,,,,,,,29.4,74.0,UNSAMPLED,0
8146,330.07013349663197,0,,,,,,,,,,,29.4,74.0,UNSAMPLED,0
8147,330.1106527862829,0,,,,,,,,,,,29.4,74.0,UNSAMPLED,0
8148,330.15117207593386,0,,,,,,,,,,,29.4,74.0,UNSAMPLED,0
8149,330.1916913655848,0,,,,,,,,,,,29.4,74.0,UNSAMPLED,0
8150,330.2322106552358,0,,,,,,,,,,,29.4,74.0,UNSAMPLED,0
8151,330.27272994488675,0,,,,,,,,,,,29.4,74.0,UNSAMPLED,0
8152,330.3132492345377,1,29.4,740.0,294,7400,29.4,74.0,294,740,green_difference/PSM7,green_difference/PSM7,29.4,74.0,ACCEPT_RETRY,1
8153,330.35376852418864,0,,,,,,,,,,,29.4,74.0,UNSAMPLED,0
8154,330.3942878138396,0,,,,,,,,,,,29.4,74.0,UNSAMPLED,0
8155,330.4348071034905,0,,,,,,,,,,,29.4,74.0,UNSAMPLED,0
8156,330.4753263931415,0,,,,,,,,,,,29.4,74.0,UNSAMPLED,0
8157,330.5158456827924,0,,,,,,,,,,,29.4,74.0,UNSAMPLED,0
8158,330.55636497244336,0,,,,,,,,,,,29.4,74.0,UNSAMPLED,0
8159,330.5968842620943,0,,,,,,,,,,,29.4,74.0,UNSAMPLED,0
8160,330.63740355174525,1,29.4,740.0,294,7400,29.4,74.0,294,740,green_difference/PSM7,green_difference/PSM7,29.4,74.0,ACCEPT_RETRY,1
8161,330.6779228413962,0,,,,,,,,,,,29.4,74.0,UNSAMPLED,0
8162,330.7184421310472,0,,,,,,,,,,,29.4,74.0,UNSAMPLED,0
8163,330.75896142069814,0,,,,,,,,,,,29.4,74.0,UNSAMPLED,0
8164,330.7994807103491,1,29.4,740.0,29.40,7400,29.4,74.0,29.40,740,green_difference/PSM7,green_difference/PSM7,29.4,74.0,ACCEPT_RETRY,1
