image_id,filename,source_group,source_video,source_frame,timestamp_seconds,augmentation,dx_pixels,dy_pixels,rotation_deg,scale,instance_count
1,95_fur_incin_AB_Stacks_Thermal__frame_000000__original.jpg,95_fur_incin_AB_Stacks_Thermal__frame_000000,95.fur incin AB Stacks Thermal.mp4,0,0.0,original,0.0,0.0,0.0,1.0,2
2,95_fur_incin_AB_Stacks_Thermal__frame_000000__aug_01.jpg,95_fur_incin_AB_Stacks_Thermal__frame_000000,95.fur incin AB Stacks Thermal.mp4,0,0.0,aug_01,9.75987589205186,-23.749462238866652,-1.1248534081544037,0.9833926442889294,2
3,95_fur_incin_AB_Stacks_Thermal__frame_000000__aug_02.jpg,95_fur_incin_AB_Stacks_Thermal__frame_000000,95.fur incin AB Stacks Thermal.mp4,0,0.0,aug_02,-5.4654726220310685,-23.510139028096482,-1.4068101259819832,1.0003213172862018,2
4,95_fur_incin_AB_Stacks_Thermal__frame_000122__original.jpg,95_fur_incin_AB_Stacks_Thermal__frame_000122,95.fur incin AB Stacks Thermal.mp4,122,5.018113207547169,original,0.0,0.0,0.0,1.0,2
5,95_fur_incin_AB_Stacks_Thermal__frame_000122__aug_01.jpg,95_fur_incin_AB_Stacks_Thermal__frame_000122,95.fur incin AB Stacks Thermal.mp4,122,5.018113207547169,aug_01,-33.14248212212954,-15.058117465667575,0.7494221888976158,1.0026964888361931,2
6,95_fur_incin_AB_Stacks_Thermal__frame_000122__aug_02.jpg,95_fur_incin_AB_Stacks_Thermal__frame_000122,95.fur incin AB Stacks Thermal.mp4,122,5.018113207547169,aug_02,-19.56915645715123,4.463284193795435,1.5471522833891331,0.9703899255806836,2
7,95_fur_incin_AB_Stacks_Thermal__frame_000244__original.jpg,95_fur_incin_AB_Stacks_Thermal__frame_000244,95.fur incin AB Stacks Thermal.mp4,244,10.036226415094339,original,0.0,0.0,0.0,1.0,2
8,95_fur_incin_AB_Stacks_Thermal__frame_000244__aug_01.jpg,95_fur_incin_AB_Stacks_Thermal__frame_000244,95.fur incin AB Stacks Thermal.mp4,244,10.036226415094339,aug_01,32.00491505447468,-8.170272744368663,-2.0362707830992606,0.9758029826100079,2
9,95_fur_incin_AB_Stacks_Thermal__frame_000244__aug_02.jpg,95_fur_incin_AB_Stacks_Thermal__frame_000244,95.fur incin AB Stacks Thermal.mp4,244,10.036226415094339,aug_02,14.320028535044642,-22.70878081721689,-1.3605086217422657,0.9873632778161264,2
10,95_fur_incin_AB_Stacks_Thermal__frame_000366__original.jpg,95_fur_incin_AB_Stacks_Thermal__frame_000366,95.fur incin AB Stacks Thermal.mp4,366,15.054339622641509,original,0.0,0.0,0.0,1.0,2
11,95_fur_incin_AB_Stacks_Thermal__frame_000366__aug_01.jpg,95_fur_incin_AB_Stacks_Thermal__frame_000366,95.fur incin AB Stacks Thermal.mp4,366,15.054339622641509,aug_01,-29.414561615346074,-13.36045568194849,-1.9949928529513543,0.9866784161866056,2
12,95_fur_incin_AB_Stacks_Thermal__frame_000366__aug_02.jpg,95_fur_incin_AB_Stacks_Thermal__frame_000366,95.fur incin AB Stacks Thermal.mp4,366,15.054339622641509,aug_02,9.497911098508013,-6.758391051495789,-0.6490951644155869,0.9825704218462893,2
13,95_fur_incin_AB_Stacks_Thermal__frame_000488__original.jpg,95_fur_incin_AB_Stacks_Thermal__frame_000488,95.fur incin AB Stacks Thermal.mp4,488,20.072452830188677,original,0.0,0.0,0.0,1.0,2
14,95_fur_incin_AB_Stacks_Thermal__frame_000488__aug_01.jpg,95_fur_incin_AB_Stacks_Thermal__frame_000488,95.fur incin AB Stacks Thermal.mp4,488,20.072452830188677,aug_01,26.34573385308682,-9.266105960076104,0.7771933264744,0.9937379140636399,2
15,95_fur_incin_AB_Stacks_Thermal__frame_000488__aug_02.jpg,95_fur_incin_AB_Stacks_Thermal__frame_000488,95.fur incin AB Stacks Thermal.mp4,488,20.072452830188677,aug_02,29.018331281838044,-2.0574073706300595,-1.1755991675097377,0.984797650461639,2
16,95_fur_incin_AB_Stacks_Thermal__frame_000610__original.jpg,95_fur_incin_AB_Stacks_Thermal__frame_000610,95.fur incin AB Stacks Thermal.mp4,610,25.090566037735847,original,0.0,0.0,0.0,1.0,2
17,95_fur_incin_AB_Stacks_Thermal__frame_000610__aug_01.jpg,95_fur_incin_AB_Stacks_Thermal__frame_000610,95.fur incin AB Stacks Thermal.mp4,610,25.090566037735847,aug_01,-7.041964640172193,-14.033962042135833,2.4876880324755515,1.000571577620588,2
18,95_fur_incin_AB_Stacks_Thermal__frame_000610__aug_02.jpg,95_fur_incin_AB_Stacks_Thermal__frame_000610,95.fur incin AB Stacks Thermal.mp4,610,25.090566037735847,aug_02,-28.63634114783443,-22.644181228763273,-1.9517543482467041,1.0076467625021854,2
19,95_fur_incin_AB_Stacks_Thermal__frame_000732__original.jpg,95_fur_incin_AB_Stacks_Thermal__frame_000732,95.fur incin AB Stacks Thermal.mp4,732,30.108679245283017,original,0.0,0.0,0.0,1.0,2
20,95_fur_incin_AB_Stacks_Thermal__frame_000732__aug_01.jpg,95_fur_incin_AB_Stacks_Thermal__frame_000732,95.fur incin AB Stacks Thermal.mp4,732,30.108679245283017,aug_01,-5.380344185937915,-14.410089727895897,0.19648044389729158,1.0137958641453986,2
21,95_fur_incin_AB_Stacks_Thermal__frame_000732__aug_02.jpg,95_fur_incin_AB_Stacks_Thermal__frame_000732,95.fur incin AB Stacks Thermal.mp4,732,30.108679245283017,aug_02,25.174478017762254,-21.45713250556733,-1.309976828155024,1.0101386666977767,2
22,95_fur_incin_AB_Stacks_Thermal__frame_000854__original.jpg,95_fur_incin_AB_Stacks_Thermal__frame_000854,95.fur incin AB Stacks Thermal.mp4,854,35.12679245283019,original,0.0,0.0,0.0,1.0,2
23,95_fur_incin_AB_Stacks_Thermal__frame_000854__aug_01.jpg,95_fur_incin_AB_Stacks_Thermal__frame_000854,95.fur incin AB Stacks Thermal.mp4,854,35.12679245283019,aug_01,-20.003423484069298,-18.384407563748752,2.177571202903355,1.004262585599517,2
24,95_fur_incin_AB_Stacks_Thermal__frame_000854__aug_02.jpg,95_fur_incin_AB_Stacks_Thermal__frame_000854,95.fur incin AB Stacks Thermal.mp4,854,35.12679245283019,aug_02,-28.214843003982367,-3.4474408796811247,-0.3821068849003959,0.9980214800822005,2
25,95_fur_incin_AB_Stacks_Thermal__frame_000976__original.jpg,95_fur_incin_AB_Stacks_Thermal__frame_000976,95.fur incin AB Stacks Thermal.mp4,976,40.144905660377354,original,0.0,0.0,0.0,1.0,2
26,95_fur_incin_AB_Stacks_Thermal__frame_000976__aug_01.jpg,95_fur_incin_AB_Stacks_Thermal__frame_000976,95.fur incin AB Stacks Thermal.mp4,976,40.144905660377354,aug_01,-6.816510252841187,-8.034869730251842,1.8083626817639553,0.9849193800352172,2
27,95_fur_incin_AB_Stacks_Thermal__frame_000976__aug_02.jpg,95_fur_incin_AB_Stacks_Thermal__frame_000976,95.fur incin AB Stacks Thermal.mp4,976,40.144905660377354,aug_02,-21.685376409143196,-2.5693226083434055,-0.3905918008279792,0.9867127086800164,2
28,95_fur_incin_AB_Stacks_Thermal__frame_001098__original.jpg,95_fur_incin_AB_Stacks_Thermal__frame_001098,95.fur incin AB Stacks Thermal.mp4,1098,45.16301886792453,original,0.0,0.0,0.0,1.0,2
29,95_fur_incin_AB_Stacks_Thermal__frame_001098__aug_01.jpg,95_fur_incin_AB_Stacks_Thermal__frame_001098,95.fur incin AB Stacks Thermal.mp4,1098,45.16301886792453,aug_01,3.522771871489361,-22.470583523755938,2.496412342063633,1.0201616551047972,2
30,95_fur_incin_AB_Stacks_Thermal__frame_001098__aug_02.jpg,95_fur_incin_AB_Stacks_Thermal__frame_001098,95.fur incin AB Stacks Thermal.mp4,1098,45.16301886792453,aug_02,-1.005121218449709,-14.312635040040917,-0.4947985372527368,0.9735181239983307,2
31,95_fur_incin_AB_Stacks_Thermal__frame_001220__original.jpg,95_fur_incin_AB_Stacks_Thermal__frame_001220,95.fur incin AB Stacks Thermal.mp4,1220,50.181132075471695,original,0.0,0.0,0.0,1.0,2
32,95_fur_incin_AB_Stacks_Thermal__frame_001220__aug_01.jpg,95_fur_incin_AB_Stacks_Thermal__frame_001220,95.fur incin AB Stacks Thermal.mp4,1220,50.181132075471695,aug_01,27.320111989060628,-12.689232610568757,0.4725957676672059,1.0071628906199261,2
33,95_fur_incin_AB_Stacks_Thermal__frame_001220__aug_02.jpg,95_fur_incin_AB_Stacks_Thermal__frame_001220,95.fur incin AB Stacks Thermal.mp4,1220,50.181132075471695,aug_02,10.778342239751282,-24.608844642392103,1.5855206755773086,0.9879627251319987,2
34,95_fur_incin_AB_Stacks_Thermal__frame_001342__original.jpg,95_fur_incin_AB_Stacks_Thermal__frame_001342,95.fur incin AB Stacks Thermal.mp4,1342,55.19924528301887,original,0.0,0.0,0.0,1.0,2
35,95_fur_incin_AB_Stacks_Thermal__frame_001342__aug_01.jpg,95_fur_incin_AB_Stacks_Thermal__frame_001342,95.fur incin AB Stacks Thermal.mp4,1342,55.19924528301887,aug_01,15.232853099715854,-14.820134383627353,0.6711897944253984,0.9858390340978246,2
36,95_fur_incin_AB_Stacks_Thermal__frame_001342__aug_02.jpg,95_fur_incin_AB_Stacks_Thermal__frame_001342,95.fur incin AB Stacks Thermal.mp4,1342,55.19924528301887,aug_02,9.597936411096576,-11.90223687828259,1.2061545417396542,1.0031008252675835,2
37,95_fur_incin_AB_Stacks_Thermal__frame_001464__original.jpg,95_fur_incin_AB_Stacks_Thermal__frame_001464,95.fur incin AB Stacks Thermal.mp4,1464,60.217358490566035,original,0.0,0.0,0.0,1.0,2
38,95_fur_incin_AB_Stacks_Thermal__frame_001464__aug_01.jpg,95_fur_incin_AB_Stacks_Thermal__frame_001464,95.fur incin AB Stacks Thermal.mp4,1464,60.217358490566035,aug_01,-5.061915671352445,-24.516515019583,-2.1237806996311646,1.0229863835980086,2
39,95_fur_incin_AB_Stacks_Thermal__frame_001464__aug_02.jpg,95_fur_incin_AB_Stacks_Thermal__frame_001464,95.fur incin AB Stacks Thermal.mp4,1464,60.217358490566035,aug_02,-24.633435010276216,-18.62772403589306,-0.9587082503493316,1.0239388893245553,2
40,95_fur_incin_AB_Stacks_Thermal__frame_001586__original.jpg,95_fur_incin_AB_Stacks_Thermal__frame_001586,95.fur incin AB Stacks Thermal.mp4,1586,65.2354716981132,original,0.0,0.0,0.0,1.0,2
41,95_fur_incin_AB_Stacks_Thermal__frame_001586__aug_01.jpg,95_fur_incin_AB_Stacks_Thermal__frame_001586,95.fur incin AB Stacks Thermal.mp4,1586,65.2354716981132,aug_01,-17.53291825439529,-19.86031891641072,1.4005812093572132,1.0230480820870607,2
42,95_fur_incin_AB_Stacks_Thermal__frame_001586__aug_02.jpg,95_fur_incin_AB_Stacks_Thermal__frame_001586,95.fur incin AB Stacks Thermal.mp4,1586,65.2354716981132,aug_02,20.11621563948298,-19.595218679852145,1.860833914530449,1.021515595080267,2
43,95_fur_incin_AB_Stacks_Thermal__frame_001708__original.jpg,95_fur_incin_AB_Stacks_Thermal__frame_001708,95.fur incin AB Stacks Thermal.mp4,1708,70.25358490566038,original,0.0,0.0,0.0,1.0,2
44,95_fur_incin_AB_Stacks_Thermal__frame_001708__aug_01.jpg,95_fur_incin_AB_Stacks_Thermal__frame_001708,95.fur incin AB Stacks Thermal.mp4,1708,70.25358490566038,aug_01,20.67418494070033,-13.620225629611483,-2.3816778264927425,0.9815877872996625,2
45,95_fur_incin_AB_Stacks_Thermal__frame_001708__aug_02.jpg,95_fur_incin_AB_Stacks_Thermal__frame_001708,95.fur incin AB Stacks Thermal.mp4,1708,70.25358490566038,aug_02,30.746599822730104,-19.23291240742862,2.3520030551111395,0.9807140689703479,2
46,95_fur_incin_AB_Stacks_Thermal__frame_001830__original.jpg,95_fur_incin_AB_Stacks_Thermal__frame_001830,95.fur incin AB Stacks Thermal.mp4,1830,75.27169811320755,original,0.0,0.0,0.0,1.0,2
47,95_fur_incin_AB_Stacks_Thermal__frame_001830__aug_01.jpg,95_fur_incin_AB_Stacks_Thermal__frame_001830,95.fur incin AB Stacks Thermal.mp4,1830,75.27169811320755,aug_01,32.37740210330888,-11.726681873851568,-1.9579872639264444,0.9960738255138787,2
48,95_fur_incin_AB_Stacks_Thermal__frame_001830__aug_02.jpg,95_fur_incin_AB_Stacks_Thermal__frame_001830,95.fur incin AB Stacks Thermal.mp4,1830,75.27169811320755,aug_02,15.9981542456893,-9.316134290250439,0.5310442665307162,1.0006853835801688,2
49,95_fur_incin_AB_Stacks_Thermal__frame_001952__original.jpg,95_fur_incin_AB_Stacks_Thermal__frame_001952,95.fur incin AB Stacks Thermal.mp4,1952,80.28981132075471,original,0.0,0.0,0.0,1.0,2
50,95_fur_incin_AB_Stacks_Thermal__frame_001952__aug_01.jpg,95_fur_incin_AB_Stacks_Thermal__frame_001952,95.fur incin AB Stacks Thermal.mp4,1952,80.28981132075471,aug_01,16.936505448763356,8.531425221649975,-0.6788926410936791,0.9741984286675786,2
51,95_fur_incin_AB_Stacks_Thermal__frame_001952__aug_02.jpg,95_fur_incin_AB_Stacks_Thermal__frame_001952,95.fur incin AB Stacks Thermal.mp4,1952,80.28981132075471,aug_02,15.382798410976513,-9.983886589436791,-0.9535766889567339,0.994503574517153,2
52,95_fur_incin_AB_Stacks_Thermal__frame_002074__original.jpg,95_fur_incin_AB_Stacks_Thermal__frame_002074,95.fur incin AB Stacks Thermal.mp4,2074,85.30792452830188,original,0.0,0.0,0.0,1.0,2
53,95_fur_incin_AB_Stacks_Thermal__frame_002074__aug_01.jpg,95_fur_incin_AB_Stacks_Thermal__frame_002074,95.fur incin AB Stacks Thermal.mp4,2074,85.30792452830188,aug_01,-6.831972905959276,-10.217239873702649,-1.863561004704234,0.9952267800263745,2
54,95_fur_incin_AB_Stacks_Thermal__frame_002074__aug_02.jpg,95_fur_incin_AB_Stacks_Thermal__frame_002074,95.fur incin AB Stacks Thermal.mp4,2074,85.30792452830188,aug_02,-4.0488140486634805,-14.314929950544986,-0.1340690704533687,1.0240708495496953,2
55,95_fur_incin_AB_Stacks_Thermal__frame_002196__original.jpg,95_fur_incin_AB_Stacks_Thermal__frame_002196,95.fur incin AB Stacks Thermal.mp4,2196,90.32603773584906,original,0.0,0.0,0.0,1.0,2
56,95_fur_incin_AB_Stacks_Thermal__frame_002196__aug_01.jpg,95_fur_incin_AB_Stacks_Thermal__frame_002196,95.fur incin AB Stacks Thermal.mp4,2196,90.32603773584906,aug_01,20.721733208874618,-16.515430190097263,-2.076022316374391,1.000927120594913,2
57,95_fur_incin_AB_Stacks_Thermal__frame_002196__aug_02.jpg,95_fur_incin_AB_Stacks_Thermal__frame_002196,95.fur incin AB Stacks Thermal.mp4,2196,90.32603773584906,aug_02,12.09569693900169,-13.767966700135586,-1.504350336367117,0.9714655232636096,2
58,95_fur_incin_AB_Stacks_Thermal__frame_002318__original.jpg,95_fur_incin_AB_Stacks_Thermal__frame_002318,95.fur incin AB Stacks Thermal.mp4,2318,95.34415094339622,original,0.0,0.0,0.0,1.0,2
59,95_fur_incin_AB_Stacks_Thermal__frame_002318__aug_01.jpg,95_fur_incin_AB_Stacks_Thermal__frame_002318,95.fur incin AB Stacks Thermal.mp4,2318,95.34415094339622,aug_01,-17.86102191451549,-1.2431827890597447,1.7486884731236598,0.9743696937510741,2
60,95_fur_incin_AB_Stacks_Thermal__frame_002318__aug_02.jpg,95_fur_incin_AB_Stacks_Thermal__frame_002318,95.fur incin AB Stacks Thermal.mp4,2318,95.34415094339622,aug_02,-0.39359816926941704,-12.800778021078058,0.7802900555589205,0.9703326890882819,2
61,95_fur_incin_AB_Stacks_Thermal__frame_002440__original.jpg,95_fur_incin_AB_Stacks_Thermal__frame_002440,95.fur incin AB Stacks Thermal.mp4,2440,100.36226415094339,original,0.0,0.0,0.0,1.0,2
62,95_fur_incin_AB_Stacks_Thermal__frame_002440__aug_01.jpg,95_fur_incin_AB_Stacks_Thermal__frame_002440,95.fur incin AB Stacks Thermal.mp4,2440,100.36226415094339,aug_01,-1.7727894223862677,-12.040422576749032,-1.2638013124517022,1.0082596862065694,2
63,95_fur_incin_AB_Stacks_Thermal__frame_002440__aug_02.jpg,95_fur_incin_AB_Stacks_Thermal__frame_002440,95.fur incin AB Stacks Thermal.mp4,2440,100.36226415094339,aug_02,18.606957900801582,1.0649906413991062,0.6337421849089067,0.9864758468150523,2
64,95_fur_incin_AB_Stacks_Thermal__frame_002562__original.jpg,95_fur_incin_AB_Stacks_Thermal__frame_002562,95.fur incin AB Stacks Thermal.mp4,2562,105.38037735849056,original,0.0,0.0,0.0,1.0,2
65,95_fur_incin_AB_Stacks_Thermal__frame_002562__aug_01.jpg,95_fur_incin_AB_Stacks_Thermal__frame_002562,95.fur incin AB Stacks Thermal.mp4,2562,105.38037735849056,aug_01,-29.576165229468494,-10.713592456842374,-1.141424464589077,0.9891825741051258,2
66,95_fur_incin_AB_Stacks_Thermal__frame_002562__aug_02.jpg,95_fur_incin_AB_Stacks_Thermal__frame_002562,95.fur incin AB Stacks Thermal.mp4,2562,105.38037735849056,aug_02,2.81065557629195,-18.081296924192216,-1.343692601359066,1.011636988737943,2
67,95_fur_incin_AB_Stacks_Thermal__frame_002684__original.jpg,95_fur_incin_AB_Stacks_Thermal__frame_002684,95.fur incin AB Stacks Thermal.mp4,2684,110.39849056603774,original,0.0,0.0,0.0,1.0,2
68,95_fur_incin_AB_Stacks_Thermal__frame_002684__aug_01.jpg,95_fur_incin_AB_Stacks_Thermal__frame_002684,95.fur incin AB Stacks Thermal.mp4,2684,110.39849056603774,aug_01,14.449339918618655,-21.788557464306095,-0.4620031516670666,1.002556668430235,2
69,95_fur_incin_AB_Stacks_Thermal__frame_002684__aug_02.jpg,95_fur_incin_AB_Stacks_Thermal__frame_002684,95.fur incin AB Stacks Thermal.mp4,2684,110.39849056603774,aug_02,-5.895803612779083,-14.658280524279487,-0.3992824111328721,1.0242903087004107,2
70,95_fur_incin_AB_Stacks_Thermal__frame_002806__original.jpg,95_fur_incin_AB_Stacks_Thermal__frame_002806,95.fur incin AB Stacks Thermal.mp4,2806,115.4166037735849,original,0.0,0.0,0.0,1.0,2
71,95_fur_incin_AB_Stacks_Thermal__frame_002806__aug_01.jpg,95_fur_incin_AB_Stacks_Thermal__frame_002806,95.fur incin AB Stacks Thermal.mp4,2806,115.4166037735849,aug_01,-8.373327975060185,-24.705195820800345,-0.7412059866408764,1.015208507503563,2
72,95_fur_incin_AB_Stacks_Thermal__frame_002806__aug_02.jpg,95_fur_incin_AB_Stacks_Thermal__frame_002806,95.fur incin AB Stacks Thermal.mp4,2806,115.4166037735849,aug_02,-4.4914816767354395,-23.548759002664237,-0.8193522815080878,1.0107485131017009,2
73,95_fur_incin_AB_Stacks_Thermal__frame_002928__original.jpg,95_fur_incin_AB_Stacks_Thermal__frame_002928,95.fur incin AB Stacks Thermal.mp4,2928,120.43471698113207,original,0.0,0.0,0.0,1.0,2
74,95_fur_incin_AB_Stacks_Thermal__frame_002928__aug_01.jpg,95_fur_incin_AB_Stacks_Thermal__frame_002928,95.fur incin AB Stacks Thermal.mp4,2928,120.43471698113207,aug_01,-6.6978331603654055,-16.74776343982456,-0.16304925383844937,0.9776576678368696,2
75,95_fur_incin_AB_Stacks_Thermal__frame_002928__aug_02.jpg,95_fur_incin_AB_Stacks_Thermal__frame_002928,95.fur incin AB Stacks Thermal.mp4,2928,120.43471698113207,aug_02,8.557987268184526,-23.651677404743115,-0.5298987183014763,1.0038635189814864,2
76,95_fur_incin_AB_Stacks_Thermal__frame_003050__original.jpg,95_fur_incin_AB_Stacks_Thermal__frame_003050,95.fur incin AB Stacks Thermal.mp4,3050,125.45283018867924,original,0.0,0.0,0.0,1.0,2
77,95_fur_incin_AB_Stacks_Thermal__frame_003050__aug_01.jpg,95_fur_incin_AB_Stacks_Thermal__frame_003050,95.fur incin AB Stacks Thermal.mp4,3050,125.45283018867924,aug_01,-31.48007565579607,-6.044806790593022,-1.4416985789425922,0.9896107482928785,2
78,95_fur_incin_AB_Stacks_Thermal__frame_003050__aug_02.jpg,95_fur_incin_AB_Stacks_Thermal__frame_003050,95.fur incin AB Stacks Thermal.mp4,3050,125.45283018867924,aug_02,-17.340992775233357,-20.904688361917874,-2.4030835647499464,1.002365142875352,2
79,95_fur_incin_AB_Stacks_Thermal__frame_003172__original.jpg,95_fur_incin_AB_Stacks_Thermal__frame_003172,95.fur incin AB Stacks Thermal.mp4,3172,130.4709433962264,original,0.0,0.0,0.0,1.0,2
80,95_fur_incin_AB_Stacks_Thermal__frame_003172__aug_01.jpg,95_fur_incin_AB_Stacks_Thermal__frame_003172,95.fur incin AB Stacks Thermal.mp4,3172,130.4709433962264,aug_01,-33.573398787576735,-17.38088271076048,-1.8688951256289688,1.0101675306771947,2
81,95_fur_incin_AB_Stacks_Thermal__frame_003172__aug_02.jpg,95_fur_incin_AB_Stacks_Thermal__frame_003172,95.fur incin AB Stacks Thermal.mp4,3172,130.4709433962264,aug_02,4.477870735101341,-14.101772954674818,0.9973248562307542,1.0160138859013745,2
82,95_fur_incin_AB_Stacks_Thermal__frame_003294__original.jpg,95_fur_incin_AB_Stacks_Thermal__frame_003294,95.fur incin AB Stacks Thermal.mp4,3294,135.48905660377358,original,0.0,0.0,0.0,1.0,2
83,95_fur_incin_AB_Stacks_Thermal__frame_003294__aug_01.jpg,95_fur_incin_AB_Stacks_Thermal__frame_003294,95.fur incin AB Stacks Thermal.mp4,3294,135.48905660377358,aug_01,-23.254759964253843,5.362374694546585,1.239628259776429,0.9768719722827338,2
84,95_fur_incin_AB_Stacks_Thermal__frame_003294__aug_02.jpg,95_fur_incin_AB_Stacks_Thermal__frame_003294,95.fur incin AB Stacks Thermal.mp4,3294,135.48905660377358,aug_02,15.051029353462788,-21.200176107847003,0.9530720796649019,1.0076345437360628,2
85,95_fur_incin_AB_Stacks_Thermal__frame_003416__original.jpg,95_fur_incin_AB_Stacks_Thermal__frame_003416,95.fur incin AB Stacks Thermal.mp4,3416,140.50716981132075,original,0.0,0.0,0.0,1.0,2
86,95_fur_incin_AB_Stacks_Thermal__frame_003416__aug_01.jpg,95_fur_incin_AB_Stacks_Thermal__frame_003416,95.fur incin AB Stacks Thermal.mp4,3416,140.50716981132075,aug_01,-5.0135390735678875,-6.471456189097189,0.029803948385389578,0.990473870491677,2
87,95_fur_incin_AB_Stacks_Thermal__frame_003416__aug_02.jpg,95_fur_incin_AB_Stacks_Thermal__frame_003416,95.fur incin AB Stacks Thermal.mp4,3416,140.50716981132075,aug_02,26.714182880194038,-12.806828040452201,-0.17645766698384158,1.0066199022538314,2
88,95_fur_incin_AB_Stacks_Thermal__frame_003538__original.jpg,95_fur_incin_AB_Stacks_Thermal__frame_003538,95.fur incin AB Stacks Thermal.mp4,3538,145.52528301886792,original,0.0,0.0,0.0,1.0,2
89,95_fur_incin_AB_Stacks_Thermal__frame_003538__aug_01.jpg,95_fur_incin_AB_Stacks_Thermal__frame_003538,95.fur incin AB Stacks Thermal.mp4,3538,145.52528301886792,aug_01,-8.470748711021518,-23.56500011149552,1.7547641815622956,0.9809103914294615,2
90,95_fur_incin_AB_Stacks_Thermal__frame_003538__aug_02.jpg,95_fur_incin_AB_Stacks_Thermal__frame_003538,95.fur incin AB Stacks Thermal.mp4,3538,145.52528301886792,aug_02,-28.486265461172984,-13.920179976373493,0.9589357764760091,0.9883723618078053,2
91,95_fur_incin_AB_Stacks_Thermal__frame_003660__original.jpg,95_fur_incin_AB_Stacks_Thermal__frame_003660,95.fur incin AB Stacks Thermal.mp4,3660,150.5433962264151,original,0.0,0.0,0.0,1.0,2
92,95_fur_incin_AB_Stacks_Thermal__frame_003660__aug_01.jpg,95_fur_incin_AB_Stacks_Thermal__frame_003660,95.fur incin AB Stacks Thermal.mp4,3660,150.5433962264151,aug_01,5.708890973265703,-1.3369755620237633,0.154609655728839,0.9955302287623129,2
93,95_fur_incin_AB_Stacks_Thermal__frame_003660__aug_02.jpg,95_fur_incin_AB_Stacks_Thermal__frame_003660,95.fur incin AB Stacks Thermal.mp4,3660,150.5433962264151,aug_02,17.215480569952675,-8.460435140203494,1.0142747109288446,0.9862549856185717,2
94,95_fur_incin_AB_Stacks_Thermal__frame_003782__original.jpg,95_fur_incin_AB_Stacks_Thermal__frame_003782,95.fur incin AB Stacks Thermal.mp4,3782,155.56150943396224,original,0.0,0.0,0.0,1.0,2
95,95_fur_incin_AB_Stacks_Thermal__frame_003782__aug_01.jpg,95_fur_incin_AB_Stacks_Thermal__frame_003782,95.fur incin AB Stacks Thermal.mp4,3782,155.56150943396224,aug_01,-17.401742665934094,-18.967205762384708,-1.537078532742413,0.9771732844753032,2
96,95_fur_incin_AB_Stacks_Thermal__frame_003782__aug_02.jpg,95_fur_incin_AB_Stacks_Thermal__frame_003782,95.fur incin AB Stacks Thermal.mp4,3782,155.56150943396224,aug_02,-15.190090770753148,-19.97369459546046,-1.5294121095446327,0.9836489898089533,2
97,95_fur_incin_AB_Stacks_Thermal__frame_003904__original.jpg,95_fur_incin_AB_Stacks_Thermal__frame_003904,95.fur incin AB Stacks Thermal.mp4,3904,160.57962264150942,original,0.0,0.0,0.0,1.0,2
98,95_fur_incin_AB_Stacks_Thermal__frame_003904__aug_01.jpg,95_fur_incin_AB_Stacks_Thermal__frame_003904,95.fur incin AB Stacks Thermal.mp4,3904,160.57962264150942,aug_01,-22.43909194202177,-24.292581637196808,0.17067544633831666,0.9864586796069961,2
99,95_fur_incin_AB_Stacks_Thermal__frame_003904__aug_02.jpg,95_fur_incin_AB_Stacks_Thermal__frame_003904,95.fur incin AB Stacks Thermal.mp4,3904,160.57962264150942,aug_02,33.20064517719166,2.6679483399304154,0.9870869645509721,0.9775767695775045,2
100,95_fur_incin_AB_Stacks_Thermal__frame_004026__original.jpg,95_fur_incin_AB_Stacks_Thermal__frame_004026,95.fur incin AB Stacks Thermal.mp4,4026,165.5977358490566,original,0.0,0.0,0.0,1.0,2
101,95_fur_incin_AB_Stacks_Thermal__frame_004026__aug_01.jpg,95_fur_incin_AB_Stacks_Thermal__frame_004026,95.fur incin AB Stacks Thermal.mp4,4026,165.5977358490566,aug_01,-2.1422138548642877,-2.976560093199488,-1.5781816480495914,0.9730826030310147,2
102,95_fur_incin_AB_Stacks_Thermal__frame_004026__aug_02.jpg,95_fur_incin_AB_Stacks_Thermal__frame_004026,95.fur incin AB Stacks Thermal.mp4,4026,165.5977358490566,aug_02,4.398771795919494,-9.808224407888616,2.4695906135511008,0.9771070937326877,2
103,95_fur_incin_AB_Stacks_Thermal__frame_004148__original.jpg,95_fur_incin_AB_Stacks_Thermal__frame_004148,95.fur incin AB Stacks Thermal.mp4,4148,170.61584905660376,original,0.0,0.0,0.0,1.0,2
104,95_fur_incin_AB_Stacks_Thermal__frame_004148__aug_01.jpg,95_fur_incin_AB_Stacks_Thermal__frame_004148,95.fur incin AB Stacks Thermal.mp4,4148,170.61584905660376,aug_01,34.30218823267586,-9.73098778403198,0.6051366053607428,1.0065778547347077,2
105,95_fur_incin_AB_Stacks_Thermal__frame_004148__aug_02.jpg,95_fur_incin_AB_Stacks_Thermal__frame_004148,95.fur incin AB Stacks Thermal.mp4,4148,170.61584905660376,aug_02,11.229969603442562,-17.147145330956143,-1.6309322583678276,0.9745038921340701,2
106,95_fur_incin_AB_Stacks_Thermal__frame_004270__original.jpg,95_fur_incin_AB_Stacks_Thermal__frame_004270,95.fur incin AB Stacks Thermal.mp4,4270,175.63396226415094,original,0.0,0.0,0.0,1.0,2
107,95_fur_incin_AB_Stacks_Thermal__frame_004270__aug_01.jpg,95_fur_incin_AB_Stacks_Thermal__frame_004270,95.fur incin AB Stacks Thermal.mp4,4270,175.63396226415094,aug_01,-34.812699417798,-2.4748147691148787,0.4690559755978163,0.9874755573418617,2
108,95_fur_incin_AB_Stacks_Thermal__frame_004270__aug_02.jpg,95_fur_incin_AB_Stacks_Thermal__frame_004270,95.fur incin AB Stacks Thermal.mp4,4270,175.63396226415094,aug_02,-23.38540475454927,-9.619409369288373,1.2447886103481167,1.0041524229591456,2
109,95_fur_incin_AB_Stacks_Thermal__frame_004392__original.jpg,95_fur_incin_AB_Stacks_Thermal__frame_004392,95.fur incin AB Stacks Thermal.mp4,4392,180.6520754716981,original,0.0,0.0,0.0,1.0,2
110,95_fur_incin_AB_Stacks_Thermal__frame_004392__aug_01.jpg,95_fur_incin_AB_Stacks_Thermal__frame_004392,95.fur incin AB Stacks Thermal.mp4,4392,180.6520754716981,aug_01,-14.797258818591079,-18.782317091264588,0.9433899560604688,1.0119840210985431,2
111,95_fur_incin_AB_Stacks_Thermal__frame_004392__aug_02.jpg,95_fur_incin_AB_Stacks_Thermal__frame_004392,95.fur incin AB Stacks Thermal.mp4,4392,180.6520754716981,aug_02,30.987336852082848,0.023608855896277703,-0.03102390327457849,0.974826511113958,2
112,95_fur_incin_AB_Stacks_Thermal__frame_004514__original.jpg,95_fur_incin_AB_Stacks_Thermal__frame_004514,95.fur incin AB Stacks Thermal.mp4,4514,185.67018867924529,original,0.0,0.0,0.0,1.0,2
113,95_fur_incin_AB_Stacks_Thermal__frame_004514__aug_01.jpg,95_fur_incin_AB_Stacks_Thermal__frame_004514,95.fur incin AB Stacks Thermal.mp4,4514,185.67018867924529,aug_01,-32.209745107147086,-3.398566791961372,-0.8883920832085002,0.9850220741447202,2
114,95_fur_incin_AB_Stacks_Thermal__frame_004514__aug_02.jpg,95_fur_incin_AB_Stacks_Thermal__frame_004514,95.fur incin AB Stacks Thermal.mp4,4514,185.67018867924529,aug_02,29.12509515487372,-15.925542638843703,0.42664812638927163,1.0080870831672453,2
115,95_fur_incin_AB_Stacks_Thermal__frame_004636__original.jpg,95_fur_incin_AB_Stacks_Thermal__frame_004636,95.fur incin AB Stacks Thermal.mp4,4636,190.68830188679243,original,0.0,0.0,0.0,1.0,2
116,95_fur_incin_AB_Stacks_Thermal__frame_004636__aug_01.jpg,95_fur_incin_AB_Stacks_Thermal__frame_004636,95.fur incin AB Stacks Thermal.mp4,4636,190.68830188679243,aug_01,-0.5791938466290674,-20.43787968530864,-0.7601947185267477,0.9899985036199055,2
117,95_fur_incin_AB_Stacks_Thermal__frame_004636__aug_02.jpg,95_fur_incin_AB_Stacks_Thermal__frame_004636,95.fur incin AB Stacks Thermal.mp4,4636,190.68830188679243,aug_02,2.981551605003652,-4.337621460033926,-1.5620872930273644,0.9917067615491005,2
118,95_fur_incin_AB_Stacks_Thermal__frame_004758__original.jpg,95_fur_incin_AB_Stacks_Thermal__frame_004758,95.fur incin AB Stacks Thermal.mp4,4758,195.7064150943396,original,0.0,0.0,0.0,1.0,2
119,95_fur_incin_AB_Stacks_Thermal__frame_004758__aug_01.jpg,95_fur_incin_AB_Stacks_Thermal__frame_004758,95.fur incin AB Stacks Thermal.mp4,4758,195.7064150943396,aug_01,-23.91352853363373,2.5419503501334972,0.26125704526866533,0.9755925520768913,2
120,95_fur_incin_AB_Stacks_Thermal__frame_004758__aug_02.jpg,95_fur_incin_AB_Stacks_Thermal__frame_004758,95.fur incin AB Stacks Thermal.mp4,4758,195.7064150943396,aug_02,-0.7251757341009295,-17.570229080860543,0.19290288851936843,0.9907074365015804,2
121,95_fur_incin_AB_Stacks_Thermal__frame_004880__original.jpg,95_fur_incin_AB_Stacks_Thermal__frame_004880,95.fur incin AB Stacks Thermal.mp4,4880,200.72452830188678,original,0.0,0.0,0.0,1.0,2
122,95_fur_incin_AB_Stacks_Thermal__frame_004880__aug_01.jpg,95_fur_incin_AB_Stacks_Thermal__frame_004880,95.fur incin AB Stacks Thermal.mp4,4880,200.72452830188678,aug_01,3.6342191949567706,2.1715031479336524,-0.22327691566749452,0.9893066410137422,2
123,95_fur_incin_AB_Stacks_Thermal__frame_004880__aug_02.jpg,95_fur_incin_AB_Stacks_Thermal__frame_004880,95.fur incin AB Stacks Thermal.mp4,4880,200.72452830188678,aug_02,19.288113256948115,-22.817635045134903,1.2235257578259793,1.0123136728615,2
124,95_fur_incin_AB_Stacks_Thermal__frame_005002__original.jpg,95_fur_incin_AB_Stacks_Thermal__frame_005002,95.fur incin AB Stacks Thermal.mp4,5002,205.74264150943395,original,0.0,0.0,0.0,1.0,2
125,95_fur_incin_AB_Stacks_Thermal__frame_005002__aug_01.jpg,95_fur_incin_AB_Stacks_Thermal__frame_005002,95.fur incin AB Stacks Thermal.mp4,5002,205.74264150943395,aug_01,1.8165760765293015,-2.153596276287889,1.112219137853213,0.9945987171847819,2
126,95_fur_incin_AB_Stacks_Thermal__frame_005002__aug_02.jpg,95_fur_incin_AB_Stacks_Thermal__frame_005002,95.fur incin AB Stacks Thermal.mp4,5002,205.74264150943395,aug_02,10.834692849941362,-17.281939061422555,-0.1525469950763405,1.028152217834453,2
127,95_fur_incin_AB_Stacks_Thermal__frame_005124__original.jpg,95_fur_incin_AB_Stacks_Thermal__frame_005124,95.fur incin AB Stacks Thermal.mp4,5124,210.76075471698113,original,0.0,0.0,0.0,1.0,2
128,95_fur_incin_AB_Stacks_Thermal__frame_005124__aug_01.jpg,95_fur_incin_AB_Stacks_Thermal__frame_005124,95.fur incin AB Stacks Thermal.mp4,5124,210.76075471698113,aug_01,-23.101144565233184,-21.05158246700027,1.8541979932242745,1.0071826221122449,2
129,95_fur_incin_AB_Stacks_Thermal__frame_005124__aug_02.jpg,95_fur_incin_AB_Stacks_Thermal__frame_005124,95.fur incin AB Stacks Thermal.mp4,5124,210.76075471698113,aug_02,-1.175435725854875,-13.139714903621268,0.35961346175369435,1.0044887158107187,2
130,95_fur_incin_AB_Stacks_Thermal__frame_005246__original.jpg,95_fur_incin_AB_Stacks_Thermal__frame_005246,95.fur incin AB Stacks Thermal.mp4,5246,215.7788679245283,original,0.0,0.0,0.0,1.0,2
131,95_fur_incin_AB_Stacks_Thermal__frame_005246__aug_01.jpg,95_fur_incin_AB_Stacks_Thermal__frame_005246,95.fur incin AB Stacks Thermal.mp4,5246,215.7788679245283,aug_01,10.243842622336594,-9.553355802368197,-0.295884049185942,1.004774428322104,2
132,95_fur_incin_AB_Stacks_Thermal__frame_005246__aug_02.jpg,95_fur_incin_AB_Stacks_Thermal__frame_005246,95.fur incin AB Stacks Thermal.mp4,5246,215.7788679245283,aug_02,16.265183755746683,-20.493331212689053,-1.0244477418542237,1.0148488518963024,2
133,95_fur_incin_AB_Stacks_Thermal__frame_005368__original.jpg,95_fur_incin_AB_Stacks_Thermal__frame_005368,95.fur incin AB Stacks Thermal.mp4,5368,220.79698113207547,original,0.0,0.0,0.0,1.0,2
134,95_fur_incin_AB_Stacks_Thermal__frame_005368__aug_01.jpg,95_fur_incin_AB_Stacks_Thermal__frame_005368,95.fur incin AB Stacks Thermal.mp4,5368,220.79698113207547,aug_01,-22.705195068898536,-18.392010112660824,0.19703879492210508,1.0282893748726805,2
135,95_fur_incin_AB_Stacks_Thermal__frame_005368__aug_02.jpg,95_fur_incin_AB_Stacks_Thermal__frame_005368,95.fur incin AB Stacks Thermal.mp4,5368,220.79698113207547,aug_02,-11.289932233867962,-19.24151462751203,2.314466464344388,0.9784454209003529,2
136,95_fur_incin_AB_Stacks_Thermal__frame_005490__original.jpg,95_fur_incin_AB_Stacks_Thermal__frame_005490,95.fur incin AB Stacks Thermal.mp4,5490,225.81509433962262,original,0.0,0.0,0.0,1.0,2
137,95_fur_incin_AB_Stacks_Thermal__frame_005490__aug_01.jpg,95_fur_incin_AB_Stacks_Thermal__frame_005490,95.fur incin AB Stacks Thermal.mp4,5490,225.81509433962262,aug_01,16.95883103357211,-17.27385487950825,-0.42557736281596537,0.9759412980826316,2
138,95_fur_incin_AB_Stacks_Thermal__frame_005490__aug_02.jpg,95_fur_incin_AB_Stacks_Thermal__frame_005490,95.fur incin AB Stacks Thermal.mp4,5490,225.81509433962262,aug_02,-0.7457073547269815,-4.594205715114974,2.2576076269052976,0.9719629772113028,2
139,95_fur_incin_AB_Stacks_Thermal__frame_005612__original.jpg,95_fur_incin_AB_Stacks_Thermal__frame_005612,95.fur incin AB Stacks Thermal.mp4,5612,230.8332075471698,original,0.0,0.0,0.0,1.0,2
140,95_fur_incin_AB_Stacks_Thermal__frame_005612__aug_01.jpg,95_fur_incin_AB_Stacks_Thermal__frame_005612,95.fur incin AB Stacks Thermal.mp4,5612,230.8332075471698,aug_01,-9.892831115137746,-5.093017862781345,-1.5509571891946021,0.9773295831452358,2
141,95_fur_incin_AB_Stacks_Thermal__frame_005612__aug_02.jpg,95_fur_incin_AB_Stacks_Thermal__frame_005612,95.fur incin AB Stacks Thermal.mp4,5612,230.8332075471698,aug_02,6.8002171663681565,-23.932127263181467,1.4339729522730837,0.9846141338298414,2
142,95_fur_incin_AB_Stacks_Thermal__frame_005734__original.jpg,95_fur_incin_AB_Stacks_Thermal__frame_005734,95.fur incin AB Stacks Thermal.mp4,5734,235.85132075471697,original,0.0,0.0,0.0,1.0,2
143,95_fur_incin_AB_Stacks_Thermal__frame_005734__aug_01.jpg,95_fur_incin_AB_Stacks_Thermal__frame_005734,95.fur incin AB Stacks Thermal.mp4,5734,235.85132075471697,aug_01,-20.498984075733908,-14.202432404066261,1.848477133847723,0.9897135732059338,2
144,95_fur_incin_AB_Stacks_Thermal__frame_005734__aug_02.jpg,95_fur_incin_AB_Stacks_Thermal__frame_005734,95.fur incin AB Stacks Thermal.mp4,5734,235.85132075471697,aug_02,-24.87184137756444,-18.50039342782816,-1.2467290163593807,0.9804698272540836,2
145,95_fur_incin_AB_Stacks_Thermal__frame_005856__original.jpg,95_fur_incin_AB_Stacks_Thermal__frame_005856,95.fur incin AB Stacks Thermal.mp4,5856,240.86943396226414,original,0.0,0.0,0.0,1.0,2
146,95_fur_incin_AB_Stacks_Thermal__frame_005856__aug_01.jpg,95_fur_incin_AB_Stacks_Thermal__frame_005856,95.fur incin AB Stacks Thermal.mp4,5856,240.86943396226414,aug_01,11.274034981812179,-23.710992510690083,-2.4256983638464558,1.0173990798540853,2
147,95_fur_incin_AB_Stacks_Thermal__frame_005856__aug_02.jpg,95_fur_incin_AB_Stacks_Thermal__frame_005856,95.fur incin AB Stacks Thermal.mp4,5856,240.86943396226414,aug_02,-18.34478757366759,-8.811426901898876,-1.628768992969114,0.9731439410716706,2
148,95_fur_incin_AB_Stacks_Thermal__frame_005978__original.jpg,95_fur_incin_AB_Stacks_Thermal__frame_005978,95.fur incin AB Stacks Thermal.mp4,5978,245.8875471698113,original,0.0,0.0,0.0,1.0,2
149,95_fur_incin_AB_Stacks_Thermal__frame_005978__aug_01.jpg,95_fur_incin_AB_Stacks_Thermal__frame_005978,95.fur incin AB Stacks Thermal.mp4,5978,245.8875471698113,aug_01,31.179095007907435,-22.831748155041414,1.4161349799018979,1.0220188544655904,2
150,95_fur_incin_AB_Stacks_Thermal__frame_005978__aug_02.jpg,95_fur_incin_AB_Stacks_Thermal__frame_005978,95.fur incin AB Stacks Thermal.mp4,5978,245.8875471698113,aug_02,1.501585029915887,-2.0978738951158995,2.320130915610143,0.9736495244496703,2
151,95_fur_incin_AB_Stacks_Thermal__frame_006100__original.jpg,95_fur_incin_AB_Stacks_Thermal__frame_006100,95.fur incin AB Stacks Thermal.mp4,6100,250.9056603773585,original,0.0,0.0,0.0,1.0,2
152,95_fur_incin_AB_Stacks_Thermal__frame_006100__aug_01.jpg,95_fur_incin_AB_Stacks_Thermal__frame_006100,95.fur incin AB Stacks Thermal.mp4,6100,250.9056603773585,aug_01,-1.4712662301145727,-4.919137274371977,0.9304874803111636,0.9994161312486535,2
153,95_fur_incin_AB_Stacks_Thermal__frame_006100__aug_02.jpg,95_fur_incin_AB_Stacks_Thermal__frame_006100,95.fur incin AB Stacks Thermal.mp4,6100,250.9056603773585,aug_02,28.679058038066053,-21.325464211677474,-2.09604761294604,1.0064978454180065,2
154,95_fur_incin_AB_Stacks_Thermal__frame_006222__original.jpg,95_fur_incin_AB_Stacks_Thermal__frame_006222,95.fur incin AB Stacks Thermal.mp4,6222,255.92377358490566,original,0.0,0.0,0.0,1.0,2
155,95_fur_incin_AB_Stacks_Thermal__frame_006222__aug_01.jpg,95_fur_incin_AB_Stacks_Thermal__frame_006222,95.fur incin AB Stacks Thermal.mp4,6222,255.92377358490566,aug_01,-30.402243667592025,-11.24920002210234,0.6653836215050775,1.0029013860429017,2
156,95_fur_incin_AB_Stacks_Thermal__frame_006222__aug_02.jpg,95_fur_incin_AB_Stacks_Thermal__frame_006222,95.fur incin AB Stacks Thermal.mp4,6222,255.92377358490566,aug_02,7.3798754074719,-20.0410769160479,1.0088970927303311,1.0211675642377345,2
157,95_fur_incin_AB_Stacks_Thermal__frame_006344__original.jpg,95_fur_incin_AB_Stacks_Thermal__frame_006344,95.fur incin AB Stacks Thermal.mp4,6344,260.9418867924528,original,0.0,0.0,0.0,1.0,2
158,95_fur_incin_AB_Stacks_Thermal__frame_006344__aug_01.jpg,95_fur_incin_AB_Stacks_Thermal__frame_006344,95.fur incin AB Stacks Thermal.mp4,6344,260.9418867924528,aug_01,-3.3911558824302936,-13.57532128177078,-0.805341905824124,0.9972099341744468,2
159,95_fur_incin_AB_Stacks_Thermal__frame_006344__aug_02.jpg,95_fur_incin_AB_Stacks_Thermal__frame_006344,95.fur incin AB Stacks Thermal.mp4,6344,260.9418867924528,aug_02,-5.8807244816953315,-20.245708036218456,-0.3661799686952101,1.0099064717836186,2
160,95_fur_incin_AB_Stacks_Thermal__frame_006466__original.jpg,95_fur_incin_AB_Stacks_Thermal__frame_006466,95.fur incin AB Stacks Thermal.mp4,6466,265.96,original,0.0,0.0,0.0,1.0,2
161,95_fur_incin_AB_Stacks_Thermal__frame_006466__aug_01.jpg,95_fur_incin_AB_Stacks_Thermal__frame_006466,95.fur incin AB Stacks Thermal.mp4,6466,265.96,aug_01,-8.79892835951242,-17.36805376156381,2.114925178671922,0.9740279984881989,2
162,95_fur_incin_AB_Stacks_Thermal__frame_006466__aug_02.jpg,95_fur_incin_AB_Stacks_Thermal__frame_006466,95.fur incin AB Stacks Thermal.mp4,6466,265.96,aug_02,23.224032193239815,-20.33849491481613,-2.017177837171072,1.014327759909323,2
163,95_fur_incin_AB_Stacks_Thermal__frame_006588__original.jpg,95_fur_incin_AB_Stacks_Thermal__frame_006588,95.fur incin AB Stacks Thermal.mp4,6588,270.97811320754715,original,0.0,0.0,0.0,1.0,2
164,95_fur_incin_AB_Stacks_Thermal__frame_006588__aug_01.jpg,95_fur_incin_AB_Stacks_Thermal__frame_006588,95.fur incin AB Stacks Thermal.mp4,6588,270.97811320754715,aug_01,-11.924781300865646,-18.888435732272036,-0.7320096018311617,1.0099204312001748,2
165,95_fur_incin_AB_Stacks_Thermal__frame_006588__aug_02.jpg,95_fur_incin_AB_Stacks_Thermal__frame_006588,95.fur incin AB Stacks Thermal.mp4,6588,270.97811320754715,aug_02,7.028706385727389,-7.417690715342552,0.3895925919492744,0.9827643283403203,2
166,95_fur_incin_AB_Stacks_Thermal__frame_006710__original.jpg,95_fur_incin_AB_Stacks_Thermal__frame_006710,95.fur incin AB Stacks Thermal.mp4,6710,275.9962264150943,original,0.0,0.0,0.0,1.0,2
167,95_fur_incin_AB_Stacks_Thermal__frame_006710__aug_01.jpg,95_fur_incin_AB_Stacks_Thermal__frame_006710,95.fur incin AB Stacks Thermal.mp4,6710,275.9962264150943,aug_01,9.9889414680882,-23.68730842732083,2.1454214549746817,1.0197676473975799,2
168,95_fur_incin_AB_Stacks_Thermal__frame_006710__aug_02.jpg,95_fur_incin_AB_Stacks_Thermal__frame_006710,95.fur incin AB Stacks Thermal.mp4,6710,275.9962264150943,aug_02,-16.278659239212256,-15.97919640195728,1.0134938643280234,0.9885390813297946,2
169,95_fur_incin_AB_Stacks_Thermal__frame_006832__original.jpg,95_fur_incin_AB_Stacks_Thermal__frame_006832,95.fur incin AB Stacks Thermal.mp4,6832,281.0143396226415,original,0.0,0.0,0.0,1.0,2
170,95_fur_incin_AB_Stacks_Thermal__frame_006832__aug_01.jpg,95_fur_incin_AB_Stacks_Thermal__frame_006832,95.fur incin AB Stacks Thermal.mp4,6832,281.0143396226415,aug_01,-11.212274025591913,-24.694710529817065,1.8493135326821903,1.0039792656856825,2
171,95_fur_incin_AB_Stacks_Thermal__frame_006832__aug_02.jpg,95_fur_incin_AB_Stacks_Thermal__frame_006832,95.fur incin AB Stacks Thermal.mp4,6832,281.0143396226415,aug_02,-6.945095920033911,-17.906267292436567,0.6658600632775693,0.9718394259028543,2
172,95_fur_incin_AB_Stacks_Thermal__frame_006954__original.jpg,95_fur_incin_AB_Stacks_Thermal__frame_006954,95.fur incin AB Stacks Thermal.mp4,6954,286.0324528301887,original,0.0,0.0,0.0,1.0,2
173,95_fur_incin_AB_Stacks_Thermal__frame_006954__aug_01.jpg,95_fur_incin_AB_Stacks_Thermal__frame_006954,95.fur incin AB Stacks Thermal.mp4,6954,286.0324528301887,aug_01,17.227823340399468,-14.243355998324454,-0.40083753117748433,0.9904537589061599,2
174,95_fur_incin_AB_Stacks_Thermal__frame_006954__aug_02.jpg,95_fur_incin_AB_Stacks_Thermal__frame_006954,95.fur incin AB Stacks Thermal.mp4,6954,286.0324528301887,aug_02,-29.05300720159745,-22.369558678723912,-1.7129505144642343,1.0070702909155618,2
175,95_fur_incin_AB_Stacks_Thermal__frame_007076__original.jpg,95_fur_incin_AB_Stacks_Thermal__frame_007076,95.fur incin AB Stacks Thermal.mp4,7076,291.05056603773585,original,0.0,0.0,0.0,1.0,2
176,95_fur_incin_AB_Stacks_Thermal__frame_007076__aug_01.jpg,95_fur_incin_AB_Stacks_Thermal__frame_007076,95.fur incin AB Stacks Thermal.mp4,7076,291.05056603773585,aug_01,12.177809742917916,-11.394857822689053,0.809693464041306,0.9991397022934598,2
177,95_fur_incin_AB_Stacks_Thermal__frame_007076__aug_02.jpg,95_fur_incin_AB_Stacks_Thermal__frame_007076,95.fur incin AB Stacks Thermal.mp4,7076,291.05056603773585,aug_02,-4.05690693115546,-11.341657781761526,1.2747157183418532,0.9768290504866121,2
178,95_fur_incin_AB_Stacks_Thermal__frame_007198__original.jpg,95_fur_incin_AB_Stacks_Thermal__frame_007198,95.fur incin AB Stacks Thermal.mp4,7198,296.068679245283,original,0.0,0.0,0.0,1.0,2
179,95_fur_incin_AB_Stacks_Thermal__frame_007198__aug_01.jpg,95_fur_incin_AB_Stacks_Thermal__frame_007198,95.fur incin AB Stacks Thermal.mp4,7198,296.068679245283,aug_01,-4.906045662147676,-10.837676495977533,0.892431273800665,0.999197965201855,2
180,95_fur_incin_AB_Stacks_Thermal__frame_007198__aug_02.jpg,95_fur_incin_AB_Stacks_Thermal__frame_007198,95.fur incin AB Stacks Thermal.mp4,7198,296.068679245283,aug_02,11.69927911154447,-22.729131869778623,-0.5236830195618554,1.005959497416667,2
181,95_fur_incin_AB_Stacks_Thermal__frame_007320__original.jpg,95_fur_incin_AB_Stacks_Thermal__frame_007320,95.fur incin AB Stacks Thermal.mp4,7320,301.0867924528302,original,0.0,0.0,0.0,1.0,2
182,95_fur_incin_AB_Stacks_Thermal__frame_007320__aug_01.jpg,95_fur_incin_AB_Stacks_Thermal__frame_007320,95.fur incin AB Stacks Thermal.mp4,7320,301.0867924528302,aug_01,-34.4619039870082,-9.929031899078161,-1.4438301038984385,0.9782340883154396,2
183,95_fur_incin_AB_Stacks_Thermal__frame_007320__aug_02.jpg,95_fur_incin_AB_Stacks_Thermal__frame_007320,95.fur incin AB Stacks Thermal.mp4,7320,301.0867924528302,aug_02,-22.70136386869104,-5.989627714238189,1.018356316913318,1.0000157407933727,2
184,97_A_200_Corridor_Thermal__frame_000000__original.jpg,97_A_200_Corridor_Thermal__frame_000000,97. A- 200 Corridor Thermal.mp4,0,0.0,original,0.0,0.0,0.0,1.0,4
185,97_A_200_Corridor_Thermal__frame_000000__aug_01.jpg,97_A_200_Corridor_Thermal__frame_000000,97. A- 200 Corridor Thermal.mp4,0,0.0,aug_01,10.60628250315635,6.605971279725871,1.6759916925514737,0.9901232751812177,4
186,97_A_200_Corridor_Thermal__frame_000000__aug_02.jpg,97_A_200_Corridor_Thermal__frame_000000,97. A- 200 Corridor Thermal.mp4,0,0.0,aug_02,16.537536862593626,29.882332176453644,3.358158013931077,0.9505755857557461,4
187,97_A_200_Corridor_Thermal__frame_000000__aug_03.jpg,97_A_200_Corridor_Thermal__frame_000000,97. A- 200 Corridor Thermal.mp4,0,0.0,aug_03,48.22781037405757,-23.10151726595397,0.7109703064232953,1.0028755051600757,4
188,97_A_200_Corridor_Thermal__frame_000000__aug_04.jpg,97_A_200_Corridor_Thermal__frame_000000,97. A- 200 Corridor Thermal.mp4,0,0.0,aug_04,56.829182421207065,-13.556226107485774,1.8190328453912343,1.0382738321829823,4
189,97_A_200_Corridor_Thermal__frame_000123__original.jpg,97_A_200_Corridor_Thermal__frame_000123,97. A- 200 Corridor Thermal.mp4,123,4.983872627066749,original,0.0,0.0,0.0,1.0,4
190,97_A_200_Corridor_Thermal__frame_000123__aug_01.jpg,97_A_200_Corridor_Thermal__frame_000123,97. A- 200 Corridor Thermal.mp4,123,4.983872627066749,aug_01,44.10518080500198,-23.735803594794813,-2.828446253778445,0.9636726163388779,4
191,97_A_200_Corridor_Thermal__frame_000123__aug_02.jpg,97_A_200_Corridor_Thermal__frame_000123,97. A- 200 Corridor Thermal.mp4,123,4.983872627066749,aug_02,14.335857938243208,23.419376599220286,1.2440720841499129,0.9612575354736674,4
192,97_A_200_Corridor_Thermal__frame_000123__aug_03.jpg,97_A_200_Corridor_Thermal__frame_000123,97. A- 200 Corridor Thermal.mp4,123,4.983872627066749,aug_03,38.19873249465843,-0.5294677484350245,2.0355666019758862,1.03118525795293,4
193,97_A_200_Corridor_Thermal__frame_000123__aug_04.jpg,97_A_200_Corridor_Thermal__frame_000123,97. A- 200 Corridor Thermal.mp4,123,4.983872627066749,aug_04,17.433049121865267,32.78221873482745,1.0177392551981743,0.9581148881671692,4
194,97_A_200_Corridor_Thermal__frame_000246__original.jpg,97_A_200_Corridor_Thermal__frame_000246,97. A- 200 Corridor Thermal.mp4,246,9.967745254133497,original,0.0,0.0,0.0,1.0,4
195,97_A_200_Corridor_Thermal__frame_000246__aug_01.jpg,97_A_200_Corridor_Thermal__frame_000246,97. A- 200 Corridor Thermal.mp4,246,9.967745254133497,aug_01,49.741072003852636,10.350754957401627,0.05654253867164094,0.9955253990712727,4
196,97_A_200_Corridor_Thermal__frame_000246__aug_02.jpg,97_A_200_Corridor_Thermal__frame_000246,97. A- 200 Corridor Thermal.mp4,246,9.967745254133497,aug_02,-21.918711382642535,19.288399425071646,0.03639201200765907,0.9607070693723637,4
197,97_A_200_Corridor_Thermal__frame_000246__aug_03.jpg,97_A_200_Corridor_Thermal__frame_000246,97. A- 200 Corridor Thermal.mp4,246,9.967745254133497,aug_03,61.320307939206515,-17.137630132563515,-0.9865655515495986,1.0349994349436253,4
198,97_A_200_Corridor_Thermal__frame_000246__aug_04.jpg,97_A_200_Corridor_Thermal__frame_000246,97. A- 200 Corridor Thermal.mp4,246,9.967745254133497,aug_04,25.95802163886067,2.3754005760756627,1.168198565867903,0.9908087639586525,4
199,97_A_200_Corridor_Thermal__frame_000369__original.jpg,97_A_200_Corridor_Thermal__frame_000369,97. A- 200 Corridor Thermal.mp4,369,14.951617881200246,original,0.0,0.0,0.0,1.0,4
200,97_A_200_Corridor_Thermal__frame_000369__aug_01.jpg,97_A_200_Corridor_Thermal__frame_000369,97. A- 200 Corridor Thermal.mp4,369,14.951617881200246,aug_01,62.67355745480856,-1.2356171214545455,-2.187655627728902,0.9565078423812495,4
201,97_A_200_Corridor_Thermal__frame_000369__aug_02.jpg,97_A_200_Corridor_Thermal__frame_000369,97. A- 200 Corridor Thermal.mp4,369,14.951617881200246,aug_02,37.28306462261382,-33.20558627134428,-0.9862410334198026,0.9594696654506141,4
202,97_A_200_Corridor_Thermal__frame_000369__aug_03.jpg,97_A_200_Corridor_Thermal__frame_000369,97. A- 200 Corridor Thermal.mp4,369,14.951617881200246,aug_03,46.388307936477574,24.39880323578896,2.472349757114409,0.959864699889287,4
203,97_A_200_Corridor_Thermal__frame_000369__aug_04.jpg,97_A_200_Corridor_Thermal__frame_000369,97. A- 200 Corridor Thermal.mp4,369,14.951617881200246,aug_04,-8.725723280631456,-8.022724965311987,1.4109033775082631,0.968503624173631,4
204,97_A_200_Corridor_Thermal__frame_000492__original.jpg,97_A_200_Corridor_Thermal__frame_000492,97. A- 200 Corridor Thermal.mp4,492,19.935490508266994,original,0.0,0.0,0.0,1.0,4
205,97_A_200_Corridor_Thermal__frame_000492__aug_01.jpg,97_A_200_Corridor_Thermal__frame_000492,97. A- 200 Corridor Thermal.mp4,492,19.935490508266994,aug_01,4.761560957756558,-17.147889309348933,2.468990968726291,0.9962818726038704,4
206,97_A_200_Corridor_Thermal__frame_000492__aug_02.jpg,97_A_200_Corridor_Thermal__frame_000492,97. A- 200 Corridor Thermal.mp4,492,19.935490508266994,aug_02,46.91587498159903,-11.89431375974705,3.5770413619529835,1.0581327752237892,4
207,97_A_200_Corridor_Thermal__frame_000492__aug_03.jpg,97_A_200_Corridor_Thermal__frame_000492,97. A- 200 Corridor Thermal.mp4,492,19.935490508266994,aug_03,65.27754144883261,28.520211562311616,2.410073793212381,0.9566078241524117,4
208,97_A_200_Corridor_Thermal__frame_000492__aug_04.jpg,97_A_200_Corridor_Thermal__frame_000492,97. A- 200 Corridor Thermal.mp4,492,19.935490508266994,aug_04,36.83635624083672,-20.448783036777904,3.2424496718259297,0.9576818387189925,4
209,97_A_200_Corridor_Thermal__frame_000615__original.jpg,97_A_200_Corridor_Thermal__frame_000615,97. A- 200 Corridor Thermal.mp4,615,24.919363135333743,original,0.0,0.0,0.0,1.0,4
210,97_A_200_Corridor_Thermal__frame_000615__aug_01.jpg,97_A_200_Corridor_Thermal__frame_000615,97. A- 200 Corridor Thermal.mp4,615,24.919363135333743,aug_01,31.812869945490448,2.499435529805183,-3.1105051174060927,0.9745721893647077,4
211,97_A_200_Corridor_Thermal__frame_000615__aug_02.jpg,97_A_200_Corridor_Thermal__frame_000615,97. A- 200 Corridor Thermal.mp4,615,24.919363135333743,aug_02,23.011982243881278,-37.29474405114644,3.7972359276177734,0.9481215187490615,4
212,97_A_200_Corridor_Thermal__frame_000615__aug_03.jpg,97_A_200_Corridor_Thermal__frame_000615,97. A- 200 Corridor Thermal.mp4,615,24.919363135333743,aug_03,3.648322345103878,0.6594926921807911,3.9066518847717395,1.0064982342901834,4
213,97_A_200_Corridor_Thermal__frame_000615__aug_04.jpg,97_A_200_Corridor_Thermal__frame_000615,97. A- 200 Corridor Thermal.mp4,615,24.919363135333743,aug_04,-5.924859157370548,-18.59016859424719,-3.6495497947270152,0.9639363800458226,4
214,97_A_200_Corridor_Thermal__frame_000738__original.jpg,97_A_200_Corridor_Thermal__frame_000738,97. A- 200 Corridor Thermal.mp4,738,29.90323576240049,original,0.0,0.0,0.0,1.0,4
215,97_A_200_Corridor_Thermal__frame_000738__aug_01.jpg,97_A_200_Corridor_Thermal__frame_000738,97. A- 200 Corridor Thermal.mp4,738,29.90323576240049,aug_01,6.024297671586027,-22.201761131764435,2.026327350550919,0.9629324116880693,4
216,97_A_200_Corridor_Thermal__frame_000738__aug_02.jpg,97_A_200_Corridor_Thermal__frame_000738,97. A- 200 Corridor Thermal.mp4,738,29.90323576240049,aug_02,55.249249293707464,-10.201970856537706,3.7897886745224723,0.9995443871844427,4
217,97_A_200_Corridor_Thermal__frame_000738__aug_03.jpg,97_A_200_Corridor_Thermal__frame_000738,97. A- 200 Corridor Thermal.mp4,738,29.90323576240049,aug_03,31.791385407969003,-37.89656945500789,0.819626390641818,1.0386809535447865,4
218,97_A_200_Corridor_Thermal__frame_000738__aug_04.jpg,97_A_200_Corridor_Thermal__frame_000738,97. A- 200 Corridor Thermal.mp4,738,29.90323576240049,aug_04,39.38367576408531,-41.86809307813122,-3.4621330955031295,1.0334218448208239,4
219,97_A_200_Corridor_Thermal__frame_000861__original.jpg,97_A_200_Corridor_Thermal__frame_000861,97. A- 200 Corridor Thermal.mp4,861,34.88710838946724,original,0.0,0.0,0.0,1.0,4
220,97_A_200_Corridor_Thermal__frame_000861__aug_01.jpg,97_A_200_Corridor_Thermal__frame_000861,97. A- 200 Corridor Thermal.mp4,861,34.88710838946724,aug_01,-1.2319726644086302,-33.96263202864262,2.8226103230745814,0.9942451222294477,4
221,97_A_200_Corridor_Thermal__frame_000861__aug_02.jpg,97_A_200_Corridor_Thermal__frame_000861,97. A- 200 Corridor Thermal.mp4,861,34.88710838946724,aug_02,48.37297065645792,-16.237100511002687,-1.2205976420914837,0.9477926893979285,4
222,97_A_200_Corridor_Thermal__frame_000861__aug_03.jpg,97_A_200_Corridor_Thermal__frame_000861,97. A- 200 Corridor Thermal.mp4,861,34.88710838946724,aug_03,59.82542394124488,12.393002030761465,2.349571070760022,1.0010506894209161,4
223,97_A_200_Corridor_Thermal__frame_000861__aug_04.jpg,97_A_200_Corridor_Thermal__frame_000861,97. A- 200 Corridor Thermal.mp4,861,34.88710838946724,aug_04,7.230570749699851,10.075352635846876,-3.3102761467845383,0.9771148861034155,4
224,97_A_200_Corridor_Thermal__frame_000984__original.jpg,97_A_200_Corridor_Thermal__frame_000984,97. A- 200 Corridor Thermal.mp4,984,39.87098101653399,original,0.0,0.0,0.0,1.0,4
225,97_A_200_Corridor_Thermal__frame_000984__aug_01.jpg,97_A_200_Corridor_Thermal__frame_000984,97. A- 200 Corridor Thermal.mp4,984,39.87098101653399,aug_01,45.267515931174685,-38.362435837988485,3.779037852110127,1.0170806307263658,4
226,97_A_200_Corridor_Thermal__frame_000984__aug_02.jpg,97_A_200_Corridor_Thermal__frame_000984,97. A- 200 Corridor Thermal.mp4,984,39.87098101653399,aug_02,61.82497830160341,-31.122515980839317,1.2698629870700344,1.0264759322124728,4
227,97_A_200_Corridor_Thermal__frame_000984__aug_03.jpg,97_A_200_Corridor_Thermal__frame_000984,97. A- 200 Corridor Thermal.mp4,984,39.87098101653399,aug_03,-2.38772545544127,27.421933879415974,1.4799267295654133,0.9756920645715691,4
228,97_A_200_Corridor_Thermal__frame_000984__aug_04.jpg,97_A_200_Corridor_Thermal__frame_000984,97. A- 200 Corridor Thermal.mp4,984,39.87098101653399,aug_04,32.787965672636545,32.469962917889276,3.8029930233190417,0.9556919381862863,4
229,97_A_200_Corridor_Thermal__frame_001107__original.jpg,97_A_200_Corridor_Thermal__frame_001107,97. A- 200 Corridor Thermal.mp4,1107,44.854853643600734,original,0.0,0.0,0.0,1.0,4
230,97_A_200_Corridor_Thermal__frame_001107__aug_01.jpg,97_A_200_Corridor_Thermal__frame_001107,97. A- 200 Corridor Thermal.mp4,1107,44.854853643600734,aug_01,36.836992519408,-0.15610121460820636,0.1177987138518759,0.9998511650077185,4
231,97_A_200_Corridor_Thermal__frame_001107__aug_02.jpg,97_A_200_Corridor_Thermal__frame_001107,97. A- 200 Corridor Thermal.mp4,1107,44.854853643600734,aug_02,65.33612827734655,-25.637001972638302,-1.1768392891491573,0.946064848555347,4
232,97_A_200_Corridor_Thermal__frame_001107__aug_03.jpg,97_A_200_Corridor_Thermal__frame_001107,97. A- 200 Corridor Thermal.mp4,1107,44.854853643600734,aug_03,9.839430143344103,-27.481022830105285,0.4257834129692135,0.948823809969141,4
233,97_A_200_Corridor_Thermal__frame_001107__aug_04.jpg,97_A_200_Corridor_Thermal__frame_001107,97. A- 200 Corridor Thermal.mp4,1107,44.854853643600734,aug_04,25.255809616640505,-34.30700822487694,3.8006625233102724,0.9872684455274329,4
234,97_A_200_Corridor_Thermal__frame_001230__original.jpg,97_A_200_Corridor_Thermal__frame_001230,97. A- 200 Corridor Thermal.mp4,1230,49.838726270667486,original,0.0,0.0,0.0,1.0,4
235,97_A_200_Corridor_Thermal__frame_001230__aug_01.jpg,97_A_200_Corridor_Thermal__frame_001230,97. A- 200 Corridor Thermal.mp4,1230,49.838726270667486,aug_01,41.28561197333241,-14.482323004269123,3.5115885356430034,1.0305958206751353,4
236,97_A_200_Corridor_Thermal__frame_001230__aug_02.jpg,97_A_200_Corridor_Thermal__frame_001230,97. A- 200 Corridor Thermal.mp4,1230,49.838726270667486,aug_02,67.18572436508265,7.533192766390769,2.374038511441177,1.0270389055062226,4
237,97_A_200_Corridor_Thermal__frame_001230__aug_03.jpg,97_A_200_Corridor_Thermal__frame_001230,97. A- 200 Corridor Thermal.mp4,1230,49.838726270667486,aug_03,11.693258786669588,-29.65391444280066,1.032201929162909,1.0143682966601308,4
238,97_A_200_Corridor_Thermal__frame_001230__aug_04.jpg,97_A_200_Corridor_Thermal__frame_001230,97. A- 200 Corridor Thermal.mp4,1230,49.838726270667486,aug_04,47.763397494157005,-31.700186252970134,1.4458151604054308,0.9437884616010519,4
239,97_A_200_Corridor_Thermal__frame_001353__original.jpg,97_A_200_Corridor_Thermal__frame_001353,97. A- 200 Corridor Thermal.mp4,1353,54.82259889773423,original,0.0,0.0,0.0,1.0,4
240,97_A_200_Corridor_Thermal__frame_001353__aug_01.jpg,97_A_200_Corridor_Thermal__frame_001353,97. A- 200 Corridor Thermal.mp4,1353,54.82259889773423,aug_01,62.74872390980218,-35.10940307996729,-3.8485010599470995,0.9776430980135026,4
241,97_A_200_Corridor_Thermal__frame_001353__aug_02.jpg,97_A_200_Corridor_Thermal__frame_001353,97. A- 200 Corridor Thermal.mp4,1353,54.82259889773423,aug_02,58.87293298560948,33.553593802108836,1.886698170149451,0.9474737543217318,4
242,97_A_200_Corridor_Thermal__frame_001353__aug_03.jpg,97_A_200_Corridor_Thermal__frame_001353,97. A- 200 Corridor Thermal.mp4,1353,54.82259889773423,aug_03,20.063273999924604,17.398197902683883,0.8806126406300123,0.9630717002964055,4
243,97_A_200_Corridor_Thermal__frame_001353__aug_04.jpg,97_A_200_Corridor_Thermal__frame_001353,97. A- 200 Corridor Thermal.mp4,1353,54.82259889773423,aug_04,-8.067344338923043,-21.92004220738661,-0.16736589586813455,0.9642481608640715,4
244,97_A_200_Corridor_Thermal__frame_001476__original.jpg,97_A_200_Corridor_Thermal__frame_001476,97. A- 200 Corridor Thermal.mp4,1476,59.80647152480098,original,0.0,0.0,0.0,1.0,4
245,97_A_200_Corridor_Thermal__frame_001476__aug_01.jpg,97_A_200_Corridor_Thermal__frame_001476,97. A- 200 Corridor Thermal.mp4,1476,59.80647152480098,aug_01,30.430127875034103,-35.95095857003869,2.166128464786233,0.9406217735688556,4
246,97_A_200_Corridor_Thermal__frame_001476__aug_02.jpg,97_A_200_Corridor_Thermal__frame_001476,97. A- 200 Corridor Thermal.mp4,1476,59.80647152480098,aug_02,-25.036521703316666,13.130812610124288,3.2634956698849793,0.950735286461382,4
247,97_A_200_Corridor_Thermal__frame_001476__aug_03.jpg,97_A_200_Corridor_Thermal__frame_001476,97. A- 200 Corridor Thermal.mp4,1476,59.80647152480098,aug_03,57.85216159377936,-29.24417020671332,3.0579597853186655,0.9610946449046635,4
248,97_A_200_Corridor_Thermal__frame_001476__aug_04.jpg,97_A_200_Corridor_Thermal__frame_001476,97. A- 200 Corridor Thermal.mp4,1476,59.80647152480098,aug_04,36.01958503605857,-29.205457754538173,2.849172034187662,1.0476451314140771,4
249,97_A_200_Corridor_Thermal__frame_001599__original.jpg,97_A_200_Corridor_Thermal__frame_001599,97. A- 200 Corridor Thermal.mp4,1599,64.79034415186773,original,0.0,0.0,0.0,1.0,4
250,97_A_200_Corridor_Thermal__frame_001599__aug_01.jpg,97_A_200_Corridor_Thermal__frame_001599,97. A- 200 Corridor Thermal.mp4,1599,64.79034415186773,aug_01,26.987602659183437,-39.40881013795175,-3.0542012175682194,0.9768167610404344,4
251,97_A_200_Corridor_Thermal__frame_001599__aug_02.jpg,97_A_200_Corridor_Thermal__frame_001599,97. A- 200 Corridor Thermal.mp4,1599,64.79034415186773,aug_02,16.047562740138858,-25.278425915819046,-2.931449742425567,0.9583822677627014,4
252,97_A_200_Corridor_Thermal__frame_001599__aug_03.jpg,97_A_200_Corridor_Thermal__frame_001599,97. A- 200 Corridor Thermal.mp4,1599,64.79034415186773,aug_03,-4.084069236896397,3.3765918923880776,1.3127555147173107,0.9662093947188791,4
253,97_A_200_Corridor_Thermal__frame_001599__aug_04.jpg,97_A_200_Corridor_Thermal__frame_001599,97. A- 200 Corridor Thermal.mp4,1599,64.79034415186773,aug_04,43.2168916448132,-4.1910929838196225,0.10598274561313215,0.9948158170854251,4
254,97_A_200_Corridor_Thermal__frame_001722__original.jpg,97_A_200_Corridor_Thermal__frame_001722,97. A- 200 Corridor Thermal.mp4,1722,69.77421677893447,original,0.0,0.0,0.0,1.0,4
255,97_A_200_Corridor_Thermal__frame_001722__aug_01.jpg,97_A_200_Corridor_Thermal__frame_001722,97. A- 200 Corridor Thermal.mp4,1722,69.77421677893447,aug_01,60.8415918438925,-38.78827684557176,3.4702045006794453,0.9438081845227695,4
256,97_A_200_Corridor_Thermal__frame_001722__aug_02.jpg,97_A_200_Corridor_Thermal__frame_001722,97. A- 200 Corridor Thermal.mp4,1722,69.77421677893447,aug_02,20.42331453360289,-7.16742550059049,3.9428527886470315,0.9858975542621646,4
257,97_A_200_Corridor_Thermal__frame_001722__aug_03.jpg,97_A_200_Corridor_Thermal__frame_001722,97. A- 200 Corridor Thermal.mp4,1722,69.77421677893447,aug_03,22.650955337565534,3.537023752697422,1.2282727873496162,0.981732386456698,4
258,97_A_200_Corridor_Thermal__frame_001722__aug_04.jpg,97_A_200_Corridor_Thermal__frame_001722,97. A- 200 Corridor Thermal.mp4,1722,69.77421677893447,aug_04,31.503352427248572,-34.84398251101704,2.4758254683135554,0.9903088718190103,4
259,97_A_200_Corridor_Thermal__frame_001845__original.jpg,97_A_200_Corridor_Thermal__frame_001845,97. A- 200 Corridor Thermal.mp4,1845,74.75808940600123,original,0.0,0.0,0.0,1.0,4
260,97_A_200_Corridor_Thermal__frame_001845__aug_01.jpg,97_A_200_Corridor_Thermal__frame_001845,97. A- 200 Corridor Thermal.mp4,1845,74.75808940600123,aug_01,13.708474398816733,15.527871129322229,-1.4346790768561348,0.9762117322173044,4
261,97_A_200_Corridor_Thermal__frame_001845__aug_02.jpg,97_A_200_Corridor_Thermal__frame_001845,97. A- 200 Corridor Thermal.mp4,1845,74.75808940600123,aug_02,61.82209737646764,15.420827227115005,2.286436767844144,0.9782481348779575,4
262,97_A_200_Corridor_Thermal__frame_001845__aug_03.jpg,97_A_200_Corridor_Thermal__frame_001845,97. A- 200 Corridor Thermal.mp4,1845,74.75808940600123,aug_03,8.020146147898231,-32.93165240468298,-2.057131871283314,0.9644004079672065,4
263,97_A_200_Corridor_Thermal__frame_001845__aug_04.jpg,97_A_200_Corridor_Thermal__frame_001845,97. A- 200 Corridor Thermal.mp4,1845,74.75808940600123,aug_04,20.538819216712255,38.00034940601002,2.777067087356895,0.9510956795832236,4
264,97_A_200_Corridor_Thermal__frame_001968__original.jpg,97_A_200_Corridor_Thermal__frame_001968,97. A- 200 Corridor Thermal.mp4,1968,79.74196203306798,original,0.0,0.0,0.0,1.0,4
265,97_A_200_Corridor_Thermal__frame_001968__aug_01.jpg,97_A_200_Corridor_Thermal__frame_001968,97. A- 200 Corridor Thermal.mp4,1968,79.74196203306798,aug_01,31.441859723008264,-27.856654341233554,-1.8523072971601504,1.0208406304761495,4
266,97_A_200_Corridor_Thermal__frame_001968__aug_02.jpg,97_A_200_Corridor_Thermal__frame_001968,97. A- 200 Corridor Thermal.mp4,1968,79.74196203306798,aug_02,64.69085785602425,-34.4415420500999,3.9965760561424934,0.9974705051610839,4
267,97_A_200_Corridor_Thermal__frame_001968__aug_03.jpg,97_A_200_Corridor_Thermal__frame_001968,97. A- 200 Corridor Thermal.mp4,1968,79.74196203306798,aug_03,58.00626984564846,-11.636557071186743,-0.6885586353710034,1.0075029672957225,4
268,97_A_200_Corridor_Thermal__frame_001968__aug_04.jpg,97_A_200_Corridor_Thermal__frame_001968,97. A- 200 Corridor Thermal.mp4,1968,79.74196203306798,aug_04,11.08000964523606,-7.4179733800343755,-2.7807087185268538,0.9795838343173432,4
269,97_A_200_Corridor_Thermal__frame_002091__original.jpg,97_A_200_Corridor_Thermal__frame_002091,97. A- 200 Corridor Thermal.mp4,2091,84.72583466013472,original,0.0,0.0,0.0,1.0,4
270,97_A_200_Corridor_Thermal__frame_002091__aug_01.jpg,97_A_200_Corridor_Thermal__frame_002091,97. A- 200 Corridor Thermal.mp4,2091,84.72583466013472,aug_01,5.899159749189721,12.762851686412986,-3.530143587354159,0.9440588508597628,4
271,97_A_200_Corridor_Thermal__frame_002091__aug_02.jpg,97_A_200_Corridor_Thermal__frame_002091,97. A- 200 Corridor Thermal.mp4,2091,84.72583466013472,aug_02,23.345662137467556,10.486742497590413,-0.13436677102539907,0.9985425260803685,4
272,97_A_200_Corridor_Thermal__frame_002091__aug_03.jpg,97_A_200_Corridor_Thermal__frame_002091,97. A- 200 Corridor Thermal.mp4,2091,84.72583466013472,aug_03,24.36461329668944,27.555092905268594,3.278186927990129,0.9528419714433392,4
273,97_A_200_Corridor_Thermal__frame_002091__aug_04.jpg,97_A_200_Corridor_Thermal__frame_002091,97. A- 200 Corridor Thermal.mp4,2091,84.72583466013472,aug_04,44.13001469985957,-20.940773699102778,-0.8248286200154284,0.9847661900156418,4
274,97_A_200_Corridor_Thermal__frame_002214__original.jpg,97_A_200_Corridor_Thermal__frame_002214,97. A- 200 Corridor Thermal.mp4,2214,89.70970728720147,original,0.0,0.0,0.0,1.0,4
275,97_A_200_Corridor_Thermal__frame_002214__aug_01.jpg,97_A_200_Corridor_Thermal__frame_002214,97. A- 200 Corridor Thermal.mp4,2214,89.70970728720147,aug_01,-13.156162617655966,5.850196420317218,3.9218642531178185,0.9671028703152906,4
276,97_A_200_Corridor_Thermal__frame_002214__aug_02.jpg,97_A_200_Corridor_Thermal__frame_002214,97. A- 200 Corridor Thermal.mp4,2214,89.70970728720147,aug_02,36.34201902475827,-36.584954511560156,-0.9658878220814726,1.0063241727435634,4
277,97_A_200_Corridor_Thermal__frame_002214__aug_03.jpg,97_A_200_Corridor_Thermal__frame_002214,97. A- 200 Corridor Thermal.mp4,2214,89.70970728720147,aug_03,51.536364681424786,34.87988763310442,-0.1959976988378136,0.9455874364890091,4
278,97_A_200_Corridor_Thermal__frame_002214__aug_04.jpg,97_A_200_Corridor_Thermal__frame_002214,97. A- 200 Corridor Thermal.mp4,2214,89.70970728720147,aug_04,12.185054571828374,22.70290228621785,1.7016911995948778,0.9877955224474146,4
279,97_A_200_Corridor_Thermal__frame_002337__original.jpg,97_A_200_Corridor_Thermal__frame_002337,97. A- 200 Corridor Thermal.mp4,2337,94.69357991426823,original,0.0,0.0,0.0,1.0,4
280,97_A_200_Corridor_Thermal__frame_002337__aug_01.jpg,97_A_200_Corridor_Thermal__frame_002337,97. A- 200 Corridor Thermal.mp4,2337,94.69357991426823,aug_01,66.4052658410395,-40.16732112473458,-0.5032939772520066,1.040640958913581,4
281,97_A_200_Corridor_Thermal__frame_002337__aug_02.jpg,97_A_200_Corridor_Thermal__frame_002337,97. A- 200 Corridor Thermal.mp4,2337,94.69357991426823,aug_02,-1.3155161444889387,-12.976992206473689,3.5291427597658034,0.9918217535487454,4
282,97_A_200_Corridor_Thermal__frame_002337__aug_03.jpg,97_A_200_Corridor_Thermal__frame_002337,97. A- 200 Corridor Thermal.mp4,2337,94.69357991426823,aug_03,41.727724332384525,19.179767941054706,-3.3436959226148115,0.9585065156638621,4
283,97_A_200_Corridor_Thermal__frame_002337__aug_04.jpg,97_A_200_Corridor_Thermal__frame_002337,97. A- 200 Corridor Thermal.mp4,2337,94.69357991426823,aug_04,29.634801669006336,12.051079376674586,1.9172423118127568,0.9780013874417843,4
284,97_A_200_Corridor_Thermal__frame_002460__original.jpg,97_A_200_Corridor_Thermal__frame_002460,97. A- 200 Corridor Thermal.mp4,2460,99.67745254133497,original,0.0,0.0,0.0,1.0,4
285,97_A_200_Corridor_Thermal__frame_002460__aug_01.jpg,97_A_200_Corridor_Thermal__frame_002460,97. A- 200 Corridor Thermal.mp4,2460,99.67745254133497,aug_01,7.663600085241484,-8.276024242517622,-3.7899047678936224,0.9824697144814311,4
286,97_A_200_Corridor_Thermal__frame_002460__aug_02.jpg,97_A_200_Corridor_Thermal__frame_002460,97. A- 200 Corridor Thermal.mp4,2460,99.67745254133497,aug_02,13.132895725471016,-27.40065976077656,-3.144221059352784,0.9765589594901508,4
287,97_A_200_Corridor_Thermal__frame_002460__aug_03.jpg,97_A_200_Corridor_Thermal__frame_002460,97. A- 200 Corridor Thermal.mp4,2460,99.67745254133497,aug_03,62.83528473523913,-15.100450621953573,0.9615375029975146,1.036489175434886,4
288,97_A_200_Corridor_Thermal__frame_002460__aug_04.jpg,97_A_200_Corridor_Thermal__frame_002460,97. A- 200 Corridor Thermal.mp4,2460,99.67745254133497,aug_04,66.39155271064496,-32.748797557956166,-1.4346787569992987,1.053673470641934,4
289,97_A_200_Corridor_Thermal__frame_002583__original.jpg,97_A_200_Corridor_Thermal__frame_002583,97. A- 200 Corridor Thermal.mp4,2583,104.66132516840172,original,0.0,0.0,0.0,1.0,4
290,97_A_200_Corridor_Thermal__frame_002583__aug_01.jpg,97_A_200_Corridor_Thermal__frame_002583,97. A- 200 Corridor Thermal.mp4,2583,104.66132516840172,aug_01,25.43976863821227,4.508924129772552,3.624036891890368,0.9953946667399778,4
291,97_A_200_Corridor_Thermal__frame_002583__aug_02.jpg,97_A_200_Corridor_Thermal__frame_002583,97. A- 200 Corridor Thermal.mp4,2583,104.66132516840172,aug_02,29.171387175848892,-5.5390541121982295,-1.6693503361176374,1.0231402335189212,4
292,97_A_200_Corridor_Thermal__frame_002583__aug_03.jpg,97_A_200_Corridor_Thermal__frame_002583,97. A- 200 Corridor Thermal.mp4,2583,104.66132516840172,aug_03,18.6670455515129,-23.218094909628103,1.2693037482585448,1.0258283669559312,4
293,97_A_200_Corridor_Thermal__frame_002583__aug_04.jpg,97_A_200_Corridor_Thermal__frame_002583,97. A- 200 Corridor Thermal.mp4,2583,104.66132516840172,aug_04,40.47074685080881,-38.34313779759404,3.925604915495744,0.9975081639727151,4
294,97_A_200_Corridor_Thermal__frame_002706__original.jpg,97_A_200_Corridor_Thermal__frame_002706,97. A- 200 Corridor Thermal.mp4,2706,109.64519779546846,original,0.0,0.0,0.0,1.0,4
295,97_A_200_Corridor_Thermal__frame_002706__aug_01.jpg,97_A_200_Corridor_Thermal__frame_002706,97. A- 200 Corridor Thermal.mp4,2706,109.64519779546846,aug_01,22.064230241307186,-13.049206249635937,1.175998783867234,0.9453156032233418,4
296,97_A_200_Corridor_Thermal__frame_002706__aug_02.jpg,97_A_200_Corridor_Thermal__frame_002706,97. A- 200 Corridor Thermal.mp4,2706,109.64519779546846,aug_02,65.20034887993594,-6.259001049883594,-3.9156178177233603,0.9710486044484387,4
297,97_A_200_Corridor_Thermal__frame_002706__aug_03.jpg,97_A_200_Corridor_Thermal__frame_002706,97. A- 200 Corridor Thermal.mp4,2706,109.64519779546846,aug_03,0.06520942676283425,-13.952935116043356,-3.8034987757938454,0.9525459229607274,4
298,97_A_200_Corridor_Thermal__frame_002706__aug_04.jpg,97_A_200_Corridor_Thermal__frame_002706,97. A- 200 Corridor Thermal.mp4,2706,109.64519779546846,aug_04,-25.352673609521936,-17.976232513625373,2.481487495349585,0.9538102320038543,4
299,97_A_200_Corridor_Thermal__frame_002829__original.jpg,97_A_200_Corridor_Thermal__frame_002829,97. A- 200 Corridor Thermal.mp4,2829,114.62907042253522,original,0.0,0.0,0.0,1.0,4
300,97_A_200_Corridor_Thermal__frame_002829__aug_01.jpg,97_A_200_Corridor_Thermal__frame_002829,97. A- 200 Corridor Thermal.mp4,2829,114.62907042253522,aug_01,48.88520112656737,13.317292554994232,1.4171146631270721,0.9597224911420843,4
301,97_A_200_Corridor_Thermal__frame_002829__aug_02.jpg,97_A_200_Corridor_Thermal__frame_002829,97. A- 200 Corridor Thermal.mp4,2829,114.62907042253522,aug_02,67.74606588235889,-23.04783481032066,-2.6043741374069285,0.959216285345843,4
302,97_A_200_Corridor_Thermal__frame_002829__aug_03.jpg,97_A_200_Corridor_Thermal__frame_002829,97. A- 200 Corridor Thermal.mp4,2829,114.62907042253522,aug_03,15.974971232068768,-27.24080077959783,0.7376252668829464,0.9866602936426848,4
303,97_A_200_Corridor_Thermal__frame_002829__aug_04.jpg,97_A_200_Corridor_Thermal__frame_002829,97. A- 200 Corridor Thermal.mp4,2829,114.62907042253522,aug_04,28.66298623436282,-26.479396856941026,2.018603962883933,1.0370475746357513,4
304,97_A_200_Corridor_Thermal__frame_002952__original.jpg,97_A_200_Corridor_Thermal__frame_002952,97. A- 200 Corridor Thermal.mp4,2952,119.61294304960197,original,0.0,0.0,0.0,1.0,4
305,97_A_200_Corridor_Thermal__frame_002952__aug_01.jpg,97_A_200_Corridor_Thermal__frame_002952,97. A- 200 Corridor Thermal.mp4,2952,119.61294304960197,aug_01,12.180660039130515,-13.686782630692104,2.764142421356474,1.014083521520371,4
306,97_A_200_Corridor_Thermal__frame_002952__aug_02.jpg,97_A_200_Corridor_Thermal__frame_002952,97. A- 200 Corridor Thermal.mp4,2952,119.61294304960197,aug_02,27.08060971410974,13.073408557195535,3.9991964205047363,1.0065895090998997,4
307,97_A_200_Corridor_Thermal__frame_002952__aug_03.jpg,97_A_200_Corridor_Thermal__frame_002952,97. A- 200 Corridor Thermal.mp4,2952,119.61294304960197,aug_03,25.857533878398115,-7.593260825329928,2.7191344168097817,0.9986439414327622,4
308,97_A_200_Corridor_Thermal__frame_002952__aug_04.jpg,97_A_200_Corridor_Thermal__frame_002952,97. A- 200 Corridor Thermal.mp4,2952,119.61294304960197,aug_04,33.95255527017018,23.932759944932158,0.39780947630441066,0.9535853194350428,4
309,97_A_200_Corridor_Thermal__frame_003075__original.jpg,97_A_200_Corridor_Thermal__frame_003075,97. A- 200 Corridor Thermal.mp4,3075,124.59681567666871,original,0.0,0.0,0.0,1.0,4
310,97_A_200_Corridor_Thermal__frame_003075__aug_01.jpg,97_A_200_Corridor_Thermal__frame_003075,97. A- 200 Corridor Thermal.mp4,3075,124.59681567666871,aug_01,45.16552989147658,-41.255052995679,1.7518419290403466,1.0055623929666357,4
311,97_A_200_Corridor_Thermal__frame_003075__aug_02.jpg,97_A_200_Corridor_Thermal__frame_003075,97. A- 200 Corridor Thermal.mp4,3075,124.59681567666871,aug_02,68.56860190273565,-35.782520501025154,2.6405657323403178,1.0301614593692408,4
312,97_A_200_Corridor_Thermal__frame_003075__aug_03.jpg,97_A_200_Corridor_Thermal__frame_003075,97. A- 200 Corridor Thermal.mp4,3075,124.59681567666871,aug_03,44.3420019163014,-5.4837086955000345,3.9516614745489367,1.0330757979856928,4
313,97_A_200_Corridor_Thermal__frame_003075__aug_04.jpg,97_A_200_Corridor_Thermal__frame_003075,97. A- 200 Corridor Thermal.mp4,3075,124.59681567666871,aug_04,29.505554329131925,11.949356783442461,-2.6721470584779263,0.9567081959112131,4
314,97_A_200_Corridor_Thermal__frame_003198__original.jpg,97_A_200_Corridor_Thermal__frame_003198,97. A- 200 Corridor Thermal.mp4,3198,129.58068830373546,original,0.0,0.0,0.0,1.0,4
315,97_A_200_Corridor_Thermal__frame_003198__aug_01.jpg,97_A_200_Corridor_Thermal__frame_003198,97. A- 200 Corridor Thermal.mp4,3198,129.58068830373546,aug_01,25.10190422926341,-36.42973525670915,3.7021759599503357,1.0342829257949557,4
316,97_A_200_Corridor_Thermal__frame_003198__aug_02.jpg,97_A_200_Corridor_Thermal__frame_003198,97. A- 200 Corridor Thermal.mp4,3198,129.58068830373546,aug_02,51.25103129876196,-22.52904822556742,1.6911587907133523,1.039417816323836,4
317,97_A_200_Corridor_Thermal__frame_003198__aug_03.jpg,97_A_200_Corridor_Thermal__frame_003198,97. A- 200 Corridor Thermal.mp4,3198,129.58068830373546,aug_03,53.21751138302528,-36.62146943616443,0.12490777670159225,0.9733870825422141,4
318,97_A_200_Corridor_Thermal__frame_003198__aug_04.jpg,97_A_200_Corridor_Thermal__frame_003198,97. A- 200 Corridor Thermal.mp4,3198,129.58068830373546,aug_04,61.08705597240052,-11.783594333212022,3.602032630923061,0.9792747136193116,4
319,97_A_200_Corridor_Thermal__frame_003321__original.jpg,97_A_200_Corridor_Thermal__frame_003321,97. A- 200 Corridor Thermal.mp4,3321,134.5645609308022,original,0.0,0.0,0.0,1.0,4
320,97_A_200_Corridor_Thermal__frame_003321__aug_01.jpg,97_A_200_Corridor_Thermal__frame_003321,97. A- 200 Corridor Thermal.mp4,3321,134.5645609308022,aug_01,-5.817104064839526,14.772943874865831,-1.1342181652721024,0.9475996823272209,4
321,97_A_200_Corridor_Thermal__frame_003321__aug_02.jpg,97_A_200_Corridor_Thermal__frame_003321,97. A- 200 Corridor Thermal.mp4,3321,134.5645609308022,aug_02,4.819425014259082,-25.395305848631473,-0.5628551945181108,0.9654221759689285,4
322,97_A_200_Corridor_Thermal__frame_003321__aug_03.jpg,97_A_200_Corridor_Thermal__frame_003321,97. A- 200 Corridor Thermal.mp4,3321,134.5645609308022,aug_03,64.12444770255613,-26.791361424234026,1.5087350552920826,0.9558295704860816,4
323,97_A_200_Corridor_Thermal__frame_003321__aug_04.jpg,97_A_200_Corridor_Thermal__frame_003321,97. A- 200 Corridor Thermal.mp4,3321,134.5645609308022,aug_04,20.999607907691384,-30.692028338476256,3.4618045018073937,0.9728823349714338,4
324,97_A_200_Corridor_Thermal__frame_003444__original.jpg,97_A_200_Corridor_Thermal__frame_003444,97. A- 200 Corridor Thermal.mp4,3444,139.54843355786895,original,0.0,0.0,0.0,1.0,4
325,97_A_200_Corridor_Thermal__frame_003444__aug_01.jpg,97_A_200_Corridor_Thermal__frame_003444,97. A- 200 Corridor Thermal.mp4,3444,139.54843355786895,aug_01,-37.219862192181274,13.993670554518147,1.6295843181123537,0.9401303564430068,4
326,97_A_200_Corridor_Thermal__frame_003444__aug_02.jpg,97_A_200_Corridor_Thermal__frame_003444,97. A- 200 Corridor Thermal.mp4,3444,139.54843355786895,aug_02,69.0116217344939,-32.14322398485955,0.24406621237344783,0.941016969034361,4
327,97_A_200_Corridor_Thermal__frame_003444__aug_03.jpg,97_A_200_Corridor_Thermal__frame_003444,97. A- 200 Corridor Thermal.mp4,3444,139.54843355786895,aug_03,21.002829842092964,-5.391052129813332,1.7794562109145788,1.0153696046009084,4
328,97_A_200_Corridor_Thermal__frame_003444__aug_04.jpg,97_A_200_Corridor_Thermal__frame_003444,97. A- 200 Corridor Thermal.mp4,3444,139.54843355786895,aug_04,22.17675181192014,-17.851559978052126,0.1419930223778998,1.0011427079337656,4
329,97_A_200_Corridor_Thermal__frame_003567__original.jpg,97_A_200_Corridor_Thermal__frame_003567,97. A- 200 Corridor Thermal.mp4,3567,144.53230618493572,original,0.0,0.0,0.0,1.0,4
330,97_A_200_Corridor_Thermal__frame_003567__aug_01.jpg,97_A_200_Corridor_Thermal__frame_003567,97. A- 200 Corridor Thermal.mp4,3567,144.53230618493572,aug_01,63.65401158860138,-0.4601052051059824,-3.098050699169532,0.999949904952719,4
331,97_A_200_Corridor_Thermal__frame_003567__aug_02.jpg,97_A_200_Corridor_Thermal__frame_003567,97. A- 200 Corridor Thermal.mp4,3567,144.53230618493572,aug_02,60.749416234390225,-33.121540734056815,2.8865120314939796,1.0082056466527554,4
332,97_A_200_Corridor_Thermal__frame_003567__aug_03.jpg,97_A_200_Corridor_Thermal__frame_003567,97. A- 200 Corridor Thermal.mp4,3567,144.53230618493572,aug_03,37.85138689144594,-43.49795384062294,-3.4597394458178625,0.971462233259448,4
333,97_A_200_Corridor_Thermal__frame_003567__aug_04.jpg,97_A_200_Corridor_Thermal__frame_003567,97. A- 200 Corridor Thermal.mp4,3567,144.53230618493572,aug_04,25.347795859289462,-39.04964247409065,1.5894070528439306,1.027595005291785,4
334,97_A_200_Corridor_Thermal__frame_003690__original.jpg,97_A_200_Corridor_Thermal__frame_003690,97. A- 200 Corridor Thermal.mp4,3690,149.51617881200247,original,0.0,0.0,0.0,1.0,4
335,97_A_200_Corridor_Thermal__frame_003690__aug_01.jpg,97_A_200_Corridor_Thermal__frame_003690,97. A- 200 Corridor Thermal.mp4,3690,149.51617881200247,aug_01,48.50553611970868,-39.78846503791826,-3.3102976128680854,0.9921380306327223,4
336,97_A_200_Corridor_Thermal__frame_003690__aug_02.jpg,97_A_200_Corridor_Thermal__frame_003690,97. A- 200 Corridor Thermal.mp4,3690,149.51617881200247,aug_02,33.69214523278494,-34.250129378290126,1.6632048569447866,1.0241799533468638,4
337,97_A_200_Corridor_Thermal__frame_003690__aug_03.jpg,97_A_200_Corridor_Thermal__frame_003690,97. A- 200 Corridor Thermal.mp4,3690,149.51617881200247,aug_03,30.907172533084264,-29.973334122685728,-2.9845551401510013,1.0337348775924387,4
338,97_A_200_Corridor_Thermal__frame_003690__aug_04.jpg,97_A_200_Corridor_Thermal__frame_003690,97. A- 200 Corridor Thermal.mp4,3690,149.51617881200247,aug_04,-32.37297190270561,34.77732837665904,2.171442323916997,0.9435227501407364,4
339,97_A_200_Corridor_Thermal__frame_003813__original.jpg,97_A_200_Corridor_Thermal__frame_003813,97. A- 200 Corridor Thermal.mp4,3813,154.5000514390692,original,0.0,0.0,0.0,1.0,4
340,97_A_200_Corridor_Thermal__frame_003813__aug_01.jpg,97_A_200_Corridor_Thermal__frame_003813,97. A- 200 Corridor Thermal.mp4,3813,154.5000514390692,aug_01,42.995098532031776,-20.52174644807816,-3.4890240870148155,1.0254787897840594,4
341,97_A_200_Corridor_Thermal__frame_003813__aug_02.jpg,97_A_200_Corridor_Thermal__frame_003813,97. A- 200 Corridor Thermal.mp4,3813,154.5000514390692,aug_02,10.731234459985757,-38.06369718422532,-0.3584177785645801,0.9832148674626103,4
342,97_A_200_Corridor_Thermal__frame_003813__aug_03.jpg,97_A_200_Corridor_Thermal__frame_003813,97. A- 200 Corridor Thermal.mp4,3813,154.5000514390692,aug_03,-0.05459919340634656,6.0197515414604865,-1.0584977771455062,0.9706139297246894,4
343,97_A_200_Corridor_Thermal__frame_003813__aug_04.jpg,97_A_200_Corridor_Thermal__frame_003813,97. A- 200 Corridor Thermal.mp4,3813,154.5000514390692,aug_04,1.2354838874905596,-41.036588346347145,2.90342795922089,0.9693461740428044,4
344,97_A_200_Corridor_Thermal__frame_003936__original.jpg,97_A_200_Corridor_Thermal__frame_003936,97. A- 200 Corridor Thermal.mp4,3936,159.48392406613596,original,0.0,0.0,0.0,1.0,4
345,97_A_200_Corridor_Thermal__frame_003936__aug_01.jpg,97_A_200_Corridor_Thermal__frame_003936,97. A- 200 Corridor Thermal.mp4,3936,159.48392406613596,aug_01,50.04792768471613,4.757830964627807,3.3115813561690324,1.0288798993727892,4
346,97_A_200_Corridor_Thermal__frame_003936__aug_02.jpg,97_A_200_Corridor_Thermal__frame_003936,97. A- 200 Corridor Thermal.mp4,3936,159.48392406613596,aug_02,56.271741296157984,-28.85900847549249,2.4347041556700537,1.0577696636729794,4
347,97_A_200_Corridor_Thermal__frame_003936__aug_03.jpg,97_A_200_Corridor_Thermal__frame_003936,97. A- 200 Corridor Thermal.mp4,3936,159.48392406613596,aug_03,63.57111704445987,-38.79662060045294,-0.27924657666491104,0.9738768244745083,4
348,97_A_200_Corridor_Thermal__frame_003936__aug_04.jpg,97_A_200_Corridor_Thermal__frame_003936,97. A- 200 Corridor Thermal.mp4,3936,159.48392406613596,aug_04,48.27851059658592,-15.542917044649297,0.42473116259254073,0.9409563008268946,4
349,97_A_200_Corridor_Thermal__frame_004059__original.jpg,97_A_200_Corridor_Thermal__frame_004059,97. A- 200 Corridor Thermal.mp4,4059,164.4677966932027,original,0.0,0.0,0.0,1.0,4
350,97_A_200_Corridor_Thermal__frame_004059__aug_01.jpg,97_A_200_Corridor_Thermal__frame_004059,97. A- 200 Corridor Thermal.mp4,4059,164.4677966932027,aug_01,47.540360965464345,33.947875282641746,3.6079220971475463,0.9401754448642693,4
351,97_A_200_Corridor_Thermal__frame_004059__aug_02.jpg,97_A_200_Corridor_Thermal__frame_004059,97. A- 200 Corridor Thermal.mp4,4059,164.4677966932027,aug_02,22.022539024639684,31.410538900102964,1.81772031232778,0.9524738823221871,4
352,97_A_200_Corridor_Thermal__frame_004059__aug_03.jpg,97_A_200_Corridor_Thermal__frame_004059,97. A- 200 Corridor Thermal.mp4,4059,164.4677966932027,aug_03,4.174028468401744,-23.56491649312209,-0.0637689852008192,0.9471874090783827,4
353,97_A_200_Corridor_Thermal__frame_004059__aug_04.jpg,97_A_200_Corridor_Thermal__frame_004059,97. A- 200 Corridor Thermal.mp4,4059,164.4677966932027,aug_04,55.62024607040429,1.7783296642833264,1.6067752775894366,0.9846990368888897,4
354,97_A_200_Corridor_Thermal__frame_004182__original.jpg,97_A_200_Corridor_Thermal__frame_004182,97. A- 200 Corridor Thermal.mp4,4182,169.45166932026945,original,0.0,0.0,0.0,1.0,4
355,97_A_200_Corridor_Thermal__frame_004182__aug_01.jpg,97_A_200_Corridor_Thermal__frame_004182,97. A- 200 Corridor Thermal.mp4,4182,169.45166932026945,aug_01,66.43767062355516,-37.35878242351594,-3.2353839573009155,0.9560216620301148,4
356,97_A_200_Corridor_Thermal__frame_004182__aug_02.jpg,97_A_200_Corridor_Thermal__frame_004182,97. A- 200 Corridor Thermal.mp4,4182,169.45166932026945,aug_02,44.794804865190244,-38.265256410311025,0.5425658263136661,0.9921979454121982,4
357,97_A_200_Corridor_Thermal__frame_004182__aug_03.jpg,97_A_200_Corridor_Thermal__frame_004182,97. A- 200 Corridor Thermal.mp4,4182,169.45166932026945,aug_03,64.99055846258372,-23.690543873229316,-1.9120724886111198,0.9778010698491709,4
358,97_A_200_Corridor_Thermal__frame_004182__aug_04.jpg,97_A_200_Corridor_Thermal__frame_004182,97. A- 200 Corridor Thermal.mp4,4182,169.45166932026945,aug_04,42.114355079929325,18.065304568938792,1.8828229502589444,0.978166926311932,4
359,97_A_200_Corridor_Thermal__frame_004305__original.jpg,97_A_200_Corridor_Thermal__frame_004305,97. A- 200 Corridor Thermal.mp4,4305,174.4355419473362,original,0.0,0.0,0.0,1.0,4
360,97_A_200_Corridor_Thermal__frame_004305__aug_01.jpg,97_A_200_Corridor_Thermal__frame_004305,97. A- 200 Corridor Thermal.mp4,4305,174.4355419473362,aug_01,11.859125012578048,-31.013050381025696,-2.6850001544018545,0.9959266134923994,4
361,97_A_200_Corridor_Thermal__frame_004305__aug_02.jpg,97_A_200_Corridor_Thermal__frame_004305,97. A- 200 Corridor Thermal.mp4,4305,174.4355419473362,aug_02,-13.088242732710071,3.2332094181021276,3.71707777800183,0.9649163470732424,4
362,97_A_200_Corridor_Thermal__frame_004305__aug_03.jpg,97_A_200_Corridor_Thermal__frame_004305,97. A- 200 Corridor Thermal.mp4,4305,174.4355419473362,aug_03,26.04767801307213,29.37480191456848,1.5750238658966111,0.9448395769730396,4
363,97_A_200_Corridor_Thermal__frame_004305__aug_04.jpg,97_A_200_Corridor_Thermal__frame_004305,97. A- 200 Corridor Thermal.mp4,4305,174.4355419473362,aug_04,47.02946513831807,-15.498570700368724,-3.270296769669211,0.9697862547353506,4
364,97_A_200_Corridor_Thermal__frame_004428__original.jpg,97_A_200_Corridor_Thermal__frame_004428,97. A- 200 Corridor Thermal.mp4,4428,179.41941457440294,original,0.0,0.0,0.0,1.0,4
365,97_A_200_Corridor_Thermal__frame_004428__aug_01.jpg,97_A_200_Corridor_Thermal__frame_004428,97. A- 200 Corridor Thermal.mp4,4428,179.41941457440294,aug_01,68.69472685710701,-42.20261159771164,-0.7648621884226028,0.9942641403281275,4
366,97_A_200_Corridor_Thermal__frame_004428__aug_02.jpg,97_A_200_Corridor_Thermal__frame_004428,97. A- 200 Corridor Thermal.mp4,4428,179.41941457440294,aug_02,34.73098260921928,-22.513263460060404,-0.30365400899008854,1.036467610413262,4
367,97_A_200_Corridor_Thermal__frame_004428__aug_03.jpg,97_A_200_Corridor_Thermal__frame_004428,97. A- 200 Corridor Thermal.mp4,4428,179.41941457440294,aug_03,53.679331845107654,-41.881550064164465,0.9534123907671663,0.9694941735094295,4
368,97_A_200_Corridor_Thermal__frame_004428__aug_04.jpg,97_A_200_Corridor_Thermal__frame_004428,97. A- 200 Corridor Thermal.mp4,4428,179.41941457440294,aug_04,-28.685277180039698,-7.920701433345144,0.40550932163184417,0.9473174882719411,4
369,97_A_200_Corridor_Thermal__frame_004551__original.jpg,97_A_200_Corridor_Thermal__frame_004551,97. A- 200 Corridor Thermal.mp4,4551,184.4032872014697,original,0.0,0.0,0.0,1.0,4
370,97_A_200_Corridor_Thermal__frame_004551__aug_01.jpg,97_A_200_Corridor_Thermal__frame_004551,97. A- 200 Corridor Thermal.mp4,4551,184.4032872014697,aug_01,38.99535938598643,-39.726789274969335,3.9322505874445666,1.0035318750358517,4
371,97_A_200_Corridor_Thermal__frame_004551__aug_02.jpg,97_A_200_Corridor_Thermal__frame_004551,97. A- 200 Corridor Thermal.mp4,4551,184.4032872014697,aug_02,37.357903583038194,44.96451721302114,3.791838893868017,0.9520161204765949,4
372,97_A_200_Corridor_Thermal__frame_004551__aug_03.jpg,97_A_200_Corridor_Thermal__frame_004551,97. A- 200 Corridor Thermal.mp4,4551,184.4032872014697,aug_03,41.634696233117225,-13.067582889135611,2.7137780184472744,1.0414265082839538,4
373,97_A_200_Corridor_Thermal__frame_004551__aug_04.jpg,97_A_200_Corridor_Thermal__frame_004551,97. A- 200 Corridor Thermal.mp4,4551,184.4032872014697,aug_04,57.9572005779948,-42.46140872455568,1.604486426811346,1.0537070482084019,4
374,97_A_200_Corridor_Thermal__frame_004674__original.jpg,97_A_200_Corridor_Thermal__frame_004674,97. A- 200 Corridor Thermal.mp4,4674,189.38715982853645,original,0.0,0.0,0.0,1.0,4
375,97_A_200_Corridor_Thermal__frame_004674__aug_01.jpg,97_A_200_Corridor_Thermal__frame_004674,97. A- 200 Corridor Thermal.mp4,4674,189.38715982853645,aug_01,53.42769038568645,-0.6995948494135291,-1.5275754227902434,0.9988523704152975,4
376,97_A_200_Corridor_Thermal__frame_004674__aug_02.jpg,97_A_200_Corridor_Thermal__frame_004674,97. A- 200 Corridor Thermal.mp4,4674,189.38715982853645,aug_02,61.86924988552582,-9.396399388153114,-3.1917426385545093,0.9762118184470563,4
377,97_A_200_Corridor_Thermal__frame_004674__aug_03.jpg,97_A_200_Corridor_Thermal__frame_004674,97. A- 200 Corridor Thermal.mp4,4674,189.38715982853645,aug_03,-15.175800181135727,44.48548174928676,3.7214715223004076,0.9438859291512505,4
378,97_A_200_Corridor_Thermal__frame_004674__aug_04.jpg,97_A_200_Corridor_Thermal__frame_004674,97. A- 200 Corridor Thermal.mp4,4674,189.38715982853645,aug_04,14.334413443135972,37.89343947762714,3.740253484927484,0.9665074300524414,4
379,97_A_200_Corridor_Thermal__frame_004797__original.jpg,97_A_200_Corridor_Thermal__frame_004797,97. A- 200 Corridor Thermal.mp4,4797,194.3710324556032,original,0.0,0.0,0.0,1.0,4
380,97_A_200_Corridor_Thermal__frame_004797__aug_01.jpg,97_A_200_Corridor_Thermal__frame_004797,97. A- 200 Corridor Thermal.mp4,4797,194.3710324556032,aug_01,-7.471809226308864,-21.130880349341144,-2.0036730949177697,0.948135373607708,4
381,97_A_200_Corridor_Thermal__frame_004797__aug_02.jpg,97_A_200_Corridor_Thermal__frame_004797,97. A- 200 Corridor Thermal.mp4,4797,194.3710324556032,aug_02,50.96710086560077,13.587260680212957,1.4972832337369155,0.9595187814098186,4
382,97_A_200_Corridor_Thermal__frame_004797__aug_03.jpg,97_A_200_Corridor_Thermal__frame_004797,97. A- 200 Corridor Thermal.mp4,4797,194.3710324556032,aug_03,63.23269840077688,-38.32196384100066,-2.6391583747904743,0.9850549460895995,4
383,97_A_200_Corridor_Thermal__frame_004797__aug_04.jpg,97_A_200_Corridor_Thermal__frame_004797,97. A- 200 Corridor Thermal.mp4,4797,194.3710324556032,aug_04,32.47791193798436,4.234163275100826,3.184993384959788,0.9511725622456824,4
384,97_A_200_Corridor_Thermal__frame_004920__original.jpg,97_A_200_Corridor_Thermal__frame_004920,97. A- 200 Corridor Thermal.mp4,4920,199.35490508266994,original,0.0,0.0,0.0,1.0,4
385,97_A_200_Corridor_Thermal__frame_004920__aug_01.jpg,97_A_200_Corridor_Thermal__frame_004920,97. A- 200 Corridor Thermal.mp4,4920,199.35490508266994,aug_01,13.16427616729328,10.228025320100443,-0.1381057080921746,0.9437191844862609,4
386,97_A_200_Corridor_Thermal__frame_004920__aug_02.jpg,97_A_200_Corridor_Thermal__frame_004920,97. A- 200 Corridor Thermal.mp4,4920,199.35490508266994,aug_02,61.94191613427492,-30.15025247142773,3.118026163232349,0.958852453279694,4
387,97_A_200_Corridor_Thermal__frame_004920__aug_03.jpg,97_A_200_Corridor_Thermal__frame_004920,97. A- 200 Corridor Thermal.mp4,4920,199.35490508266994,aug_03,22.68283164138147,9.019397521239192,-2.4026015939124292,0.9430882831278022,4
388,97_A_200_Corridor_Thermal__frame_004920__aug_04.jpg,97_A_200_Corridor_Thermal__frame_004920,97. A- 200 Corridor Thermal.mp4,4920,199.35490508266994,aug_04,23.445584278839576,-37.28634193440746,-1.2496689076316265,1.0049738807207227,4
389,97_A_200_Corridor_Thermal__frame_005043__original.jpg,97_A_200_Corridor_Thermal__frame_005043,97. A- 200 Corridor Thermal.mp4,5043,204.3387777097367,original,0.0,0.0,0.0,1.0,4
390,97_A_200_Corridor_Thermal__frame_005043__aug_01.jpg,97_A_200_Corridor_Thermal__frame_005043,97. A- 200 Corridor Thermal.mp4,5043,204.3387777097367,aug_01,-3.5245856629312016,34.34884824758605,-0.18990175134825105,0.9494746059728899,4
391,97_A_200_Corridor_Thermal__frame_005043__aug_02.jpg,97_A_200_Corridor_Thermal__frame_005043,97. A- 200 Corridor Thermal.mp4,5043,204.3387777097367,aug_02,42.06304714089599,15.978139701842721,0.9621849147944239,0.954433824970652,4
392,97_A_200_Corridor_Thermal__frame_005043__aug_03.jpg,97_A_200_Corridor_Thermal__frame_005043,97. A- 200 Corridor Thermal.mp4,5043,204.3387777097367,aug_03,36.00642578948708,-29.4408924474155,3.8749439219930633,1.0566597854005308,4
393,97_A_200_Corridor_Thermal__frame_005043__aug_04.jpg,97_A_200_Corridor_Thermal__frame_005043,97. A- 200 Corridor Thermal.mp4,5043,204.3387777097367,aug_04,43.18450098471084,-33.64326012253142,-0.6130008054752043,1.05859359236043,4
394,97_A_200_Corridor_Thermal__frame_005166__original.jpg,97_A_200_Corridor_Thermal__frame_005166,97. A- 200 Corridor Thermal.mp4,5166,209.32265033680343,original,0.0,0.0,0.0,1.0,4
395,97_A_200_Corridor_Thermal__frame_005166__aug_01.jpg,97_A_200_Corridor_Thermal__frame_005166,97. A- 200 Corridor Thermal.mp4,5166,209.32265033680343,aug_01,-33.89590960171128,36.972403715843484,3.313391495188693,0.9480414343658334,4
396,97_A_200_Corridor_Thermal__frame_005166__aug_02.jpg,97_A_200_Corridor_Thermal__frame_005166,97. A- 200 Corridor Thermal.mp4,5166,209.32265033680343,aug_02,3.1586814629732913,-7.236554919729421,-0.6844608098481704,0.9577839689552133,4
397,97_A_200_Corridor_Thermal__frame_005166__aug_03.jpg,97_A_200_Corridor_Thermal__frame_005166,97. A- 200 Corridor Thermal.mp4,5166,209.32265033680343,aug_03,8.77572632682515,-35.91086014570962,-1.7112571676090207,1.00427601773751,4
398,97_A_200_Corridor_Thermal__frame_005166__aug_04.jpg,97_A_200_Corridor_Thermal__frame_005166,97. A- 200 Corridor Thermal.mp4,5166,209.32265033680343,aug_04,15.254701273340928,-41.62808965520579,-1.7966868637219697,0.9572623204752008,4
399,97_A_200_Corridor_Thermal__frame_005289__original.jpg,97_A_200_Corridor_Thermal__frame_005289,97. A- 200 Corridor Thermal.mp4,5289,214.30652296387018,original,0.0,0.0,0.0,1.0,4
400,97_A_200_Corridor_Thermal__frame_005289__aug_01.jpg,97_A_200_Corridor_Thermal__frame_005289,97. A- 200 Corridor Thermal.mp4,5289,214.30652296387018,aug_01,55.58439070091916,-43.179040026605534,2.5390874024422203,0.9763665944137716,4
401,97_A_200_Corridor_Thermal__frame_005289__aug_02.jpg,97_A_200_Corridor_Thermal__frame_005289,97. A- 200 Corridor Thermal.mp4,5289,214.30652296387018,aug_02,51.646003513887806,-32.90530311284036,3.7937553968264837,0.9931732735997715,4
402,97_A_200_Corridor_Thermal__frame_005289__aug_03.jpg,97_A_200_Corridor_Thermal__frame_005289,97. A- 200 Corridor Thermal.mp4,5289,214.30652296387018,aug_03,45.61526644916508,-20.752201709211274,-0.6658181783569379,1.0174665773713174,4
403,97_A_200_Corridor_Thermal__frame_005289__aug_04.jpg,97_A_200_Corridor_Thermal__frame_005289,97. A- 200 Corridor Thermal.mp4,5289,214.30652296387018,aug_04,0.7176924912029392,12.186882816825957,-3.0090171288744,0.9436675830858392,4
404,97_A_200_Corridor_Thermal__frame_005412__original.jpg,97_A_200_Corridor_Thermal__frame_005412,97. A- 200 Corridor Thermal.mp4,5412,219.29039559093692,original,0.0,0.0,0.0,1.0,4
405,97_A_200_Corridor_Thermal__frame_005412__aug_01.jpg,97_A_200_Corridor_Thermal__frame_005412,97. A- 200 Corridor Thermal.mp4,5412,219.29039559093692,aug_01,57.612161327332046,13.26343987575217,0.8091356039562703,0.9410156472537845,4
406,97_A_200_Corridor_Thermal__frame_005412__aug_02.jpg,97_A_200_Corridor_Thermal__frame_005412,97. A- 200 Corridor Thermal.mp4,5412,219.29039559093692,aug_02,19.983643580622953,-6.857387940634283,-0.9881963818319939,0.9818451039126498,4
407,97_A_200_Corridor_Thermal__frame_005412__aug_03.jpg,97_A_200_Corridor_Thermal__frame_005412,97. A- 200 Corridor Thermal.mp4,5412,219.29039559093692,aug_03,48.0597530120088,-11.319321315503565,1.1787369605167228,1.013086012556562,4
408,97_A_200_Corridor_Thermal__frame_005412__aug_04.jpg,97_A_200_Corridor_Thermal__frame_005412,97. A- 200 Corridor Thermal.mp4,5412,219.29039559093692,aug_04,54.93233167533059,-18.10879992729122,-2.800565629166748,1.0318569265964348,4
409,97_A_200_Corridor_Thermal__frame_005535__original.jpg,97_A_200_Corridor_Thermal__frame_005535,97. A- 200 Corridor Thermal.mp4,5535,224.2742682180037,original,0.0,0.0,0.0,1.0,4
410,97_A_200_Corridor_Thermal__frame_005535__aug_01.jpg,97_A_200_Corridor_Thermal__frame_005535,97. A- 200 Corridor Thermal.mp4,5535,224.2742682180037,aug_01,69.64567394096142,-21.651635455920996,-0.6514745113492673,0.986592990520655,4
411,97_A_200_Corridor_Thermal__frame_005535__aug_02.jpg,97_A_200_Corridor_Thermal__frame_005535,97. A- 200 Corridor Thermal.mp4,5535,224.2742682180037,aug_02,31.716982721326488,-24.987312542135797,0.27708081235370496,1.034187646635534,4
412,97_A_200_Corridor_Thermal__frame_005535__aug_03.jpg,97_A_200_Corridor_Thermal__frame_005535,97. A- 200 Corridor Thermal.mp4,5535,224.2742682180037,aug_03,39.05176484073404,-1.117723882670333,1.0482621781015613,0.9612189119876152,4
413,97_A_200_Corridor_Thermal__frame_005535__aug_04.jpg,97_A_200_Corridor_Thermal__frame_005535,97. A- 200 Corridor Thermal.mp4,5535,224.2742682180037,aug_04,65.14589761820463,-10.501522195188542,-3.698197452200496,0.963929710147374,4
414,97_A_200_Corridor_Thermal__frame_005658__original.jpg,97_A_200_Corridor_Thermal__frame_005658,97. A- 200 Corridor Thermal.mp4,5658,229.25814084507044,original,0.0,0.0,0.0,1.0,4
415,97_A_200_Corridor_Thermal__frame_005658__aug_01.jpg,97_A_200_Corridor_Thermal__frame_005658,97. A- 200 Corridor Thermal.mp4,5658,229.25814084507044,aug_01,27.093464603855594,-14.008520334301117,-2.968553596573578,0.9860260571569233,4
416,97_A_200_Corridor_Thermal__frame_005658__aug_02.jpg,97_A_200_Corridor_Thermal__frame_005658,97. A- 200 Corridor Thermal.mp4,5658,229.25814084507044,aug_02,12.41389634353007,-29.96818314585216,2.590750637395283,0.9757842704192966,4
417,97_A_200_Corridor_Thermal__frame_005658__aug_03.jpg,97_A_200_Corridor_Thermal__frame_005658,97. A- 200 Corridor Thermal.mp4,5658,229.25814084507044,aug_03,-13.525169769842456,-24.442354364775706,1.8173506250905707,0.9557446931700618,4
418,97_A_200_Corridor_Thermal__frame_005658__aug_04.jpg,97_A_200_Corridor_Thermal__frame_005658,97. A- 200 Corridor Thermal.mp4,5658,229.25814084507044,aug_04,32.77072670361292,8.072355131931744,-2.648122064878823,0.9839909741679818,4
419,97_A_200_Corridor_Thermal__frame_005781__original.jpg,97_A_200_Corridor_Thermal__frame_005781,97. A- 200 Corridor Thermal.mp4,5781,234.2420134721372,original,0.0,0.0,0.0,1.0,4
420,97_A_200_Corridor_Thermal__frame_005781__aug_01.jpg,97_A_200_Corridor_Thermal__frame_005781,97. A- 200 Corridor Thermal.mp4,5781,234.2420134721372,aug_01,21.07565321697146,-41.637291507666426,3.01235310079581,0.9706947008710352,4
421,97_A_200_Corridor_Thermal__frame_005781__aug_02.jpg,97_A_200_Corridor_Thermal__frame_005781,97. A- 200 Corridor Thermal.mp4,5781,234.2420134721372,aug_02,21.499466576105362,-43.223241013726934,1.5179979870194087,0.9900130678215453,4
422,97_A_200_Corridor_Thermal__frame_005781__aug_03.jpg,97_A_200_Corridor_Thermal__frame_005781,97. A- 200 Corridor Thermal.mp4,5781,234.2420134721372,aug_03,-16.764473190133955,4.255414625603301,-0.2048292933781024,0.9583752517749323,4
423,97_A_200_Corridor_Thermal__frame_005781__aug_04.jpg,97_A_200_Corridor_Thermal__frame_005781,97. A- 200 Corridor Thermal.mp4,5781,234.2420134721372,aug_04,22.747615224445553,-20.702056541652983,0.8450746953920332,0.956459622757577,4
424,97_A_200_Corridor_Thermal__frame_005904__original.jpg,97_A_200_Corridor_Thermal__frame_005904,97. A- 200 Corridor Thermal.mp4,5904,239.22588609920393,original,0.0,0.0,0.0,1.0,4
425,97_A_200_Corridor_Thermal__frame_005904__aug_01.jpg,97_A_200_Corridor_Thermal__frame_005904,97. A- 200 Corridor Thermal.mp4,5904,239.22588609920393,aug_01,46.291380865924566,-35.55771867899128,1.7501297961293432,0.9541281482124687,4
426,97_A_200_Corridor_Thermal__frame_005904__aug_02.jpg,97_A_200_Corridor_Thermal__frame_005904,97. A- 200 Corridor Thermal.mp4,5904,239.22588609920393,aug_02,60.637408251262855,-15.245674542296872,-3.9780960075408585,1.0205959758958245,4
427,97_A_200_Corridor_Thermal__frame_005904__aug_03.jpg,97_A_200_Corridor_Thermal__frame_005904,97. A- 200 Corridor Thermal.mp4,5904,239.22588609920393,aug_03,56.96320619777089,30.170894873691708,1.3521754440131204,0.9578973391200118,4
428,97_A_200_Corridor_Thermal__frame_005904__aug_04.jpg,97_A_200_Corridor_Thermal__frame_005904,97. A- 200 Corridor Thermal.mp4,5904,239.22588609920393,aug_04,-5.001169986939232,-36.01719764481443,-2.602385528436873,0.9447333423962432,4
429,97_A_200_Corridor_Thermal__frame_006027__original.jpg,97_A_200_Corridor_Thermal__frame_006027,97. A- 200 Corridor Thermal.mp4,6027,244.20975872627068,original,0.0,0.0,0.0,1.0,4
430,97_A_200_Corridor_Thermal__frame_006027__aug_01.jpg,97_A_200_Corridor_Thermal__frame_006027,97. A- 200 Corridor Thermal.mp4,6027,244.20975872627068,aug_01,22.86970384871816,-29.65389512792622,-1.1397807660980455,0.9925257420138321,4
431,97_A_200_Corridor_Thermal__frame_006027__aug_02.jpg,97_A_200_Corridor_Thermal__frame_006027,97. A- 200 Corridor Thermal.mp4,6027,244.20975872627068,aug_02,41.567337984956964,-34.82490992601185,1.5693589881903591,0.9470375674798213,4
432,97_A_200_Corridor_Thermal__frame_006027__aug_03.jpg,97_A_200_Corridor_Thermal__frame_006027,97. A- 200 Corridor Thermal.mp4,6027,244.20975872627068,aug_03,61.94537831998599,-30.65441422660516,-0.6717782669528276,1.0108900363588407,4
433,97_A_200_Corridor_Thermal__frame_006027__aug_04.jpg,97_A_200_Corridor_Thermal__frame_006027,97. A- 200 Corridor Thermal.mp4,6027,244.20975872627068,aug_04,66.2822412315517,-33.24102034064257,3.3631838851048217,0.953552497524852,4
434,97_A_200_Corridor_Thermal__frame_006150__original.jpg,97_A_200_Corridor_Thermal__frame_006150,97. A- 200 Corridor Thermal.mp4,6150,249.19363135333742,original,0.0,0.0,0.0,1.0,4
435,97_A_200_Corridor_Thermal__frame_006150__aug_01.jpg,97_A_200_Corridor_Thermal__frame_006150,97. A- 200 Corridor Thermal.mp4,6150,249.19363135333742,aug_01,47.46462297217022,5.250981303196909,3.9023329980918176,0.946547933827321,4
436,97_A_200_Corridor_Thermal__frame_006150__aug_02.jpg,97_A_200_Corridor_Thermal__frame_006150,97. A- 200 Corridor Thermal.mp4,6150,249.19363135333742,aug_02,51.71818884578751,-38.26212817707137,-0.06681631084479012,0.9689070180036677,4
437,97_A_200_Corridor_Thermal__frame_006150__aug_03.jpg,97_A_200_Corridor_Thermal__frame_006150,97. A- 200 Corridor Thermal.mp4,6150,249.19363135333742,aug_03,65.82030682967601,-40.468435692611045,-2.218347814649608,1.0171980777787901,4
438,97_A_200_Corridor_Thermal__frame_006150__aug_04.jpg,97_A_200_Corridor_Thermal__frame_006150,97. A- 200 Corridor Thermal.mp4,6150,249.19363135333742,aug_04,16.66926152449352,-17.58618377067163,0.06670192255571905,0.9648221498619878,4
439,97_A_200_Corridor_Thermal__frame_006273__original.jpg,97_A_200_Corridor_Thermal__frame_006273,97. A- 200 Corridor Thermal.mp4,6273,254.17750398040417,original,0.0,0.0,0.0,1.0,4
440,97_A_200_Corridor_Thermal__frame_006273__aug_01.jpg,97_A_200_Corridor_Thermal__frame_006273,97. A- 200 Corridor Thermal.mp4,6273,254.17750398040417,aug_01,-3.7612846468975505,14.145048578802559,1.727308002265242,0.9536828030026886,4
441,97_A_200_Corridor_Thermal__frame_006273__aug_02.jpg,97_A_200_Corridor_Thermal__frame_006273,97. A- 200 Corridor Thermal.mp4,6273,254.17750398040417,aug_02,36.304793151076396,-25.042760296182898,-1.2691430833852904,1.0395860662761283,4
442,97_A_200_Corridor_Thermal__frame_006273__aug_03.jpg,97_A_200_Corridor_Thermal__frame_006273,97. A- 200 Corridor Thermal.mp4,6273,254.17750398040417,aug_03,65.02071568360759,-18.721479257254664,0.17588069283308716,1.0242515263911982,4
443,97_A_200_Corridor_Thermal__frame_006273__aug_04.jpg,97_A_200_Corridor_Thermal__frame_006273,97. A- 200 Corridor Thermal.mp4,6273,254.17750398040417,aug_04,31.01827336318422,-35.37346450324329,0.88681412910947,0.9625052080637924,4
444,97_A_200_Corridor_Thermal__frame_006396__original.jpg,97_A_200_Corridor_Thermal__frame_006396,97. A- 200 Corridor Thermal.mp4,6396,259.1613766074709,original,0.0,0.0,0.0,1.0,4
445,97_A_200_Corridor_Thermal__frame_006396__aug_01.jpg,97_A_200_Corridor_Thermal__frame_006396,97. A- 200 Corridor Thermal.mp4,6396,259.1613766074709,aug_01,60.230276281440354,-9.63931590763439,-0.3436319336560887,1.0337704484378505,4
446,97_A_200_Corridor_Thermal__frame_006396__aug_02.jpg,97_A_200_Corridor_Thermal__frame_006396,97. A- 200 Corridor Thermal.mp4,6396,259.1613766074709,aug_02,47.24527324810509,7.9929997108111195,2.1771613890978303,0.9940605516350757,4
447,97_A_200_Corridor_Thermal__frame_006396__aug_03.jpg,97_A_200_Corridor_Thermal__frame_006396,97. A- 200 Corridor Thermal.mp4,6396,259.1613766074709,aug_03,-2.3895251049703177,0.7499609164694974,3.369298512350409,0.9612642926202575,4
448,97_A_200_Corridor_Thermal__frame_006396__aug_04.jpg,97_A_200_Corridor_Thermal__frame_006396,97. A- 200 Corridor Thermal.mp4,6396,259.1613766074709,aug_04,-12.215633806933297,18.001285640741266,1.9874149270233286,0.9758695761946509,4
449,97_A_200_Corridor_Thermal__frame_006519__original.jpg,97_A_200_Corridor_Thermal__frame_006519,97. A- 200 Corridor Thermal.mp4,6519,264.1452492345377,original,0.0,0.0,0.0,1.0,4
450,97_A_200_Corridor_Thermal__frame_006519__aug_01.jpg,97_A_200_Corridor_Thermal__frame_006519,97. A- 200 Corridor Thermal.mp4,6519,264.1452492345377,aug_01,18.56165983101694,-26.919982590719002,0.9933407136431054,0.9748695394575101,4
451,97_A_200_Corridor_Thermal__frame_006519__aug_02.jpg,97_A_200_Corridor_Thermal__frame_006519,97. A- 200 Corridor Thermal.mp4,6519,264.1452492345377,aug_02,64.1657033927275,0.35040951389247255,1.5544957898186107,0.9786857676896626,4
452,97_A_200_Corridor_Thermal__frame_006519__aug_03.jpg,97_A_200_Corridor_Thermal__frame_006519,97. A- 200 Corridor Thermal.mp4,6519,264.1452492345377,aug_03,35.02590261380752,-30.515814509109298,-1.7070756147271204,0.9700673208949819,4
453,97_A_200_Corridor_Thermal__frame_006519__aug_04.jpg,97_A_200_Corridor_Thermal__frame_006519,97. A- 200 Corridor Thermal.mp4,6519,264.1452492345377,aug_04,66.61518108785768,-16.861141719482927,0.41699678026450826,0.9415558285209565,4
454,97_A_200_Corridor_Thermal__frame_006642__original.jpg,97_A_200_Corridor_Thermal__frame_006642,97. A- 200 Corridor Thermal.mp4,6642,269.1291218616044,original,0.0,0.0,0.0,1.0,4
455,97_A_200_Corridor_Thermal__frame_006642__aug_01.jpg,97_A_200_Corridor_Thermal__frame_006642,97. A- 200 Corridor Thermal.mp4,6642,269.1291218616044,aug_01,65.00057523764431,-18.524005037595764,-2.5805928120938946,1.0219190622041843,4
456,97_A_200_Corridor_Thermal__frame_006642__aug_02.jpg,97_A_200_Corridor_Thermal__frame_006642,97. A- 200 Corridor Thermal.mp4,6642,269.1291218616044,aug_02,5.185033354747219,-36.72490014548402,-2.2304153511883777,0.9656024572223435,4
457,97_A_200_Corridor_Thermal__frame_006642__aug_03.jpg,97_A_200_Corridor_Thermal__frame_006642,97. A- 200 Corridor Thermal.mp4,6642,269.1291218616044,aug_03,15.918153588511203,10.901852786127058,3.671174528591468,1.0219061632922233,4
458,97_A_200_Corridor_Thermal__frame_006642__aug_04.jpg,97_A_200_Corridor_Thermal__frame_006642,97. A- 200 Corridor Thermal.mp4,6642,269.1291218616044,aug_04,-17.505874097322916,27.25350637574644,-0.4355448194262559,0.9452621993092601,4
459,97_A_200_Corridor_Thermal__frame_006765__original.jpg,97_A_200_Corridor_Thermal__frame_006765,97. A- 200 Corridor Thermal.mp4,6765,274.1129944886712,original,0.0,0.0,0.0,1.0,4
460,97_A_200_Corridor_Thermal__frame_006765__aug_01.jpg,97_A_200_Corridor_Thermal__frame_006765,97. A- 200 Corridor Thermal.mp4,6765,274.1129944886712,aug_01,55.75942524681946,-27.67388508596906,0.11115760101946837,1.0537854183578101,4
461,97_A_200_Corridor_Thermal__frame_006765__aug_02.jpg,97_A_200_Corridor_Thermal__frame_006765,97. A- 200 Corridor Thermal.mp4,6765,274.1129944886712,aug_02,34.5647155943967,-31.162088050411903,-0.3261981179196667,0.9798058450560745,4
462,97_A_200_Corridor_Thermal__frame_006765__aug_03.jpg,97_A_200_Corridor_Thermal__frame_006765,97. A- 200 Corridor Thermal.mp4,6765,274.1129944886712,aug_03,10.49472119679082,-24.5118928552509,-1.9308163280705948,0.9865639124373725,4
463,97_A_200_Corridor_Thermal__frame_006765__aug_04.jpg,97_A_200_Corridor_Thermal__frame_006765,97. A- 200 Corridor Thermal.mp4,6765,274.1129944886712,aug_04,37.13839374286475,-5.609146547859751,-0.8390939341710588,1.019286779788869,4
464,97_A_200_Corridor_Thermal__frame_006888__original.jpg,97_A_200_Corridor_Thermal__frame_006888,97. A- 200 Corridor Thermal.mp4,6888,279.0968671157379,original,0.0,0.0,0.0,1.0,4
465,97_A_200_Corridor_Thermal__frame_006888__aug_01.jpg,97_A_200_Corridor_Thermal__frame_006888,97. A- 200 Corridor Thermal.mp4,6888,279.0968671157379,aug_01,41.64784579668522,4.1152021776740355,3.6810741206434763,0.9572890644950179,4
466,97_A_200_Corridor_Thermal__frame_006888__aug_02.jpg,97_A_200_Corridor_Thermal__frame_006888,97. A- 200 Corridor Thermal.mp4,6888,279.0968671157379,aug_02,62.57711449204206,-17.577796288544246,1.9863726938623474,1.0484255651169456,4
467,97_A_200_Corridor_Thermal__frame_006888__aug_03.jpg,97_A_200_Corridor_Thermal__frame_006888,97. A- 200 Corridor Thermal.mp4,6888,279.0968671157379,aug_03,9.177281106715384,-12.195590788923369,-1.469334724029367,0.991396887155151,4
468,97_A_200_Corridor_Thermal__frame_006888__aug_04.jpg,97_A_200_Corridor_Thermal__frame_006888,97. A- 200 Corridor Thermal.mp4,6888,279.0968671157379,aug_04,52.904016131114616,-3.343646153195081,-1.1300671830912261,0.9766566155734402,4
469,97_A_200_Corridor_Thermal__frame_007011__original.jpg,97_A_200_Corridor_Thermal__frame_007011,97. A- 200 Corridor Thermal.mp4,7011,284.08073974280467,original,0.0,0.0,0.0,1.0,4
470,97_A_200_Corridor_Thermal__frame_007011__aug_01.jpg,97_A_200_Corridor_Thermal__frame_007011,97. A- 200 Corridor Thermal.mp4,7011,284.08073974280467,aug_01,50.219911751911894,-32.39984981554201,0.3089442966241789,0.97158815807123,4
471,97_A_200_Corridor_Thermal__frame_007011__aug_02.jpg,97_A_200_Corridor_Thermal__frame_007011,97. A- 200 Corridor Thermal.mp4,7011,284.08073974280467,aug_02,54.087016491045375,-38.11838592985062,-3.396800345652987,0.9422356353845482,4
472,97_A_200_Corridor_Thermal__frame_007011__aug_03.jpg,97_A_200_Corridor_Thermal__frame_007011,97. A- 200 Corridor Thermal.mp4,7011,284.08073974280467,aug_03,1.0049635799803411,-42.19251920925218,0.6551239239514342,0.9886161361061336,4
473,97_A_200_Corridor_Thermal__frame_007011__aug_04.jpg,97_A_200_Corridor_Thermal__frame_007011,97. A- 200 Corridor Thermal.mp4,7011,284.08073974280467,aug_04,69.82194450165923,-2.5106444295366686,2.2015779106994255,0.9838982356123611,4
474,97_A_200_Corridor_Thermal__frame_007134__original.jpg,97_A_200_Corridor_Thermal__frame_007134,97. A- 200 Corridor Thermal.mp4,7134,289.06461236987144,original,0.0,0.0,0.0,1.0,4
475,97_A_200_Corridor_Thermal__frame_007134__aug_01.jpg,97_A_200_Corridor_Thermal__frame_007134,97. A- 200 Corridor Thermal.mp4,7134,289.06461236987144,aug_01,57.0816529602145,-12.487377189633406,-0.24260616791832845,0.9945572139753867,4
476,97_A_200_Corridor_Thermal__frame_007134__aug_02.jpg,97_A_200_Corridor_Thermal__frame_007134,97. A- 200 Corridor Thermal.mp4,7134,289.06461236987144,aug_02,2.9922065786970933,29.668244008828523,2.6789781297391473,0.9715979283260984,4
477,97_A_200_Corridor_Thermal__frame_007134__aug_03.jpg,97_A_200_Corridor_Thermal__frame_007134,97. A- 200 Corridor Thermal.mp4,7134,289.06461236987144,aug_03,6.209008692372009,-29.353516519819497,1.2294025050710742,0.9838356133589257,4
478,97_A_200_Corridor_Thermal__frame_007134__aug_04.jpg,97_A_200_Corridor_Thermal__frame_007134,97. A- 200 Corridor Thermal.mp4,7134,289.06461236987144,aug_04,-2.587669085471944,-1.9066821551926125,-2.3143683915858926,0.9593495511835151,4
479,97_A_200_Corridor_Thermal__frame_007257__original.jpg,97_A_200_Corridor_Thermal__frame_007257,97. A- 200 Corridor Thermal.mp4,7257,294.04848499693816,original,0.0,0.0,0.0,1.0,4
480,97_A_200_Corridor_Thermal__frame_007257__aug_01.jpg,97_A_200_Corridor_Thermal__frame_007257,97. A- 200 Corridor Thermal.mp4,7257,294.04848499693816,aug_01,46.67109949533558,-42.97985656611378,-3.654845349318677,1.0088183813622722,4
481,97_A_200_Corridor_Thermal__frame_007257__aug_02.jpg,97_A_200_Corridor_Thermal__frame_007257,97. A- 200 Corridor Thermal.mp4,7257,294.04848499693816,aug_02,22.64430876808214,-19.48908362349236,-3.314011978114044,0.9939044033943348,4
482,97_A_200_Corridor_Thermal__frame_007257__aug_03.jpg,97_A_200_Corridor_Thermal__frame_007257,97. A- 200 Corridor Thermal.mp4,7257,294.04848499693816,aug_03,14.117420017568008,26.515446323440614,2.563625441043979,0.9618260982244119,4
483,97_A_200_Corridor_Thermal__frame_007257__aug_04.jpg,97_A_200_Corridor_Thermal__frame_007257,97. A- 200 Corridor Thermal.mp4,7257,294.04848499693816,aug_04,22.350825008099434,-21.193137130923926,1.793494384622047,0.9811205529472398,4
484,97_A_200_Corridor_Thermal__frame_007380__original.jpg,97_A_200_Corridor_Thermal__frame_007380,97. A- 200 Corridor Thermal.mp4,7380,299.03235762400493,original,0.0,0.0,0.0,1.0,4
485,97_A_200_Corridor_Thermal__frame_007380__aug_01.jpg,97_A_200_Corridor_Thermal__frame_007380,97. A- 200 Corridor Thermal.mp4,7380,299.03235762400493,aug_01,16.06474372725137,-41.48670927436846,2.2709458787101475,1.0003995049766152,4
486,97_A_200_Corridor_Thermal__frame_007380__aug_02.jpg,97_A_200_Corridor_Thermal__frame_007380,97. A- 200 Corridor Thermal.mp4,7380,299.03235762400493,aug_02,50.267454622197604,-19.505999879193975,3.014130505545796,0.9890376045624658,4
487,97_A_200_Corridor_Thermal__frame_007380__aug_03.jpg,97_A_200_Corridor_Thermal__frame_007380,97. A- 200 Corridor Thermal.mp4,7380,299.03235762400493,aug_03,39.73037837489525,-1.5779018693807458,-1.038296248966824,1.0065893627557994,4
488,97_A_200_Corridor_Thermal__frame_007380__aug_04.jpg,97_A_200_Corridor_Thermal__frame_007380,97. A- 200 Corridor Thermal.mp4,7380,299.03235762400493,aug_04,-7.476717161869296,17.938029806554802,-2.70563905833491,0.9657349769845696,4
489,97_A_200_Corridor_Thermal__frame_007503__original.jpg,97_A_200_Corridor_Thermal__frame_007503,97. A- 200 Corridor Thermal.mp4,7503,304.01623025107165,original,0.0,0.0,0.0,1.0,4
490,97_A_200_Corridor_Thermal__frame_007503__aug_01.jpg,97_A_200_Corridor_Thermal__frame_007503,97. A- 200 Corridor Thermal.mp4,7503,304.01623025107165,aug_01,28.95059069460177,-30.53357917801045,3.7165620109961397,0.9406348760167086,4
491,97_A_200_Corridor_Thermal__frame_007503__aug_02.jpg,97_A_200_Corridor_Thermal__frame_007503,97. A- 200 Corridor Thermal.mp4,7503,304.01623025107165,aug_02,19.64078403421918,-5.492515631288775,-2.3863420575518832,1.0188261067248212,4
492,97_A_200_Corridor_Thermal__frame_007503__aug_03.jpg,97_A_200_Corridor_Thermal__frame_007503,97. A- 200 Corridor Thermal.mp4,7503,304.01623025107165,aug_03,42.547387276153714,-19.259413946217414,-3.7311251888299326,1.0119417895470988,4
493,97_A_200_Corridor_Thermal__frame_007503__aug_04.jpg,97_A_200_Corridor_Thermal__frame_007503,97. A- 200 Corridor Thermal.mp4,7503,304.01623025107165,aug_04,2.21390841739597,-24.149612446374455,-2.6441368654951827,0.9443273359773218,4
494,97_A_200_Corridor_Thermal__frame_007626__original.jpg,97_A_200_Corridor_Thermal__frame_007626,97. A- 200 Corridor Thermal.mp4,7626,309.0001028781384,original,0.0,0.0,0.0,1.0,4
495,97_A_200_Corridor_Thermal__frame_007626__aug_01.jpg,97_A_200_Corridor_Thermal__frame_007626,97. A- 200 Corridor Thermal.mp4,7626,309.0001028781384,aug_01,39.15420305669841,-13.21851029791248,-0.8388550635903504,1.010329619825164,4
496,97_A_200_Corridor_Thermal__frame_007626__aug_02.jpg,97_A_200_Corridor_Thermal__frame_007626,97. A- 200 Corridor Thermal.mp4,7626,309.0001028781384,aug_02,2.4839781385012856,21.323298613175552,-3.4510626245035283,0.950819902911418,4
497,97_A_200_Corridor_Thermal__frame_007626__aug_03.jpg,97_A_200_Corridor_Thermal__frame_007626,97. A- 200 Corridor Thermal.mp4,7626,309.0001028781384,aug_03,64.86027310916842,-20.114293617259,0.8509072639380175,0.9633430231703153,4
498,97_A_200_Corridor_Thermal__frame_007626__aug_04.jpg,97_A_200_Corridor_Thermal__frame_007626,97. A- 200 Corridor Thermal.mp4,7626,309.0001028781384,aug_04,60.15993771369685,6.741604957123322,-1.9111399546244874,0.9888561551328642,4
499,97_A_200_Corridor_Thermal__frame_007749__original.jpg,97_A_200_Corridor_Thermal__frame_007749,97. A- 200 Corridor Thermal.mp4,7749,313.98397550520514,original,0.0,0.0,0.0,1.0,4
500,97_A_200_Corridor_Thermal__frame_007749__aug_01.jpg,97_A_200_Corridor_Thermal__frame_007749,97. A- 200 Corridor Thermal.mp4,7749,313.98397550520514,aug_01,10.485143028347252,17.47726753241701,3.7284436450648473,1.0075802324565917,4
501,97_A_200_Corridor_Thermal__frame_007749__aug_02.jpg,97_A_200_Corridor_Thermal__frame_007749,97. A- 200 Corridor Thermal.mp4,7749,313.98397550520514,aug_02,37.795406982736694,23.17259565420052,3.689909802412915,0.9950618115200949,4
502,97_A_200_Corridor_Thermal__frame_007749__aug_03.jpg,97_A_200_Corridor_Thermal__frame_007749,97. A- 200 Corridor Thermal.mp4,7749,313.98397550520514,aug_03,-5.499138194968296,7.814386543498152,-3.781194419743409,0.9539521961729107,4
503,97_A_200_Corridor_Thermal__frame_007749__aug_04.jpg,97_A_200_Corridor_Thermal__frame_007749,97. A- 200 Corridor Thermal.mp4,7749,313.98397550520514,aug_04,-3.2822364274994413,-13.181586640544602,3.1545300229616533,0.9722890938962558,4
504,97_A_200_Corridor_Thermal__frame_007872__original.jpg,97_A_200_Corridor_Thermal__frame_007872,97. A- 200 Corridor Thermal.mp4,7872,318.9678481322719,original,0.0,0.0,0.0,1.0,4
505,97_A_200_Corridor_Thermal__frame_007872__aug_01.jpg,97_A_200_Corridor_Thermal__frame_007872,97. A- 200 Corridor Thermal.mp4,7872,318.9678481322719,aug_01,62.59653526888695,16.479657767139173,3.279419671903103,0.999879920843642,4
506,97_A_200_Corridor_Thermal__frame_007872__aug_02.jpg,97_A_200_Corridor_Thermal__frame_007872,97. A- 200 Corridor Thermal.mp4,7872,318.9678481322719,aug_02,15.935776538605353,23.781979137197425,0.331791636824196,0.9450715752077197,4
507,97_A_200_Corridor_Thermal__frame_007872__aug_03.jpg,97_A_200_Corridor_Thermal__frame_007872,97. A- 200 Corridor Thermal.mp4,7872,318.9678481322719,aug_03,58.24095615415803,-19.776003913513165,-2.2232577353614937,1.0091998223616891,4
508,97_A_200_Corridor_Thermal__frame_007872__aug_04.jpg,97_A_200_Corridor_Thermal__frame_007872,97. A- 200 Corridor Thermal.mp4,7872,318.9678481322719,aug_04,0.3465296970341569,-9.565476943284189,1.4907091722431156,0.9609760434542859,4
509,97_A_200_Corridor_Thermal__frame_007995__original.jpg,97_A_200_Corridor_Thermal__frame_007995,97. A- 200 Corridor Thermal.mp4,7995,323.9517207593387,original,0.0,0.0,0.0,1.0,4
510,97_A_200_Corridor_Thermal__frame_007995__aug_01.jpg,97_A_200_Corridor_Thermal__frame_007995,97. A- 200 Corridor Thermal.mp4,7995,323.9517207593387,aug_01,15.788933490647992,-21.626930781873178,0.38850720303350883,0.9684566983009054,4
511,97_A_200_Corridor_Thermal__frame_007995__aug_02.jpg,97_A_200_Corridor_Thermal__frame_007995,97. A- 200 Corridor Thermal.mp4,7995,323.9517207593387,aug_02,39.94661113714298,-17.99692360618962,0.4971076165736896,1.0081401423046374,4
512,97_A_200_Corridor_Thermal__frame_007995__aug_03.jpg,97_A_200_Corridor_Thermal__frame_007995,97. A- 200 Corridor Thermal.mp4,7995,323.9517207593387,aug_03,-3.2844805907008094,11.687599112593901,-0.40116144748966587,0.9801587846217475,4
513,97_A_200_Corridor_Thermal__frame_007995__aug_04.jpg,97_A_200_Corridor_Thermal__frame_007995,97. A- 200 Corridor Thermal.mp4,7995,323.9517207593387,aug_04,-19.465317052282984,5.431503133283805,3.454756606222145,0.9709257790542902,4
514,97_A_200_Corridor_Thermal__frame_008118__original.jpg,97_A_200_Corridor_Thermal__frame_008118,97. A- 200 Corridor Thermal.mp4,8118,328.9355933864054,original,0.0,0.0,0.0,1.0,4
515,97_A_200_Corridor_Thermal__frame_008118__aug_01.jpg,97_A_200_Corridor_Thermal__frame_008118,97. A- 200 Corridor Thermal.mp4,8118,328.9355933864054,aug_01,39.24327373389319,-13.040186544819736,1.3855427211788012,0.9984992493165235,4
516,97_A_200_Corridor_Thermal__frame_008118__aug_02.jpg,97_A_200_Corridor_Thermal__frame_008118,97. A- 200 Corridor Thermal.mp4,8118,328.9355933864054,aug_02,65.17364459514926,-7.740984521369413,-2.528910407172928,0.9427721310779809,4
517,97_A_200_Corridor_Thermal__frame_008118__aug_03.jpg,97_A_200_Corridor_Thermal__frame_008118,97. A- 200 Corridor Thermal.mp4,8118,328.9355933864054,aug_03,53.0167367029638,4.359036943646444,-3.789080693070072,0.9876415024912203,4
518,97_A_200_Corridor_Thermal__frame_008118__aug_04.jpg,97_A_200_Corridor_Thermal__frame_008118,97. A- 200 Corridor Thermal.mp4,8118,328.9355933864054,aug_04,37.09949209870341,-37.507391874838206,-1.900381885880103,0.9586329234400194,4
