frame,timestamp_seconds,was_ocr_sampled,primary_min_temp,primary_max_temp,primary_min_text,primary_max_text,accepted_sample_min_temp,accepted_sample_max_temp,accepted_min_text,accepted_max_text,accepted_min_method,accepted_max_method,clean_min_temp_used,clean_max_temp_used,status,retry_attempted
0,0.0,1,15.6,46.9,15.6,46.9,15.6,46.9,15.6,46.9,green_difference/PSM7,green_difference/PSM7,15.6,46.9,ACCEPT_PRIMARY,0
1,0.04113207547169811,0,,,,,,,,,,,15.6,46.9,UNSAMPLED,0
2,0.08226415094339622,0,,,,,,,,,,,15.6,46.9,UNSAMPLED,0
3,0.12339622641509433,0,,,,,,,,,,,15.6,46.9,UNSAMPLED,0
4,0.16452830188679243,0,,,,,,,,,,,15.6,46.9,UNSAMPLED,0
5,0.20566037735849055,0,,,,,,,,,,,15.6,46.9,UNSAMPLED,0
6,0.24679245283018866,0,,,,,,,,,,,15.6,46.9,UNSAMPLED,0
7,0.28792452830188675,0,,,,,,,,,,,15.6,46.9,UNSAMPLED,0
8,0.32905660377358487,1,,46.8,17,468,15.7,46.8,15.7,46.8,green_channel_otsu/PSM7,hsv_green/PSM7,15.7,46.8,ACCEPT_RETRY,1
9,0.370188679245283,0,,,,,,,,,,,15.7,46.8,UNSAMPLED,0
10,0.4113207547169811,0,,,,,,,,,,,15.7,46.8,UNSAMPLED,0
11,0.4524528301886792,0,,,,,,,,,,,15.7,46.8,UNSAMPLED,0
12,0.4935849056603773,0,,,,,,,,,,,15.7,46.8,UNSAMPLED,0
13,0.5347169811320754,0,,,,,,,,,,,15.7,46.8,UNSAMPLED,0
14,0.5758490566037735,0,,,,,,,,,,,15.7,46.8,UNSAMPLED,0
15,0.6169811320754717,0,,,,,,,,,,,15.7,46.8,UNSAMPLED,0
16,0.6581132075471697,1,15.7,45.9,157,459,15.7,45.9,157,459,green_difference/PSM7,green_difference/PSM7,15.7,45.9,ACCEPT_PRIMARY,0
17,0.6992452830188679,0,,,,,,,,,,,15.7,45.9,UNSAMPLED,0
18,0.740377358490566,0,,,,,,,,,,,15.7,45.9,UNSAMPLED,0
19,0.7815094339622641,0,,,,,,,,,,,15.7,45.9,UNSAMPLED,0
20,0.8226415094339622,0,,,,,,,,,,,15.7,45.9,UNSAMPLED,0
21,0.8637735849056604,0,,,,,,,,,,,15.7,45.9,UNSAMPLED,0
22,0.9049056603773584,0,,,,,,,,,,,15.7,45.9,UNSAMPLED,0
23,0.9460377358490566,0,,,,,,,,,,,15.7,45.9,UNSAMPLED,0
24,0.9871698113207547,1,15.8,472.0,15.8,4720,15.6,47.2,15.6,47.2,green_channel_otsu/PSM7,gray_otsu/PSM7,15.6,47.2,ACCEPT_RETRY,1
25,1.0283018867924527,0,,,,,,,,,,,15.6,47.2,UNSAMPLED,0
26,1.0694339622641509,0,,,,,,,,,,,15.6,47.2,UNSAMPLED,0
27,1.110566037735849,0,,,,,,,,,,,15.6,47.2,UNSAMPLED,0
28,1.151698113207547,0,,,,,,,,,,,15.6,47.2,UNSAMPLED,0
29,1.1928301886792452,0,,,,,,,,,,,15.6,47.2,UNSAMPLED,0
30,1.2339622641509433,0,,,,,,,,,,,15.6,47.2,UNSAMPLED,0
31,1.2750943396226415,0,,,,,,,,,,,15.6,47.2,UNSAMPLED,0
32,1.3162264150943395,1,159.5,472.0,159.5,4720,15.6,47.2,15.6,47.2,green_channel_otsu/PSM7,gray_otsu/PSM7,15.6,47.2,ACCEPT_RETRY,1
33,1.3573584905660376,0,,,,,,,,,,,15.6,47.2,UNSAMPLED,0
34,1.3984905660377358,0,,,,,,,,,,,15.6,47.2,UNSAMPLED,0
35,1.439622641509434,0,,,,,,,,,,,15.6,47.2,UNSAMPLED,0
36,1.480754716981132,0,,,,,,,,,,,15.6,47.2,UNSAMPLED,0
37,1.52188679245283,0,,,,,,,,,,,15.6,47.2,UNSAMPLED,0
38,1.5630188679245283,0,,,,,,,,,,,15.6,47.2,UNSAMPLED,0
39,1.6041509433962264,0,,,,,,,,,,,15.6,47.2,UNSAMPLED,0
40,1.6452830188679244,1,,471.0,7,4710,15.7,47.17,15.7,47.17,green_channel_otsu/PSM7,gray_otsu/PSM7,15.7,47.17,ACCEPT_RETRY,1
41,1.6864150943396226,0,,,,,,,,,,,15.7,47.17,UNSAMPLED,0
42,1.7275471698113207,0,,,,,,,,,,,15.7,47.17,UNSAMPLED,0
43,1.7686792452830187,0,,,,,,,,,,,15.7,47.17,UNSAMPLED,0
44,1.8098113207547168,0,,,,,,,,,,,15.7,47.17,UNSAMPLED,0
45,1.850943396226415,0,,,,,,,,,,,15.7,47.17,UNSAMPLED,0
46,1.8920754716981132,0,,,,,,,,,,,15.7,47.17,UNSAMPLED,0
47,1.9332075471698111,0,,,,,,,,,,,15.7,47.17,UNSAMPLED,0
48,1.9743396226415093,1,,471.0,7,4710,15.7,47.1,15.7,471,green_channel_otsu/PSM7,green_difference/PSM8,15.7,47.1,ACCEPT_RETRY,1
49,2.0154716981132075,0,,,,,,,,,,,15.7,47.1,UNSAMPLED,0
50,2.0566037735849054,0,,,,,,,,,,,15.7,47.1,UNSAMPLED,0
51,2.097735849056604,0,,,,,,,,,,,15.7,47.1,UNSAMPLED,0
52,2.1388679245283018,0,,,,,,,,,,,15.7,47.1,UNSAMPLED,0
53,2.1799999999999997,0,,,,,,,,,,,15.7,47.1,UNSAMPLED,0
54,2.221132075471698,0,,,,,,,,,,,15.7,47.1,UNSAMPLED,0
55,2.262264150943396,0,,,,,,,,,,,15.7,47.1,UNSAMPLED,0
56,2.303396226415094,1,154.5,45.7,1545,457,15.5,46.7,15.5,46.7,green_channel_otsu/PSM7,green_channel_otsu/PSM7,15.5,46.7,ACCEPT_RETRY,1
57,2.3445283018867924,0,,,,,,,,,,,15.5,46.7,UNSAMPLED,0
58,2.3856603773584903,0,,,,,,,,,,,15.5,46.7,UNSAMPLED,0
59,2.4267924528301887,0,,,,,,,,,,,15.5,46.7,UNSAMPLED,0
60,2.4679245283018867,0,,,,,,,,,,,15.5,46.7,UNSAMPLED,0
61,2.5090566037735846,0,,,,,,,,,,,15.5,46.7,UNSAMPLED,0
62,2.550188679245283,0,,,,,,,,,,,15.5,46.7,UNSAMPLED,0
63,2.591320754716981,0,,,,,,,,,,,15.5,46.7,UNSAMPLED,0
64,2.632452830188679,1,15.5,45.7,155,457,15.5,45.7,155,457,green_difference/PSM7,green_difference/PSM7,15.5,45.7,ACCEPT_PRIMARY,0
65,2.6735849056603773,0,,,,,,,,,,,15.5,45.7,UNSAMPLED,0
66,2.7147169811320753,0,,,,,,,,,,,15.5,45.7,UNSAMPLED,0
67,2.7558490566037737,0,,,,,,,,,,,15.5,45.7,UNSAMPLED,0
68,2.7969811320754716,0,,,,,,,,,,,15.5,45.7,UNSAMPLED,0
69,2.8381132075471696,0,,,,,,,,,,,15.5,45.7,UNSAMPLED,0
70,2.879245283018868,0,,,,,,,,,,,15.5,45.7,UNSAMPLED,0
71,2.920377358490566,0,,,,,,,,,,,15.5,45.7,UNSAMPLED,0
72,2.961509433962264,1,15.5,46.4,155,46.4,15.5,46.4,155,46.4,green_difference/PSM7,green_difference/PSM7,15.5,46.4,ACCEPT_PRIMARY,0
73,3.0026415094339622,0,,,,,,,,,,,15.5,46.4,UNSAMPLED,0
74,3.04377358490566,0,,,,,,,,,,,15.5,46.4,UNSAMPLED,0
75,3.084905660377358,0,,,,,,,,,,,15.5,46.4,UNSAMPLED,0
76,3.1260377358490565,0,,,,,,,,,,,15.5,46.4,UNSAMPLED,0
77,3.1671698113207545,0,,,,,,,,,,,15.5,46.4,UNSAMPLED,0
78,3.208301886792453,0,,,,,,,,,,,15.5,46.4,UNSAMPLED,0
79,3.249433962264151,0,,,,,,,,,,,15.5,46.4,UNSAMPLED,0
80,3.2905660377358488,1,19.5,46.4,19.5,46.4,15.5,46.4,15.5,46.40,green_channel_otsu/PSM7,hsv_green/PSM7,15.5,46.4,ACCEPT_RETRY,1
81,3.331698113207547,0,,,,,,,,,,,15.5,46.4,UNSAMPLED,0
82,3.372830188679245,0,,,,,,,,,,,15.5,46.4,UNSAMPLED,0
83,3.413962264150943,0,,,,,,,,,,,15.5,46.4,UNSAMPLED,0
84,3.4550943396226415,0,,,,,,,,,,,15.5,46.4,UNSAMPLED,0
85,3.4962264150943394,0,,,,,,,,,,,15.5,46.4,UNSAMPLED,0
86,3.5373584905660374,0,,,,,,,,,,,15.5,46.4,UNSAMPLED,0
87,3.5784905660377357,0,,,,,,,,,,,15.5,46.4,UNSAMPLED,0
88,3.6196226415094337,1,15.8,45.7,158,457,15.8,45.7,158,457,green_difference/PSM7,green_difference/PSM7,15.8,45.7,ACCEPT_PRIMARY,0
89,3.660754716981132,0,,,,,,,,,,,15.8,45.7,UNSAMPLED,0
90,3.70188679245283,0,,,,,,,,,,,15.8,45.7,UNSAMPLED,0
91,3.743018867924528,0,,,,,,,,,,,15.8,45.7,UNSAMPLED,0
92,3.7841509433962264,0,,,,,,,,,,,15.8,45.7,UNSAMPLED,0
93,3.8252830188679243,0,,,,,,,,,,,15.8,45.7,UNSAMPLED,0
94,3.8664150943396223,0,,,,,,,,,,,15.8,45.7,UNSAMPLED,0
95,3.9075471698113207,0,,,,,,,,,,,15.8,45.7,UNSAMPLED,0
96,3.9486792452830186,1,15.8,45.7,158,457,15.8,45.7,158,457,green_difference/PSM7,green_difference/PSM7,15.8,45.7,ACCEPT_PRIMARY,0
97,3.9898113207547166,0,,,,,,,,,,,15.8,45.7,UNSAMPLED,0
98,4.030943396226415,0,,,,,,,,,,,15.8,45.7,UNSAMPLED,0
99,4.072075471698113,0,,,,,,,,,,,15.8,45.7,UNSAMPLED,0
100,4.113207547169811,0,,,,,,,,,,,15.8,45.7,UNSAMPLED,0
101,4.154339622641509,0,,,,,,,,,,,15.8,45.7,UNSAMPLED,0
102,4.195471698113208,0,,,,,,,,,,,15.8,45.7,UNSAMPLED,0
103,4.236603773584905,0,,,,,,,,,,,15.8,45.7,UNSAMPLED,0
104,4.2777358490566035,1,15.5,465.6,15.5,465.6,15.5,46.6,15.5,46.6,green_difference/PSM7,hsv_green/PSM7,15.5,46.6,ACCEPT_RETRY,1
105,4.318867924528302,0,,,,,,,,,,,15.5,46.6,UNSAMPLED,0
106,4.359999999999999,0,,,,,,,,,,,15.5,46.6,UNSAMPLED,0
107,4.401132075471698,0,,,,,,,,,,,15.5,46.6,UNSAMPLED,0
108,4.442264150943396,0,,,,,,,,,,,15.5,46.6,UNSAMPLED,0
109,4.483396226415094,0,,,,,,,,,,,15.5,46.6,UNSAMPLED,0
110,4.524528301886792,0,,,,,,,,,,,15.5,46.6,UNSAMPLED,0
111,4.5656603773584905,0,,,,,,,,,,,15.5,46.6,UNSAMPLED,0
112,4.606792452830188,1,15.5,45.7,15.5,457,15.5,45.7,15.5,457,green_difference/PSM7,green_difference/PSM7,15.5,45.7,ACCEPT_PRIMARY,0
113,4.647924528301886,0,,,,,,,,,,,15.5,45.7,UNSAMPLED,0
114,4.689056603773585,0,,,,,,,,,,,15.5,45.7,UNSAMPLED,0
115,4.730188679245283,0,,,,,,,,,,,15.5,45.7,UNSAMPLED,0
116,4.771320754716981,0,,,,,,,,,,,15.5,45.7,UNSAMPLED,0
117,4.812452830188679,0,,,,,,,,,,,15.5,45.7,UNSAMPLED,0
118,4.8535849056603775,0,,,,,,,,,,,15.5,45.7,UNSAMPLED,0
119,4.894716981132075,0,,,,,,,,,,,15.5,45.7,UNSAMPLED,0
120,4.935849056603773,1,15.5,465.6,15.5,465.6,15.5,46.6,15.5,46.6,green_difference/PSM7,hsv_green/PSM7,15.5,46.6,ACCEPT_RETRY,1
121,4.976981132075472,0,,,,,,,,,,,15.5,46.6,UNSAMPLED,0
122,5.018113207547169,0,,,,,,,,,,,15.5,46.6,UNSAMPLED,0
123,5.059245283018868,0,,,,,,,,,,,15.5,46.6,UNSAMPLED,0
124,5.100377358490566,0,,,,,,,,,,,15.5,46.6,UNSAMPLED,0
125,5.141509433962264,0,,,,,,,,,,,15.5,46.6,UNSAMPLED,0
126,5.182641509433962,0,,,,,,,,,,,15.5,46.6,UNSAMPLED,0
127,5.22377358490566,0,,,,,,,,,,,15.5,46.6,UNSAMPLED,0
128,5.264905660377358,1,15.5,465.6,15.5,465.6,15.5,46.6,15.5,46.6,green_difference/PSM7,hsv_green/PSM7,15.5,46.6,ACCEPT_RETRY,1
129,5.306037735849056,0,,,,,,,,,,,15.5,46.6,UNSAMPLED,0
130,5.347169811320755,0,,,,,,,,,,,15.5,46.6,UNSAMPLED,0
131,5.388301886792452,0,,,,,,,,,,,15.5,46.6,UNSAMPLED,0
132,5.4294339622641505,0,,,,,,,,,,,15.5,46.6,UNSAMPLED,0
133,5.470566037735849,0,,,,,,,,,,,15.5,46.6,UNSAMPLED,0
134,5.511698113207547,0,,,,,,,,,,,15.5,46.6,UNSAMPLED,0
135,5.552830188679245,0,,,,,,,,,,,15.5,46.6,UNSAMPLED,0
136,5.593962264150943,1,16.5,454.0,16.5,4540,15.5,45.4,15.5,45.40,green_channel_otsu/PSM7,hsv_green/PSM7,15.5,45.4,ACCEPT_RETRY,1
137,5.635094339622642,0,,,,,,,,,,,15.5,45.4,UNSAMPLED,0
138,5.676226415094339,0,,,,,,,,,,,15.5,45.4,UNSAMPLED,0
139,5.7173584905660375,0,,,,,,,,,,,15.5,45.4,UNSAMPLED,0
140,5.758490566037736,0,,,,,,,,,,,15.5,45.4,UNSAMPLED,0
141,5.799622641509433,0,,,,,,,,,,,15.5,45.4,UNSAMPLED,0
142,5.840754716981132,0,,,,,,,,,,,15.5,45.4,UNSAMPLED,0
143,5.88188679245283,0,,,,,,,,,,,15.5,45.4,UNSAMPLED,0
144,5.923018867924528,1,15.9,45.6,15.9,45.6,15.9,45.6,15.9,45.6,green_difference/PSM7,green_difference/PSM7,15.9,45.6,ACCEPT_PRIMARY,0
145,5.964150943396226,0,,,,,,,,,,,15.9,45.6,UNSAMPLED,0
146,6.0052830188679245,0,,,,,,,,,,,15.9,45.6,UNSAMPLED,0
147,6.046415094339622,0,,,,,,,,,,,15.9,45.6,UNSAMPLED,0
148,6.08754716981132,0,,,,,,,,,,,15.9,45.6,UNSAMPLED,0
149,6.128679245283019,0,,,,,,,,,,,15.9,45.6,UNSAMPLED,0
150,6.169811320754716,0,,,,,,,,,,,15.9,45.6,UNSAMPLED,0
151,6.210943396226415,0,,,,,,,,,,,15.9,45.6,UNSAMPLED,0
152,6.252075471698113,1,15.9,46.0,15.9,46.0,15.9,46.0,15.9,46.0,green_difference/PSM7,green_difference/PSM7,15.9,46.0,ACCEPT_PRIMARY,0
153,6.293207547169811,0,,,,,,,,,,,15.9,46.0,UNSAMPLED,0
154,6.334339622641509,0,,,,,,,,,,,15.9,46.0,UNSAMPLED,0
155,6.375471698113207,0,,,,,,,,,,,15.9,46.0,UNSAMPLED,0
156,6.416603773584906,0,,,,,,,,,,,15.9,46.0,UNSAMPLED,0
157,6.457735849056603,0,,,,,,,,,,,15.9,46.0,UNSAMPLED,0
158,6.498867924528302,0,,,,,,,,,,,15.9,46.0,UNSAMPLED,0
159,6.54,0,,,,,,,,,,,15.9,46.0,UNSAMPLED,0
160,6.5811320754716975,1,15.5,46.0,15.5,46.0,15.5,46.0,15.5,46.0,green_difference/PSM7,green_difference/PSM7,15.5,46.0,ACCEPT_PRIMARY,0
161,6.622264150943396,0,,,,,,,,,,,15.5,46.0,UNSAMPLED,0
162,6.663396226415094,0,,,,,,,,,,,15.5,46.0,UNSAMPLED,0
163,6.704528301886792,0,,,,,,,,,,,15.5,46.0,UNSAMPLED,0
164,6.74566037735849,0,,,,,,,,,,,15.5,46.0,UNSAMPLED,0
165,6.786792452830189,0,,,,,,,,,,,15.5,46.0,UNSAMPLED,0
166,6.827924528301886,0,,,,,,,,,,,15.5,46.0,UNSAMPLED,0
167,6.8690566037735845,0,,,,,,,,,,,15.5,46.0,UNSAMPLED,0
168,6.910188679245283,1,,45.7,15-4-,457,15.4,45.7,15.4,457,green_channel_otsu/PSM7,green_difference/PSM7,15.4,45.7,ACCEPT_RETRY,1
169,6.95132075471698,0,,,,,,,,,,,15.4,45.7,UNSAMPLED,0
170,6.992452830188679,0,,,,,,,,,,,15.4,45.7,UNSAMPLED,0
171,7.033584905660377,0,,,,,,,,,,,15.4,45.7,UNSAMPLED,0
172,7.074716981132075,0,,,,,,,,,,,15.4,45.7,UNSAMPLED,0
173,7.115849056603773,0,,,,,,,,,,,15.4,45.7,UNSAMPLED,0
174,7.1569811320754715,0,,,,,,,,,,,15.4,45.7,UNSAMPLED,0
175,7.19811320754717,0,,,,,,,,,,,15.4,45.7,UNSAMPLED,0
176,7.239245283018867,1,,45.7,14,457,15.4,45.7,15.4,457,hsv_green/PSM7,green_difference/PSM7,15.4,45.7,ACCEPT_RETRY,1
177,7.280377358490566,0,,,,,,,,,,,15.4,45.7,UNSAMPLED,0
178,7.321509433962264,0,,,,,,,,,,,15.4,45.7,UNSAMPLED,0
179,7.362641509433962,0,,,,,,,,,,,15.4,45.7,UNSAMPLED,0
180,7.40377358490566,0,,,,,,,,,,,15.4,45.7,UNSAMPLED,0
181,7.4449056603773585,0,,,,,,,,,,,15.4,45.7,UNSAMPLED,0
182,7.486037735849056,0,,,,,,,,,,,15.4,45.7,UNSAMPLED,0
183,7.527169811320754,0,,,,,,,,,,,15.4,45.7,UNSAMPLED,0
184,7.568301886792453,1,14.4,46.8,14.4,46.8,14.4,46.8,14.4,46.8,green_difference/PSM7,green_difference/PSM7,14.4,46.8,ACCEPT_PRIMARY,0
185,7.60943396226415,0,,,,,,,,,,,14.4,46.8,UNSAMPLED,0
186,7.650566037735849,0,,,,,,,,,,,14.4,46.8,UNSAMPLED,0
187,7.691698113207547,0,,,,,,,,,,,14.4,46.8,UNSAMPLED,0
188,7.7328301886792445,0,,,,,,,,,,,14.4,46.8,UNSAMPLED,0
189,7.773962264150943,0,,,,,,,,,,,14.4,46.8,UNSAMPLED,0
190,7.815094339622641,0,,,,,,,,,,,14.4,46.8,UNSAMPLED,0
191,7.856226415094339,0,,,,,,,,,,,14.4,46.8,UNSAMPLED,0
192,7.897358490566037,1,15.3,46.8,15.3,46.8,15.3,46.8,15.3,46.8,green_difference/PSM7,green_difference/PSM7,15.3,46.8,ACCEPT_PRIMARY,0
193,7.938490566037736,0,,,,,,,,,,,15.3,46.8,UNSAMPLED,0
194,7.979622641509433,0,,,,,,,,,,,15.3,46.8,UNSAMPLED,0
195,8.020754716981132,0,,,,,,,,,,,15.3,46.8,UNSAMPLED,0
196,8.06188679245283,0,,,,,,,,,,,15.3,46.8,UNSAMPLED,0
197,8.103018867924527,0,,,,,,,,,,,15.3,46.8,UNSAMPLED,0
198,8.144150943396227,0,,,,,,,,,,,15.3,46.8,UNSAMPLED,0
199,8.185283018867924,0,,,,,,,,,,,15.3,46.8,UNSAMPLED,0
200,8.226415094339622,1,15.3,46.7,15.3,46.7,15.3,46.7,15.3,46.7,green_difference/PSM7,green_difference/PSM7,15.3,46.7,ACCEPT_PRIMARY,0
201,8.267547169811321,0,,,,,,,,,,,15.3,46.7,UNSAMPLED,0
202,8.308679245283018,0,,,,,,,,,,,15.3,46.7,UNSAMPLED,0
203,8.349811320754716,0,,,,,,,,,,,15.3,46.7,UNSAMPLED,0
204,8.390943396226415,0,,,,,,,,,,,15.3,46.7,UNSAMPLED,0
205,8.432075471698113,0,,,,,,,,,,,15.3,46.7,UNSAMPLED,0
206,8.47320754716981,0,,,,,,,,,,,15.3,46.7,UNSAMPLED,0
207,8.51433962264151,0,,,,,,,,,,,15.3,46.7,UNSAMPLED,0
208,8.555471698113207,1,15.3,46.7,15.3,46.7,15.3,46.7,15.3,46.7,green_difference/PSM7,green_difference/PSM7,15.3,46.7,ACCEPT_PRIMARY,0
209,8.596603773584905,0,,,,,,,,,,,15.3,46.7,UNSAMPLED,0
210,8.637735849056604,0,,,,,,,,,,,15.3,46.7,UNSAMPLED,0
211,8.678867924528301,0,,,,,,,,,,,15.3,46.7,UNSAMPLED,0
212,8.719999999999999,0,,,,,,,,,,,15.3,46.7,UNSAMPLED,0
213,8.761132075471698,0,,,,,,,,,,,15.3,46.7,UNSAMPLED,0
214,8.802264150943396,0,,,,,,,,,,,15.3,46.7,UNSAMPLED,0
215,8.843396226415093,0,,,,,,,,,,,15.3,46.7,UNSAMPLED,0
216,8.884528301886792,1,15.4,46.9,15.4,46.9,15.4,46.9,15.4,46.9,green_difference/PSM7,green_difference/PSM7,15.4,46.9,ACCEPT_PRIMARY,0
217,8.92566037735849,0,,,,,,,,,,,15.4,46.9,UNSAMPLED,0
218,8.966792452830187,0,,,,,,,,,,,15.4,46.9,UNSAMPLED,0
219,9.007924528301887,0,,,,,,,,,,,15.4,46.9,UNSAMPLED,0
220,9.049056603773584,0,,,,,,,,,,,15.4,46.9,UNSAMPLED,0
221,9.090188679245282,0,,,,,,,,,,,15.4,46.9,UNSAMPLED,0
222,9.131320754716981,0,,,,,,,,,,,15.4,46.9,UNSAMPLED,0
223,9.172452830188679,0,,,,,,,,,,,15.4,46.9,UNSAMPLED,0
224,9.213584905660376,1,15.3,46.5,15.3,465,15.3,46.5,15.3,465,green_difference/PSM7,green_difference/PSM7,15.3,46.5,ACCEPT_PRIMARY,0
225,9.254716981132075,0,,,,,,,,,,,15.3,46.5,UNSAMPLED,0
226,9.295849056603773,0,,,,,,,,,,,15.3,46.5,UNSAMPLED,0
227,9.336981132075472,0,,,,,,,,,,,15.3,46.5,UNSAMPLED,0
228,9.37811320754717,0,,,,,,,,,,,15.3,46.5,UNSAMPLED,0
229,9.419245283018867,0,,,,,,,,,,,15.3,46.5,UNSAMPLED,0
230,9.460377358490566,0,,,,,,,,,,,15.3,46.5,UNSAMPLED,0
231,9.501509433962264,0,,,,,,,,,,,15.3,46.5,UNSAMPLED,0
232,9.542641509433961,1,15.4,46.8,154,46.8,15.4,46.8,154,46.8,green_difference/PSM7,green_difference/PSM7,15.4,46.8,ACCEPT_PRIMARY,0
233,9.58377358490566,0,,,,,,,,,,,15.4,46.8,UNSAMPLED,0
234,9.624905660377358,0,,,,,,,,,,,15.4,46.8,UNSAMPLED,0
235,9.666037735849056,0,,,,,,,,,,,15.4,46.8,UNSAMPLED,0
236,9.707169811320755,0,,,,,,,,,,,15.4,46.8,UNSAMPLED,0
237,9.748301886792452,0,,,,,,,,,,,15.4,46.8,UNSAMPLED,0
238,9.78943396226415,0,,,,,,,,,,,15.4,46.8,UNSAMPLED,0
239,9.83056603773585,0,,,,,,,,,,,15.4,46.8,UNSAMPLED,0
240,9.871698113207547,1,15.4,46.8,154,46.8,15.4,46.8,154,46.8,green_difference/PSM7,green_difference/PSM7,15.4,46.8,ACCEPT_PRIMARY,0
241,9.912830188679244,0,,,,,,,,,,,15.4,46.8,UNSAMPLED,0
242,9.953962264150944,0,,,,,,,,,,,15.4,46.8,UNSAMPLED,0
243,9.995094339622641,0,,,,,,,,,,,15.4,46.8,UNSAMPLED,0
244,10.036226415094339,0,,,,,,,,,,,15.4,46.8,UNSAMPLED,0
245,10.077358490566038,0,,,,,,,,,,,15.4,46.8,UNSAMPLED,0
246,10.118490566037735,0,,,,,,,,,,,15.4,46.8,UNSAMPLED,0
247,10.159622641509433,0,,,,,,,,,,,15.4,46.8,UNSAMPLED,0
248,10.200754716981132,1,15.4,467.7,15.4,4677,15.4,46.7,15.4,46.7,green_difference/PSM7,green_channel_otsu/PSM7,15.4,46.7,ACCEPT_RETRY,1
249,10.24188679245283,0,,,,,,,,,,,15.4,46.7,UNSAMPLED,0
250,10.283018867924527,0,,,,,,,,,,,15.4,46.7,UNSAMPLED,0
251,10.324150943396226,0,,,,,,,,,,,15.4,46.7,UNSAMPLED,0
252,10.365283018867924,0,,,,,,,,,,,15.4,46.7,UNSAMPLED,0
253,10.406415094339621,0,,,,,,,,,,,15.4,46.7,UNSAMPLED,0
254,10.44754716981132,0,,,,,,,,,,,15.4,46.7,UNSAMPLED,0
255,10.488679245283018,0,,,,,,,,,,,15.4,46.7,UNSAMPLED,0
256,10.529811320754716,1,15.4,46.8,15.4,46.80,15.4,46.8,15.4,46.80,green_difference/PSM7,green_difference/PSM7,15.4,46.8,ACCEPT_PRIMARY,0
257,10.570943396226415,0,,,,,,,,,,,15.4,46.8,UNSAMPLED,0
258,10.612075471698112,0,,,,,,,,,,,15.4,46.8,UNSAMPLED,0
259,10.65320754716981,0,,,,,,,,,,,15.4,46.8,UNSAMPLED,0
260,10.69433962264151,0,,,,,,,,,,,15.4,46.8,UNSAMPLED,0
261,10.735471698113207,0,,,,,,,,,,,15.4,46.8,UNSAMPLED,0
262,10.776603773584904,0,,,,,,,,,,,15.4,46.8,UNSAMPLED,0
263,10.817735849056604,0,,,,,,,,,,,15.4,46.8,UNSAMPLED,0
264,10.858867924528301,1,15.4,45.7,15.4,457,15.4,45.7,15.4,457,green_difference/PSM7,green_difference/PSM7,15.4,45.7,ACCEPT_PRIMARY,0
265,10.899999999999999,0,,,,,,,,,,,15.4,45.7,UNSAMPLED,0
266,10.941132075471698,0,,,,,,,,,,,15.4,45.7,UNSAMPLED,0
267,10.982264150943395,0,,,,,,,,,,,15.4,45.7,UNSAMPLED,0
268,11.023396226415095,0,,,,,,,,,,,15.4,45.7,UNSAMPLED,0
269,11.064528301886792,0,,,,,,,,,,,15.4,45.7,UNSAMPLED,0
270,11.10566037735849,0,,,,,,,,,,,15.4,45.7,UNSAMPLED,0
271,11.146792452830189,0,,,,,,,,,,,15.4,45.7,UNSAMPLED,0
272,11.187924528301886,1,,470.0,17,4700,15.7,47.0,15.7,470,green_channel_otsu/PSM7,hsv_green/PSM7,15.7,47.0,ACCEPT_RETRY,1
273,11.229056603773584,0,,,,,,,,,,,15.7,47.0,UNSAMPLED,0
274,11.270188679245283,0,,,,,,,,,,,15.7,47.0,UNSAMPLED,0
275,11.31132075471698,0,,,,,,,,,,,15.7,47.0,UNSAMPLED,0
276,11.352452830188678,0,,,,,,,,,,,15.7,47.0,UNSAMPLED,0
277,11.393584905660378,0,,,,,,,,,,,15.7,47.0,UNSAMPLED,0
278,11.434716981132075,0,,,,,,,,,,,15.7,47.0,UNSAMPLED,0
279,11.475849056603773,0,,,,,,,,,,,15.7,47.0,UNSAMPLED,0
280,11.516981132075472,1,15.4,46.5,15.4,46.50,15.4,46.5,15.4,46.50,green_difference/PSM7,green_difference/PSM7,15.4,46.5,ACCEPT_PRIMARY,0
281,11.55811320754717,0,,,,,,,,,,,15.4,46.5,UNSAMPLED,0
282,11.599245283018867,0,,,,,,,,,,,15.4,46.5,UNSAMPLED,0
283,11.640377358490566,0,,,,,,,,,,,15.4,46.5,UNSAMPLED,0
284,11.681509433962264,0,,,,,,,,,,,15.4,46.5,UNSAMPLED,0
285,11.722641509433961,0,,,,,,,,,,,15.4,46.5,UNSAMPLED,0
286,11.76377358490566,0,,,,,,,,,,,15.4,46.5,UNSAMPLED,0
287,11.804905660377358,0,,,,,,,,,,,15.4,46.5,UNSAMPLED,0
288,11.846037735849055,1,15.4,46.5,15.4,46.50,15.4,46.5,15.4,46.50,green_difference/PSM7,green_difference/PSM7,15.4,46.5,ACCEPT_PRIMARY,0
289,11.887169811320755,0,,,,,,,,,,,15.4,46.5,UNSAMPLED,0
290,11.928301886792452,0,,,,,,,,,,,15.4,46.5,UNSAMPLED,0
291,11.96943396226415,0,,,,,,,,,,,15.4,46.5,UNSAMPLED,0
292,12.010566037735849,0,,,,,,,,,,,15.4,46.5,UNSAMPLED,0
293,12.051698113207546,0,,,,,,,,,,,15.4,46.5,UNSAMPLED,0
294,12.092830188679244,0,,,,,,,,,,,15.4,46.5,UNSAMPLED,0
295,12.133962264150943,0,,,,,,,,,,,15.4,46.5,UNSAMPLED,0
296,12.17509433962264,1,,46.6,4,46.6,15.5,46.6,15.5,46.6,green_channel_otsu/PSM7,green_difference/PSM7,15.5,46.6,ACCEPT_RETRY,1
297,12.216226415094338,0,,,,,,,,,,,15.5,46.6,UNSAMPLED,0
298,12.257358490566038,0,,,,,,,,,,,15.5,46.6,UNSAMPLED,0
299,12.298490566037735,0,,,,,,,,,,,15.5,46.6,UNSAMPLED,0
300,12.339622641509433,0,,,,,,,,,,,15.5,46.6,UNSAMPLED,0
301,12.380754716981132,0,,,,,,,,,,,15.5,46.6,UNSAMPLED,0
302,12.42188679245283,0,,,,,,,,,,,15.5,46.6,UNSAMPLED,0
303,12.463018867924527,0,,,,,,,,,,,15.5,46.6,UNSAMPLED,0
304,12.504150943396226,1,15.8,46.3,15.8,46.30,15.8,46.3,15.8,46.30,green_difference/PSM7,green_difference/PSM7,15.8,46.3,ACCEPT_PRIMARY,0
305,12.545283018867924,0,,,,,,,,,,,15.8,46.3,UNSAMPLED,0
306,12.586415094339621,0,,,,,,,,,,,15.8,46.3,UNSAMPLED,0
307,12.62754716981132,0,,,,,,,,,,,15.8,46.3,UNSAMPLED,0
308,12.668679245283018,0,,,,,,,,,,,15.8,46.3,UNSAMPLED,0
309,12.709811320754717,0,,,,,,,,,,,15.8,46.3,UNSAMPLED,0
310,12.750943396226415,0,,,,,,,,,,,15.8,46.3,UNSAMPLED,0
311,12.792075471698112,0,,,,,,,,,,,15.8,46.3,UNSAMPLED,0
312,12.833207547169811,1,15.8,46.8,15.8,46.8,15.8,46.8,15.8,46.8,green_difference/PSM7,green_difference/PSM7,15.8,46.8,ACCEPT_PRIMARY,0
313,12.874339622641509,0,,,,,,,,,,,15.8,46.8,UNSAMPLED,0
314,12.915471698113207,0,,,,,,,,,,,15.8,46.8,UNSAMPLED,0
315,12.956603773584906,0,,,,,,,,,,,15.8,46.8,UNSAMPLED,0
316,12.997735849056603,0,,,,,,,,,,,15.8,46.8,UNSAMPLED,0
317,13.0388679245283,0,,,,,,,,,,,15.8,46.8,UNSAMPLED,0
318,13.08,0,,,,,,,,,,,15.8,46.8,UNSAMPLED,0
319,13.121132075471698,0,,,,,,,,,,,15.8,46.8,UNSAMPLED,0
320,13.162264150943395,1,15.8,465.6,15.8,465.6,15.8,46.6,15.8,46.6,green_difference/PSM7,hsv_green/PSM7,15.8,46.6,ACCEPT_RETRY,1
321,13.203396226415094,0,,,,,,,,,,,15.8,46.6,UNSAMPLED,0
322,13.244528301886792,0,,,,,,,,,,,15.8,46.6,UNSAMPLED,0
323,13.28566037735849,0,,,,,,,,,,,15.8,46.6,UNSAMPLED,0
324,13.326792452830189,0,,,,,,,,,,,15.8,46.6,UNSAMPLED,0
325,13.367924528301886,0,,,,,,,,,,,15.8,46.6,UNSAMPLED,0
326,13.409056603773584,0,,,,,,,,,,,15.8,46.6,UNSAMPLED,0
327,13.450188679245283,0,,,,,,,,,,,15.8,46.6,UNSAMPLED,0
328,13.49132075471698,1,15.4,45.7,154,457,15.4,45.7,154,457,green_difference/PSM7,green_difference/PSM7,15.4,45.7,ACCEPT_PRIMARY,0
329,13.532452830188678,0,,,,,,,,,,,15.4,45.7,UNSAMPLED,0
330,13.573584905660377,0,,,,,,,,,,,15.4,45.7,UNSAMPLED,0
331,13.614716981132075,0,,,,,,,,,,,15.4,45.7,UNSAMPLED,0
332,13.655849056603772,0,,,,,,,,,,,15.4,45.7,UNSAMPLED,0
333,13.696981132075472,0,,,,,,,,,,,15.4,45.7,UNSAMPLED,0
334,13.738113207547169,0,,,,,,,,,,,15.4,45.7,UNSAMPLED,0
335,13.779245283018867,0,,,,,,,,,,,15.4,45.7,UNSAMPLED,0
336,13.820377358490566,1,15.4,46.4,15.4,46.4,15.4,46.4,15.4,46.4,green_difference/PSM7,green_difference/PSM7,15.4,46.4,ACCEPT_PRIMARY,0
337,13.861509433962263,0,,,,,,,,,,,15.4,46.4,UNSAMPLED,0
338,13.90264150943396,0,,,,,,,,,,,15.4,46.4,UNSAMPLED,0
339,13.94377358490566,0,,,,,,,,,,,15.4,46.4,UNSAMPLED,0
340,13.984905660377358,0,,,,,,,,,,,15.4,46.4,UNSAMPLED,0
341,14.026037735849055,0,,,,,,,,,,,15.4,46.4,UNSAMPLED,0
342,14.067169811320754,0,,,,,,,,,,,15.4,46.4,UNSAMPLED,0
343,14.108301886792452,0,,,,,,,,,,,15.4,46.4,UNSAMPLED,0
344,14.14943396226415,1,19.4,45.7,19.4,45.7,15.4,45.7,15.4,45.7,green_channel_otsu/PSM7,green_difference/PSM7,15.4,45.7,ACCEPT_RETRY,1
345,14.190566037735849,0,,,,,,,,,,,15.4,45.7,UNSAMPLED,0
346,14.231698113207546,0,,,,,,,,,,,15.4,45.7,UNSAMPLED,0
347,14.272830188679244,0,,,,,,,,,,,15.4,45.7,UNSAMPLED,0
348,14.313962264150943,0,,,,,,,,,,,15.4,45.7,UNSAMPLED,0
349,14.35509433962264,0,,,,,,,,,,,15.4,45.7,UNSAMPLED,0
350,14.39622641509434,0,,,,,,,,,,,15.4,45.7,UNSAMPLED,0
351,14.437358490566037,0,,,,,,,,,,,15.4,45.7,UNSAMPLED,0
352,14.478490566037735,1,15.4,45.8,15.40,45.8,15.4,45.8,15.40,45.8,green_difference/PSM7,green_difference/PSM7,15.4,45.8,ACCEPT_PRIMARY,0
353,14.519622641509434,0,,,,,,,,,,,15.4,45.8,UNSAMPLED,0
354,14.560754716981132,0,,,,,,,,,,,15.4,45.8,UNSAMPLED,0
355,14.601886792452829,0,,,,,,,,,,,15.4,45.8,UNSAMPLED,0
356,14.643018867924528,0,,,,,,,,,,,15.4,45.8,UNSAMPLED,0
357,14.684150943396226,0,,,,,,,,,,,15.4,45.8,UNSAMPLED,0
358,14.725283018867923,0,,,,,,,,,,,15.4,45.8,UNSAMPLED,0
359,14.766415094339623,0,,,,,,,,,,,15.4,45.8,UNSAMPLED,0
360,14.80754716981132,1,15.9,45.6,15.90,45.6,15.9,45.6,15.90,45.6,green_difference/PSM7,green_difference/PSM7,15.9,45.6,ACCEPT_PRIMARY,0
361,14.848679245283018,0,,,,,,,,,,,15.9,45.6,UNSAMPLED,0
362,14.889811320754717,0,,,,,,,,,,,15.9,45.6,UNSAMPLED,0
363,14.930943396226414,0,,,,,,,,,,,15.9,45.6,UNSAMPLED,0
364,14.972075471698112,0,,,,,,,,,,,15.9,45.6,UNSAMPLED,0
365,15.013207547169811,0,,,,,,,,,,,15.9,45.6,UNSAMPLED,0
366,15.054339622641509,0,,,,,,,,,,,15.9,45.6,UNSAMPLED,0
367,15.095471698113206,0,,,,,,,,,,,15.9,45.6,UNSAMPLED,0
368,15.136603773584905,1,19.9,45.5,19.9,455,15.3,45.5,15.3,45.5,hsv_green/PSM7,green_channel_otsu/PSM7,15.3,45.5,ACCEPT_RETRY,1
369,15.177735849056603,0,,,,,,,,,,,15.3,45.5,UNSAMPLED,0
370,15.2188679245283,0,,,,,,,,,,,15.3,45.5,UNSAMPLED,0
371,15.26,0,,,,,,,,,,,15.3,45.5,UNSAMPLED,0
372,15.301132075471697,0,,,,,,,,,,,15.3,45.5,UNSAMPLED,0
373,15.342264150943395,0,,,,,,,,,,,15.3,45.5,UNSAMPLED,0
374,15.383396226415094,0,,,,,,,,,,,15.3,45.5,UNSAMPLED,0
375,15.424528301886792,0,,,,,,,,,,,15.3,45.5,UNSAMPLED,0
376,15.465660377358489,1,15.3,46.1,15.3,46.1,15.3,46.1,15.3,46.1,green_difference/PSM7,green_difference/PSM7,15.3,46.1,ACCEPT_PRIMARY,0
377,15.506792452830188,0,,,,,,,,,,,15.3,46.1,UNSAMPLED,0
378,15.547924528301886,0,,,,,,,,,,,15.3,46.1,UNSAMPLED,0
379,15.589056603773583,0,,,,,,,,,,,15.3,46.1,UNSAMPLED,0
380,15.630188679245283,0,,,,,,,,,,,15.3,46.1,UNSAMPLED,0
381,15.67132075471698,0,,,,,,,,,,,15.3,46.1,UNSAMPLED,0
382,15.712452830188678,0,,,,,,,,,,,15.3,46.1,UNSAMPLED,0
383,15.753584905660377,0,,,,,,,,,,,15.3,46.1,UNSAMPLED,0
384,15.794716981132074,1,19.2,454.7,19.20,4547,15.2,45.4,15.2,45.40,green_channel_otsu/PSM7,gray_otsu/PSM7,15.2,45.4,ACCEPT_RETRY,1
385,15.835849056603772,0,,,,,,,,,,,15.2,45.4,UNSAMPLED,0
386,15.876981132075471,0,,,,,,,,,,,15.2,45.4,UNSAMPLED,0
387,15.918113207547169,0,,,,,,,,,,,15.2,45.4,UNSAMPLED,0
388,15.959245283018866,0,,,,,,,,,,,15.2,45.4,UNSAMPLED,0
389,16.000377358490564,0,,,,,,,,,,,15.2,45.4,UNSAMPLED,0
390,16.041509433962265,0,,,,,,,,,,,15.2,45.4,UNSAMPLED,0
391,16.082641509433962,0,,,,,,,,,,,15.2,45.4,UNSAMPLED,0
392,16.12377358490566,1,,46.2,2,46.2,15.2,46.2,15.2,46.20,green_channel_otsu/PSM7,gray_otsu/PSM7,15.2,46.2,ACCEPT_RETRY,1
393,16.164905660377357,0,,,,,,,,,,,15.2,46.2,UNSAMPLED,0
394,16.206037735849055,0,,,,,,,,,,,15.2,46.2,UNSAMPLED,0
395,16.247169811320752,0,,,,,,,,,,,15.2,46.2,UNSAMPLED,0
396,16.288301886792453,0,,,,,,,,,,,15.2,46.2,UNSAMPLED,0
397,16.32943396226415,0,,,,,,,,,,,15.2,46.2,UNSAMPLED,0
398,16.37056603773585,0,,,,,,,,,,,15.2,46.2,UNSAMPLED,0
399,16.411698113207546,0,,,,,,,,,,,15.2,46.2,UNSAMPLED,0
400,16.452830188679243,1,19.2,46.1,192,46.10,15.2,46.1,15.2,46.10,green_channel_otsu/PSM7,green_difference/PSM7,15.2,46.1,ACCEPT_RETRY,1
401,16.49396226415094,0,,,,,,,,,,,15.2,46.1,UNSAMPLED,0
402,16.535094339622642,0,,,,,,,,,,,15.2,46.1,UNSAMPLED,0
403,16.57622641509434,0,,,,,,,,,,,15.2,46.1,UNSAMPLED,0
404,16.617358490566037,0,,,,,,,,,,,15.2,46.1,UNSAMPLED,0
405,16.658490566037734,0,,,,,,,,,,,15.2,46.1,UNSAMPLED,0
406,16.699622641509432,0,,,,,,,,,,,15.2,46.1,UNSAMPLED,0
407,16.74075471698113,0,,,,,,,,,,,15.2,46.1,UNSAMPLED,0
408,16.78188679245283,1,19.2,46.1,19.20,46.1,15.2,46.1,15.2,46.10,green_channel_otsu/PSM7,green_channel_otsu/PSM7,15.2,46.1,ACCEPT_RETRY,1
409,16.823018867924528,0,,,,,,,,,,,15.2,46.1,UNSAMPLED,0
410,16.864150943396226,0,,,,,,,,,,,15.2,46.1,UNSAMPLED,0
411,16.905283018867923,0,,,,,,,,,,,15.2,46.1,UNSAMPLED,0
412,16.94641509433962,0,,,,,,,,,,,15.2,46.1,UNSAMPLED,0
413,16.98754716981132,0,,,,,,,,,,,15.2,46.1,UNSAMPLED,0
414,17.02867924528302,0,,,,,,,,,,,15.2,46.1,UNSAMPLED,0
415,17.069811320754717,0,,,,,,,,,,,15.2,46.1,UNSAMPLED,0
416,17.110943396226414,1,15.27,45.9,15.270,459,15.27,45.9,15.270,459,green_difference/PSM7,green_difference/PSM7,15.27,45.9,ACCEPT_PRIMARY,0
417,17.15207547169811,0,,,,,,,,,,,15.27,45.9,UNSAMPLED,0
418,17.19320754716981,0,,,,,,,,,,,15.27,45.9,UNSAMPLED,0
419,17.23433962264151,0,,,,,,,,,,,15.27,45.9,UNSAMPLED,0
420,17.275471698113208,0,,,,,,,,,,,15.27,45.9,UNSAMPLED,0
421,17.316603773584905,0,,,,,,,,,,,15.27,45.9,UNSAMPLED,0
422,17.357735849056603,0,,,,,,,,,,,15.27,45.9,UNSAMPLED,0
423,17.3988679245283,0,,,,,,,,,,,15.27,45.9,UNSAMPLED,0
424,17.439999999999998,1,16.1,45.9,161,459,16.1,45.9,161,459,green_difference/PSM7,green_difference/PSM7,16.1,45.9,ACCEPT_PRIMARY,0
425,17.4811320754717,0,,,,,,,,,,,16.1,45.9,UNSAMPLED,0
426,17.522264150943396,0,,,,,,,,,,,16.1,45.9,UNSAMPLED,0
427,17.563396226415094,0,,,,,,,,,,,16.1,45.9,UNSAMPLED,0
428,17.60452830188679,0,,,,,,,,,,,16.1,45.9,UNSAMPLED,0
429,17.64566037735849,0,,,,,,,,,,,16.1,45.9,UNSAMPLED,0
430,17.686792452830186,0,,,,,,,,,,,16.1,45.9,UNSAMPLED,0
431,17.727924528301887,0,,,,,,,,,,,16.1,45.9,UNSAMPLED,0
432,17.769056603773585,1,151.7,461.7,1517,4617,15.1,46.1,15.1,46.10,green_channel_otsu/PSM7,gray_otsu/PSM7,15.1,46.1,ACCEPT_RETRY,1
433,17.810188679245282,0,,,,,,,,,,,15.1,46.1,UNSAMPLED,0
434,17.85132075471698,0,,,,,,,,,,,15.1,46.1,UNSAMPLED,0
435,17.892452830188677,0,,,,,,,,,,,15.1,46.1,UNSAMPLED,0
436,17.933584905660375,0,,,,,,,,,,,15.1,46.1,UNSAMPLED,0
437,17.974716981132076,0,,,,,,,,,,,15.1,46.1,UNSAMPLED,0
438,18.015849056603773,0,,,,,,,,,,,15.1,46.1,UNSAMPLED,0
439,18.05698113207547,0,,,,,,,,,,,15.1,46.1,UNSAMPLED,0
440,18.09811320754717,1,151.7,461.7,1517,4617,15.1,46.1,15.1,46.10,green_channel_otsu/PSM7,gray_otsu/PSM7,15.1,46.1,ACCEPT_RETRY,1
441,18.139245283018866,0,,,,,,,,,,,15.1,46.1,UNSAMPLED,0
442,18.180377358490563,0,,,,,,,,,,,15.1,46.1,UNSAMPLED,0
443,18.221509433962265,0,,,,,,,,,,,15.1,46.1,UNSAMPLED,0
444,18.262641509433962,0,,,,,,,,,,,15.1,46.1,UNSAMPLED,0
445,18.30377358490566,0,,,,,,,,,,,15.1,46.1,UNSAMPLED,0
446,18.344905660377357,0,,,,,,,,,,,15.1,46.1,UNSAMPLED,0
447,18.386037735849055,0,,,,,,,,,,,15.1,46.1,UNSAMPLED,0
448,18.427169811320752,1,15.2,461.7,15.2,4617,15.2,46.1,15.2,46.10,green_difference/PSM7,gray_otsu/PSM7,15.2,46.1,ACCEPT_RETRY,1
449,18.468301886792453,0,,,,,,,,,,,15.2,46.1,UNSAMPLED,0
450,18.50943396226415,0,,,,,,,,,,,15.2,46.1,UNSAMPLED,0
451,18.550566037735848,0,,,,,,,,,,,15.2,46.1,UNSAMPLED,0
452,18.591698113207546,0,,,,,,,,,,,15.2,46.1,UNSAMPLED,0
453,18.632830188679243,0,,,,,,,,,,,15.2,46.1,UNSAMPLED,0
454,18.673962264150944,0,,,,,,,,,,,15.2,46.1,UNSAMPLED,0
455,18.71509433962264,0,,,,,,,,,,,15.2,46.1,UNSAMPLED,0
456,18.75622641509434,1,14.2,46.1,14.2,46.1,14.2,46.1,14.2,46.1,green_difference/PSM7,green_difference/PSM7,14.2,46.1,ACCEPT_PRIMARY,0
457,18.797358490566037,0,,,,,,,,,,,14.2,46.1,UNSAMPLED,0
458,18.838490566037734,0,,,,,,,,,,,14.2,46.1,UNSAMPLED,0
459,18.87962264150943,0,,,,,,,,,,,14.2,46.1,UNSAMPLED,0
460,18.920754716981133,0,,,,,,,,,,,14.2,46.1,UNSAMPLED,0
461,18.96188679245283,0,,,,,,,,,,,14.2,46.1,UNSAMPLED,0
462,19.003018867924528,0,,,,,,,,,,,14.2,46.1,UNSAMPLED,0
463,19.044150943396225,0,,,,,,,,,,,14.2,46.1,UNSAMPLED,0
464,19.085283018867923,1,18.4,46.2,18.4,46.2,15.2,46.2,152,46.2,green_difference/PSM8,green_difference/PSM7,15.2,46.2,ACCEPT_RETRY,1
465,19.12641509433962,0,,,,,,,,,,,15.2,46.2,UNSAMPLED,0
466,19.16754716981132,0,,,,,,,,,,,15.2,46.2,UNSAMPLED,0
467,19.20867924528302,0,,,,,,,,,,,15.2,46.2,UNSAMPLED,0
468,19.249811320754716,0,,,,,,,,,,,15.2,46.2,UNSAMPLED,0
469,19.290943396226414,0,,,,,,,,,,,15.2,46.2,UNSAMPLED,0
470,19.33207547169811,0,,,,,,,,,,,15.2,46.2,UNSAMPLED,0
471,19.37320754716981,0,,,,,,,,,,,15.2,46.2,UNSAMPLED,0
472,19.41433962264151,1,16.4,46.2,16.4,46.2,16.4,46.2,16.4,46.2,green_difference/PSM7,green_difference/PSM7,16.4,46.2,ACCEPT_PRIMARY,0
473,19.455471698113207,0,,,,,,,,,,,16.4,46.2,UNSAMPLED,0
474,19.496603773584905,0,,,,,,,,,,,16.4,46.2,UNSAMPLED,0
475,19.537735849056602,0,,,,,,,,,,,16.4,46.2,UNSAMPLED,0
476,19.5788679245283,0,,,,,,,,,,,16.4,46.2,UNSAMPLED,0
477,19.619999999999997,0,,,,,,,,,,,16.4,46.2,UNSAMPLED,0
478,19.6611320754717,0,,,,,,,,,,,16.4,46.2,UNSAMPLED,0
479,19.702264150943396,0,,,,,,,,,,,16.4,46.2,UNSAMPLED,0
480,19.743396226415094,1,15.3,45.4,15.3,454,15.3,45.4,15.3,454,green_difference/PSM7,green_difference/PSM7,15.3,45.4,ACCEPT_PRIMARY,0
481,19.78452830188679,0,,,,,,,,,,,15.3,45.4,UNSAMPLED,0
482,19.82566037735849,0,,,,,,,,,,,15.3,45.4,UNSAMPLED,0
483,19.866792452830186,0,,,,,,,,,,,15.3,45.4,UNSAMPLED,0
484,19.907924528301887,0,,,,,,,,,,,15.3,45.4,UNSAMPLED,0
485,19.949056603773585,0,,,,,,,,,,,15.3,45.4,UNSAMPLED,0
486,19.990188679245282,0,,,,,,,,,,,15.3,45.4,UNSAMPLED,0
487,20.03132075471698,0,,,,,,,,,,,15.3,45.4,UNSAMPLED,0
488,20.072452830188677,1,15.3,45.4,15.3,454,15.3,45.4,15.3,454,green_difference/PSM7,green_difference/PSM7,15.3,45.4,ACCEPT_PRIMARY,0
489,20.113584905660375,0,,,,,,,,,,,15.3,45.4,UNSAMPLED,0
490,20.154716981132076,0,,,,,,,,,,,15.3,45.4,UNSAMPLED,0
491,20.195849056603773,0,,,,,,,,,,,15.3,45.4,UNSAMPLED,0
492,20.23698113207547,0,,,,,,,,,,,15.3,45.4,UNSAMPLED,0
493,20.278113207547168,0,,,,,,,,,,,15.3,45.4,UNSAMPLED,0
494,20.319245283018866,0,,,,,,,,,,,15.3,45.4,UNSAMPLED,0
495,20.360377358490567,0,,,,,,,,,,,15.3,45.4,UNSAMPLED,0
496,20.401509433962264,1,15.1,46.3,151,46.3,15.1,46.3,151,46.3,green_difference/PSM7,green_difference/PSM7,15.1,46.3,ACCEPT_PRIMARY,0
497,20.44264150943396,0,,,,,,,,,,,15.1,46.3,UNSAMPLED,0
498,20.48377358490566,0,,,,,,,,,,,15.1,46.3,UNSAMPLED,0
499,20.524905660377357,0,,,,,,,,,,,15.1,46.3,UNSAMPLED,0
500,20.566037735849054,0,,,,,,,,,,,15.1,46.3,UNSAMPLED,0
501,20.607169811320755,0,,,,,,,,,,,15.1,46.3,UNSAMPLED,0
502,20.648301886792453,0,,,,,,,,,,,15.1,46.3,UNSAMPLED,0
503,20.68943396226415,0,,,,,,,,,,,15.1,46.3,UNSAMPLED,0
504,20.730566037735848,1,15.1,46.3,15.1,46.3,15.1,46.3,15.1,46.3,green_difference/PSM7,green_difference/PSM7,15.1,46.3,ACCEPT_PRIMARY,0
505,20.771698113207545,0,,,,,,,,,,,15.1,46.3,UNSAMPLED,0
506,20.812830188679243,0,,,,,,,,,,,15.1,46.3,UNSAMPLED,0
507,20.853962264150944,0,,,,,,,,,,,15.1,46.3,UNSAMPLED,0
508,20.89509433962264,0,,,,,,,,,,,15.1,46.3,UNSAMPLED,0
509,20.93622641509434,0,,,,,,,,,,,15.1,46.3,UNSAMPLED,0
510,20.977358490566036,0,,,,,,,,,,,15.1,46.3,UNSAMPLED,0
511,21.018490566037734,0,,,,,,,,,,,15.1,46.3,UNSAMPLED,0
512,21.05962264150943,1,15.1,45.6,15.1,45.6.0,15.1,45.6,15.1,45.6.0,green_difference/PSM7,green_difference/PSM7,15.1,45.6,ACCEPT_PRIMARY,0
513,21.100754716981132,0,,,,,,,,,,,15.1,45.6,UNSAMPLED,0
514,21.14188679245283,0,,,,,,,,,,,15.1,45.6,UNSAMPLED,0
515,21.183018867924527,0,,,,,,,,,,,15.1,45.6,UNSAMPLED,0
516,21.224150943396225,0,,,,,,,,,,,15.1,45.6,UNSAMPLED,0
517,21.265283018867922,0,,,,,,,,,,,15.1,45.6,UNSAMPLED,0
518,21.30641509433962,0,,,,,,,,,,,15.1,45.6,UNSAMPLED,0
519,21.34754716981132,0,,,,,,,,,,,15.1,45.6,UNSAMPLED,0
520,21.38867924528302,1,16.1,45.6,16.1,45.6,16.1,45.6,16.1,45.6,green_difference/PSM7,green_difference/PSM7,16.1,45.6,ACCEPT_PRIMARY,0
521,21.429811320754716,0,,,,,,,,,,,16.1,45.6,UNSAMPLED,0
522,21.470943396226414,0,,,,,,,,,,,16.1,45.6,UNSAMPLED,0
523,21.51207547169811,0,,,,,,,,,,,16.1,45.6,UNSAMPLED,0
524,21.55320754716981,0,,,,,,,,,,,16.1,45.6,UNSAMPLED,0
525,21.59433962264151,0,,,,,,,,,,,16.1,45.6,UNSAMPLED,0
526,21.635471698113207,0,,,,,,,,,,,16.1,45.6,UNSAMPLED,0
527,21.676603773584905,0,,,,,,,,,,,16.1,45.6,UNSAMPLED,0
528,21.717735849056602,1,15.1,46.0,15.1,46.0,15.1,46.0,15.1,46.0,green_difference/PSM7,green_difference/PSM7,15.1,46.0,ACCEPT_PRIMARY,0
529,21.7588679245283,0,,,,,,,,,,,15.1,46.0,UNSAMPLED,0
530,21.799999999999997,0,,,,,,,,,,,15.1,46.0,UNSAMPLED,0
531,21.841132075471698,0,,,,,,,,,,,15.1,46.0,UNSAMPLED,0
532,21.882264150943396,0,,,,,,,,,,,15.1,46.0,UNSAMPLED,0
533,21.923396226415093,0,,,,,,,,,,,15.1,46.0,UNSAMPLED,0
534,21.96452830188679,0,,,,,,,,,,,15.1,46.0,UNSAMPLED,0
535,22.00566037735849,0,,,,,,,,,,,15.1,46.0,UNSAMPLED,0
536,22.04679245283019,1,15.1,46.0,15.1,46.0,15.1,46.0,15.1,46.0,green_difference/PSM7,green_difference/PSM7,15.1,46.0,ACCEPT_PRIMARY,0
537,22.087924528301887,0,,,,,,,,,,,15.1,46.0,UNSAMPLED,0
538,22.129056603773584,0,,,,,,,,,,,15.1,46.0,UNSAMPLED,0
539,22.170188679245282,0,,,,,,,,,,,15.1,46.0,UNSAMPLED,0
540,22.21132075471698,0,,,,,,,,,,,15.1,46.0,UNSAMPLED,0
541,22.252452830188677,0,,,,,,,,,,,15.1,46.0,UNSAMPLED,0
542,22.293584905660378,0,,,,,,,,,,,15.1,46.0,UNSAMPLED,0
543,22.334716981132075,0,,,,,,,,,,,15.1,46.0,UNSAMPLED,0
544,22.375849056603773,1,15.2,46.0,15.2,46.0,15.2,46.0,15.2,46.0,green_difference/PSM7,green_difference/PSM7,15.2,46.0,ACCEPT_PRIMARY,0
545,22.41698113207547,0,,,,,,,,,,,15.2,46.0,UNSAMPLED,0
546,22.458113207547168,0,,,,,,,,,,,15.2,46.0,UNSAMPLED,0
547,22.499245283018865,0,,,,,,,,,,,15.2,46.0,UNSAMPLED,0
548,22.540377358490566,0,,,,,,,,,,,15.2,46.0,UNSAMPLED,0
549,22.581509433962264,0,,,,,,,,,,,15.2,46.0,UNSAMPLED,0
550,22.62264150943396,0,,,,,,,,,,,15.2,46.0,UNSAMPLED,0
551,22.66377358490566,0,,,,,,,,,,,15.2,46.0,UNSAMPLED,0
552,22.704905660377356,1,15.2,46.0,15.2,46.0,15.2,46.0,15.2,46.0,green_difference/PSM7,green_difference/PSM7,15.2,46.0,ACCEPT_PRIMARY,0
553,22.746037735849054,0,,,,,,,,,,,15.2,46.0,UNSAMPLED,0
554,22.787169811320755,0,,,,,,,,,,,15.2,46.0,UNSAMPLED,0
555,22.828301886792453,0,,,,,,,,,,,15.2,46.0,UNSAMPLED,0
556,22.86943396226415,0,,,,,,,,,,,15.2,46.0,UNSAMPLED,0
557,22.910566037735848,0,,,,,,,,,,,15.2,46.0,UNSAMPLED,0
558,22.951698113207545,0,,,,,,,,,,,15.2,46.0,UNSAMPLED,0
559,22.992830188679243,0,,,,,,,,,,,15.2,46.0,UNSAMPLED,0
560,23.033962264150944,1,15.8,46.5,15.8,465,15.8,46.5,15.8,465,green_difference/PSM7,green_difference/PSM7,15.8,46.5,ACCEPT_PRIMARY,0
561,23.07509433962264,0,,,,,,,,,,,15.8,46.5,UNSAMPLED,0
562,23.11622641509434,0,,,,,,,,,,,15.8,46.5,UNSAMPLED,0
563,23.157358490566036,0,,,,,,,,,,,15.8,46.5,UNSAMPLED,0
564,23.198490566037734,0,,,,,,,,,,,15.8,46.5,UNSAMPLED,0
565,23.23962264150943,0,,,,,,,,,,,15.8,46.5,UNSAMPLED,0
566,23.280754716981132,0,,,,,,,,,,,15.8,46.5,UNSAMPLED,0
567,23.32188679245283,0,,,,,,,,,,,15.8,46.5,UNSAMPLED,0
568,23.363018867924527,1,15.8,46.5,15.8,465,15.8,46.5,15.8,465,green_difference/PSM7,green_difference/PSM7,15.8,46.5,ACCEPT_PRIMARY,0
569,23.404150943396225,0,,,,,,,,,,,15.8,46.5,UNSAMPLED,0
570,23.445283018867922,0,,,,,,,,,,,15.8,46.5,UNSAMPLED,0
571,23.48641509433962,0,,,,,,,,,,,15.8,46.5,UNSAMPLED,0
572,23.52754716981132,0,,,,,,,,,,,15.8,46.5,UNSAMPLED,0
573,23.56867924528302,0,,,,,,,,,,,15.8,46.5,UNSAMPLED,0
574,23.609811320754716,0,,,,,,,,,,,15.8,46.5,UNSAMPLED,0
575,23.650943396226413,0,,,,,,,,,,,15.8,46.5,UNSAMPLED,0
576,23.69207547169811,1,15.8,46.2,15.8,46.20,15.8,46.2,15.8,46.20,green_difference/PSM7,green_difference/PSM7,15.8,46.2,ACCEPT_PRIMARY,0
577,23.733207547169812,0,,,,,,,,,,,15.8,46.2,UNSAMPLED,0
578,23.77433962264151,0,,,,,,,,,,,15.8,46.2,UNSAMPLED,0
579,23.815471698113207,0,,,,,,,,,,,15.8,46.2,UNSAMPLED,0
580,23.856603773584904,0,,,,,,,,,,,15.8,46.2,UNSAMPLED,0
581,23.897735849056602,0,,,,,,,,,,,15.8,46.2,UNSAMPLED,0
582,23.9388679245283,0,,,,,,,,,,,15.8,46.2,UNSAMPLED,0
583,23.98,0,,,,,,,,,,,15.8,46.2,UNSAMPLED,0
584,24.021132075471698,1,15.8,46.2,15.8,46.20,15.8,46.2,15.8,46.20,green_difference/PSM7,green_difference/PSM7,15.8,46.2,ACCEPT_PRIMARY,0
585,24.062264150943395,0,,,,,,,,,,,15.8,46.2,UNSAMPLED,0
586,24.103396226415093,0,,,,,,,,,,,15.8,46.2,UNSAMPLED,0
587,24.14452830188679,0,,,,,,,,,,,15.8,46.2,UNSAMPLED,0
588,24.185660377358488,0,,,,,,,,,,,15.8,46.2,UNSAMPLED,0
589,24.22679245283019,0,,,,,,,,,,,15.8,46.2,UNSAMPLED,0
590,24.267924528301887,0,,,,,,,,,,,15.8,46.2,UNSAMPLED,0
591,24.309056603773584,0,,,,,,,,,,,15.8,46.2,UNSAMPLED,0
592,24.35018867924528,1,15.8,46.1,158,461,15.8,46.1,158,461,green_difference/PSM7,green_difference/PSM7,15.8,46.1,ACCEPT_PRIMARY,0
593,24.39132075471698,0,,,,,,,,,,,15.8,46.1,UNSAMPLED,0
594,24.432452830188677,0,,,,,,,,,,,15.8,46.1,UNSAMPLED,0
595,24.473584905660378,0,,,,,,,,,,,15.8,46.1,UNSAMPLED,0
596,24.514716981132075,0,,,,,,,,,,,15.8,46.1,UNSAMPLED,0
597,24.555849056603773,0,,,,,,,,,,,15.8,46.1,UNSAMPLED,0
598,24.59698113207547,0,,,,,,,,,,,15.8,46.1,UNSAMPLED,0
599,24.638113207547168,0,,,,,,,,,,,15.8,46.1,UNSAMPLED,0
600,24.679245283018865,1,15.8,46.1,15.8,46.10,15.8,46.1,15.8,46.10,green_difference/PSM7,green_difference/PSM7,15.8,46.1,ACCEPT_PRIMARY,0
601,24.720377358490566,0,,,,,,,,,,,15.8,46.1,UNSAMPLED,0
602,24.761509433962264,0,,,,,,,,,,,15.8,46.1,UNSAMPLED,0
603,24.80264150943396,0,,,,,,,,,,,15.8,46.1,UNSAMPLED,0
604,24.84377358490566,0,,,,,,,,,,,15.8,46.1,UNSAMPLED,0
605,24.884905660377356,0,,,,,,,,,,,15.8,46.1,UNSAMPLED,0
606,24.926037735849054,0,,,,,,,,,,,15.8,46.1,UNSAMPLED,0
607,24.967169811320755,0,,,,,,,,,,,15.8,46.1,UNSAMPLED,0
608,25.008301886792452,1,15.8,45.5,15.8,45.5,15.8,45.5,15.8,45.5,green_difference/PSM7,green_difference/PSM7,15.8,45.5,ACCEPT_PRIMARY,0
609,25.04943396226415,0,,,,,,,,,,,15.8,45.5,UNSAMPLED,0
610,25.090566037735847,0,,,,,,,,,,,15.8,45.5,UNSAMPLED,0
611,25.131698113207545,0,,,,,,,,,,,15.8,45.5,UNSAMPLED,0
612,25.172830188679242,0,,,,,,,,,,,15.8,45.5,UNSAMPLED,0
613,25.213962264150943,0,,,,,,,,,,,15.8,45.5,UNSAMPLED,0
614,25.25509433962264,0,,,,,,,,,,,15.8,45.5,UNSAMPLED,0
615,25.29622641509434,0,,,,,,,,,,,15.8,45.5,UNSAMPLED,0
616,25.337358490566036,1,15.48,445.0,15.48,4450,15.8,44.5,15.8,445,green_channel_otsu/PSM7,green_difference/PSM8,15.8,44.5,ACCEPT_RETRY,1
617,25.378490566037733,0,,,,,,,,,,,15.8,44.5,UNSAMPLED,0
618,25.419622641509434,0,,,,,,,,,,,15.8,44.5,UNSAMPLED,0
619,25.460754716981132,0,,,,,,,,,,,15.8,44.5,UNSAMPLED,0
620,25.50188679245283,0,,,,,,,,,,,15.8,44.5,UNSAMPLED,0
621,25.543018867924527,0,,,,,,,,,,,15.8,44.5,UNSAMPLED,0
622,25.584150943396224,0,,,,,,,,,,,15.8,44.5,UNSAMPLED,0
623,25.625283018867922,0,,,,,,,,,,,15.8,44.5,UNSAMPLED,0
624,25.666415094339623,1,15.8,46.5,15.8,465,15.8,46.5,15.8,465,green_difference/PSM7,green_difference/PSM7,15.8,46.5,ACCEPT_PRIMARY,0
625,25.70754716981132,0,,,,,,,,,,,15.8,46.5,UNSAMPLED,0
626,25.748679245283018,0,,,,,,,,,,,15.8,46.5,UNSAMPLED,0
627,25.789811320754715,0,,,,,,,,,,,15.8,46.5,UNSAMPLED,0
628,25.830943396226413,0,,,,,,,,,,,15.8,46.5,UNSAMPLED,0
629,25.87207547169811,0,,,,,,,,,,,15.8,46.5,UNSAMPLED,0
630,25.91320754716981,0,,,,,,,,,,,15.8,46.5,UNSAMPLED,0
631,25.95433962264151,0,,,,,,,,,,,15.8,46.5,UNSAMPLED,0
632,25.995471698113207,1,16.8,46.7,16.8,467,16.8,46.7,16.8,467,green_difference/PSM7,green_difference/PSM7,16.8,46.7,ACCEPT_PRIMARY,0
633,26.036603773584904,0,,,,,,,,,,,16.8,46.7,UNSAMPLED,0
634,26.0777358490566,0,,,,,,,,,,,16.8,46.7,UNSAMPLED,0
635,26.1188679245283,0,,,,,,,,,,,16.8,46.7,UNSAMPLED,0
636,26.16,0,,,,,,,,,,,16.8,46.7,UNSAMPLED,0
637,26.201132075471698,0,,,,,,,,,,,16.8,46.7,UNSAMPLED,0
638,26.242264150943395,0,,,,,,,,,,,16.8,46.7,UNSAMPLED,0
639,26.283396226415093,0,,,,,,,,,,,16.8,46.7,UNSAMPLED,0
640,26.32452830188679,1,16.8,46.6,16.8,46.6,16.8,46.6,16.8,46.6,green_difference/PSM7,green_difference/PSM7,16.8,46.6,ACCEPT_PRIMARY,0
641,26.365660377358488,0,,,,,,,,,,,16.8,46.6,UNSAMPLED,0
642,26.40679245283019,0,,,,,,,,,,,16.8,46.6,UNSAMPLED,0
643,26.447924528301886,0,,,,,,,,,,,16.8,46.6,UNSAMPLED,0
644,26.489056603773584,0,,,,,,,,,,,16.8,46.6,UNSAMPLED,0
645,26.53018867924528,0,,,,,,,,,,,16.8,46.6,UNSAMPLED,0
646,26.57132075471698,0,,,,,,,,,,,16.8,46.6,UNSAMPLED,0
647,26.612452830188676,0,,,,,,,,,,,16.8,46.6,UNSAMPLED,0
648,26.653584905660377,1,15.8,46.7,15.8,46.7,15.8,46.7,15.8,46.7,green_difference/PSM7,green_difference/PSM7,15.8,46.7,ACCEPT_PRIMARY,0
649,26.694716981132075,0,,,,,,,,,,,15.8,46.7,UNSAMPLED,0
650,26.735849056603772,0,,,,,,,,,,,15.8,46.7,UNSAMPLED,0
651,26.77698113207547,0,,,,,,,,,,,15.8,46.7,UNSAMPLED,0
652,26.818113207547167,0,,,,,,,,,,,15.8,46.7,UNSAMPLED,0
653,26.859245283018865,0,,,,,,,,,,,15.8,46.7,UNSAMPLED,0
654,26.900377358490566,0,,,,,,,,,,,15.8,46.7,UNSAMPLED,0
655,26.941509433962263,0,,,,,,,,,,,15.8,46.7,UNSAMPLED,0
656,26.98264150943396,1,15.8,46.5,15.8,46.5,15.8,46.5,15.8,46.5,green_difference/PSM7,green_difference/PSM7,15.8,46.5,ACCEPT_PRIMARY,0
657,27.02377358490566,0,,,,,,,,,,,15.8,46.5,UNSAMPLED,0
658,27.064905660377356,0,,,,,,,,,,,15.8,46.5,UNSAMPLED,0
659,27.106037735849057,0,,,,,,,,,,,15.8,46.5,UNSAMPLED,0
660,27.147169811320754,0,,,,,,,,,,,15.8,46.5,UNSAMPLED,0
661,27.188301886792452,0,,,,,,,,,,,15.8,46.5,UNSAMPLED,0
662,27.22943396226415,0,,,,,,,,,,,15.8,46.5,UNSAMPLED,0
663,27.270566037735847,0,,,,,,,,,,,15.8,46.5,UNSAMPLED,0
664,27.311698113207544,1,15.8,46.5,15.8,46.5,15.8,46.5,15.8,46.5,green_difference/PSM7,green_difference/PSM7,15.8,46.5,ACCEPT_PRIMARY,0
665,27.352830188679246,0,,,,,,,,,,,15.8,46.5,UNSAMPLED,0
666,27.393962264150943,0,,,,,,,,,,,15.8,46.5,UNSAMPLED,0
667,27.43509433962264,0,,,,,,,,,,,15.8,46.5,UNSAMPLED,0
668,27.476226415094338,0,,,,,,,,,,,15.8,46.5,UNSAMPLED,0
669,27.517358490566036,0,,,,,,,,,,,15.8,46.5,UNSAMPLED,0
670,27.558490566037733,0,,,,,,,,,,,15.8,46.5,UNSAMPLED,0
671,27.599622641509434,0,,,,,,,,,,,15.8,46.5,UNSAMPLED,0
672,27.64075471698113,1,15.8,46.5,15.8,46.5,15.8,46.5,15.8,46.5,green_difference/PSM7,green_difference/PSM7,15.8,46.5,ACCEPT_PRIMARY,0
673,27.68188679245283,0,,,,,,,,,,,15.8,46.5,UNSAMPLED,0
674,27.723018867924527,0,,,,,,,,,,,15.8,46.5,UNSAMPLED,0
675,27.764150943396224,0,,,,,,,,,,,15.8,46.5,UNSAMPLED,0
676,27.80528301886792,0,,,,,,,,,,,15.8,46.5,UNSAMPLED,0
677,27.846415094339623,0,,,,,,,,,,,15.8,46.5,UNSAMPLED,0
678,27.88754716981132,0,,,,,,,,,,,15.8,46.5,UNSAMPLED,0
679,27.928679245283018,0,,,,,,,,,,,15.8,46.5,UNSAMPLED,0
680,27.969811320754715,1,,45.9,1,459,15.1,45.9,15.1,45.9,green_channel_otsu/PSM7,hsv_green/PSM7,15.1,45.9,ACCEPT_RETRY,1
681,28.010943396226413,0,,,,,,,,,,,15.1,45.9,UNSAMPLED,0
682,28.05207547169811,0,,,,,,,,,,,15.1,45.9,UNSAMPLED,0
683,28.09320754716981,0,,,,,,,,,,,15.1,45.9,UNSAMPLED,0
684,28.13433962264151,0,,,,,,,,,,,15.1,45.9,UNSAMPLED,0
685,28.175471698113206,0,,,,,,,,,,,15.1,45.9,UNSAMPLED,0
686,28.216603773584904,0,,,,,,,,,,,15.1,45.9,UNSAMPLED,0
687,28.2577358490566,0,,,,,,,,,,,15.1,45.9,UNSAMPLED,0
688,28.2988679245283,1,15.2,46.0,15.2,46.0,15.2,46.0,15.2,46.0,green_difference/PSM7,green_difference/PSM7,15.2,46.0,ACCEPT_PRIMARY,0
689,28.34,0,,,,,,,,,,,15.2,46.0,UNSAMPLED,0
690,28.381132075471697,0,,,,,,,,,,,15.2,46.0,UNSAMPLED,0
691,28.422264150943395,0,,,,,,,,,,,15.2,46.0,UNSAMPLED,0
692,28.463396226415092,0,,,,,,,,,,,15.2,46.0,UNSAMPLED,0
693,28.50452830188679,0,,,,,,,,,,,15.2,46.0,UNSAMPLED,0
694,28.545660377358487,0,,,,,,,,,,,15.2,46.0,UNSAMPLED,0
695,28.58679245283019,0,,,,,,,,,,,15.2,46.0,UNSAMPLED,0
696,28.627924528301886,1,15.2,45.6,15.2,45.6,15.2,45.6,15.2,45.6,green_difference/PSM7,green_difference/PSM7,15.2,45.6,ACCEPT_PRIMARY,0
697,28.669056603773583,0,,,,,,,,,,,15.2,45.6,UNSAMPLED,0
698,28.71018867924528,0,,,,,,,,,,,15.2,45.6,UNSAMPLED,0
699,28.75132075471698,0,,,,,,,,,,,15.2,45.6,UNSAMPLED,0
700,28.79245283018868,0,,,,,,,,,,,15.2,45.6,UNSAMPLED,0
701,28.833584905660377,0,,,,,,,,,,,15.2,45.6,UNSAMPLED,0
702,28.874716981132075,0,,,,,,,,,,,15.2,45.6,UNSAMPLED,0
703,28.915849056603772,0,,,,,,,,,,,15.2,45.6,UNSAMPLED,0
704,28.95698113207547,1,161.7,45.7,1617,457,15.1,45.7,15.1,45.7,green_channel_otsu/PSM7,green_channel_otsu/PSM7,15.1,45.7,ACCEPT_RETRY,1
705,28.998113207547167,0,,,,,,,,,,,15.1,45.7,UNSAMPLED,0
706,29.039245283018868,0,,,,,,,,,,,15.1,45.7,UNSAMPLED,0
707,29.080377358490566,0,,,,,,,,,,,15.1,45.7,UNSAMPLED,0
708,29.121509433962263,0,,,,,,,,,,,15.1,45.7,UNSAMPLED,0
709,29.16264150943396,0,,,,,,,,,,,15.1,45.7,UNSAMPLED,0
710,29.203773584905658,0,,,,,,,,,,,15.1,45.7,UNSAMPLED,0
711,29.244905660377356,0,,,,,,,,,,,15.1,45.7,UNSAMPLED,0
712,29.286037735849057,1,15.3,44.9,15.3,44.90,15.3,44.9,15.3,44.90,green_difference/PSM7,green_difference/PSM7,15.3,44.9,ACCEPT_PRIMARY,0
713,29.327169811320754,0,,,,,,,,,,,15.3,44.9,UNSAMPLED,0
714,29.36830188679245,0,,,,,,,,,,,15.3,44.9,UNSAMPLED,0
715,29.40943396226415,0,,,,,,,,,,,15.3,44.9,UNSAMPLED,0
716,29.450566037735847,0,,,,,,,,,,,15.3,44.9,UNSAMPLED,0
717,29.491698113207544,0,,,,,,,,,,,15.3,44.9,UNSAMPLED,0
718,29.532830188679245,0,,,,,,,,,,,15.3,44.9,UNSAMPLED,0
719,29.573962264150943,0,,,,,,,,,,,15.3,44.9,UNSAMPLED,0
720,29.61509433962264,1,15.3,45.6,15.3,45.6,15.3,45.6,15.3,45.6,green_difference/PSM7,green_difference/PSM7,15.3,45.6,ACCEPT_PRIMARY,0
721,29.656226415094338,0,,,,,,,,,,,15.3,45.6,UNSAMPLED,0
722,29.697358490566035,0,,,,,,,,,,,15.3,45.6,UNSAMPLED,0
723,29.738490566037733,0,,,,,,,,,,,15.3,45.6,UNSAMPLED,0
724,29.779622641509434,0,,,,,,,,,,,15.3,45.6,UNSAMPLED,0
725,29.82075471698113,0,,,,,,,,,,,15.3,45.6,UNSAMPLED,0
726,29.86188679245283,0,,,,,,,,,,,15.3,45.6,UNSAMPLED,0
727,29.903018867924526,0,,,,,,,,,,,15.3,45.6,UNSAMPLED,0
728,29.944150943396224,1,15.3,45.1,15.3,451,15.3,45.1,15.3,451,green_difference/PSM7,green_difference/PSM7,15.3,45.1,ACCEPT_PRIMARY,0
729,29.98528301886792,0,,,,,,,,,,,15.3,45.1,UNSAMPLED,0
730,30.026415094339622,0,,,,,,,,,,,15.3,45.1,UNSAMPLED,0
731,30.06754716981132,0,,,,,,,,,,,15.3,45.1,UNSAMPLED,0
732,30.108679245283017,0,,,,,,,,,,,15.3,45.1,UNSAMPLED,0
733,30.149811320754715,0,,,,,,,,,,,15.3,45.1,UNSAMPLED,0
734,30.190943396226412,0,,,,,,,,,,,15.3,45.1,UNSAMPLED,0
735,30.23207547169811,0,,,,,,,,,,,15.3,45.1,UNSAMPLED,0
736,30.27320754716981,1,15.3,4539.0,15.3,45390,15.3,45.9,15.3,45.9,green_difference/PSM7,hsv_green/PSM7,15.3,45.9,ACCEPT_RETRY,1
737,30.31433962264151,0,,,,,,,,,,,15.3,45.9,UNSAMPLED,0
738,30.355471698113206,0,,,,,,,,,,,15.3,45.9,UNSAMPLED,0
739,30.396603773584904,0,,,,,,,,,,,15.3,45.9,UNSAMPLED,0
740,30.4377358490566,0,,,,,,,,,,,15.3,45.9,UNSAMPLED,0
741,30.478867924528302,0,,,,,,,,,,,15.3,45.9,UNSAMPLED,0
742,30.52,0,,,,,,,,,,,15.3,45.9,UNSAMPLED,0
743,30.561132075471697,0,,,,,,,,,,,15.3,45.9,UNSAMPLED,0
744,30.602264150943395,1,15.4,45.6,154,45.6,15.4,45.6,154,45.6,green_difference/PSM7,green_difference/PSM7,15.4,45.6,ACCEPT_PRIMARY,0
745,30.643396226415092,0,,,,,,,,,,,15.4,45.6,UNSAMPLED,0
746,30.68452830188679,0,,,,,,,,,,,15.4,45.6,UNSAMPLED,0
747,30.72566037735849,0,,,,,,,,,,,15.4,45.6,UNSAMPLED,0
748,30.766792452830188,0,,,,,,,,,,,15.4,45.6,UNSAMPLED,0
749,30.807924528301886,0,,,,,,,,,,,15.4,45.6,UNSAMPLED,0
750,30.849056603773583,0,,,,,,,,,,,15.4,45.6,UNSAMPLED,0
751,30.89018867924528,0,,,,,,,,,,,15.4,45.6,UNSAMPLED,0
752,30.931320754716978,1,15.1,45.6,15.1,456,15.1,45.6,15.1,456,green_difference/PSM7,green_difference/PSM7,15.1,45.6,ACCEPT_PRIMARY,0
753,30.97245283018868,0,,,,,,,,,,,15.1,45.6,UNSAMPLED,0
754,31.013584905660377,0,,,,,,,,,,,15.1,45.6,UNSAMPLED,0
755,31.054716981132074,0,,,,,,,,,,,15.1,45.6,UNSAMPLED,0
756,31.09584905660377,0,,,,,,,,,,,15.1,45.6,UNSAMPLED,0
757,31.13698113207547,0,,,,,,,,,,,15.1,45.6,UNSAMPLED,0
758,31.178113207547167,0,,,,,,,,,,,15.1,45.6,UNSAMPLED,0
759,31.219245283018868,0,,,,,,,,,,,15.1,45.6,UNSAMPLED,0
760,31.260377358490565,1,151.7,46.6,1517,46.6,15.1,45.514,15.1,45.514,gray_otsu/PSM7,gray_adaptive/PSM7,15.1,45.514,ACCEPT_RETRY,1
761,31.301509433962263,0,,,,,,,,,,,15.1,45.514,UNSAMPLED,0
762,31.34264150943396,0,,,,,,,,,,,15.1,45.514,UNSAMPLED,0
763,31.383773584905658,0,,,,,,,,,,,15.1,45.514,UNSAMPLED,0
764,31.424905660377355,0,,,,,,,,,,,15.1,45.514,UNSAMPLED,0
765,31.466037735849056,0,,,,,,,,,,,15.1,45.514,UNSAMPLED,0
766,31.507169811320754,0,,,,,,,,,,,15.1,45.514,UNSAMPLED,0
767,31.54830188679245,0,,,,,,,,,,,15.1,45.514,UNSAMPLED,0
768,31.58943396226415,1,16.4,46.3,16.4,46.3,16.4,46.3,16.4,46.3,green_difference/PSM7,green_difference/PSM7,16.4,46.3,ACCEPT_PRIMARY,0
769,31.630566037735846,0,,,,,,,,,,,16.4,46.3,UNSAMPLED,0
770,31.671698113207544,0,,,,,,,,,,,16.4,46.3,UNSAMPLED,0
771,31.712830188679245,0,,,,,,,,,,,16.4,46.3,UNSAMPLED,0
772,31.753962264150942,0,,,,,,,,,,,16.4,46.3,UNSAMPLED,0
773,31.79509433962264,0,,,,,,,,,,,16.4,46.3,UNSAMPLED,0
774,31.836226415094337,0,,,,,,,,,,,16.4,46.3,UNSAMPLED,0
775,31.877358490566035,0,,,,,,,,,,,16.4,46.3,UNSAMPLED,0
776,31.918490566037732,1,15.4,46.3,15.4,46.3,15.4,46.3,15.4,46.3,green_difference/PSM7,green_difference/PSM7,15.4,46.3,ACCEPT_PRIMARY,0
777,31.959622641509434,0,,,,,,,,,,,15.4,46.3,UNSAMPLED,0
778,32.00075471698113,0,,,,,,,,,,,15.4,46.3,UNSAMPLED,0
779,32.04188679245283,0,,,,,,,,,,,15.4,46.3,UNSAMPLED,0
780,32.08301886792453,0,,,,,,,,,,,15.4,46.3,UNSAMPLED,0
781,32.124150943396224,0,,,,,,,,,,,15.4,46.3,UNSAMPLED,0
782,32.165283018867925,0,,,,,,,,,,,15.4,46.3,UNSAMPLED,0
783,32.20641509433962,0,,,,,,,,,,,15.4,46.3,UNSAMPLED,0
784,32.24754716981132,1,15.0,46.3,15.0,46.3,15.0,46.3,15.0,46.3,green_difference/PSM7,green_difference/PSM7,15.0,46.3,ACCEPT_PRIMARY,0
785,32.28867924528302,0,,,,,,,,,,,15.0,46.3,UNSAMPLED,0
786,32.329811320754715,0,,,,,,,,,,,15.0,46.3,UNSAMPLED,0
787,32.370943396226416,0,,,,,,,,,,,15.0,46.3,UNSAMPLED,0
788,32.41207547169811,0,,,,,,,,,,,15.0,46.3,UNSAMPLED,0
789,32.45320754716981,0,,,,,,,,,,,15.0,46.3,UNSAMPLED,0
790,32.494339622641505,0,,,,,,,,,,,15.0,46.3,UNSAMPLED,0
791,32.535471698113206,0,,,,,,,,,,,15.0,46.3,UNSAMPLED,0
792,32.57660377358491,1,15.0,46.3,15.0,46.3,15.0,46.3,15.0,46.3,green_difference/PSM7,green_difference/PSM7,15.0,46.3,ACCEPT_PRIMARY,0
793,32.6177358490566,0,,,,,,,,,,,15.0,46.3,UNSAMPLED,0
794,32.6588679245283,0,,,,,,,,,,,15.0,46.3,UNSAMPLED,0
795,32.699999999999996,0,,,,,,,,,,,15.0,46.3,UNSAMPLED,0
796,32.7411320754717,0,,,,,,,,,,,15.0,46.3,UNSAMPLED,0
797,32.7822641509434,0,,,,,,,,,,,15.0,46.3,UNSAMPLED,0
798,32.82339622641509,0,,,,,,,,,,,15.0,46.3,UNSAMPLED,0
799,32.86452830188679,0,,,,,,,,,,,15.0,46.3,UNSAMPLED,0
800,32.90566037735849,1,19.0,46.3,19.0,46.3,15.0,46.3,150.,46.30,green_difference/PSM8,hsv_green/PSM7,15.0,46.3,ACCEPT_RETRY,1
801,32.94679245283019,0,,,,,,,,,,,15.0,46.3,UNSAMPLED,0
802,32.98792452830188,0,,,,,,,,,,,15.0,46.3,UNSAMPLED,0
803,33.02905660377358,0,,,,,,,,,,,15.0,46.3,UNSAMPLED,0
804,33.070188679245284,0,,,,,,,,,,,15.0,46.3,UNSAMPLED,0
805,33.11132075471698,0,,,,,,,,,,,15.0,46.3,UNSAMPLED,0
806,33.15245283018868,0,,,,,,,,,,,15.0,46.3,UNSAMPLED,0
807,33.19358490566037,0,,,,,,,,,,,15.0,46.3,UNSAMPLED,0
808,33.234716981132074,1,19.0,46.3,19.0,46.3,15.0,46.3,150.,46.30,green_difference/PSM8,hsv_green/PSM7,15.0,46.3,ACCEPT_RETRY,1
809,33.275849056603775,0,,,,,,,,,,,15.0,46.3,UNSAMPLED,0
810,33.31698113207547,0,,,,,,,,,,,15.0,46.3,UNSAMPLED,0
811,33.35811320754717,0,,,,,,,,,,,15.0,46.3,UNSAMPLED,0
812,33.399245283018864,0,,,,,,,,,,,15.0,46.3,UNSAMPLED,0
813,33.440377358490565,0,,,,,,,,,,,15.0,46.3,UNSAMPLED,0
814,33.48150943396226,0,,,,,,,,,,,15.0,46.3,UNSAMPLED,0
815,33.52264150943396,0,,,,,,,,,,,15.0,46.3,UNSAMPLED,0
816,33.56377358490566,1,19.0,46.3,19.0,46.3,15.0,46.3,150.,46.30,green_difference/PSM8,hsv_green/PSM7,15.0,46.3,ACCEPT_RETRY,1
817,33.604905660377355,0,,,,,,,,,,,15.0,46.3,UNSAMPLED,0
818,33.646037735849056,0,,,,,,,,,,,15.0,46.3,UNSAMPLED,0
819,33.68716981132075,0,,,,,,,,,,,15.0,46.3,UNSAMPLED,0
820,33.72830188679245,0,,,,,,,,,,,15.0,46.3,UNSAMPLED,0
821,33.76943396226415,0,,,,,,,,,,,15.0,46.3,UNSAMPLED,0
822,33.810566037735846,0,,,,,,,,,,,15.0,46.3,UNSAMPLED,0
823,33.85169811320755,0,,,,,,,,,,,15.0,46.3,UNSAMPLED,0
824,33.89283018867924,1,157.1,465.3,1571,465.3,15.1,46.3,15.1,46.3,green_channel_otsu/PSM7,hsv_green/PSM7,15.1,46.3,ACCEPT_RETRY,1
825,33.93396226415094,0,,,,,,,,,,,15.1,46.3,UNSAMPLED,0
826,33.97509433962264,0,,,,,,,,,,,15.1,46.3,UNSAMPLED,0
827,34.01622641509434,0,,,,,,,,,,,15.1,46.3,UNSAMPLED,0
828,34.05735849056604,0,,,,,,,,,,,15.1,46.3,UNSAMPLED,0
829,34.09849056603773,0,,,,,,,,,,,15.1,46.3,UNSAMPLED,0
830,34.13962264150943,0,,,,,,,,,,,15.1,46.3,UNSAMPLED,0
831,34.18075471698113,0,,,,,,,,,,,15.1,46.3,UNSAMPLED,0
832,34.22188679245283,1,157.1,465.3,1571,465.3,15.1,46.3,15.1,46.3,green_channel_otsu/PSM7,hsv_green/PSM7,15.1,46.3,ACCEPT_RETRY,1
833,34.26301886792453,0,,,,,,,,,,,15.1,46.3,UNSAMPLED,0
834,34.30415094339622,0,,,,,,,,,,,15.1,46.3,UNSAMPLED,0
835,34.345283018867924,0,,,,,,,,,,,15.1,46.3,UNSAMPLED,0
836,34.38641509433962,0,,,,,,,,,,,15.1,46.3,UNSAMPLED,0
837,34.42754716981132,0,,,,,,,,,,,15.1,46.3,UNSAMPLED,0
838,34.46867924528302,0,,,,,,,,,,,15.1,46.3,UNSAMPLED,0
839,34.509811320754714,0,,,,,,,,,,,15.1,46.3,UNSAMPLED,0
840,34.550943396226415,1,15.0,45.5,15.0,455,15.0,45.5,15.0,455,green_difference/PSM7,green_difference/PSM7,15.0,45.5,ACCEPT_PRIMARY,0
841,34.59207547169811,0,,,,,,,,,,,15.0,45.5,UNSAMPLED,0
842,34.63320754716981,0,,,,,,,,,,,15.0,45.5,UNSAMPLED,0
843,34.674339622641504,0,,,,,,,,,,,15.0,45.5,UNSAMPLED,0
844,34.715471698113205,0,,,,,,,,,,,15.0,45.5,UNSAMPLED,0
845,34.75660377358491,0,,,,,,,,,,,15.0,45.5,UNSAMPLED,0
846,34.7977358490566,0,,,,,,,,,,,15.0,45.5,UNSAMPLED,0
847,34.8388679245283,0,,,,,,,,,,,15.0,45.5,UNSAMPLED,0
848,34.879999999999995,1,15.0,46.2,15.0,46.2,15.0,46.2,15.0,46.2,green_difference/PSM7,green_difference/PSM7,15.0,46.2,ACCEPT_PRIMARY,0
849,34.9211320754717,0,,,,,,,,,,,15.0,46.2,UNSAMPLED,0
850,34.9622641509434,0,,,,,,,,,,,15.0,46.2,UNSAMPLED,0
851,35.00339622641509,0,,,,,,,,,,,15.0,46.2,UNSAMPLED,0
852,35.04452830188679,0,,,,,,,,,,,15.0,46.2,UNSAMPLED,0
853,35.08566037735849,0,,,,,,,,,,,15.0,46.2,UNSAMPLED,0
854,35.12679245283019,0,,,,,,,,,,,15.0,46.2,UNSAMPLED,0
855,35.16792452830188,0,,,,,,,,,,,15.0,46.2,UNSAMPLED,0
856,35.20905660377358,1,15.8,45.2,15.8,45.2,15.8,45.2,15.8,45.2,green_difference/PSM7,green_difference/PSM7,15.8,45.2,ACCEPT_PRIMARY,0
857,35.250188679245284,0,,,,,,,,,,,15.8,45.2,UNSAMPLED,0
858,35.29132075471698,0,,,,,,,,,,,15.8,45.2,UNSAMPLED,0
859,35.33245283018868,0,,,,,,,,,,,15.8,45.2,UNSAMPLED,0
860,35.37358490566037,0,,,,,,,,,,,15.8,45.2,UNSAMPLED,0
861,35.414716981132074,0,,,,,,,,,,,15.8,45.2,UNSAMPLED,0
862,35.455849056603775,0,,,,,,,,,,,15.8,45.2,UNSAMPLED,0
863,35.49698113207547,0,,,,,,,,,,,15.8,45.2,UNSAMPLED,0
864,35.53811320754717,1,15.0,46.2,15.0,46.2,15.0,46.2,15.0,46.2,green_difference/PSM7,green_difference/PSM7,15.0,46.2,ACCEPT_PRIMARY,0
865,35.579245283018864,0,,,,,,,,,,,15.0,46.2,UNSAMPLED,0
866,35.620377358490565,0,,,,,,,,,,,15.0,46.2,UNSAMPLED,0
867,35.661509433962266,0,,,,,,,,,,,15.0,46.2,UNSAMPLED,0
868,35.70264150943396,0,,,,,,,,,,,15.0,46.2,UNSAMPLED,0
869,35.74377358490566,0,,,,,,,,,,,15.0,46.2,UNSAMPLED,0
870,35.784905660377355,0,,,,,,,,,,,15.0,46.2,UNSAMPLED,0
871,35.826037735849056,0,,,,,,,,,,,15.0,46.2,UNSAMPLED,0
872,35.86716981132075,1,15.0,45.5,15.0,45.5,15.0,45.5,15.0,45.5,green_difference/PSM7,green_difference/PSM7,15.0,45.5,ACCEPT_PRIMARY,0
873,35.90830188679245,0,,,,,,,,,,,15.0,45.5,UNSAMPLED,0
874,35.94943396226415,0,,,,,,,,,,,15.0,45.5,UNSAMPLED,0
875,35.990566037735846,0,,,,,,,,,,,15.0,45.5,UNSAMPLED,0
876,36.03169811320755,0,,,,,,,,,,,15.0,45.5,UNSAMPLED,0
877,36.07283018867924,0,,,,,,,,,,,15.0,45.5,UNSAMPLED,0
878,36.11396226415094,0,,,,,,,,,,,15.0,45.5,UNSAMPLED,0
879,36.15509433962264,0,,,,,,,,,,,15.0,45.5,UNSAMPLED,0
880,36.19622641509434,1,15.0,46.1,15.0,461,15.0,46.1,15.0,461,green_difference/PSM7,green_difference/PSM7,15.0,46.1,ACCEPT_PRIMARY,0
881,36.23735849056604,0,,,,,,,,,,,15.0,46.1,UNSAMPLED,0
882,36.27849056603773,0,,,,,,,,,,,15.0,46.1,UNSAMPLED,0
883,36.31962264150943,0,,,,,,,,,,,15.0,46.1,UNSAMPLED,0
884,36.36075471698113,0,,,,,,,,,,,15.0,46.1,UNSAMPLED,0
885,36.40188679245283,0,,,,,,,,,,,15.0,46.1,UNSAMPLED,0
886,36.44301886792453,0,,,,,,,,,,,15.0,46.1,UNSAMPLED,0
887,36.48415094339622,0,,,,,,,,,,,15.0,46.1,UNSAMPLED,0
888,36.525283018867924,1,15.0,46.3,15.0,46.30,15.0,46.3,15.0,46.30,green_difference/PSM7,green_difference/PSM7,15.0,46.3,ACCEPT_PRIMARY,0
889,36.56641509433962,0,,,,,,,,,,,15.0,46.3,UNSAMPLED,0
890,36.60754716981132,0,,,,,,,,,,,15.0,46.3,UNSAMPLED,0
891,36.64867924528302,0,,,,,,,,,,,15.0,46.3,UNSAMPLED,0
892,36.689811320754714,0,,,,,,,,,,,15.0,46.3,UNSAMPLED,0
893,36.730943396226415,0,,,,,,,,,,,15.0,46.3,UNSAMPLED,0
894,36.77207547169811,0,,,,,,,,,,,15.0,46.3,UNSAMPLED,0
895,36.81320754716981,0,,,,,,,,,,,15.0,46.3,UNSAMPLED,0
896,36.854339622641504,1,15.1,466.5,151,4665,15.1,46.5,15.10,46.5,green_channel_otsu/PSM7,hsv_green/PSM7,15.1,46.5,ACCEPT_RETRY,1
897,36.895471698113205,0,,,,,,,,,,,15.1,46.5,UNSAMPLED,0
898,36.936603773584906,0,,,,,,,,,,,15.1,46.5,UNSAMPLED,0
899,36.9777358490566,0,,,,,,,,,,,15.1,46.5,UNSAMPLED,0
900,37.0188679245283,0,,,,,,,,,,,15.1,46.5,UNSAMPLED,0
901,37.059999999999995,0,,,,,,,,,,,15.1,46.5,UNSAMPLED,0
902,37.101132075471696,0,,,,,,,,,,,15.1,46.5,UNSAMPLED,0
903,37.1422641509434,0,,,,,,,,,,,15.1,46.5,UNSAMPLED,0
904,37.18339622641509,1,15.1,461.0,15.10,4610,15.1,46.1,15.10,46.10,green_difference/PSM7,green_channel_otsu/PSM7,15.1,46.1,ACCEPT_RETRY,1
905,37.22452830188679,0,,,,,,,,,,,15.1,46.1,UNSAMPLED,0
906,37.265660377358486,0,,,,,,,,,,,15.1,46.1,UNSAMPLED,0
907,37.30679245283019,0,,,,,,,,,,,15.1,46.1,UNSAMPLED,0
908,37.34792452830189,0,,,,,,,,,,,15.1,46.1,UNSAMPLED,0
909,37.38905660377358,0,,,,,,,,,,,15.1,46.1,UNSAMPLED,0
910,37.43018867924528,0,,,,,,,,,,,15.1,46.1,UNSAMPLED,0
911,37.47132075471698,0,,,,,,,,,,,15.1,46.1,UNSAMPLED,0
912,37.51245283018868,1,16.0,46.0,16.0,46.0,16.0,46.0,16.0,46.0,green_difference/PSM7,green_difference/PSM7,16.0,46.0,ACCEPT_PRIMARY,0
913,37.55358490566037,0,,,,,,,,,,,16.0,46.0,UNSAMPLED,0
914,37.59471698113207,0,,,,,,,,,,,16.0,46.0,UNSAMPLED,0
915,37.635849056603774,0,,,,,,,,,,,16.0,46.0,UNSAMPLED,0
916,37.67698113207547,0,,,,,,,,,,,16.0,46.0,UNSAMPLED,0
917,37.71811320754717,0,,,,,,,,,,,16.0,46.0,UNSAMPLED,0
918,37.75924528301886,0,,,,,,,,,,,16.0,46.0,UNSAMPLED,0
919,37.800377358490564,0,,,,,,,,,,,16.0,46.0,UNSAMPLED,0
920,37.841509433962266,1,14.8,45.8,148,45.8,14.8,45.8,148,45.8,green_difference/PSM7,green_difference/PSM7,14.8,45.8,ACCEPT_PRIMARY,0
921,37.88264150943396,0,,,,,,,,,,,14.8,45.8,UNSAMPLED,0
922,37.92377358490566,0,,,,,,,,,,,14.8,45.8,UNSAMPLED,0
923,37.964905660377354,0,,,,,,,,,,,14.8,45.8,UNSAMPLED,0
924,38.006037735849056,0,,,,,,,,,,,14.8,45.8,UNSAMPLED,0
925,38.04716981132075,0,,,,,,,,,,,14.8,45.8,UNSAMPLED,0
926,38.08830188679245,0,,,,,,,,,,,14.8,45.8,UNSAMPLED,0
927,38.12943396226415,0,,,,,,,,,,,14.8,45.8,UNSAMPLED,0
928,38.170566037735846,1,14.8,45.8,14.8,45.8,14.8,45.8,14.8,45.8,green_difference/PSM7,green_difference/PSM7,14.8,45.8,ACCEPT_PRIMARY,0
929,38.21169811320755,0,,,,,,,,,,,14.8,45.8,UNSAMPLED,0
930,38.25283018867924,0,,,,,,,,,,,14.8,45.8,UNSAMPLED,0
931,38.29396226415094,0,,,,,,,,,,,14.8,45.8,UNSAMPLED,0
932,38.33509433962264,0,,,,,,,,,,,14.8,45.8,UNSAMPLED,0
933,38.37622641509434,0,,,,,,,,,,,14.8,45.8,UNSAMPLED,0
934,38.41735849056604,0,,,,,,,,,,,14.8,45.8,UNSAMPLED,0
935,38.45849056603773,0,,,,,,,,,,,14.8,45.8,UNSAMPLED,0
936,38.49962264150943,1,,45.9,47,45.90,14.7,45.9,14.7,45.90,green_channel_otsu/PSM7,green_difference/PSM7,14.7,45.9,ACCEPT_RETRY,1
937,38.54075471698113,0,,,,,,,,,,,14.7,45.9,UNSAMPLED,0
938,38.58188679245283,0,,,,,,,,,,,14.7,45.9,UNSAMPLED,0
939,38.62301886792453,0,,,,,,,,,,,14.7,45.9,UNSAMPLED,0
940,38.66415094339622,0,,,,,,,,,,,14.7,45.9,UNSAMPLED,0
941,38.705283018867924,0,,,,,,,,,,,14.7,45.9,UNSAMPLED,0
942,38.74641509433962,0,,,,,,,,,,,14.7,45.9,UNSAMPLED,0
943,38.78754716981132,0,,,,,,,,,,,14.7,45.9,UNSAMPLED,0
944,38.82867924528302,1,14.4,45.6,14.4,45.6,14.4,45.6,14.4,45.6,green_difference/PSM7,green_difference/PSM7,14.4,45.6,ACCEPT_PRIMARY,0
945,38.869811320754714,0,,,,,,,,,,,14.4,45.6,UNSAMPLED,0
946,38.910943396226415,0,,,,,,,,,,,14.4,45.6,UNSAMPLED,0
947,38.95207547169811,0,,,,,,,,,,,14.4,45.6,UNSAMPLED,0
948,38.99320754716981,0,,,,,,,,,,,14.4,45.6,UNSAMPLED,0
949,39.03433962264151,0,,,,,,,,,,,14.4,45.6,UNSAMPLED,0
950,39.075471698113205,0,,,,,,,,,,,14.4,45.6,UNSAMPLED,0
951,39.116603773584906,0,,,,,,,,,,,14.4,45.6,UNSAMPLED,0
952,39.1577358490566,1,,45.3,.,45.3,14.6,45.3,14.6,45.3,green_channel_otsu/PSM7,green_difference/PSM7,14.6,45.3,ACCEPT_RETRY,1
953,39.1988679245283,0,,,,,,,,,,,14.6,45.3,UNSAMPLED,0
954,39.239999999999995,0,,,,,,,,,,,14.6,45.3,UNSAMPLED,0
955,39.281132075471696,0,,,,,,,,,,,14.6,45.3,UNSAMPLED,0
956,39.3222641509434,0,,,,,,,,,,,14.6,45.3,UNSAMPLED,0
957,39.36339622641509,0,,,,,,,,,,,14.6,45.3,UNSAMPLED,0
958,39.40452830188679,0,,,,,,,,,,,14.6,45.3,UNSAMPLED,0
959,39.445660377358486,0,,,,,,,,,,,14.6,45.3,UNSAMPLED,0
960,39.48679245283019,1,14.6,45.7,14.6,457,14.6,45.7,14.6,457,green_difference/PSM7,green_difference/PSM7,14.6,45.7,ACCEPT_PRIMARY,0
961,39.52792452830189,0,,,,,,,,,,,14.6,45.7,UNSAMPLED,0
962,39.56905660377358,0,,,,,,,,,,,14.6,45.7,UNSAMPLED,0
963,39.61018867924528,0,,,,,,,,,,,14.6,45.7,UNSAMPLED,0
964,39.65132075471698,0,,,,,,,,,,,14.6,45.7,UNSAMPLED,0
965,39.69245283018868,0,,,,,,,,,,,14.6,45.7,UNSAMPLED,0
966,39.73358490566037,0,,,,,,,,,,,14.6,45.7,UNSAMPLED,0
967,39.77471698113207,0,,,,,,,,,,,14.6,45.7,UNSAMPLED,0
968,39.815849056603774,1,14.6,45.6,14.6,45.6,14.6,45.6,14.6,45.6,green_difference/PSM7,green_difference/PSM7,14.6,45.6,ACCEPT_PRIMARY,0
969,39.85698113207547,0,,,,,,,,,,,14.6,45.6,UNSAMPLED,0
970,39.89811320754717,0,,,,,,,,,,,14.6,45.6,UNSAMPLED,0
971,39.93924528301886,0,,,,,,,,,,,14.6,45.6,UNSAMPLED,0
972,39.980377358490564,0,,,,,,,,,,,14.6,45.6,UNSAMPLED,0
973,40.021509433962265,0,,,,,,,,,,,14.6,45.6,UNSAMPLED,0
974,40.06264150943396,0,,,,,,,,,,,14.6,45.6,UNSAMPLED,0
975,40.10377358490566,0,,,,,,,,,,,14.6,45.6,UNSAMPLED,0
976,40.144905660377354,1,14.6,45.6,14.6,45.6,14.6,45.6,14.6,45.6,green_difference/PSM7,green_difference/PSM7,14.6,45.6,ACCEPT_PRIMARY,0
977,40.186037735849055,0,,,,,,,,,,,14.6,45.6,UNSAMPLED,0
978,40.22716981132075,0,,,,,,,,,,,14.6,45.6,UNSAMPLED,0
979,40.26830188679245,0,,,,,,,,,,,14.6,45.6,UNSAMPLED,0
980,40.30943396226415,0,,,,,,,,,,,14.6,45.6,UNSAMPLED,0
981,40.350566037735845,0,,,,,,,,,,,14.6,45.6,UNSAMPLED,0
982,40.391698113207546,0,,,,,,,,,,,14.6,45.6,UNSAMPLED,0
983,40.43283018867924,0,,,,,,,,,,,14.6,45.6,UNSAMPLED,0
984,40.47396226415094,1,14.7,44.3,147,44.30,14.7,44.3,147,44.30,green_difference/PSM7,green_difference/PSM7,14.7,44.3,ACCEPT_PRIMARY,0
985,40.51509433962264,0,,,,,,,,,,,14.7,44.3,UNSAMPLED,0
986,40.556226415094336,0,,,,,,,,,,,14.7,44.3,UNSAMPLED,0
987,40.59735849056604,0,,,,,,,,,,,14.7,44.3,UNSAMPLED,0
988,40.63849056603773,0,,,,,,,,,,,14.7,44.3,UNSAMPLED,0
989,40.67962264150943,0,,,,,,,,,,,14.7,44.3,UNSAMPLED,0
990,40.72075471698113,0,,,,,,,,,,,14.7,44.3,UNSAMPLED,0
991,40.76188679245283,0,,,,,,,,,,,14.7,44.3,UNSAMPLED,0
992,40.80301886792453,1,14.7,45.1,14.7,45.1,14.7,45.1,14.7,45.1,green_difference/PSM7,green_difference/PSM7,14.7,45.1,ACCEPT_PRIMARY,0
993,40.84415094339622,0,,,,,,,,,,,14.7,45.1,UNSAMPLED,0
994,40.88528301886792,0,,,,,,,,,,,14.7,45.1,UNSAMPLED,0
995,40.92641509433962,0,,,,,,,,,,,14.7,45.1,UNSAMPLED,0
996,40.96754716981132,0,,,,,,,,,,,14.7,45.1,UNSAMPLED,0
997,41.00867924528302,0,,,,,,,,,,,14.7,45.1,UNSAMPLED,0
998,41.04981132075471,0,,,,,,,,,,,14.7,45.1,UNSAMPLED,0
999,41.090943396226415,0,,,,,,,,,,,14.7,45.1,UNSAMPLED,0
1000,41.13207547169811,1,14.8,45.7,14.8,45.7,14.8,45.7,14.8,45.7,green_difference/PSM7,green_difference/PSM7,14.8,45.7,ACCEPT_PRIMARY,0
1001,41.17320754716981,0,,,,,,,,,,,14.8,45.7,UNSAMPLED,0
1002,41.21433962264151,0,,,,,,,,,,,14.8,45.7,UNSAMPLED,0
1003,41.255471698113205,0,,,,,,,,,,,14.8,45.7,UNSAMPLED,0
1004,41.296603773584906,0,,,,,,,,,,,14.8,45.7,UNSAMPLED,0
1005,41.3377358490566,0,,,,,,,,,,,14.8,45.7,UNSAMPLED,0
1006,41.3788679245283,0,,,,,,,,,,,14.8,45.7,UNSAMPLED,0
1007,41.419999999999995,0,,,,,,,,,,,14.8,45.7,UNSAMPLED,0
1008,41.461132075471696,1,14.9,45.7,14.90,45.7,14.9,45.7,14.90,45.7,green_difference/PSM7,green_difference/PSM7,14.9,45.7,ACCEPT_PRIMARY,0
1009,41.5022641509434,0,,,,,,,,,,,14.9,45.7,UNSAMPLED,0
1010,41.54339622641509,0,,,,,,,,,,,14.9,45.7,UNSAMPLED,0
1011,41.58452830188679,0,,,,,,,,,,,14.9,45.7,UNSAMPLED,0
1012,41.625660377358486,0,,,,,,,,,,,14.9,45.7,UNSAMPLED,0
1013,41.66679245283019,0,,,,,,,,,,,14.9,45.7,UNSAMPLED,0
1014,41.70792452830189,0,,,,,,,,,,,14.9,45.7,UNSAMPLED,0
1015,41.74905660377358,0,,,,,,,,,,,14.9,45.7,UNSAMPLED,0
1016,41.79018867924528,1,14.9,45.6,14.90,45.6,14.9,45.6,14.90,45.6,green_difference/PSM7,green_difference/PSM7,14.9,45.6,ACCEPT_PRIMARY,0
1017,41.83132075471698,0,,,,,,,,,,,14.9,45.6,UNSAMPLED,0
1018,41.87245283018868,0,,,,,,,,,,,14.9,45.6,UNSAMPLED,0
1019,41.91358490566037,0,,,,,,,,,,,14.9,45.6,UNSAMPLED,0
1020,41.95471698113207,0,,,,,,,,,,,14.9,45.6,UNSAMPLED,0
1021,41.995849056603774,0,,,,,,,,,,,14.9,45.6,UNSAMPLED,0
1022,42.03698113207547,0,,,,,,,,,,,14.9,45.6,UNSAMPLED,0
1023,42.07811320754717,0,,,,,,,,,,,14.9,45.6,UNSAMPLED,0
1024,42.11924528301886,1,14.9,45.5,14.90,45.5,14.9,45.5,14.90,45.5,green_difference/PSM7,green_difference/PSM7,14.9,45.5,ACCEPT_PRIMARY,0
1025,42.160377358490564,0,,,,,,,,,,,14.9,45.5,UNSAMPLED,0
1026,42.201509433962265,0,,,,,,,,,,,14.9,45.5,UNSAMPLED,0
1027,42.24264150943396,0,,,,,,,,,,,14.9,45.5,UNSAMPLED,0
1028,42.28377358490566,0,,,,,,,,,,,14.9,45.5,UNSAMPLED,0
1029,42.324905660377354,0,,,,,,,,,,,14.9,45.5,UNSAMPLED,0
1030,42.366037735849055,0,,,,,,,,,,,14.9,45.5,UNSAMPLED,0
1031,42.407169811320756,0,,,,,,,,,,,14.9,45.5,UNSAMPLED,0
1032,42.44830188679245,1,15.0,457.7,15.0,4577,15.0,45.7,15.0,45.7,green_difference/PSM7,green_channel_otsu/PSM7,15.0,45.7,ACCEPT_RETRY,1
1033,42.48943396226415,0,,,,,,,,,,,15.0,45.7,UNSAMPLED,0
1034,42.530566037735845,0,,,,,,,,,,,15.0,45.7,UNSAMPLED,0
1035,42.571698113207546,0,,,,,,,,,,,15.0,45.7,UNSAMPLED,0
1036,42.61283018867924,0,,,,,,,,,,,15.0,45.7,UNSAMPLED,0
1037,42.65396226415094,0,,,,,,,,,,,15.0,45.7,UNSAMPLED,0
1038,42.69509433962264,0,,,,,,,,,,,15.0,45.7,UNSAMPLED,0
1039,42.736226415094336,0,,,,,,,,,,,15.0,45.7,UNSAMPLED,0
1040,42.77735849056604,1,15.0,45.7,15.0,457,15.0,45.7,15.0,457,green_difference/PSM7,green_difference/PSM7,15.0,45.7,ACCEPT_PRIMARY,0
1041,42.81849056603773,0,,,,,,,,,,,15.0,45.7,UNSAMPLED,0
1042,42.85962264150943,0,,,,,,,,,,,15.0,45.7,UNSAMPLED,0
1043,42.90075471698113,0,,,,,,,,,,,15.0,45.7,UNSAMPLED,0
1044,42.94188679245283,0,,,,,,,,,,,15.0,45.7,UNSAMPLED,0
1045,42.98301886792453,0,,,,,,,,,,,15.0,45.7,UNSAMPLED,0
1046,43.02415094339622,0,,,,,,,,,,,15.0,45.7,UNSAMPLED,0
1047,43.06528301886792,0,,,,,,,,,,,15.0,45.7,UNSAMPLED,0
1048,43.10641509433962,1,16.8,45.6,168,45.6,16.8,45.6,168,45.6,green_difference/PSM7,green_difference/PSM7,16.8,45.6,ACCEPT_PRIMARY,0
1049,43.14754716981132,0,,,,,,,,,,,16.8,45.6,UNSAMPLED,0
1050,43.18867924528302,0,,,,,,,,,,,16.8,45.6,UNSAMPLED,0
1051,43.22981132075471,0,,,,,,,,,,,16.8,45.6,UNSAMPLED,0
1052,43.270943396226414,0,,,,,,,,,,,16.8,45.6,UNSAMPLED,0
1053,43.31207547169811,0,,,,,,,,,,,16.8,45.6,UNSAMPLED,0
1054,43.35320754716981,0,,,,,,,,,,,16.8,45.6,UNSAMPLED,0
1055,43.39433962264151,0,,,,,,,,,,,16.8,45.6,UNSAMPLED,0
1056,43.435471698113204,1,,45.6,19,45.6,15.0,45.6,150.,45.6,green_difference/PSM8,green_difference/PSM7,15.0,45.6,ACCEPT_RETRY,1
1057,43.476603773584905,0,,,,,,,,,,,15.0,45.6,UNSAMPLED,0
1058,43.5177358490566,0,,,,,,,,,,,15.0,45.6,UNSAMPLED,0
1059,43.5588679245283,0,,,,,,,,,,,15.0,45.6,UNSAMPLED,0
1060,43.599999999999994,0,,,,,,,,,,,15.0,45.6,UNSAMPLED,0
1061,43.641132075471695,0,,,,,,,,,,,15.0,45.6,UNSAMPLED,0
1062,43.682264150943396,0,,,,,,,,,,,15.0,45.6,UNSAMPLED,0
1063,43.72339622641509,0,,,,,,,,,,,15.0,45.6,UNSAMPLED,0
1064,43.76452830188679,1,,45.4,19,45.40,15.0,45.4,150.,45.40,green_difference/PSM8,green_difference/PSM7,15.0,45.4,ACCEPT_RETRY,1
1065,43.805660377358485,0,,,,,,,,,,,15.0,45.4,UNSAMPLED,0
1066,43.84679245283019,0,,,,,,,,,,,15.0,45.4,UNSAMPLED,0
1067,43.88792452830189,0,,,,,,,,,,,15.0,45.4,UNSAMPLED,0
1068,43.92905660377358,0,,,,,,,,,,,15.0,45.4,UNSAMPLED,0
1069,43.97018867924528,0,,,,,,,,,,,15.0,45.4,UNSAMPLED,0
1070,44.01132075471698,0,,,,,,,,,,,15.0,45.4,UNSAMPLED,0
1071,44.05245283018868,0,,,,,,,,,,,15.0,45.4,UNSAMPLED,0
1072,44.09358490566038,1,,45.8,19,45.8,15.0,45.8,150.,45.8,green_difference/PSM8,green_difference/PSM7,15.0,45.8,ACCEPT_RETRY,1
1073,44.13471698113207,0,,,,,,,,,,,15.0,45.8,UNSAMPLED,0
1074,44.175849056603774,0,,,,,,,,,,,15.0,45.8,UNSAMPLED,0
1075,44.21698113207547,0,,,,,,,,,,,15.0,45.8,UNSAMPLED,0
1076,44.25811320754717,0,,,,,,,,,,,15.0,45.8,UNSAMPLED,0
1077,44.29924528301886,0,,,,,,,,,,,15.0,45.8,UNSAMPLED,0
1078,44.340377358490564,0,,,,,,,,,,,15.0,45.8,UNSAMPLED,0
1079,44.381509433962265,0,,,,,,,,,,,15.0,45.8,UNSAMPLED,0
1080,44.42264150943396,1,,46.2,19,462,15.0,46.2,150.,46.20,green_difference/PSM8,gray_otsu/PSM7,15.0,46.2,ACCEPT_RETRY,1
1081,44.46377358490566,0,,,,,,,,,,,15.0,46.2,UNSAMPLED,0
1082,44.504905660377354,0,,,,,,,,,,,15.0,46.2,UNSAMPLED,0
1083,44.546037735849055,0,,,,,,,,,,,15.0,46.2,UNSAMPLED,0
1084,44.587169811320756,0,,,,,,,,,,,15.0,46.2,UNSAMPLED,0
1085,44.62830188679245,0,,,,,,,,,,,15.0,46.2,UNSAMPLED,0
1086,44.66943396226415,0,,,,,,,,,,,15.0,46.2,UNSAMPLED,0
1087,44.710566037735845,0,,,,,,,,,,,15.0,46.2,UNSAMPLED,0
1088,44.751698113207546,1,15.0,45.8,15.0,45.80,15.0,45.8,15.0,45.80,green_difference/PSM7,green_difference/PSM7,15.0,45.8,ACCEPT_PRIMARY,0
1089,44.79283018867924,0,,,,,,,,,,,15.0,45.8,UNSAMPLED,0
1090,44.83396226415094,0,,,,,,,,,,,15.0,45.8,UNSAMPLED,0
1091,44.87509433962264,0,,,,,,,,,,,15.0,45.8,UNSAMPLED,0
1092,44.916226415094336,0,,,,,,,,,,,15.0,45.8,UNSAMPLED,0
1093,44.95735849056604,0,,,,,,,,,,,15.0,45.8,UNSAMPLED,0
1094,44.99849056603773,0,,,,,,,,,,,15.0,45.8,UNSAMPLED,0
1095,45.03962264150943,0,,,,,,,,,,,15.0,45.8,UNSAMPLED,0
1096,45.08075471698113,1,16.6,45.8,16.6,45.80,16.6,45.8,16.6,45.80,green_difference/PSM7,green_difference/PSM7,16.6,45.8,ACCEPT_PRIMARY,0
1097,45.12188679245283,0,,,,,,,,,,,16.6,45.8,UNSAMPLED,0
1098,45.16301886792453,0,,,,,,,,,,,16.6,45.8,UNSAMPLED,0
1099,45.20415094339622,0,,,,,,,,,,,16.6,45.8,UNSAMPLED,0
1100,45.24528301886792,0,,,,,,,,,,,16.6,45.8,UNSAMPLED,0
1101,45.28641509433962,0,,,,,,,,,,,16.6,45.8,UNSAMPLED,0
1102,45.32754716981132,0,,,,,,,,,,,16.6,45.8,UNSAMPLED,0
1103,45.36867924528302,0,,,,,,,,,,,16.6,45.8,UNSAMPLED,0
1104,45.40981132075471,1,15.6,45.9,15.6,45.90,15.6,45.9,15.6,45.90,green_difference/PSM7,green_difference/PSM7,15.6,45.9,ACCEPT_PRIMARY,0
1105,45.450943396226414,0,,,,,,,,,,,15.6,45.9,UNSAMPLED,0
1106,45.49207547169811,0,,,,,,,,,,,15.6,45.9,UNSAMPLED,0
1107,45.53320754716981,0,,,,,,,,,,,15.6,45.9,UNSAMPLED,0
1108,45.57433962264151,0,,,,,,,,,,,15.6,45.9,UNSAMPLED,0
1109,45.615471698113204,0,,,,,,,,,,,15.6,45.9,UNSAMPLED,0
1110,45.656603773584905,0,,,,,,,,,,,15.6,45.9,UNSAMPLED,0
1111,45.6977358490566,0,,,,,,,,,,,15.6,45.9,UNSAMPLED,0
1112,45.7388679245283,1,15.0,46.0,15.0,46.00,15.0,46.0,15.0,46.00,green_difference/PSM7,green_difference/PSM7,15.0,46.0,ACCEPT_PRIMARY,0
1113,45.78,0,,,,,,,,,,,15.0,46.0,UNSAMPLED,0
1114,45.821132075471695,0,,,,,,,,,,,15.0,46.0,UNSAMPLED,0
1115,45.862264150943396,0,,,,,,,,,,,15.0,46.0,UNSAMPLED,0
1116,45.90339622641509,0,,,,,,,,,,,15.0,46.0,UNSAMPLED,0
1117,45.94452830188679,0,,,,,,,,,,,15.0,46.0,UNSAMPLED,0
1118,45.985660377358485,0,,,,,,,,,,,15.0,46.0,UNSAMPLED,0
1119,46.026792452830186,0,,,,,,,,,,,15.0,46.0,UNSAMPLED,0
1120,46.06792452830189,1,19.6,461.0,19.6,4610,15.0,46.1,15.0,46.10,green_channel_otsu/PSM7,green_channel_otsu/PSM7,15.0,46.1,ACCEPT_RETRY,1
1121,46.10905660377358,0,,,,,,,,,,,15.0,46.1,UNSAMPLED,0
1122,46.15018867924528,0,,,,,,,,,,,15.0,46.1,UNSAMPLED,0
1123,46.191320754716976,0,,,,,,,,,,,15.0,46.1,UNSAMPLED,0
1124,46.23245283018868,0,,,,,,,,,,,15.0,46.1,UNSAMPLED,0
1125,46.27358490566038,0,,,,,,,,,,,15.0,46.1,UNSAMPLED,0
1126,46.31471698113207,0,,,,,,,,,,,15.0,46.1,UNSAMPLED,0
1127,46.35584905660377,0,,,,,,,,,,,15.0,46.1,UNSAMPLED,0
1128,46.39698113207547,1,14.9,45.9,149,45.90,14.9,45.9,149,45.90,green_difference/PSM7,green_difference/PSM7,14.9,45.9,ACCEPT_PRIMARY,0
1129,46.43811320754717,0,,,,,,,,,,,14.9,45.9,UNSAMPLED,0
1130,46.47924528301886,0,,,,,,,,,,,14.9,45.9,UNSAMPLED,0
1131,46.52037735849056,0,,,,,,,,,,,14.9,45.9,UNSAMPLED,0
1132,46.561509433962264,0,,,,,,,,,,,14.9,45.9,UNSAMPLED,0
1133,46.60264150943396,0,,,,,,,,,,,14.9,45.9,UNSAMPLED,0
1134,46.64377358490566,0,,,,,,,,,,,14.9,45.9,UNSAMPLED,0
1135,46.68490566037735,0,,,,,,,,,,,14.9,45.9,UNSAMPLED,0
1136,46.726037735849054,1,,4539.0,,45390,14.9,45.9,14.9,45.9,green_channel_otsu/PSM7,green_channel_otsu/PSM7,14.9,45.9,ACCEPT_RETRY,1
1137,46.767169811320755,0,,,,,,,,,,,14.9,45.9,UNSAMPLED,0
1138,46.80830188679245,0,,,,,,,,,,,14.9,45.9,UNSAMPLED,0
1139,46.84943396226415,0,,,,,,,,,,,14.9,45.9,UNSAMPLED,0
1140,46.890566037735844,0,,,,,,,,,,,14.9,45.9,UNSAMPLED,0
1141,46.931698113207545,0,,,,,,,,,,,14.9,45.9,UNSAMPLED,0
1142,46.97283018867924,0,,,,,,,,,,,14.9,45.9,UNSAMPLED,0
1143,47.01396226415094,0,,,,,,,,,,,14.9,45.9,UNSAMPLED,0
1144,47.05509433962264,1,,4539.0,,45390,14.9,45.9,14.9,45.9,green_channel_otsu/PSM7,green_channel_otsu/PSM7,14.9,45.9,ACCEPT_RETRY,1
1145,47.096226415094335,0,,,,,,,,,,,14.9,45.9,UNSAMPLED,0
1146,47.13735849056604,0,,,,,,,,,,,14.9,45.9,UNSAMPLED,0
1147,47.17849056603773,0,,,,,,,,,,,14.9,45.9,UNSAMPLED,0
1148,47.21962264150943,0,,,,,,,,,,,14.9,45.9,UNSAMPLED,0
1149,47.26075471698113,0,,,,,,,,,,,14.9,45.9,UNSAMPLED,0
1150,47.30188679245283,0,,,,,,,,,,,14.9,45.9,UNSAMPLED,0
1151,47.34301886792453,0,,,,,,,,,,,14.9,45.9,UNSAMPLED,0
1152,47.38415094339622,1,,46.0,,460,14.9,46.0,149,46.0,green_channel_otsu/PSM7,hsv_green/PSM7,14.9,46.0,ACCEPT_RETRY,1
1153,47.42528301886792,0,,,,,,,,,,,14.9,46.0,UNSAMPLED,0
1154,47.466415094339624,0,,,,,,,,,,,14.9,46.0,UNSAMPLED,0
1155,47.50754716981132,0,,,,,,,,,,,14.9,46.0,UNSAMPLED,0
1156,47.54867924528302,0,,,,,,,,,,,14.9,46.0,UNSAMPLED,0
1157,47.58981132075471,0,,,,,,,,,,,14.9,46.0,UNSAMPLED,0
1158,47.630943396226414,0,,,,,,,,,,,14.9,46.0,UNSAMPLED,0
1159,47.67207547169811,0,,,,,,,,,,,14.9,46.0,UNSAMPLED,0
1160,47.71320754716981,1,143.9,46.0,1439,460,14.9,46.0,14.9,46.0,green_channel_otsu/PSM7,hsv_green/PSM7,14.9,46.0,ACCEPT_RETRY,1
1161,47.75433962264151,0,,,,,,,,,,,14.9,46.0,UNSAMPLED,0
1162,47.795471698113204,0,,,,,,,,,,,14.9,46.0,UNSAMPLED,0
1163,47.836603773584905,0,,,,,,,,,,,14.9,46.0,UNSAMPLED,0
1164,47.8777358490566,0,,,,,,,,,,,14.9,46.0,UNSAMPLED,0
1165,47.9188679245283,0,,,,,,,,,,,14.9,46.0,UNSAMPLED,0
1166,47.96,0,,,,,,,,,,,14.9,46.0,UNSAMPLED,0
1167,48.001132075471695,0,,,,,,,,,,,14.9,46.0,UNSAMPLED,0
1168,48.042264150943396,1,14.9,45.9,14.9,459,14.9,45.9,14.9,459,green_difference/PSM7,green_difference/PSM7,14.9,45.9,ACCEPT_PRIMARY,0
1169,48.08339622641509,0,,,,,,,,,,,14.9,45.9,UNSAMPLED,0
1170,48.12452830188679,0,,,,,,,,,,,14.9,45.9,UNSAMPLED,0
1171,48.165660377358485,0,,,,,,,,,,,14.9,45.9,UNSAMPLED,0
1172,48.206792452830186,0,,,,,,,,,,,14.9,45.9,UNSAMPLED,0
1173,48.24792452830189,0,,,,,,,,,,,14.9,45.9,UNSAMPLED,0
1174,48.28905660377358,0,,,,,,,,,,,14.9,45.9,UNSAMPLED,0
1175,48.33018867924528,0,,,,,,,,,,,14.9,45.9,UNSAMPLED,0
1176,48.371320754716976,1,14.9,453.9,14.9,4539,14.9,45.9,14.9,45.9,green_difference/PSM7,hsv_green/PSM7,14.9,45.9,ACCEPT_RETRY,1
1177,48.41245283018868,0,,,,,,,,,,,14.9,45.9,UNSAMPLED,0
1178,48.45358490566038,0,,,,,,,,,,,14.9,45.9,UNSAMPLED,0
1179,48.49471698113207,0,,,,,,,,,,,14.9,45.9,UNSAMPLED,0
1180,48.53584905660377,0,,,,,,,,,,,14.9,45.9,UNSAMPLED,0
1181,48.57698113207547,0,,,,,,,,,,,14.9,45.9,UNSAMPLED,0
1182,48.61811320754717,0,,,,,,,,,,,14.9,45.9,UNSAMPLED,0
1183,48.65924528301886,0,,,,,,,,,,,14.9,45.9,UNSAMPLED,0
1184,48.70037735849056,1,14.9,46.1,149,46.1,14.9,46.1,149,46.1,green_difference/PSM7,green_difference/PSM7,14.9,46.1,ACCEPT_PRIMARY,0
1185,48.741509433962264,0,,,,,,,,,,,14.9,46.1,UNSAMPLED,0
1186,48.78264150943396,0,,,,,,,,,,,14.9,46.1,UNSAMPLED,0
1187,48.82377358490566,0,,,,,,,,,,,14.9,46.1,UNSAMPLED,0
1188,48.86490566037735,0,,,,,,,,,,,14.9,46.1,UNSAMPLED,0
1189,48.906037735849054,0,,,,,,,,,,,14.9,46.1,UNSAMPLED,0
1190,48.947169811320755,0,,,,,,,,,,,14.9,46.1,UNSAMPLED,0
1191,48.98830188679245,0,,,,,,,,,,,14.9,46.1,UNSAMPLED,0
1192,49.02943396226415,1,15.0,45.9,15.0,459,15.0,45.9,15.0,459,green_difference/PSM7,green_difference/PSM7,15.0,45.9,ACCEPT_PRIMARY,0
1193,49.070566037735844,0,,,,,,,,,,,15.0,45.9,UNSAMPLED,0
1194,49.111698113207545,0,,,,,,,,,,,15.0,45.9,UNSAMPLED,0
1195,49.152830188679246,0,,,,,,,,,,,15.0,45.9,UNSAMPLED,0
1196,49.19396226415094,0,,,,,,,,,,,15.0,45.9,UNSAMPLED,0
1197,49.23509433962264,0,,,,,,,,,,,15.0,45.9,UNSAMPLED,0
1198,49.276226415094335,0,,,,,,,,,,,15.0,45.9,UNSAMPLED,0
1199,49.317358490566036,0,,,,,,,,,,,15.0,45.9,UNSAMPLED,0
1200,49.35849056603773,1,,46.0,.,46.0,15.0,46.0,15.0,46.0,green_channel_otsu/PSM7,green_difference/PSM7,15.0,46.0,ACCEPT_RETRY,1
1201,49.39962264150943,0,,,,,,,,,,,15.0,46.0,UNSAMPLED,0
1202,49.44075471698113,0,,,,,,,,,,,15.0,46.0,UNSAMPLED,0
1203,49.481886792452826,0,,,,,,,,,,,15.0,46.0,UNSAMPLED,0
1204,49.52301886792453,0,,,,,,,,,,,15.0,46.0,UNSAMPLED,0
1205,49.56415094339622,0,,,,,,,,,,,15.0,46.0,UNSAMPLED,0
1206,49.60528301886792,0,,,,,,,,,,,15.0,46.0,UNSAMPLED,0
1207,49.64641509433962,0,,,,,,,,,,,15.0,46.0,UNSAMPLED,0
1208,49.68754716981132,1,16.1,45.9,16.1,45.9,16.1,45.9,16.1,45.9,green_difference/PSM7,green_difference/PSM7,16.1,45.9,ACCEPT_PRIMARY,0
1209,49.72867924528302,0,,,,,,,,,,,16.1,45.9,UNSAMPLED,0
1210,49.76981132075471,0,,,,,,,,,,,16.1,45.9,UNSAMPLED,0
1211,49.81094339622641,0,,,,,,,,,,,16.1,45.9,UNSAMPLED,0
1212,49.85207547169811,0,,,,,,,,,,,16.1,45.9,UNSAMPLED,0
1213,49.89320754716981,0,,,,,,,,,,,16.1,45.9,UNSAMPLED,0
1214,49.93433962264151,0,,,,,,,,,,,16.1,45.9,UNSAMPLED,0
1215,49.9754716981132,0,,,,,,,,,,,16.1,45.9,UNSAMPLED,0
1216,50.016603773584905,1,15.0,45.9,15.0,45.9,15.0,45.9,15.0,45.9,green_difference/PSM7,green_difference/PSM7,15.0,45.9,ACCEPT_PRIMARY,0
1217,50.0577358490566,0,,,,,,,,,,,15.0,45.9,UNSAMPLED,0
1218,50.0988679245283,0,,,,,,,,,,,15.0,45.9,UNSAMPLED,0
1219,50.14,0,,,,,,,,,,,15.0,45.9,UNSAMPLED,0
1220,50.181132075471695,0,,,,,,,,,,,15.0,45.9,UNSAMPLED,0
1221,50.222264150943396,0,,,,,,,,,,,15.0,45.9,UNSAMPLED,0
1222,50.26339622641509,0,,,,,,,,,,,15.0,45.9,UNSAMPLED,0
1223,50.30452830188679,0,,,,,,,,,,,15.0,45.9,UNSAMPLED,0
1224,50.345660377358485,1,15.4,45.8,15.4,45.8,15.4,45.8,15.4,45.8,green_difference/PSM7,green_difference/PSM7,15.4,45.8,ACCEPT_PRIMARY,0
1225,50.386792452830186,0,,,,,,,,,,,15.4,45.8,UNSAMPLED,0
1226,50.42792452830189,0,,,,,,,,,,,15.4,45.8,UNSAMPLED,0
1227,50.46905660377358,0,,,,,,,,,,,15.4,45.8,UNSAMPLED,0
1228,50.51018867924528,0,,,,,,,,,,,15.4,45.8,UNSAMPLED,0
1229,50.551320754716976,0,,,,,,,,,,,15.4,45.8,UNSAMPLED,0
1230,50.59245283018868,0,,,,,,,,,,,15.4,45.8,UNSAMPLED,0
1231,50.63358490566038,0,,,,,,,,,,,15.4,45.8,UNSAMPLED,0
1232,50.67471698113207,1,15.0,45.2,15.0,452,15.0,45.2,15.0,452,green_difference/PSM7,green_difference/PSM7,15.0,45.2,ACCEPT_PRIMARY,0
1233,50.71584905660377,0,,,,,,,,,,,15.0,45.2,UNSAMPLED,0
1234,50.75698113207547,0,,,,,,,,,,,15.0,45.2,UNSAMPLED,0
1235,50.79811320754717,0,,,,,,,,,,,15.0,45.2,UNSAMPLED,0
1236,50.83924528301887,0,,,,,,,,,,,15.0,45.2,UNSAMPLED,0
1237,50.88037735849056,0,,,,,,,,,,,15.0,45.2,UNSAMPLED,0
1238,50.921509433962264,0,,,,,,,,,,,15.0,45.2,UNSAMPLED,0
1239,50.96264150943396,0,,,,,,,,,,,15.0,45.2,UNSAMPLED,0
1240,51.00377358490566,1,14.8,45.3,148,45.30,14.8,45.3,148,45.30,green_difference/PSM7,green_difference/PSM7,14.8,45.3,ACCEPT_PRIMARY,0
1241,51.04490566037735,0,,,,,,,,,,,14.8,45.3,UNSAMPLED,0
1242,51.086037735849054,0,,,,,,,,,,,14.8,45.3,UNSAMPLED,0
1243,51.127169811320755,0,,,,,,,,,,,14.8,45.3,UNSAMPLED,0
1244,51.16830188679245,0,,,,,,,,,,,14.8,45.3,UNSAMPLED,0
1245,51.20943396226415,0,,,,,,,,,,,14.8,45.3,UNSAMPLED,0
1246,51.250566037735844,0,,,,,,,,,,,14.8,45.3,UNSAMPLED,0
1247,51.291698113207545,0,,,,,,,,,,,14.8,45.3,UNSAMPLED,0
1248,51.332830188679246,1,18.0,45.1,18.0,451,15.0,45.1,150.,45.1,green_difference/PSM8,green_channel_otsu/PSM7,15.0,45.1,ACCEPT_RETRY,1
1249,51.37396226415094,0,,,,,,,,,,,15.0,45.1,UNSAMPLED,0
1250,51.41509433962264,0,,,,,,,,,,,15.0,45.1,UNSAMPLED,0
1251,51.456226415094335,0,,,,,,,,,,,15.0,45.1,UNSAMPLED,0
1252,51.497358490566036,0,,,,,,,,,,,15.0,45.1,UNSAMPLED,0
1253,51.53849056603773,0,,,,,,,,,,,15.0,45.1,UNSAMPLED,0
1254,51.57962264150943,0,,,,,,,,,,,15.0,45.1,UNSAMPLED,0
1255,51.62075471698113,0,,,,,,,,,,,15.0,45.1,UNSAMPLED,0
1256,51.661886792452826,1,,451.7,51,4517,15.1,45.1,15.1,45.10,green_channel_otsu/PSM7,green_channel_otsu/PSM7,15.1,45.1,ACCEPT_RETRY,1
1257,51.70301886792453,0,,,,,,,,,,,15.1,45.1,UNSAMPLED,0
1258,51.74415094339622,0,,,,,,,,,,,15.1,45.1,UNSAMPLED,0
1259,51.78528301886792,0,,,,,,,,,,,15.1,45.1,UNSAMPLED,0
1260,51.82641509433962,0,,,,,,,,,,,15.1,45.1,UNSAMPLED,0
1261,51.86754716981132,0,,,,,,,,,,,15.1,45.1,UNSAMPLED,0
1262,51.90867924528302,0,,,,,,,,,,,15.1,45.1,UNSAMPLED,0
1263,51.94981132075471,0,,,,,,,,,,,15.1,45.1,UNSAMPLED,0
1264,51.99094339622641,1,,45.5,0,455,15.0,45.5,150.,45.5,green_difference/PSM8,green_channel_otsu/PSM7,15.0,45.5,ACCEPT_RETRY,1
1265,52.03207547169811,0,,,,,,,,,,,15.0,45.5,UNSAMPLED,0
1266,52.07320754716981,0,,,,,,,,,,,15.0,45.5,UNSAMPLED,0
1267,52.11433962264151,0,,,,,,,,,,,15.0,45.5,UNSAMPLED,0
1268,52.1554716981132,0,,,,,,,,,,,15.0,45.5,UNSAMPLED,0
1269,52.196603773584904,0,,,,,,,,,,,15.0,45.5,UNSAMPLED,0
1270,52.2377358490566,0,,,,,,,,,,,15.0,45.5,UNSAMPLED,0
1271,52.2788679245283,0,,,,,,,,,,,15.0,45.5,UNSAMPLED,0
1272,52.32,1,,45.5,10,455,15.0,45.5,150.,45.5,green_difference/PSM8,green_channel_otsu/PSM7,15.0,45.5,ACCEPT_RETRY,1
1273,52.361132075471694,0,,,,,,,,,,,15.0,45.5,UNSAMPLED,0
1274,52.402264150943395,0,,,,,,,,,,,15.0,45.5,UNSAMPLED,0
1275,52.44339622641509,0,,,,,,,,,,,15.0,45.5,UNSAMPLED,0
1276,52.48452830188679,0,,,,,,,,,,,15.0,45.5,UNSAMPLED,0
1277,52.52566037735849,0,,,,,,,,,,,15.0,45.5,UNSAMPLED,0
1278,52.566792452830185,0,,,,,,,,,,,15.0,45.5,UNSAMPLED,0
1279,52.607924528301886,0,,,,,,,,,,,15.0,45.5,UNSAMPLED,0
1280,52.64905660377358,1,15.0,457.7,15.0,4577,15.0,45.7,15.0,45.7,green_difference/PSM7,green_channel_otsu/PSM7,15.0,45.7,ACCEPT_RETRY,1
1281,52.69018867924528,0,,,,,,,,,,,15.0,45.7,UNSAMPLED,0
1282,52.731320754716975,0,,,,,,,,,,,15.0,45.7,UNSAMPLED,0
1283,52.772452830188676,0,,,,,,,,,,,15.0,45.7,UNSAMPLED,0
1284,52.81358490566038,0,,,,,,,,,,,15.0,45.7,UNSAMPLED,0
1285,52.85471698113207,0,,,,,,,,,,,15.0,45.7,UNSAMPLED,0
1286,52.89584905660377,0,,,,,,,,,,,15.0,45.7,UNSAMPLED,0
1287,52.936981132075466,0,,,,,,,,,,,15.0,45.7,UNSAMPLED,0
1288,52.97811320754717,1,15.0,457.7,15.0,4577,15.0,45.7,15.0,45.7,green_difference/PSM7,green_channel_otsu/PSM7,15.0,45.7,ACCEPT_RETRY,1
1289,53.01924528301887,0,,,,,,,,,,,15.0,45.7,UNSAMPLED,0
1290,53.06037735849056,0,,,,,,,,,,,15.0,45.7,UNSAMPLED,0
1291,53.10150943396226,0,,,,,,,,,,,15.0,45.7,UNSAMPLED,0
1292,53.14264150943396,0,,,,,,,,,,,15.0,45.7,UNSAMPLED,0
1293,53.18377358490566,0,,,,,,,,,,,15.0,45.7,UNSAMPLED,0
1294,53.22490566037735,0,,,,,,,,,,,15.0,45.7,UNSAMPLED,0
1295,53.26603773584905,0,,,,,,,,,,,15.0,45.7,UNSAMPLED,0
1296,53.307169811320755,1,,45.8,11,458,15.1,45.8,15.1,45.80,green_channel_otsu/PSM7,hsv_green/PSM7,15.1,45.8,ACCEPT_RETRY,1
1297,53.34830188679245,0,,,,,,,,,,,15.1,45.8,UNSAMPLED,0
1298,53.38943396226415,0,,,,,,,,,,,15.1,45.8,UNSAMPLED,0
1299,53.430566037735844,0,,,,,,,,,,,15.1,45.8,UNSAMPLED,0
1300,53.471698113207545,0,,,,,,,,,,,15.1,45.8,UNSAMPLED,0
1301,53.512830188679246,0,,,,,,,,,,,15.1,45.8,UNSAMPLED,0
1302,53.55396226415094,0,,,,,,,,,,,15.1,45.8,UNSAMPLED,0
1303,53.59509433962264,0,,,,,,,,,,,15.1,45.8,UNSAMPLED,0
1304,53.636226415094335,1,,45.8,11,458,15.1,45.8,15.1,45.8,green_channel_otsu/PSM7,hsv_green/PSM7,15.1,45.8,ACCEPT_RETRY,1
1305,53.677358490566036,0,,,,,,,,,,,15.1,45.8,UNSAMPLED,0
1306,53.71849056603773,0,,,,,,,,,,,15.1,45.8,UNSAMPLED,0
1307,53.75962264150943,0,,,,,,,,,,,15.1,45.8,UNSAMPLED,0
1308,53.80075471698113,0,,,,,,,,,,,15.1,45.8,UNSAMPLED,0
1309,53.841886792452826,0,,,,,,,,,,,15.1,45.8,UNSAMPLED,0
1310,53.88301886792453,0,,,,,,,,,,,15.1,45.8,UNSAMPLED,0
1311,53.92415094339622,0,,,,,,,,,,,15.1,45.8,UNSAMPLED,0
1312,53.96528301886792,1,15.3,457.7,15.3,4577,15.3,45.7,15.3,45.7,green_difference/PSM7,green_channel_otsu/PSM7,15.3,45.7,ACCEPT_RETRY,1
1313,54.00641509433962,0,,,,,,,,,,,15.3,45.7,UNSAMPLED,0
1314,54.04754716981132,0,,,,,,,,,,,15.3,45.7,UNSAMPLED,0
1315,54.08867924528302,0,,,,,,,,,,,15.3,45.7,UNSAMPLED,0
1316,54.12981132075471,0,,,,,,,,,,,15.3,45.7,UNSAMPLED,0
1317,54.17094339622641,0,,,,,,,,,,,15.3,45.7,UNSAMPLED,0
1318,54.212075471698114,0,,,,,,,,,,,15.3,45.7,UNSAMPLED,0
1319,54.25320754716981,0,,,,,,,,,,,15.3,45.7,UNSAMPLED,0
1320,54.29433962264151,1,15.1,45.7,15.1,457,15.1,45.7,15.1,457,green_difference/PSM7,green_difference/PSM7,15.1,45.7,ACCEPT_PRIMARY,0
1321,54.3354716981132,0,,,,,,,,,,,15.1,45.7,UNSAMPLED,0
1322,54.376603773584904,0,,,,,,,,,,,15.1,45.7,UNSAMPLED,0
1323,54.4177358490566,0,,,,,,,,,,,15.1,45.7,UNSAMPLED,0
1324,54.4588679245283,0,,,,,,,,,,,15.1,45.7,UNSAMPLED,0
1325,54.5,0,,,,,,,,,,,15.1,45.7,UNSAMPLED,0
1326,54.541132075471694,0,,,,,,,,,,,15.1,45.7,UNSAMPLED,0
1327,54.582264150943395,0,,,,,,,,,,,15.1,45.7,UNSAMPLED,0
1328,54.62339622641509,1,15.1,45.9,15.1,459,15.1,45.9,15.1,459,green_difference/PSM7,green_difference/PSM7,15.1,45.9,ACCEPT_PRIMARY,0
1329,54.66452830188679,0,,,,,,,,,,,15.1,45.9,UNSAMPLED,0
1330,54.70566037735849,0,,,,,,,,,,,15.1,45.9,UNSAMPLED,0
1331,54.746792452830185,0,,,,,,,,,,,15.1,45.9,UNSAMPLED,0
1332,54.787924528301886,0,,,,,,,,,,,15.1,45.9,UNSAMPLED,0
1333,54.82905660377358,0,,,,,,,,,,,15.1,45.9,UNSAMPLED,0
1334,54.87018867924528,0,,,,,,,,,,,15.1,45.9,UNSAMPLED,0
1335,54.911320754716975,0,,,,,,,,,,,15.1,45.9,UNSAMPLED,0
1336,54.952452830188676,1,15.2,46.0,15.2,460,15.2,46.0,15.2,460,green_difference/PSM7,green_difference/PSM7,15.2,46.0,ACCEPT_PRIMARY,0
1337,54.99358490566038,0,,,,,,,,,,,15.2,46.0,UNSAMPLED,0
1338,55.03471698113207,0,,,,,,,,,,,15.2,46.0,UNSAMPLED,0
1339,55.07584905660377,0,,,,,,,,,,,15.2,46.0,UNSAMPLED,0
1340,55.116981132075466,0,,,,,,,,,,,15.2,46.0,UNSAMPLED,0
1341,55.15811320754717,0,,,,,,,,,,,15.2,46.0,UNSAMPLED,0
1342,55.19924528301887,0,,,,,,,,,,,15.2,46.0,UNSAMPLED,0
1343,55.24037735849056,0,,,,,,,,,,,15.2,46.0,UNSAMPLED,0
1344,55.28150943396226,1,14.0,45.9,14.0,459,14.0,45.9,14.0,459,green_difference/PSM7,green_difference/PSM7,14.0,45.9,ACCEPT_PRIMARY,0
1345,55.32264150943396,0,,,,,,,,,,,14.0,45.9,UNSAMPLED,0
1346,55.36377358490566,0,,,,,,,,,,,14.0,45.9,UNSAMPLED,0
1347,55.40490566037735,0,,,,,,,,,,,14.0,45.9,UNSAMPLED,0
1348,55.44603773584905,0,,,,,,,,,,,14.0,45.9,UNSAMPLED,0
1349,55.487169811320754,0,,,,,,,,,,,14.0,45.9,UNSAMPLED,0
1350,55.52830188679245,0,,,,,,,,,,,14.0,45.9,UNSAMPLED,0
1351,55.56943396226415,0,,,,,,,,,,,14.0,45.9,UNSAMPLED,0
1352,55.61056603773584,1,12.0,45.9,12.0,459,12.0,45.9,12.0,459,green_difference/PSM7,green_difference/PSM7,12.0,45.9,ACCEPT_PRIMARY,0
1353,55.651698113207544,0,,,,,,,,,,,12.0,45.9,UNSAMPLED,0
1354,55.692830188679245,0,,,,,,,,,,,12.0,45.9,UNSAMPLED,0
1355,55.73396226415094,0,,,,,,,,,,,12.0,45.9,UNSAMPLED,0
1356,55.77509433962264,0,,,,,,,,,,,12.0,45.9,UNSAMPLED,0
1357,55.816226415094334,0,,,,,,,,,,,12.0,45.9,UNSAMPLED,0
1358,55.857358490566035,0,,,,,,,,,,,12.0,45.9,UNSAMPLED,0
1359,55.89849056603774,0,,,,,,,,,,,12.0,45.9,UNSAMPLED,0
1360,55.93962264150943,1,14.0,45.9,14.0,459,14.0,45.9,14.0,459,green_difference/PSM7,green_difference/PSM7,14.0,45.9,ACCEPT_PRIMARY,0
1361,55.98075471698113,0,,,,,,,,,,,14.0,45.9,UNSAMPLED,0
1362,56.021886792452825,0,,,,,,,,,,,14.0,45.9,UNSAMPLED,0
1363,56.06301886792453,0,,,,,,,,,,,14.0,45.9,UNSAMPLED,0
1364,56.10415094339622,0,,,,,,,,,,,14.0,45.9,UNSAMPLED,0
1365,56.14528301886792,0,,,,,,,,,,,14.0,45.9,UNSAMPLED,0
1366,56.18641509433962,0,,,,,,,,,,,14.0,45.9,UNSAMPLED,0
1367,56.22754716981132,0,,,,,,,,,,,14.0,45.9,UNSAMPLED,0
1368,56.26867924528302,1,19.0,45.9,19.0,459,15.0,45.9,150.,45.9,green_difference/PSM8,green_channel_otsu/PSM7,15.0,45.9,ACCEPT_RETRY,1
1369,56.30981132075471,0,,,,,,,,,,,15.0,45.9,UNSAMPLED,0
1370,56.35094339622641,0,,,,,,,,,,,15.0,45.9,UNSAMPLED,0
1371,56.392075471698114,0,,,,,,,,,,,15.0,45.9,UNSAMPLED,0
1372,56.43320754716981,0,,,,,,,,,,,15.0,45.9,UNSAMPLED,0
1373,56.47433962264151,0,,,,,,,,,,,15.0,45.9,UNSAMPLED,0
1374,56.5154716981132,0,,,,,,,,,,,15.0,45.9,UNSAMPLED,0
1375,56.556603773584904,0,,,,,,,,,,,15.0,45.9,UNSAMPLED,0
1376,56.5977358490566,1,14.39,459.0,14.39,4590,14.9,45.9,14.9,45.9,green_channel_otsu/PSM7,green_channel_otsu/PSM7,14.9,45.9,ACCEPT_RETRY,1
1377,56.6388679245283,0,,,,,,,,,,,14.9,45.9,UNSAMPLED,0
1378,56.68,0,,,,,,,,,,,14.9,45.9,UNSAMPLED,0
1379,56.721132075471694,0,,,,,,,,,,,14.9,45.9,UNSAMPLED,0
1380,56.762264150943395,0,,,,,,,,,,,14.9,45.9,UNSAMPLED,0
1381,56.80339622641509,0,,,,,,,,,,,14.9,45.9,UNSAMPLED,0
1382,56.84452830188679,0,,,,,,,,,,,14.9,45.9,UNSAMPLED,0
1383,56.88566037735849,0,,,,,,,,,,,14.9,45.9,UNSAMPLED,0
1384,56.926792452830185,1,14.9,45.9,14.9,459,14.9,45.9,14.9,459,green_difference/PSM7,green_difference/PSM7,14.9,45.9,ACCEPT_PRIMARY,0
1385,56.967924528301886,0,,,,,,,,,,,14.9,45.9,UNSAMPLED,0
1386,57.00905660377358,0,,,,,,,,,,,14.9,45.9,UNSAMPLED,0
1387,57.05018867924528,0,,,,,,,,,,,14.9,45.9,UNSAMPLED,0
1388,57.091320754716975,0,,,,,,,,,,,14.9,45.9,UNSAMPLED,0
1389,57.132452830188676,0,,,,,,,,,,,14.9,45.9,UNSAMPLED,0
1390,57.17358490566038,0,,,,,,,,,,,14.9,45.9,UNSAMPLED,0
1391,57.21471698113207,0,,,,,,,,,,,14.9,45.9,UNSAMPLED,0
1392,57.25584905660377,1,14.8,45.3,148,453,14.8,45.3,148,453,green_difference/PSM7,green_difference/PSM7,14.8,45.3,ACCEPT_PRIMARY,0
1393,57.296981132075466,0,,,,,,,,,,,14.8,45.3,UNSAMPLED,0
1394,57.33811320754717,0,,,,,,,,,,,14.8,45.3,UNSAMPLED,0
1395,57.37924528301887,0,,,,,,,,,,,14.8,45.3,UNSAMPLED,0
1396,57.42037735849056,0,,,,,,,,,,,14.8,45.3,UNSAMPLED,0
1397,57.46150943396226,0,,,,,,,,,,,14.8,45.3,UNSAMPLED,0
1398,57.50264150943396,0,,,,,,,,,,,14.8,45.3,UNSAMPLED,0
1399,57.54377358490566,0,,,,,,,,,,,14.8,45.3,UNSAMPLED,0
1400,57.58490566037736,1,14.8,45.3,148,453,14.8,45.3,148,453,green_difference/PSM7,green_difference/PSM7,14.8,45.3,ACCEPT_PRIMARY,0
1401,57.62603773584905,0,,,,,,,,,,,14.8,45.3,UNSAMPLED,0
1402,57.667169811320754,0,,,,,,,,,,,14.8,45.3,UNSAMPLED,0
1403,57.70830188679245,0,,,,,,,,,,,14.8,45.3,UNSAMPLED,0
1404,57.74943396226415,0,,,,,,,,,,,14.8,45.3,UNSAMPLED,0
1405,57.79056603773584,0,,,,,,,,,,,14.8,45.3,UNSAMPLED,0
1406,57.831698113207544,0,,,,,,,,,,,14.8,45.3,UNSAMPLED,0
1407,57.872830188679245,0,,,,,,,,,,,14.8,45.3,UNSAMPLED,0
1408,57.91396226415094,1,,45.5,14-80,455,14.8,45.5,14.80,45.5,gray_otsu/PSM7,hsv_green/PSM7,14.8,45.5,ACCEPT_RETRY,1
1409,57.95509433962264,0,,,,,,,,,,,14.8,45.5,UNSAMPLED,0
1410,57.996226415094334,0,,,,,,,,,,,14.8,45.5,UNSAMPLED,0
1411,58.037358490566035,0,,,,,,,,,,,14.8,45.5,UNSAMPLED,0
1412,58.078490566037736,0,,,,,,,,,,,14.8,45.5,UNSAMPLED,0
1413,58.11962264150943,0,,,,,,,,,,,14.8,45.5,UNSAMPLED,0
1414,58.16075471698113,0,,,,,,,,,,,14.8,45.5,UNSAMPLED,0
1415,58.201886792452825,0,,,,,,,,,,,14.8,45.5,UNSAMPLED,0
1416,58.243018867924526,1,,45.3,14-30,45.30,14.8,45.3,14.80,45.30,green_channel_otsu/PSM7,green_difference/PSM7,14.8,45.3,ACCEPT_RETRY,1
1417,58.28415094339622,0,,,,,,,,,,,14.8,45.3,UNSAMPLED,0
1418,58.32528301886792,0,,,,,,,,,,,14.8,45.3,UNSAMPLED,0
1419,58.36641509433962,0,,,,,,,,,,,14.8,45.3,UNSAMPLED,0
1420,58.407547169811316,0,,,,,,,,,,,14.8,45.3,UNSAMPLED,0
1421,58.44867924528302,0,,,,,,,,,,,14.8,45.3,UNSAMPLED,0
1422,58.48981132075471,0,,,,,,,,,,,14.8,45.3,UNSAMPLED,0
1423,58.53094339622641,0,,,,,,,,,,,14.8,45.3,UNSAMPLED,0
1424,58.57207547169811,1,14.8,45.7,148,457,14.8,45.7,148,457,green_difference/PSM7,green_difference/PSM7,14.8,45.7,ACCEPT_PRIMARY,0
1425,58.61320754716981,0,,,,,,,,,,,14.8,45.7,UNSAMPLED,0
1426,58.65433962264151,0,,,,,,,,,,,14.8,45.7,UNSAMPLED,0
1427,58.6954716981132,0,,,,,,,,,,,14.8,45.7,UNSAMPLED,0
1428,58.7366037735849,0,,,,,,,,,,,14.8,45.7,UNSAMPLED,0
1429,58.7777358490566,0,,,,,,,,,,,14.8,45.7,UNSAMPLED,0
1430,58.8188679245283,0,,,,,,,,,,,14.8,45.7,UNSAMPLED,0
1431,58.86,0,,,,,,,,,,,14.8,45.7,UNSAMPLED,0
1432,58.90113207547169,1,14.8,45.7,14.8,45.7,14.8,45.7,14.8,45.7,green_difference/PSM7,green_difference/PSM7,14.8,45.7,ACCEPT_PRIMARY,0
1433,58.942264150943394,0,,,,,,,,,,,14.8,45.7,UNSAMPLED,0
1434,58.98339622641509,0,,,,,,,,,,,14.8,45.7,UNSAMPLED,0
1435,59.02452830188679,0,,,,,,,,,,,14.8,45.7,UNSAMPLED,0
1436,59.06566037735849,0,,,,,,,,,,,14.8,45.7,UNSAMPLED,0
1437,59.106792452830184,0,,,,,,,,,,,14.8,45.7,UNSAMPLED,0
1438,59.147924528301886,0,,,,,,,,,,,14.8,45.7,UNSAMPLED,0
1439,59.18905660377358,0,,,,,,,,,,,14.8,45.7,UNSAMPLED,0
1440,59.23018867924528,1,14.8,45.7,14.8,457,14.8,45.7,14.8,457,green_difference/PSM7,green_difference/PSM7,14.8,45.7,ACCEPT_PRIMARY,0
1441,59.27132075471698,0,,,,,,,,,,,14.8,45.7,UNSAMPLED,0
1442,59.312452830188676,0,,,,,,,,,,,14.8,45.7,UNSAMPLED,0
1443,59.35358490566038,0,,,,,,,,,,,14.8,45.7,UNSAMPLED,0
1444,59.39471698113207,0,,,,,,,,,,,14.8,45.7,UNSAMPLED,0
1445,59.43584905660377,0,,,,,,,,,,,14.8,45.7,UNSAMPLED,0
1446,59.476981132075466,0,,,,,,,,,,,14.8,45.7,UNSAMPLED,0
1447,59.51811320754717,0,,,,,,,,,,,14.8,45.7,UNSAMPLED,0
1448,59.55924528301887,1,14.8,45.7,14.8,457,14.8,45.7,14.8,457,green_difference/PSM7,green_difference/PSM7,14.8,45.7,ACCEPT_PRIMARY,0
1449,59.60037735849056,0,,,,,,,,,,,14.8,45.7,UNSAMPLED,0
1450,59.64150943396226,0,,,,,,,,,,,14.8,45.7,UNSAMPLED,0
1451,59.68264150943396,0,,,,,,,,,,,14.8,45.7,UNSAMPLED,0
1452,59.72377358490566,0,,,,,,,,,,,14.8,45.7,UNSAMPLED,0
1453,59.76490566037736,0,,,,,,,,,,,14.8,45.7,UNSAMPLED,0
1454,59.80603773584905,0,,,,,,,,,,,14.8,45.7,UNSAMPLED,0
1455,59.847169811320754,0,,,,,,,,,,,14.8,45.7,UNSAMPLED,0
1456,59.88830188679245,1,14.8,45.6,14.8,45.60,14.8,45.6,14.8,45.60,green_difference/PSM7,green_difference/PSM7,14.8,45.6,ACCEPT_PRIMARY,0
1457,59.92943396226415,0,,,,,,,,,,,14.8,45.6,UNSAMPLED,0
1458,59.97056603773584,0,,,,,,,,,,,14.8,45.6,UNSAMPLED,0
1459,60.011698113207544,0,,,,,,,,,,,14.8,45.6,UNSAMPLED,0
1460,60.052830188679245,0,,,,,,,,,,,14.8,45.6,UNSAMPLED,0
1461,60.09396226415094,0,,,,,,,,,,,14.8,45.6,UNSAMPLED,0
1462,60.13509433962264,0,,,,,,,,,,,14.8,45.6,UNSAMPLED,0
1463,60.176226415094334,0,,,,,,,,,,,14.8,45.6,UNSAMPLED,0
1464,60.217358490566035,1,14.87,45.6,14.87,45.60,14.87,45.6,14.87,45.60,green_difference/PSM7,green_difference/PSM7,14.87,45.6,ACCEPT_PRIMARY,0
1465,60.258490566037736,0,,,,,,,,,,,14.87,45.6,UNSAMPLED,0
1466,60.29962264150943,0,,,,,,,,,,,14.87,45.6,UNSAMPLED,0
1467,60.34075471698113,0,,,,,,,,,,,14.87,45.6,UNSAMPLED,0
1468,60.381886792452825,0,,,,,,,,,,,14.87,45.6,UNSAMPLED,0
1469,60.423018867924526,0,,,,,,,,,,,14.87,45.6,UNSAMPLED,0
1470,60.46415094339622,0,,,,,,,,,,,14.87,45.6,UNSAMPLED,0
1471,60.50528301886792,0,,,,,,,,,,,14.87,45.6,UNSAMPLED,0
1472,60.54641509433962,1,15.0,459.0,15.0,4590,15.0,45.9,15.0,45.9,green_difference/PSM7,hsv_green/PSM7,15.0,45.9,ACCEPT_RETRY,1
1473,60.587547169811316,0,,,,,,,,,,,15.0,45.9,UNSAMPLED,0
1474,60.62867924528302,0,,,,,,,,,,,15.0,45.9,UNSAMPLED,0
1475,60.66981132075471,0,,,,,,,,,,,15.0,45.9,UNSAMPLED,0
1476,60.71094339622641,0,,,,,,,,,,,15.0,45.9,UNSAMPLED,0
1477,60.75207547169811,0,,,,,,,,,,,15.0,45.9,UNSAMPLED,0
1478,60.79320754716981,0,,,,,,,,,,,15.0,45.9,UNSAMPLED,0
1479,60.83433962264151,0,,,,,,,,,,,15.0,45.9,UNSAMPLED,0
1480,60.8754716981132,1,15.4,45.9,15.4,459,15.4,45.9,15.4,459,green_difference/PSM7,green_difference/PSM7,15.4,45.9,ACCEPT_PRIMARY,0
1481,60.9166037735849,0,,,,,,,,,,,15.4,45.9,UNSAMPLED,0
1482,60.957735849056604,0,,,,,,,,,,,15.4,45.9,UNSAMPLED,0
1483,60.9988679245283,0,,,,,,,,,,,15.4,45.9,UNSAMPLED,0
1484,61.04,0,,,,,,,,,,,15.4,45.9,UNSAMPLED,0
1485,61.08113207547169,0,,,,,,,,,,,15.4,45.9,UNSAMPLED,0
1486,61.122264150943394,0,,,,,,,,,,,15.4,45.9,UNSAMPLED,0
1487,61.16339622641509,0,,,,,,,,,,,15.4,45.9,UNSAMPLED,0
1488,61.20452830188679,1,15.0,45.8,15.0,458,15.0,45.8,15.0,458,green_difference/PSM7,green_difference/PSM7,15.0,45.8,ACCEPT_PRIMARY,0
1489,61.24566037735849,0,,,,,,,,,,,15.0,45.8,UNSAMPLED,0
1490,61.286792452830184,0,,,,,,,,,,,15.0,45.8,UNSAMPLED,0
1491,61.327924528301885,0,,,,,,,,,,,15.0,45.8,UNSAMPLED,0
1492,61.36905660377358,0,,,,,,,,,,,15.0,45.8,UNSAMPLED,0
1493,61.41018867924528,0,,,,,,,,,,,15.0,45.8,UNSAMPLED,0
1494,61.45132075471698,0,,,,,,,,,,,15.0,45.8,UNSAMPLED,0
1495,61.492452830188675,0,,,,,,,,,,,15.0,45.8,UNSAMPLED,0
1496,61.533584905660376,1,14.2,46.0,142,46.0,14.2,46.0,142,46.0,green_difference/PSM7,green_difference/PSM7,14.2,46.0,ACCEPT_PRIMARY,0
1497,61.57471698113207,0,,,,,,,,,,,14.2,46.0,UNSAMPLED,0
1498,61.61584905660377,0,,,,,,,,,,,14.2,46.0,UNSAMPLED,0
1499,61.656981132075465,0,,,,,,,,,,,14.2,46.0,UNSAMPLED,0
1500,61.698113207547166,0,,,,,,,,,,,14.2,46.0,UNSAMPLED,0
1501,61.73924528301887,0,,,,,,,,,,,14.2,46.0,UNSAMPLED,0
1502,61.78037735849056,0,,,,,,,,,,,14.2,46.0,UNSAMPLED,0
1503,61.82150943396226,0,,,,,,,,,,,14.2,46.0,UNSAMPLED,0
1504,61.862641509433956,1,149.3,46.0,1493,46.0,14.9,46.0,14.9,46.00,green_channel_otsu/PSM7,hsv_green/PSM7,14.9,46.0,ACCEPT_RETRY,1
1505,61.90377358490566,0,,,,,,,,,,,14.9,46.0,UNSAMPLED,0
1506,61.94490566037736,0,,,,,,,,,,,14.9,46.0,UNSAMPLED,0
1507,61.98603773584905,0,,,,,,,,,,,14.9,46.0,UNSAMPLED,0
1508,62.02716981132075,0,,,,,,,,,,,14.9,46.0,UNSAMPLED,0
1509,62.06830188679245,0,,,,,,,,,,,14.9,46.0,UNSAMPLED,0
1510,62.10943396226415,0,,,,,,,,,,,14.9,46.0,UNSAMPLED,0
1511,62.15056603773584,0,,,,,,,,,,,14.9,46.0,UNSAMPLED,0
1512,62.19169811320754,1,14.8,46.2,148,46.2,14.8,46.2,148,46.2,green_difference/PSM7,green_difference/PSM7,14.8,46.2,ACCEPT_PRIMARY,0
1513,62.232830188679245,0,,,,,,,,,,,14.8,46.2,UNSAMPLED,0
1514,62.27396226415094,0,,,,,,,,,,,14.8,46.2,UNSAMPLED,0
1515,62.31509433962264,0,,,,,,,,,,,14.8,46.2,UNSAMPLED,0
1516,62.35622641509433,0,,,,,,,,,,,14.8,46.2,UNSAMPLED,0
1517,62.397358490566035,0,,,,,,,,,,,14.8,46.2,UNSAMPLED,0
1518,62.438490566037736,0,,,,,,,,,,,14.8,46.2,UNSAMPLED,0
1519,62.47962264150943,0,,,,,,,,,,,14.8,46.2,UNSAMPLED,0
1520,62.52075471698113,1,14.8,46.0,148,46.0,14.8,46.0,148,46.0,green_difference/PSM7,green_difference/PSM7,14.8,46.0,ACCEPT_PRIMARY,0
1521,62.561886792452825,0,,,,,,,,,,,14.8,46.0,UNSAMPLED,0
1522,62.603018867924526,0,,,,,,,,,,,14.8,46.0,UNSAMPLED,0
1523,62.64415094339623,0,,,,,,,,,,,14.8,46.0,UNSAMPLED,0
1524,62.68528301886792,0,,,,,,,,,,,14.8,46.0,UNSAMPLED,0
1525,62.72641509433962,0,,,,,,,,,,,14.8,46.0,UNSAMPLED,0
1526,62.767547169811316,0,,,,,,,,,,,14.8,46.0,UNSAMPLED,0
1527,62.80867924528302,0,,,,,,,,,,,14.8,46.0,UNSAMPLED,0
1528,62.84981132075471,1,14.8,46.0,148,46.0,14.8,46.0,148,46.0,green_difference/PSM7,green_difference/PSM7,14.8,46.0,ACCEPT_PRIMARY,0
1529,62.89094339622641,0,,,,,,,,,,,14.8,46.0,UNSAMPLED,0
1530,62.93207547169811,0,,,,,,,,,,,14.8,46.0,UNSAMPLED,0
1531,62.97320754716981,0,,,,,,,,,,,14.8,46.0,UNSAMPLED,0
1532,63.01433962264151,0,,,,,,,,,,,14.8,46.0,UNSAMPLED,0
1533,63.0554716981132,0,,,,,,,,,,,14.8,46.0,UNSAMPLED,0
1534,63.0966037735849,0,,,,,,,,,,,14.8,46.0,UNSAMPLED,0
1535,63.137735849056604,0,,,,,,,,,,,14.8,46.0,UNSAMPLED,0
1536,63.1788679245283,1,14.8,45.9,14.8,459,14.8,45.9,14.8,459,green_difference/PSM7,green_difference/PSM7,14.8,45.9,ACCEPT_PRIMARY,0
1537,63.22,0,,,,,,,,,,,14.8,45.9,UNSAMPLED,0
1538,63.26113207547169,0,,,,,,,,,,,14.8,45.9,UNSAMPLED,0
1539,63.302264150943394,0,,,,,,,,,,,14.8,45.9,UNSAMPLED,0
1540,63.34339622641509,0,,,,,,,,,,,14.8,45.9,UNSAMPLED,0
1541,63.38452830188679,0,,,,,,,,,,,14.8,45.9,UNSAMPLED,0
1542,63.42566037735849,0,,,,,,,,,,,14.8,45.9,UNSAMPLED,0
1543,63.466792452830184,0,,,,,,,,,,,14.8,45.9,UNSAMPLED,0
1544,63.507924528301885,1,19.0,45.9,19.0,459,15.0,45.9,150.,45.9,green_difference/PSM8,hsv_green/PSM7,15.0,45.9,ACCEPT_RETRY,1
1545,63.54905660377358,0,,,,,,,,,,,15.0,45.9,UNSAMPLED,0
1546,63.59018867924528,0,,,,,,,,,,,15.0,45.9,UNSAMPLED,0
1547,63.63132075471698,0,,,,,,,,,,,15.0,45.9,UNSAMPLED,0
1548,63.672452830188675,0,,,,,,,,,,,15.0,45.9,UNSAMPLED,0
1549,63.713584905660376,0,,,,,,,,,,,15.0,45.9,UNSAMPLED,0
1550,63.75471698113207,0,,,,,,,,,,,15.0,45.9,UNSAMPLED,0
1551,63.79584905660377,0,,,,,,,,,,,15.0,45.9,UNSAMPLED,0
1552,63.836981132075465,1,19.0,45.9,19.0,459,15.0,45.9,150.,45.9,green_difference/PSM8,hsv_green/PSM7,15.0,45.9,ACCEPT_RETRY,1
1553,63.878113207547166,0,,,,,,,,,,,15.0,45.9,UNSAMPLED,0
1554,63.91924528301887,0,,,,,,,,,,,15.0,45.9,UNSAMPLED,0
1555,63.96037735849056,0,,,,,,,,,,,15.0,45.9,UNSAMPLED,0
1556,64.00150943396226,0,,,,,,,,,,,15.0,45.9,UNSAMPLED,0
1557,64.04264150943396,0,,,,,,,,,,,15.0,45.9,UNSAMPLED,0
1558,64.08377358490566,0,,,,,,,,,,,15.0,45.9,UNSAMPLED,0
1559,64.12490566037735,0,,,,,,,,,,,15.0,45.9,UNSAMPLED,0
1560,64.16603773584906,1,15.0,46.4,15.0,46.4,15.0,46.4,15.0,46.4,green_difference/PSM7,green_difference/PSM7,15.0,46.4,ACCEPT_PRIMARY,0
1561,64.20716981132075,0,,,,,,,,,,,15.0,46.4,UNSAMPLED,0
1562,64.24830188679245,0,,,,,,,,,,,15.0,46.4,UNSAMPLED,0
1563,64.28943396226414,0,,,,,,,,,,,15.0,46.4,UNSAMPLED,0
1564,64.33056603773585,0,,,,,,,,,,,15.0,46.4,UNSAMPLED,0
1565,64.37169811320754,0,,,,,,,,,,,15.0,46.4,UNSAMPLED,0
1566,64.41283018867924,0,,,,,,,,,,,15.0,46.4,UNSAMPLED,0
1567,64.45396226415095,0,,,,,,,,,,,15.0,46.4,UNSAMPLED,0
1568,64.49509433962264,1,19.0,46.4,19.0,46.4,15.0,46.4,150.,46.4,green_difference/PSM8,green_difference/PSM7,15.0,46.4,ACCEPT_RETRY,1
1569,64.53622641509433,0,,,,,,,,,,,15.0,46.4,UNSAMPLED,0
1570,64.57735849056604,0,,,,,,,,,,,15.0,46.4,UNSAMPLED,0
1571,64.61849056603774,0,,,,,,,,,,,15.0,46.4,UNSAMPLED,0
1572,64.65962264150943,0,,,,,,,,,,,15.0,46.4,UNSAMPLED,0
1573,64.70075471698112,0,,,,,,,,,,,15.0,46.4,UNSAMPLED,0
1574,64.74188679245283,0,,,,,,,,,,,15.0,46.4,UNSAMPLED,0
1575,64.78301886792453,0,,,,,,,,,,,15.0,46.4,UNSAMPLED,0
1576,64.82415094339622,1,16.0,46.6,16.0,46.6,16.0,46.6,16.0,46.6,green_difference/PSM7,green_difference/PSM7,16.0,46.6,ACCEPT_PRIMARY,0
1577,64.86528301886793,0,,,,,,,,,,,16.0,46.6,UNSAMPLED,0
1578,64.90641509433962,0,,,,,,,,,,,16.0,46.6,UNSAMPLED,0
1579,64.94754716981132,0,,,,,,,,,,,16.0,46.6,UNSAMPLED,0
1580,64.98867924528301,0,,,,,,,,,,,16.0,46.6,UNSAMPLED,0
1581,65.02981132075472,0,,,,,,,,,,,16.0,46.6,UNSAMPLED,0
1582,65.07094339622641,0,,,,,,,,,,,16.0,46.6,UNSAMPLED,0
1583,65.1120754716981,0,,,,,,,,,,,16.0,46.6,UNSAMPLED,0
1584,65.15320754716981,1,14.9,46.6,14.9,46.6,14.9,46.6,14.9,46.6,green_difference/PSM7,green_difference/PSM7,14.9,46.6,ACCEPT_PRIMARY,0
1585,65.19433962264151,0,,,,,,,,,,,14.9,46.6,UNSAMPLED,0
1586,65.2354716981132,0,,,,,,,,,,,14.9,46.6,UNSAMPLED,0
1587,65.2766037735849,0,,,,,,,,,,,14.9,46.6,UNSAMPLED,0
1588,65.3177358490566,0,,,,,,,,,,,14.9,46.6,UNSAMPLED,0
1589,65.3588679245283,0,,,,,,,,,,,14.9,46.6,UNSAMPLED,0
1590,65.39999999999999,0,,,,,,,,,,,14.9,46.6,UNSAMPLED,0
1591,65.4411320754717,0,,,,,,,,,,,14.9,46.6,UNSAMPLED,0
1592,65.4822641509434,1,15.0,45.4,150,454,15.0,45.4,150,454,green_difference/PSM7,green_difference/PSM7,15.0,45.4,ACCEPT_PRIMARY,0
1593,65.52339622641509,0,,,,,,,,,,,15.0,45.4,UNSAMPLED,0
1594,65.5645283018868,0,,,,,,,,,,,15.0,45.4,UNSAMPLED,0
1595,65.60566037735849,0,,,,,,,,,,,15.0,45.4,UNSAMPLED,0
1596,65.64679245283018,0,,,,,,,,,,,15.0,45.4,UNSAMPLED,0
1597,65.68792452830188,0,,,,,,,,,,,15.0,45.4,UNSAMPLED,0
1598,65.72905660377359,0,,,,,,,,,,,15.0,45.4,UNSAMPLED,0
1599,65.77018867924528,0,,,,,,,,,,,15.0,45.4,UNSAMPLED,0
1600,65.81132075471697,1,15.0,46.3,150,46.3,15.0,46.3,150,46.3,green_difference/PSM7,green_difference/PSM7,15.0,46.3,ACCEPT_PRIMARY,0
1601,65.85245283018868,0,,,,,,,,,,,15.0,46.3,UNSAMPLED,0
1602,65.89358490566038,0,,,,,,,,,,,15.0,46.3,UNSAMPLED,0
1603,65.93471698113207,0,,,,,,,,,,,15.0,46.3,UNSAMPLED,0
1604,65.97584905660376,0,,,,,,,,,,,15.0,46.3,UNSAMPLED,0
1605,66.01698113207547,0,,,,,,,,,,,15.0,46.3,UNSAMPLED,0
1606,66.05811320754717,0,,,,,,,,,,,15.0,46.3,UNSAMPLED,0
1607,66.09924528301886,0,,,,,,,,,,,15.0,46.3,UNSAMPLED,0
1608,66.14037735849057,1,14.9,451.0,149,4510,14.9,46.1,14.9,46.10,green_channel_otsu/PSM7,green_channel_otsu/PSM7,14.9,46.1,ACCEPT_RETRY,1
1609,66.18150943396226,0,,,,,,,,,,,14.9,46.1,UNSAMPLED,0
1610,66.22264150943396,0,,,,,,,,,,,14.9,46.1,UNSAMPLED,0
1611,66.26377358490566,0,,,,,,,,,,,14.9,46.1,UNSAMPLED,0
1612,66.30490566037736,0,,,,,,,,,,,14.9,46.1,UNSAMPLED,0
1613,66.34603773584905,0,,,,,,,,,,,14.9,46.1,UNSAMPLED,0
1614,66.38716981132075,0,,,,,,,,,,,14.9,46.1,UNSAMPLED,0
1615,66.42830188679245,0,,,,,,,,,,,14.9,46.1,UNSAMPLED,0
1616,66.46943396226415,1,14.9,46.0,14.9,46.0,14.9,46.0,14.9,46.0,green_difference/PSM7,green_difference/PSM7,14.9,46.0,ACCEPT_PRIMARY,0
1617,66.51056603773584,0,,,,,,,,,,,14.9,46.0,UNSAMPLED,0
1618,66.55169811320755,0,,,,,,,,,,,14.9,46.0,UNSAMPLED,0
1619,66.59283018867924,0,,,,,,,,,,,14.9,46.0,UNSAMPLED,0
1620,66.63396226415094,0,,,,,,,,,,,14.9,46.0,UNSAMPLED,0
1621,66.67509433962263,0,,,,,,,,,,,14.9,46.0,UNSAMPLED,0
1622,66.71622641509434,0,,,,,,,,,,,14.9,46.0,UNSAMPLED,0
1623,66.75735849056603,0,,,,,,,,,,,14.9,46.0,UNSAMPLED,0
1624,66.79849056603773,1,14.9,45.0,14.9,45.0,14.9,45.0,14.9,45.0,green_difference/PSM7,green_difference/PSM7,14.9,45.0,ACCEPT_PRIMARY,0
1625,66.83962264150944,0,,,,,,,,,,,14.9,45.0,UNSAMPLED,0
1626,66.88075471698113,0,,,,,,,,,,,14.9,45.0,UNSAMPLED,0
1627,66.92188679245282,0,,,,,,,,,,,14.9,45.0,UNSAMPLED,0
1628,66.96301886792452,0,,,,,,,,,,,14.9,45.0,UNSAMPLED,0
1629,67.00415094339623,0,,,,,,,,,,,14.9,45.0,UNSAMPLED,0
1630,67.04528301886792,0,,,,,,,,,,,14.9,45.0,UNSAMPLED,0
1631,67.08641509433961,0,,,,,,,,,,,14.9,45.0,UNSAMPLED,0
1632,67.12754716981132,1,14.9,45.0,149,45.0,14.9,45.0,149,45.0,green_difference/PSM7,green_difference/PSM7,14.9,45.0,ACCEPT_PRIMARY,0
1633,67.16867924528302,0,,,,,,,,,,,14.9,45.0,UNSAMPLED,0
1634,67.20981132075471,0,,,,,,,,,,,14.9,45.0,UNSAMPLED,0
1635,67.25094339622642,0,,,,,,,,,,,14.9,45.0,UNSAMPLED,0
1636,67.29207547169811,0,,,,,,,,,,,14.9,45.0,UNSAMPLED,0
1637,67.3332075471698,0,,,,,,,,,,,14.9,45.0,UNSAMPLED,0
1638,67.3743396226415,0,,,,,,,,,,,14.9,45.0,UNSAMPLED,0
1639,67.41547169811321,0,,,,,,,,,,,14.9,45.0,UNSAMPLED,0
1640,67.4566037735849,1,14.8,45.9,14.8,45.9,14.8,45.9,14.8,45.9,green_difference/PSM7,green_difference/PSM7,14.8,45.9,ACCEPT_PRIMARY,0
1641,67.4977358490566,0,,,,,,,,,,,14.8,45.9,UNSAMPLED,0
1642,67.5388679245283,0,,,,,,,,,,,14.8,45.9,UNSAMPLED,0
1643,67.58,0,,,,,,,,,,,14.8,45.9,UNSAMPLED,0
1644,67.62113207547169,0,,,,,,,,,,,14.8,45.9,UNSAMPLED,0
1645,67.66226415094339,0,,,,,,,,,,,14.8,45.9,UNSAMPLED,0
1646,67.7033962264151,0,,,,,,,,,,,14.8,45.9,UNSAMPLED,0
1647,67.74452830188679,0,,,,,,,,,,,14.8,45.9,UNSAMPLED,0
1648,67.78566037735848,1,14.8,45.8,14.8,45.8,14.8,45.8,14.8,45.8,green_difference/PSM7,green_difference/PSM7,14.8,45.8,ACCEPT_PRIMARY,0
1649,67.82679245283019,0,,,,,,,,,,,14.8,45.8,UNSAMPLED,0
1650,67.86792452830188,0,,,,,,,,,,,14.8,45.8,UNSAMPLED,0
1651,67.90905660377358,0,,,,,,,,,,,14.8,45.8,UNSAMPLED,0
1652,67.95018867924529,0,,,,,,,,,,,14.8,45.8,UNSAMPLED,0
1653,67.99132075471698,0,,,,,,,,,,,14.8,45.8,UNSAMPLED,0
1654,68.03245283018867,0,,,,,,,,,,,14.8,45.8,UNSAMPLED,0
1655,68.07358490566037,0,,,,,,,,,,,14.8,45.8,UNSAMPLED,0
1656,68.11471698113208,1,14.8,45.8,14.8,45.8,14.8,45.8,14.8,45.8,green_difference/PSM7,green_difference/PSM7,14.8,45.8,ACCEPT_PRIMARY,0
1657,68.15584905660377,0,,,,,,,,,,,14.8,45.8,UNSAMPLED,0
1658,68.19698113207546,0,,,,,,,,,,,14.8,45.8,UNSAMPLED,0
1659,68.23811320754717,0,,,,,,,,,,,14.8,45.8,UNSAMPLED,0
1660,68.27924528301887,0,,,,,,,,,,,14.8,45.8,UNSAMPLED,0
1661,68.32037735849056,0,,,,,,,,,,,14.8,45.8,UNSAMPLED,0
1662,68.36150943396225,0,,,,,,,,,,,14.8,45.8,UNSAMPLED,0
1663,68.40264150943396,0,,,,,,,,,,,14.8,45.8,UNSAMPLED,0
1664,68.44377358490566,1,14.8,45.8,148,45.8,14.8,45.8,148,45.8,green_difference/PSM7,green_difference/PSM7,14.8,45.8,ACCEPT_PRIMARY,0
1665,68.48490566037735,0,,,,,,,,,,,14.8,45.8,UNSAMPLED,0
1666,68.52603773584906,0,,,,,,,,,,,14.8,45.8,UNSAMPLED,0
1667,68.56716981132075,0,,,,,,,,,,,14.8,45.8,UNSAMPLED,0
1668,68.60830188679245,0,,,,,,,,,,,14.8,45.8,UNSAMPLED,0
1669,68.64943396226414,0,,,,,,,,,,,14.8,45.8,UNSAMPLED,0
1670,68.69056603773585,0,,,,,,,,,,,14.8,45.8,UNSAMPLED,0
1671,68.73169811320754,0,,,,,,,,,,,14.8,45.8,UNSAMPLED,0
1672,68.77283018867924,1,,46.5,13-8,46.5,15.5,46.5,15.5,46.5,green_channel_otsu/PSM7,green_difference/PSM7,15.5,46.5,ACCEPT_RETRY,1
1673,68.81396226415094,0,,,,,,,,,,,15.5,46.5,UNSAMPLED,0
1674,68.85509433962264,0,,,,,,,,,,,15.5,46.5,UNSAMPLED,0
1675,68.89622641509433,0,,,,,,,,,,,15.5,46.5,UNSAMPLED,0
1676,68.93735849056604,0,,,,,,,,,,,15.5,46.5,UNSAMPLED,0
1677,68.97849056603773,0,,,,,,,,,,,15.5,46.5,UNSAMPLED,0
1678,69.01962264150943,0,,,,,,,,,,,15.5,46.5,UNSAMPLED,0
1679,69.06075471698112,0,,,,,,,,,,,15.5,46.5,UNSAMPLED,0
1680,69.10188679245283,1,15.5,45.6,15.5,456,15.5,45.6,15.5,456,green_difference/PSM7,green_difference/PSM7,15.5,45.6,ACCEPT_PRIMARY,0
1681,69.14301886792452,0,,,,,,,,,,,15.5,45.6,UNSAMPLED,0
1682,69.18415094339622,0,,,,,,,,,,,15.5,45.6,UNSAMPLED,0
1683,69.22528301886793,0,,,,,,,,,,,15.5,45.6,UNSAMPLED,0
1684,69.26641509433962,0,,,,,,,,,,,15.5,45.6,UNSAMPLED,0
1685,69.30754716981131,0,,,,,,,,,,,15.5,45.6,UNSAMPLED,0
1686,69.34867924528301,0,,,,,,,,,,,15.5,45.6,UNSAMPLED,0
1687,69.38981132075472,0,,,,,,,,,,,15.5,45.6,UNSAMPLED,0
1688,69.43094339622641,1,15.5,45.0,15.5,450,15.5,45.0,15.5,450,green_difference/PSM7,green_difference/PSM7,15.5,45.0,ACCEPT_PRIMARY,0
1689,69.4720754716981,0,,,,,,,,,,,15.5,45.0,UNSAMPLED,0
1690,69.51320754716981,0,,,,,,,,,,,15.5,45.0,UNSAMPLED,0
1691,69.5543396226415,0,,,,,,,,,,,15.5,45.0,UNSAMPLED,0
1692,69.5954716981132,0,,,,,,,,,,,15.5,45.0,UNSAMPLED,0
1693,69.63660377358491,0,,,,,,,,,,,15.5,45.0,UNSAMPLED,0
1694,69.6777358490566,0,,,,,,,,,,,15.5,45.0,UNSAMPLED,0
1695,69.7188679245283,0,,,,,,,,,,,15.5,45.0,UNSAMPLED,0
1696,69.75999999999999,1,15.5,45.6,15.5,456,15.5,45.6,15.5,456,green_difference/PSM7,green_difference/PSM7,15.5,45.6,ACCEPT_PRIMARY,0
1697,69.8011320754717,0,,,,,,,,,,,15.5,45.6,UNSAMPLED,0
1698,69.8422641509434,0,,,,,,,,,,,15.5,45.6,UNSAMPLED,0
1699,69.88339622641509,0,,,,,,,,,,,15.5,45.6,UNSAMPLED,0
1700,69.9245283018868,0,,,,,,,,,,,15.5,45.6,UNSAMPLED,0
1701,69.96566037735849,0,,,,,,,,,,,15.5,45.6,UNSAMPLED,0
1702,70.00679245283018,0,,,,,,,,,,,15.5,45.6,UNSAMPLED,0
1703,70.04792452830188,0,,,,,,,,,,,15.5,45.6,UNSAMPLED,0
1704,70.08905660377359,1,15.5,47.3,15.5,473,15.5,47.3,15.5,473,green_difference/PSM7,green_difference/PSM7,15.5,47.3,ACCEPT_PRIMARY,0
1705,70.13018867924528,0,,,,,,,,,,,15.5,47.3,UNSAMPLED,0
1706,70.17132075471697,0,,,,,,,,,,,15.5,47.3,UNSAMPLED,0
1707,70.21245283018868,0,,,,,,,,,,,15.5,47.3,UNSAMPLED,0
1708,70.25358490566038,0,,,,,,,,,,,15.5,47.3,UNSAMPLED,0
1709,70.29471698113207,0,,,,,,,,,,,15.5,47.3,UNSAMPLED,0
1710,70.33584905660376,0,,,,,,,,,,,15.5,47.3,UNSAMPLED,0
1711,70.37698113207547,0,,,,,,,,,,,15.5,47.3,UNSAMPLED,0
1712,70.41811320754717,1,15.4,47.1,154,471,15.4,47.1,154,471,green_difference/PSM7,green_difference/PSM7,15.4,47.1,ACCEPT_PRIMARY,0
1713,70.45924528301886,0,,,,,,,,,,,15.4,47.1,UNSAMPLED,0
1714,70.50037735849057,0,,,,,,,,,,,15.4,47.1,UNSAMPLED,0
1715,70.54150943396226,0,,,,,,,,,,,15.4,47.1,UNSAMPLED,0
1716,70.58264150943396,0,,,,,,,,,,,15.4,47.1,UNSAMPLED,0
1717,70.62377358490566,0,,,,,,,,,,,15.4,47.1,UNSAMPLED,0
1718,70.66490566037736,0,,,,,,,,,,,15.4,47.1,UNSAMPLED,0
1719,70.70603773584905,0,,,,,,,,,,,15.4,47.1,UNSAMPLED,0
1720,70.74716981132075,1,15.3,46.9,153,46.9,15.3,46.9,153,46.9,green_difference/PSM7,green_difference/PSM7,15.3,46.9,ACCEPT_PRIMARY,0
1721,70.78830188679245,0,,,,,,,,,,,15.3,46.9,UNSAMPLED,0
1722,70.82943396226415,0,,,,,,,,,,,15.3,46.9,UNSAMPLED,0
1723,70.87056603773584,0,,,,,,,,,,,15.3,46.9,UNSAMPLED,0
1724,70.91169811320755,0,,,,,,,,,,,15.3,46.9,UNSAMPLED,0
1725,70.95283018867924,0,,,,,,,,,,,15.3,46.9,UNSAMPLED,0
1726,70.99396226415094,0,,,,,,,,,,,15.3,46.9,UNSAMPLED,0
1727,71.03509433962263,0,,,,,,,,,,,15.3,46.9,UNSAMPLED,0
1728,71.07622641509434,1,15.2,45.7,15.2,457,15.2,45.7,15.2,457,green_difference/PSM7,green_difference/PSM7,15.2,45.7,ACCEPT_PRIMARY,0
1729,71.11735849056603,0,,,,,,,,,,,15.2,45.7,UNSAMPLED,0
1730,71.15849056603773,0,,,,,,,,,,,15.2,45.7,UNSAMPLED,0
1731,71.19962264150944,0,,,,,,,,,,,15.2,45.7,UNSAMPLED,0
1732,71.24075471698113,0,,,,,,,,,,,15.2,45.7,UNSAMPLED,0
1733,71.28188679245282,0,,,,,,,,,,,15.2,45.7,UNSAMPLED,0
1734,71.32301886792453,0,,,,,,,,,,,15.2,45.7,UNSAMPLED,0
1735,71.36415094339623,0,,,,,,,,,,,15.2,45.7,UNSAMPLED,0
1736,71.40528301886792,1,15.2,454.0,15.2,4540,15.2,46.4,15.2,46.4,green_difference/PSM7,hsv_green/PSM7,15.2,46.4,ACCEPT_RETRY,1
1737,71.44641509433961,0,,,,,,,,,,,15.2,46.4,UNSAMPLED,0
1738,71.48754716981132,0,,,,,,,,,,,15.2,46.4,UNSAMPLED,0
1739,71.52867924528302,0,,,,,,,,,,,15.2,46.4,UNSAMPLED,0
1740,71.56981132075471,0,,,,,,,,,,,15.2,46.4,UNSAMPLED,0
1741,71.61094339622642,0,,,,,,,,,,,15.2,46.4,UNSAMPLED,0
1742,71.65207547169811,0,,,,,,,,,,,15.2,46.4,UNSAMPLED,0
1743,71.6932075471698,0,,,,,,,,,,,15.2,46.4,UNSAMPLED,0
1744,71.7343396226415,1,16.4,46.3,164,463,16.4,46.3,164,463,green_difference/PSM7,green_difference/PSM7,16.4,46.3,ACCEPT_PRIMARY,0
1745,71.77547169811321,0,,,,,,,,,,,16.4,46.3,UNSAMPLED,0
1746,71.8166037735849,0,,,,,,,,,,,16.4,46.3,UNSAMPLED,0
1747,71.8577358490566,0,,,,,,,,,,,16.4,46.3,UNSAMPLED,0
1748,71.8988679245283,0,,,,,,,,,,,16.4,46.3,UNSAMPLED,0
1749,71.94,0,,,,,,,,,,,16.4,46.3,UNSAMPLED,0
1750,71.98113207547169,0,,,,,,,,,,,16.4,46.3,UNSAMPLED,0
1751,72.02226415094339,0,,,,,,,,,,,16.4,46.3,UNSAMPLED,0
1752,72.0633962264151,1,15.4,465.3,154,4653,15.4,46.3,15.4,46.3,green_channel_otsu/PSM7,green_channel_otsu/PSM7,15.4,46.3,ACCEPT_RETRY,1
1753,72.10452830188679,0,,,,,,,,,,,15.4,46.3,UNSAMPLED,0
1754,72.14566037735848,0,,,,,,,,,,,15.4,46.3,UNSAMPLED,0
1755,72.18679245283019,0,,,,,,,,,,,15.4,46.3,UNSAMPLED,0
1756,72.22792452830188,0,,,,,,,,,,,15.4,46.3,UNSAMPLED,0
1757,72.26905660377358,0,,,,,,,,,,,15.4,46.3,UNSAMPLED,0
1758,72.31018867924529,0,,,,,,,,,,,15.4,46.3,UNSAMPLED,0
1759,72.35132075471698,0,,,,,,,,,,,15.4,46.3,UNSAMPLED,0
1760,72.39245283018867,1,15.4,46.3,154,463,15.4,46.3,154,463,green_difference/PSM7,green_difference/PSM7,15.4,46.3,ACCEPT_PRIMARY,0
1761,72.43358490566037,0,,,,,,,,,,,15.4,46.3,UNSAMPLED,0
1762,72.47471698113208,0,,,,,,,,,,,15.4,46.3,UNSAMPLED,0
1763,72.51584905660377,0,,,,,,,,,,,15.4,46.3,UNSAMPLED,0
1764,72.55698113207546,0,,,,,,,,,,,15.4,46.3,UNSAMPLED,0
1765,72.59811320754717,0,,,,,,,,,,,15.4,46.3,UNSAMPLED,0
1766,72.63924528301887,0,,,,,,,,,,,15.4,46.3,UNSAMPLED,0
1767,72.68037735849056,0,,,,,,,,,,,15.4,46.3,UNSAMPLED,0
1768,72.72150943396225,1,,46.3,1,46.30,15.4,46.3,15.4,46.30,green_channel_otsu/PSM7,green_difference/PSM7,15.4,46.3,ACCEPT_RETRY,1
1769,72.76264150943396,0,,,,,,,,,,,15.4,46.3,UNSAMPLED,0
1770,72.80377358490566,0,,,,,,,,,,,15.4,46.3,UNSAMPLED,0
1771,72.84490566037735,0,,,,,,,,,,,15.4,46.3,UNSAMPLED,0
1772,72.88603773584906,0,,,,,,,,,,,15.4,46.3,UNSAMPLED,0
1773,72.92716981132075,0,,,,,,,,,,,15.4,46.3,UNSAMPLED,0
1774,72.96830188679245,0,,,,,,,,,,,15.4,46.3,UNSAMPLED,0
1775,73.00943396226415,0,,,,,,,,,,,15.4,46.3,UNSAMPLED,0
1776,73.05056603773585,1,,46.0,,46.0,15.4,46.0,15.4,46.0,green_channel_otsu/PSM7,green_difference/PSM7,15.4,46.0,ACCEPT_RETRY,1
1777,73.09169811320754,0,,,,,,,,,,,15.4,46.0,UNSAMPLED,0
1778,73.13283018867924,0,,,,,,,,,,,15.4,46.0,UNSAMPLED,0
1779,73.17396226415094,0,,,,,,,,,,,15.4,46.0,UNSAMPLED,0
1780,73.21509433962264,0,,,,,,,,,,,15.4,46.0,UNSAMPLED,0
1781,73.25622641509433,0,,,,,,,,,,,15.4,46.0,UNSAMPLED,0
1782,73.29735849056604,0,,,,,,,,,,,15.4,46.0,UNSAMPLED,0
1783,73.33849056603773,0,,,,,,,,,,,15.4,46.0,UNSAMPLED,0
1784,73.37962264150943,1,15.6,45.7,15.6,457,15.6,45.7,15.6,457,green_difference/PSM7,green_difference/PSM7,15.6,45.7,ACCEPT_PRIMARY,0
1785,73.42075471698112,0,,,,,,,,,,,15.6,45.7,UNSAMPLED,0
1786,73.46188679245283,0,,,,,,,,,,,15.6,45.7,UNSAMPLED,0
1787,73.50301886792452,0,,,,,,,,,,,15.6,45.7,UNSAMPLED,0
1788,73.54415094339622,0,,,,,,,,,,,15.6,45.7,UNSAMPLED,0
1789,73.58528301886793,0,,,,,,,,,,,15.6,45.7,UNSAMPLED,0
1790,73.62641509433962,0,,,,,,,,,,,15.6,45.7,UNSAMPLED,0
1791,73.66754716981131,0,,,,,,,,,,,15.6,45.7,UNSAMPLED,0
1792,73.70867924528301,1,13.8,45.7,13.8,457,13.8,45.7,13.8,457,green_difference/PSM7,green_difference/PSM7,13.8,45.7,ACCEPT_PRIMARY,0
1793,73.74981132075472,0,,,,,,,,,,,13.8,45.7,UNSAMPLED,0
1794,73.79094339622641,0,,,,,,,,,,,13.8,45.7,UNSAMPLED,0
1795,73.8320754716981,0,,,,,,,,,,,13.8,45.7,UNSAMPLED,0
1796,73.87320754716981,0,,,,,,,,,,,13.8,45.7,UNSAMPLED,0
1797,73.9143396226415,0,,,,,,,,,,,13.8,45.7,UNSAMPLED,0
1798,73.9554716981132,0,,,,,,,,,,,13.8,45.7,UNSAMPLED,0
1799,73.99660377358491,0,,,,,,,,,,,13.8,45.7,UNSAMPLED,0
1800,74.0377358490566,1,18.9,45.4,18.9,454,15.3,45.4,15.3,454,green_channel_otsu/PSM7,green_difference/PSM7,15.3,45.4,ACCEPT_RETRY,1
1801,74.0788679245283,0,,,,,,,,,,,15.3,45.4,UNSAMPLED,0
1802,74.11999999999999,0,,,,,,,,,,,15.3,45.4,UNSAMPLED,0
1803,74.1611320754717,0,,,,,,,,,,,15.3,45.4,UNSAMPLED,0
1804,74.20226415094339,0,,,,,,,,,,,15.3,45.4,UNSAMPLED,0
1805,74.24339622641509,0,,,,,,,,,,,15.3,45.4,UNSAMPLED,0
1806,74.2845283018868,0,,,,,,,,,,,15.3,45.4,UNSAMPLED,0
1807,74.32566037735849,0,,,,,,,,,,,15.3,45.4,UNSAMPLED,0
1808,74.36679245283018,1,1.3,45.4,1.3,454,15.3,45.4,15.3,454,green_channel_otsu/PSM7,green_difference/PSM7,15.3,45.4,ACCEPT_RETRY,1
1809,74.40792452830188,0,,,,,,,,,,,15.3,45.4,UNSAMPLED,0
1810,74.44905660377358,0,,,,,,,,,,,15.3,45.4,UNSAMPLED,0
1811,74.49018867924528,0,,,,,,,,,,,15.3,45.4,UNSAMPLED,0
1812,74.53132075471697,0,,,,,,,,,,,15.3,45.4,UNSAMPLED,0
1813,74.57245283018868,0,,,,,,,,,,,15.3,45.4,UNSAMPLED,0
1814,74.61358490566037,0,,,,,,,,,,,15.3,45.4,UNSAMPLED,0
1815,74.65471698113207,0,,,,,,,,,,,15.3,45.4,UNSAMPLED,0
1816,74.69584905660378,1,15.3,46.5,15.3,465,15.3,46.5,15.3,465,green_difference/PSM7,green_difference/PSM7,15.3,46.5,ACCEPT_PRIMARY,0
1817,74.73698113207547,0,,,,,,,,,,,15.3,46.5,UNSAMPLED,0
1818,74.77811320754716,0,,,,,,,,,,,15.3,46.5,UNSAMPLED,0
1819,74.81924528301886,0,,,,,,,,,,,15.3,46.5,UNSAMPLED,0
1820,74.86037735849057,0,,,,,,,,,,,15.3,46.5,UNSAMPLED,0
1821,74.90150943396226,0,,,,,,,,,,,15.3,46.5,UNSAMPLED,0
1822,74.94264150943395,0,,,,,,,,,,,15.3,46.5,UNSAMPLED,0
1823,74.98377358490566,0,,,,,,,,,,,15.3,46.5,UNSAMPLED,0
1824,75.02490566037736,1,15.4,463.0,154,4630,15.4,46.3,15.4,46.3,green_channel_otsu/PSM7,green_channel_otsu/PSM7,15.4,46.3,ACCEPT_RETRY,1
1825,75.06603773584905,0,,,,,,,,,,,15.4,46.3,UNSAMPLED,0
1826,75.10716981132074,0,,,,,,,,,,,15.4,46.3,UNSAMPLED,0
1827,75.14830188679245,0,,,,,,,,,,,15.4,46.3,UNSAMPLED,0
1828,75.18943396226415,0,,,,,,,,,,,15.4,46.3,UNSAMPLED,0
1829,75.23056603773584,0,,,,,,,,,,,15.4,46.3,UNSAMPLED,0
1830,75.27169811320755,0,,,,,,,,,,,15.4,46.3,UNSAMPLED,0
1831,75.31283018867924,0,,,,,,,,,,,15.4,46.3,UNSAMPLED,0
1832,75.35396226415094,1,15.4,45.8,15.4,45.80,15.4,45.8,15.4,45.80,green_difference/PSM7,green_difference/PSM7,15.4,45.8,ACCEPT_PRIMARY,0
1833,75.39509433962263,0,,,,,,,,,,,15.4,45.8,UNSAMPLED,0
1834,75.43622641509434,0,,,,,,,,,,,15.4,45.8,UNSAMPLED,0
1835,75.47735849056603,0,,,,,,,,,,,15.4,45.8,UNSAMPLED,0
1836,75.51849056603773,0,,,,,,,,,,,15.4,45.8,UNSAMPLED,0
1837,75.55962264150943,0,,,,,,,,,,,15.4,45.8,UNSAMPLED,0
1838,75.60075471698113,0,,,,,,,,,,,15.4,45.8,UNSAMPLED,0
1839,75.64188679245282,0,,,,,,,,,,,15.4,45.8,UNSAMPLED,0
1840,75.68301886792453,1,15.4,46.5,15.4,46.5,15.4,46.5,15.4,46.5,green_difference/PSM7,green_difference/PSM7,15.4,46.5,ACCEPT_PRIMARY,0
1841,75.72415094339622,0,,,,,,,,,,,15.4,46.5,UNSAMPLED,0
1842,75.76528301886792,0,,,,,,,,,,,15.4,46.5,UNSAMPLED,0
1843,75.80641509433961,0,,,,,,,,,,,15.4,46.5,UNSAMPLED,0
1844,75.84754716981132,0,,,,,,,,,,,15.4,46.5,UNSAMPLED,0
1845,75.88867924528302,0,,,,,,,,,,,15.4,46.5,UNSAMPLED,0
1846,75.92981132075471,0,,,,,,,,,,,15.4,46.5,UNSAMPLED,0
1847,75.97094339622642,0,,,,,,,,,,,15.4,46.5,UNSAMPLED,0
1848,76.01207547169811,1,15.7,46.5,15.7,46.5,15.7,46.5,15.7,46.5,green_difference/PSM7,green_difference/PSM7,15.7,46.5,ACCEPT_PRIMARY,0
1849,76.0532075471698,0,,,,,,,,,,,15.7,46.5,UNSAMPLED,0
1850,76.0943396226415,0,,,,,,,,,,,15.7,46.5,UNSAMPLED,0
1851,76.13547169811321,0,,,,,,,,,,,15.7,46.5,UNSAMPLED,0
1852,76.1766037735849,0,,,,,,,,,,,15.7,46.5,UNSAMPLED,0
1853,76.2177358490566,0,,,,,,,,,,,15.7,46.5,UNSAMPLED,0
1854,76.2588679245283,0,,,,,,,,,,,15.7,46.5,UNSAMPLED,0
1855,76.3,0,,,,,,,,,,,15.7,46.5,UNSAMPLED,0
1856,76.34113207547169,1,15.7,46.1,15.7,461,15.7,46.1,15.7,461,green_difference/PSM7,green_difference/PSM7,15.7,46.1,ACCEPT_PRIMARY,0
1857,76.3822641509434,0,,,,,,,,,,,15.7,46.1,UNSAMPLED,0
1858,76.4233962264151,0,,,,,,,,,,,15.7,46.1,UNSAMPLED,0
1859,76.46452830188679,0,,,,,,,,,,,15.7,46.1,UNSAMPLED,0
1860,76.50566037735848,0,,,,,,,,,,,15.7,46.1,UNSAMPLED,0
1861,76.54679245283019,0,,,,,,,,,,,15.7,46.1,UNSAMPLED,0
1862,76.58792452830188,0,,,,,,,,,,,15.7,46.1,UNSAMPLED,0
1863,76.62905660377358,0,,,,,,,,,,,15.7,46.1,UNSAMPLED,0
1864,76.67018867924529,1,16.0,45.3,16.0,453,16.0,45.3,16.0,453,green_difference/PSM7,green_difference/PSM7,16.0,45.3,ACCEPT_PRIMARY,0
1865,76.71132075471698,0,,,,,,,,,,,16.0,45.3,UNSAMPLED,0
1866,76.75245283018867,0,,,,,,,,,,,16.0,45.3,UNSAMPLED,0
1867,76.79358490566037,0,,,,,,,,,,,16.0,45.3,UNSAMPLED,0
1868,76.83471698113208,0,,,,,,,,,,,16.0,45.3,UNSAMPLED,0
1869,76.87584905660377,0,,,,,,,,,,,16.0,45.3,UNSAMPLED,0
1870,76.91698113207546,0,,,,,,,,,,,16.0,45.3,UNSAMPLED,0
1871,76.95811320754717,0,,,,,,,,,,,16.0,45.3,UNSAMPLED,0
1872,76.99924528301887,1,16.6,45.7,16.6,457,16.6,45.7,16.6,457,green_difference/PSM7,green_difference/PSM7,16.6,45.7,ACCEPT_PRIMARY,0
1873,77.04037735849056,0,,,,,,,,,,,16.6,45.7,UNSAMPLED,0
1874,77.08150943396225,0,,,,,,,,,,,16.6,45.7,UNSAMPLED,0
1875,77.12264150943396,0,,,,,,,,,,,16.6,45.7,UNSAMPLED,0
1876,77.16377358490566,0,,,,,,,,,,,16.6,45.7,UNSAMPLED,0
1877,77.20490566037735,0,,,,,,,,,,,16.6,45.7,UNSAMPLED,0
1878,77.24603773584906,0,,,,,,,,,,,16.6,45.7,UNSAMPLED,0
1879,77.28716981132075,0,,,,,,,,,,,16.6,45.7,UNSAMPLED,0
1880,77.32830188679245,1,15.6,454.0,15.6,4540,15.6,45.4,15.6,45.40,green_difference/PSM7,gray_otsu/PSM7,15.6,45.4,ACCEPT_RETRY,1
1881,77.36943396226415,0,,,,,,,,,,,15.6,45.4,UNSAMPLED,0
1882,77.41056603773585,0,,,,,,,,,,,15.6,45.4,UNSAMPLED,0
1883,77.45169811320754,0,,,,,,,,,,,15.6,45.4,UNSAMPLED,0
1884,77.49283018867924,0,,,,,,,,,,,15.6,45.4,UNSAMPLED,0
1885,77.53396226415094,0,,,,,,,,,,,15.6,45.4,UNSAMPLED,0
1886,77.57509433962264,0,,,,,,,,,,,15.6,45.4,UNSAMPLED,0
1887,77.61622641509433,0,,,,,,,,,,,15.6,45.4,UNSAMPLED,0
1888,77.65735849056604,1,16.6,45.7,16.6,457,16.6,45.7,16.6,457,green_difference/PSM7,green_difference/PSM7,16.6,45.7,ACCEPT_PRIMARY,0
1889,77.69849056603773,0,,,,,,,,,,,16.6,45.7,UNSAMPLED,0
1890,77.73962264150943,0,,,,,,,,,,,16.6,45.7,UNSAMPLED,0
1891,77.78075471698112,0,,,,,,,,,,,16.6,45.7,UNSAMPLED,0
1892,77.82188679245283,0,,,,,,,,,,,16.6,45.7,UNSAMPLED,0
1893,77.86301886792452,0,,,,,,,,,,,16.6,45.7,UNSAMPLED,0
1894,77.90415094339622,0,,,,,,,,,,,16.6,45.7,UNSAMPLED,0
1895,77.94528301886793,0,,,,,,,,,,,16.6,45.7,UNSAMPLED,0
1896,77.98641509433962,1,15.8,46.2,15.8,46.20,15.8,46.2,15.8,46.20,green_difference/PSM7,green_difference/PSM7,15.8,46.2,ACCEPT_PRIMARY,0
1897,78.02754716981131,0,,,,,,,,,,,15.8,46.2,UNSAMPLED,0
1898,78.06867924528302,0,,,,,,,,,,,15.8,46.2,UNSAMPLED,0
1899,78.10981132075472,0,,,,,,,,,,,15.8,46.2,UNSAMPLED,0
1900,78.15094339622641,0,,,,,,,,,,,15.8,46.2,UNSAMPLED,0
1901,78.1920754716981,0,,,,,,,,,,,15.8,46.2,UNSAMPLED,0
1902,78.23320754716981,0,,,,,,,,,,,15.8,46.2,UNSAMPLED,0
1903,78.2743396226415,0,,,,,,,,,,,15.8,46.2,UNSAMPLED,0
1904,78.3154716981132,1,15.48,46.2,15.48,46.20,15.48,46.2,15.48,46.20,green_difference/PSM7,green_difference/PSM7,15.48,46.2,ACCEPT_PRIMARY,0
1905,78.35660377358491,0,,,,,,,,,,,15.48,46.2,UNSAMPLED,0
1906,78.3977358490566,0,,,,,,,,,,,15.48,46.2,UNSAMPLED,0
1907,78.4388679245283,0,,,,,,,,,,,15.48,46.2,UNSAMPLED,0
1908,78.47999999999999,0,,,,,,,,,,,15.48,46.2,UNSAMPLED,0
1909,78.5211320754717,0,,,,,,,,,,,15.48,46.2,UNSAMPLED,0
1910,78.56226415094339,0,,,,,,,,,,,15.48,46.2,UNSAMPLED,0
1911,78.60339622641509,0,,,,,,,,,,,15.48,46.2,UNSAMPLED,0
1912,78.6445283018868,1,,45.6,,45.6,15.1,45.6,15.1,45.6,gray_otsu/PSM7,green_difference/PSM7,15.1,45.6,ACCEPT_RETRY,1
1913,78.68566037735849,0,,,,,,,,,,,15.1,45.6,UNSAMPLED,0
1914,78.72679245283018,0,,,,,,,,,,,15.1,45.6,UNSAMPLED,0
1915,78.76792452830188,0,,,,,,,,,,,15.1,45.6,UNSAMPLED,0
1916,78.80905660377358,0,,,,,,,,,,,15.1,45.6,UNSAMPLED,0
1917,78.85018867924528,0,,,,,,,,,,,15.1,45.6,UNSAMPLED,0
1918,78.89132075471697,0,,,,,,,,,,,15.1,45.6,UNSAMPLED,0
1919,78.93245283018868,0,,,,,,,,,,,15.1,45.6,UNSAMPLED,0
1920,78.97358490566037,1,,45.6,,45.6,15.1,45.6,15.1,45.6,green_channel_otsu/PSM7,green_difference/PSM7,15.1,45.6,ACCEPT_RETRY,1
1921,79.01471698113207,0,,,,,,,,,,,15.1,45.6,UNSAMPLED,0
1922,79.05584905660378,0,,,,,,,,,,,15.1,45.6,UNSAMPLED,0
1923,79.09698113207547,0,,,,,,,,,,,15.1,45.6,UNSAMPLED,0
1924,79.13811320754716,0,,,,,,,,,,,15.1,45.6,UNSAMPLED,0
1925,79.17924528301886,0,,,,,,,,,,,15.1,45.6,UNSAMPLED,0
1926,79.22037735849057,0,,,,,,,,,,,15.1,45.6,UNSAMPLED,0
1927,79.26150943396226,0,,,,,,,,,,,15.1,45.6,UNSAMPLED,0
1928,79.30264150943395,1,,46.0,11,46.0,15.1,46.0,15.1,46.0,green_channel_otsu/PSM7,green_difference/PSM7,15.1,46.0,ACCEPT_RETRY,1
1929,79.34377358490566,0,,,,,,,,,,,15.1,46.0,UNSAMPLED,0
1930,79.38490566037736,0,,,,,,,,,,,15.1,46.0,UNSAMPLED,0
1931,79.42603773584905,0,,,,,,,,,,,15.1,46.0,UNSAMPLED,0
1932,79.46716981132074,0,,,,,,,,,,,15.1,46.0,UNSAMPLED,0
1933,79.50830188679245,0,,,,,,,,,,,15.1,46.0,UNSAMPLED,0
1934,79.54943396226415,0,,,,,,,,,,,15.1,46.0,UNSAMPLED,0
1935,79.59056603773584,0,,,,,,,,,,,15.1,46.0,UNSAMPLED,0
1936,79.63169811320755,1,15.1,46.0,15.1,46.0,15.1,46.0,15.1,46.0,green_difference/PSM7,green_difference/PSM7,15.1,46.0,ACCEPT_PRIMARY,0
1937,79.67283018867924,0,,,,,,,,,,,15.1,46.0,UNSAMPLED,0
1938,79.71396226415094,0,,,,,,,,,,,15.1,46.0,UNSAMPLED,0
1939,79.75509433962264,0,,,,,,,,,,,15.1,46.0,UNSAMPLED,0
1940,79.79622641509434,0,,,,,,,,,,,15.1,46.0,UNSAMPLED,0
1941,79.83735849056603,0,,,,,,,,,,,15.1,46.0,UNSAMPLED,0
1942,79.87849056603773,0,,,,,,,,,,,15.1,46.0,UNSAMPLED,0
1943,79.91962264150943,0,,,,,,,,,,,15.1,46.0,UNSAMPLED,0
1944,79.96075471698113,1,15.1,45.5,15.1,45.50,15.1,45.5,15.1,45.50,green_difference/PSM7,green_difference/PSM7,15.1,45.5,ACCEPT_PRIMARY,0
1945,80.00188679245282,0,,,,,,,,,,,15.1,45.5,UNSAMPLED,0
1946,80.04301886792453,0,,,,,,,,,,,15.1,45.5,UNSAMPLED,0
1947,80.08415094339622,0,,,,,,,,,,,15.1,45.5,UNSAMPLED,0
1948,80.12528301886792,0,,,,,,,,,,,15.1,45.5,UNSAMPLED,0
1949,80.16641509433961,0,,,,,,,,,,,15.1,45.5,UNSAMPLED,0
1950,80.20754716981132,0,,,,,,,,,,,15.1,45.5,UNSAMPLED,0
1951,80.24867924528301,0,,,,,,,,,,,15.1,45.5,UNSAMPLED,0
1952,80.28981132075471,1,15.1,45.5,15.1,45.50,15.1,45.5,15.1,45.50,green_difference/PSM7,green_difference/PSM7,15.1,45.5,ACCEPT_PRIMARY,0
1953,80.33094339622642,0,,,,,,,,,,,15.1,45.5,UNSAMPLED,0
1954,80.37207547169811,0,,,,,,,,,,,15.1,45.5,UNSAMPLED,0
1955,80.4132075471698,0,,,,,,,,,,,15.1,45.5,UNSAMPLED,0
1956,80.4543396226415,0,,,,,,,,,,,15.1,45.5,UNSAMPLED,0
1957,80.4954716981132,0,,,,,,,,,,,15.1,45.5,UNSAMPLED,0
1958,80.5366037735849,0,,,,,,,,,,,15.1,45.5,UNSAMPLED,0
1959,80.5777358490566,0,,,,,,,,,,,15.1,45.5,UNSAMPLED,0
1960,80.6188679245283,1,15.4,46.3,15.4,46.30,15.4,46.3,15.4,46.30,green_difference/PSM7,green_difference/PSM7,15.4,46.3,ACCEPT_PRIMARY,0
1961,80.66,0,,,,,,,,,,,15.4,46.3,UNSAMPLED,0
1962,80.70113207547169,0,,,,,,,,,,,15.4,46.3,UNSAMPLED,0
1963,80.7422641509434,0,,,,,,,,,,,15.4,46.3,UNSAMPLED,0
1964,80.78339622641509,0,,,,,,,,,,,15.4,46.3,UNSAMPLED,0
1965,80.82452830188679,0,,,,,,,,,,,15.4,46.3,UNSAMPLED,0
1966,80.86566037735848,0,,,,,,,,,,,15.4,46.3,UNSAMPLED,0
1967,80.90679245283019,0,,,,,,,,,,,15.4,46.3,UNSAMPLED,0
1968,80.94792452830188,1,15.1,46.3,15.1,46.30,15.1,46.3,15.1,46.30,green_difference/PSM7,green_difference/PSM7,15.1,46.3,ACCEPT_PRIMARY,0
1969,80.98905660377358,0,,,,,,,,,,,15.1,46.3,UNSAMPLED,0
1970,81.03018867924528,0,,,,,,,,,,,15.1,46.3,UNSAMPLED,0
1971,81.07132075471698,0,,,,,,,,,,,15.1,46.3,UNSAMPLED,0
1972,81.11245283018867,0,,,,,,,,,,,15.1,46.3,UNSAMPLED,0
1973,81.15358490566037,0,,,,,,,,,,,15.1,46.3,UNSAMPLED,0
1974,81.19471698113207,0,,,,,,,,,,,15.1,46.3,UNSAMPLED,0
1975,81.23584905660377,0,,,,,,,,,,,15.1,46.3,UNSAMPLED,0
1976,81.27698113207546,1,15.1,45.2,15.1,45.20,15.1,45.2,15.1,45.20,green_difference/PSM7,green_difference/PSM7,15.1,45.2,ACCEPT_PRIMARY,0
1977,81.31811320754717,0,,,,,,,,,,,15.1,45.2,UNSAMPLED,0
1978,81.35924528301886,0,,,,,,,,,,,15.1,45.2,UNSAMPLED,0
1979,81.40037735849056,0,,,,,,,,,,,15.1,45.2,UNSAMPLED,0
1980,81.44150943396227,0,,,,,,,,,,,15.1,45.2,UNSAMPLED,0
1981,81.48264150943396,0,,,,,,,,,,,15.1,45.2,UNSAMPLED,0
1982,81.52377358490565,0,,,,,,,,,,,15.1,45.2,UNSAMPLED,0
1983,81.56490566037735,0,,,,,,,,,,,15.1,45.2,UNSAMPLED,0
1984,81.60603773584906,1,15.1,45.2,15.1,45.20,15.1,45.2,15.1,45.20,green_difference/PSM7,green_difference/PSM7,15.1,45.2,ACCEPT_PRIMARY,0
1985,81.64716981132075,0,,,,,,,,,,,15.1,45.2,UNSAMPLED,0
1986,81.68830188679244,0,,,,,,,,,,,15.1,45.2,UNSAMPLED,0
1987,81.72943396226415,0,,,,,,,,,,,15.1,45.2,UNSAMPLED,0
1988,81.77056603773585,0,,,,,,,,,,,15.1,45.2,UNSAMPLED,0
1989,81.81169811320754,0,,,,,,,,,,,15.1,45.2,UNSAMPLED,0
1990,81.85283018867923,0,,,,,,,,,,,15.1,45.2,UNSAMPLED,0
1991,81.89396226415094,0,,,,,,,,,,,15.1,45.2,UNSAMPLED,0
1992,81.93509433962264,1,15.1,45.1,15.1,451,15.1,45.1,15.1,451,green_difference/PSM7,green_difference/PSM7,15.1,45.1,ACCEPT_PRIMARY,0
1993,81.97622641509433,0,,,,,,,,,,,15.1,45.1,UNSAMPLED,0
1994,82.01735849056604,0,,,,,,,,,,,15.1,45.1,UNSAMPLED,0
1995,82.05849056603773,0,,,,,,,,,,,15.1,45.1,UNSAMPLED,0
1996,82.09962264150943,0,,,,,,,,,,,15.1,45.1,UNSAMPLED,0
1997,82.14075471698112,0,,,,,,,,,,,15.1,45.1,UNSAMPLED,0
1998,82.18188679245283,0,,,,,,,,,,,15.1,45.1,UNSAMPLED,0
1999,82.22301886792452,0,,,,,,,,,,,15.1,45.1,UNSAMPLED,0
2000,82.26415094339622,1,15.1,45.9,15.1,459,15.1,45.9,15.1,459,green_difference/PSM7,green_difference/PSM7,15.1,45.9,ACCEPT_PRIMARY,0
2001,82.30528301886793,0,,,,,,,,,,,15.1,45.9,UNSAMPLED,0
2002,82.34641509433962,0,,,,,,,,,,,15.1,45.9,UNSAMPLED,0
2003,82.38754716981131,0,,,,,,,,,,,15.1,45.9,UNSAMPLED,0
2004,82.42867924528302,0,,,,,,,,,,,15.1,45.9,UNSAMPLED,0
2005,82.46981132075472,0,,,,,,,,,,,15.1,45.9,UNSAMPLED,0
2006,82.51094339622641,0,,,,,,,,,,,15.1,45.9,UNSAMPLED,0
2007,82.5520754716981,0,,,,,,,,,,,15.1,45.9,UNSAMPLED,0
2008,82.59320754716981,1,15.1,46.0,15.1,46.0,15.1,46.0,15.1,46.0,green_difference/PSM7,green_difference/PSM7,15.1,46.0,ACCEPT_PRIMARY,0
2009,82.6343396226415,0,,,,,,,,,,,15.1,46.0,UNSAMPLED,0
2010,82.6754716981132,0,,,,,,,,,,,15.1,46.0,UNSAMPLED,0
2011,82.71660377358491,0,,,,,,,,,,,15.1,46.0,UNSAMPLED,0
2012,82.7577358490566,0,,,,,,,,,,,15.1,46.0,UNSAMPLED,0
2013,82.7988679245283,0,,,,,,,,,,,15.1,46.0,UNSAMPLED,0
2014,82.83999999999999,0,,,,,,,,,,,15.1,46.0,UNSAMPLED,0
2015,82.8811320754717,0,,,,,,,,,,,15.1,46.0,UNSAMPLED,0
2016,82.92226415094339,1,15.1,45.9,15.1,459,15.1,45.9,15.1,459,green_difference/PSM7,green_difference/PSM7,15.1,45.9,ACCEPT_PRIMARY,0
2017,82.96339622641509,0,,,,,,,,,,,15.1,45.9,UNSAMPLED,0
2018,83.0045283018868,0,,,,,,,,,,,15.1,45.9,UNSAMPLED,0
2019,83.04566037735849,0,,,,,,,,,,,15.1,45.9,UNSAMPLED,0
2020,83.08679245283018,0,,,,,,,,,,,15.1,45.9,UNSAMPLED,0
2021,83.12792452830189,0,,,,,,,,,,,15.1,45.9,UNSAMPLED,0
2022,83.16905660377358,0,,,,,,,,,,,15.1,45.9,UNSAMPLED,0
2023,83.21018867924528,0,,,,,,,,,,,15.1,45.9,UNSAMPLED,0
2024,83.25132075471697,1,15.2,46.0,15.2,46.0,15.2,46.0,15.2,46.0,green_difference/PSM7,green_difference/PSM7,15.2,46.0,ACCEPT_PRIMARY,0
2025,83.29245283018868,0,,,,,,,,,,,15.2,46.0,UNSAMPLED,0
2026,83.33358490566037,0,,,,,,,,,,,15.2,46.0,UNSAMPLED,0
2027,83.37471698113207,0,,,,,,,,,,,15.2,46.0,UNSAMPLED,0
2028,83.41584905660378,0,,,,,,,,,,,15.2,46.0,UNSAMPLED,0
2029,83.45698113207547,0,,,,,,,,,,,15.2,46.0,UNSAMPLED,0
2030,83.49811320754716,0,,,,,,,,,,,15.2,46.0,UNSAMPLED,0
2031,83.53924528301886,0,,,,,,,,,,,15.2,46.0,UNSAMPLED,0
2032,83.58037735849057,1,15.1,45.9,15.1,459,15.1,45.9,15.1,459,green_difference/PSM7,green_difference/PSM7,15.1,45.9,ACCEPT_PRIMARY,0
2033,83.62150943396226,0,,,,,,,,,,,15.1,45.9,UNSAMPLED,0
2034,83.66264150943395,0,,,,,,,,,,,15.1,45.9,UNSAMPLED,0
2035,83.70377358490566,0,,,,,,,,,,,15.1,45.9,UNSAMPLED,0
2036,83.74490566037736,0,,,,,,,,,,,15.1,45.9,UNSAMPLED,0
2037,83.78603773584905,0,,,,,,,,,,,15.1,45.9,UNSAMPLED,0
2038,83.82716981132074,0,,,,,,,,,,,15.1,45.9,UNSAMPLED,0
2039,83.86830188679245,0,,,,,,,,,,,15.1,45.9,UNSAMPLED,0
2040,83.90943396226415,1,14.9,457.7,14.9,4577,14.9,45.7,14.9,45.7,green_difference/PSM7,green_channel_otsu/PSM7,14.9,45.7,ACCEPT_RETRY,1
2041,83.95056603773584,0,,,,,,,,,,,14.9,45.7,UNSAMPLED,0
2042,83.99169811320755,0,,,,,,,,,,,14.9,45.7,UNSAMPLED,0
2043,84.03283018867924,0,,,,,,,,,,,14.9,45.7,UNSAMPLED,0
2044,84.07396226415094,0,,,,,,,,,,,14.9,45.7,UNSAMPLED,0
2045,84.11509433962264,0,,,,,,,,,,,14.9,45.7,UNSAMPLED,0
2046,84.15622641509434,0,,,,,,,,,,,14.9,45.7,UNSAMPLED,0
2047,84.19735849056603,0,,,,,,,,,,,14.9,45.7,UNSAMPLED,0
2048,84.23849056603773,1,14.8,461.7,14.8,4617,14.8,46.1,14.8,46.1,green_difference/PSM7,green_channel_otsu/PSM7,14.8,46.1,ACCEPT_RETRY,1
2049,84.27962264150943,0,,,,,,,,,,,14.8,46.1,UNSAMPLED,0
2050,84.32075471698113,0,,,,,,,,,,,14.8,46.1,UNSAMPLED,0
2051,84.36188679245282,0,,,,,,,,,,,14.8,46.1,UNSAMPLED,0
2052,84.40301886792453,0,,,,,,,,,,,14.8,46.1,UNSAMPLED,0
2053,84.44415094339622,0,,,,,,,,,,,14.8,46.1,UNSAMPLED,0
2054,84.48528301886792,0,,,,,,,,,,,14.8,46.1,UNSAMPLED,0
2055,84.52641509433961,0,,,,,,,,,,,14.8,46.1,UNSAMPLED,0
2056,84.56754716981132,1,14.9,46.1,149,46.1,14.9,46.1,149,46.1,green_difference/PSM7,green_difference/PSM7,14.9,46.1,ACCEPT_PRIMARY,0
2057,84.60867924528301,0,,,,,,,,,,,14.9,46.1,UNSAMPLED,0
2058,84.64981132075471,0,,,,,,,,,,,14.9,46.1,UNSAMPLED,0
2059,84.69094339622642,0,,,,,,,,,,,14.9,46.1,UNSAMPLED,0
2060,84.73207547169811,0,,,,,,,,,,,14.9,46.1,UNSAMPLED,0
2061,84.7732075471698,0,,,,,,,,,,,14.9,46.1,UNSAMPLED,0
2062,84.81433962264151,0,,,,,,,,,,,14.9,46.1,UNSAMPLED,0
2063,84.8554716981132,0,,,,,,,,,,,14.9,46.1,UNSAMPLED,0
2064,84.8966037735849,1,15.1,46.2,15.1,46.2,15.1,46.2,15.1,46.2,green_difference/PSM7,green_difference/PSM7,15.1,46.2,ACCEPT_PRIMARY,0
2065,84.9377358490566,0,,,,,,,,,,,15.1,46.2,UNSAMPLED,0
2066,84.9788679245283,0,,,,,,,,,,,15.1,46.2,UNSAMPLED,0
2067,85.02,0,,,,,,,,,,,15.1,46.2,UNSAMPLED,0
2068,85.06113207547169,0,,,,,,,,,,,15.1,46.2,UNSAMPLED,0
2069,85.1022641509434,0,,,,,,,,,,,15.1,46.2,UNSAMPLED,0
2070,85.14339622641509,0,,,,,,,,,,,15.1,46.2,UNSAMPLED,0
2071,85.18452830188679,0,,,,,,,,,,,15.1,46.2,UNSAMPLED,0
2072,85.22566037735848,1,15.1,45.9,15.1,45.9,15.1,45.9,15.1,45.9,green_difference/PSM7,green_difference/PSM7,15.1,45.9,ACCEPT_PRIMARY,0
2073,85.26679245283019,0,,,,,,,,,,,15.1,45.9,UNSAMPLED,0
2074,85.30792452830188,0,,,,,,,,,,,15.1,45.9,UNSAMPLED,0
2075,85.34905660377358,0,,,,,,,,,,,15.1,45.9,UNSAMPLED,0
2076,85.39018867924528,0,,,,,,,,,,,15.1,45.9,UNSAMPLED,0
2077,85.43132075471698,0,,,,,,,,,,,15.1,45.9,UNSAMPLED,0
2078,85.47245283018867,0,,,,,,,,,,,15.1,45.9,UNSAMPLED,0
2079,85.51358490566037,0,,,,,,,,,,,15.1,45.9,UNSAMPLED,0
2080,85.55471698113207,1,,45.8,1,45.8,15.1,45.8,15.1,45.8,green_channel_otsu/PSM7,green_difference/PSM7,15.1,45.8,ACCEPT_RETRY,1
2081,85.59584905660377,0,,,,,,,,,,,15.1,45.8,UNSAMPLED,0
2082,85.63698113207546,0,,,,,,,,,,,15.1,45.8,UNSAMPLED,0
2083,85.67811320754717,0,,,,,,,,,,,15.1,45.8,UNSAMPLED,0
2084,85.71924528301886,0,,,,,,,,,,,15.1,45.8,UNSAMPLED,0
2085,85.76037735849056,0,,,,,,,,,,,15.1,45.8,UNSAMPLED,0
2086,85.80150943396227,0,,,,,,,,,,,15.1,45.8,UNSAMPLED,0
2087,85.84264150943396,0,,,,,,,,,,,15.1,45.8,UNSAMPLED,0
2088,85.88377358490565,1,15.0,45.9,15.00,459,15.0,45.9,15.00,459,green_difference/PSM7,green_difference/PSM7,15.0,45.9,ACCEPT_PRIMARY,0
2089,85.92490566037735,0,,,,,,,,,,,15.0,45.9,UNSAMPLED,0
2090,85.96603773584906,0,,,,,,,,,,,15.0,45.9,UNSAMPLED,0
2091,86.00716981132075,0,,,,,,,,,,,15.0,45.9,UNSAMPLED,0
2092,86.04830188679244,0,,,,,,,,,,,15.0,45.9,UNSAMPLED,0
2093,86.08943396226415,0,,,,,,,,,,,15.0,45.9,UNSAMPLED,0
2094,86.13056603773585,0,,,,,,,,,,,15.0,45.9,UNSAMPLED,0
2095,86.17169811320754,0,,,,,,,,,,,15.0,45.9,UNSAMPLED,0
2096,86.21283018867923,1,15.0,446.7,150,4467,15.0,44.6,15.0,446,green_channel_otsu/PSM7,hsv_green/PSM7,15.0,44.6,ACCEPT_RETRY,1
2097,86.25396226415094,0,,,,,,,,,,,15.0,44.6,UNSAMPLED,0
2098,86.29509433962264,0,,,,,,,,,,,15.0,44.6,UNSAMPLED,0
2099,86.33622641509433,0,,,,,,,,,,,15.0,44.6,UNSAMPLED,0
2100,86.37735849056604,0,,,,,,,,,,,15.0,44.6,UNSAMPLED,0
2101,86.41849056603773,0,,,,,,,,,,,15.0,44.6,UNSAMPLED,0
2102,86.45962264150943,0,,,,,,,,,,,15.0,44.6,UNSAMPLED,0
2103,86.50075471698113,0,,,,,,,,,,,15.0,44.6,UNSAMPLED,0
2104,86.54188679245283,1,13.6,45.9,13.6.0,459,13.6,45.9,13.6.0,459,green_difference/PSM7,green_difference/PSM7,13.6,45.9,ACCEPT_PRIMARY,0
2105,86.58301886792452,0,,,,,,,,,,,13.6,45.9,UNSAMPLED,0
2106,86.62415094339622,0,,,,,,,,,,,13.6,45.9,UNSAMPLED,0
2107,86.66528301886792,0,,,,,,,,,,,13.6,45.9,UNSAMPLED,0
2108,86.70641509433962,0,,,,,,,,,,,13.6,45.9,UNSAMPLED,0
2109,86.74754716981131,0,,,,,,,,,,,13.6,45.9,UNSAMPLED,0
2110,86.78867924528302,0,,,,,,,,,,,13.6,45.9,UNSAMPLED,0
2111,86.82981132075471,0,,,,,,,,,,,13.6,45.9,UNSAMPLED,0
2112,86.87094339622641,1,16.6,45.0,16.6.,45.0,15.0,46.0,15.0.0,46.0,green_difference/PSM8,green_channel_otsu/PSM7,15.0,46.0,ACCEPT_RETRY,1
2113,86.9120754716981,0,,,,,,,,,,,15.0,46.0,UNSAMPLED,0
2114,86.95320754716981,0,,,,,,,,,,,15.0,46.0,UNSAMPLED,0
2115,86.9943396226415,0,,,,,,,,,,,15.0,46.0,UNSAMPLED,0
2116,87.0354716981132,0,,,,,,,,,,,15.0,46.0,UNSAMPLED,0
2117,87.0766037735849,0,,,,,,,,,,,15.0,46.0,UNSAMPLED,0
2118,87.1177358490566,0,,,,,,,,,,,15.0,46.0,UNSAMPLED,0
2119,87.1588679245283,0,,,,,,,,,,,15.0,46.0,UNSAMPLED,0
2120,87.19999999999999,1,15.0,45.9,15.0,459,15.0,45.9,15.0,459,green_difference/PSM7,green_difference/PSM7,15.0,45.9,ACCEPT_PRIMARY,0
2121,87.2411320754717,0,,,,,,,,,,,15.0,45.9,UNSAMPLED,0
2122,87.28226415094339,0,,,,,,,,,,,15.0,45.9,UNSAMPLED,0
2123,87.32339622641508,0,,,,,,,,,,,15.0,45.9,UNSAMPLED,0
2124,87.36452830188679,0,,,,,,,,,,,15.0,45.9,UNSAMPLED,0
2125,87.40566037735849,0,,,,,,,,,,,15.0,45.9,UNSAMPLED,0
2126,87.44679245283018,0,,,,,,,,,,,15.0,45.9,UNSAMPLED,0
2127,87.48792452830189,0,,,,,,,,,,,15.0,45.9,UNSAMPLED,0
2128,87.52905660377358,1,15.0,45.9,15.0,459,15.0,45.9,15.0,459,green_difference/PSM7,green_difference/PSM7,15.0,45.9,ACCEPT_PRIMARY,0
2129,87.57018867924528,0,,,,,,,,,,,15.0,45.9,UNSAMPLED,0
2130,87.61132075471697,0,,,,,,,,,,,15.0,45.9,UNSAMPLED,0
2131,87.65245283018868,0,,,,,,,,,,,15.0,45.9,UNSAMPLED,0
2132,87.69358490566037,0,,,,,,,,,,,15.0,45.9,UNSAMPLED,0
2133,87.73471698113207,0,,,,,,,,,,,15.0,45.9,UNSAMPLED,0
2134,87.77584905660378,0,,,,,,,,,,,15.0,45.9,UNSAMPLED,0
2135,87.81698113207547,0,,,,,,,,,,,15.0,45.9,UNSAMPLED,0
2136,87.85811320754716,1,15.0,45.5,15.0,455,15.0,45.5,15.0,455,green_difference/PSM7,green_difference/PSM7,15.0,45.5,ACCEPT_PRIMARY,0
2137,87.89924528301886,0,,,,,,,,,,,15.0,45.5,UNSAMPLED,0
2138,87.94037735849057,0,,,,,,,,,,,15.0,45.5,UNSAMPLED,0
2139,87.98150943396226,0,,,,,,,,,,,15.0,45.5,UNSAMPLED,0
2140,88.02264150943395,0,,,,,,,,,,,15.0,45.5,UNSAMPLED,0
2141,88.06377358490566,0,,,,,,,,,,,15.0,45.5,UNSAMPLED,0
2142,88.10490566037736,0,,,,,,,,,,,15.0,45.5,UNSAMPLED,0
2143,88.14603773584905,0,,,,,,,,,,,15.0,45.5,UNSAMPLED,0
2144,88.18716981132076,1,15.0,45.8,15.0,45.8,15.0,45.8,15.0,45.8,green_difference/PSM7,green_difference/PSM7,15.0,45.8,ACCEPT_PRIMARY,0
2145,88.22830188679245,0,,,,,,,,,,,15.0,45.8,UNSAMPLED,0
2146,88.26943396226415,0,,,,,,,,,,,15.0,45.8,UNSAMPLED,0
2147,88.31056603773584,0,,,,,,,,,,,15.0,45.8,UNSAMPLED,0
2148,88.35169811320755,0,,,,,,,,,,,15.0,45.8,UNSAMPLED,0
2149,88.39283018867924,0,,,,,,,,,,,15.0,45.8,UNSAMPLED,0
2150,88.43396226415094,0,,,,,,,,,,,15.0,45.8,UNSAMPLED,0
2151,88.47509433962264,0,,,,,,,,,,,15.0,45.8,UNSAMPLED,0
2152,88.51622641509434,1,15.0,45.7,15.0,45.7,15.0,45.7,15.0,45.7,green_difference/PSM7,green_difference/PSM7,15.0,45.7,ACCEPT_PRIMARY,0
2153,88.55735849056603,0,,,,,,,,,,,15.0,45.7,UNSAMPLED,0
2154,88.59849056603773,0,,,,,,,,,,,15.0,45.7,UNSAMPLED,0
2155,88.63962264150943,0,,,,,,,,,,,15.0,45.7,UNSAMPLED,0
2156,88.68075471698113,0,,,,,,,,,,,15.0,45.7,UNSAMPLED,0
2157,88.72188679245282,0,,,,,,,,,,,15.0,45.7,UNSAMPLED,0
2158,88.76301886792453,0,,,,,,,,,,,15.0,45.7,UNSAMPLED,0
2159,88.80415094339622,0,,,,,,,,,,,15.0,45.7,UNSAMPLED,0
2160,88.84528301886792,1,15.0,46.3,15.0,46.30,15.0,46.3,15.0,46.30,green_difference/PSM7,green_difference/PSM7,15.0,46.3,ACCEPT_PRIMARY,0
2161,88.88641509433961,0,,,,,,,,,,,15.0,46.3,UNSAMPLED,0
2162,88.92754716981132,0,,,,,,,,,,,15.0,46.3,UNSAMPLED,0
2163,88.96867924528301,0,,,,,,,,,,,15.0,46.3,UNSAMPLED,0
2164,89.00981132075471,0,,,,,,,,,,,15.0,46.3,UNSAMPLED,0
2165,89.05094339622642,0,,,,,,,,,,,15.0,46.3,UNSAMPLED,0
2166,89.09207547169811,0,,,,,,,,,,,15.0,46.3,UNSAMPLED,0
2167,89.1332075471698,0,,,,,,,,,,,15.0,46.3,UNSAMPLED,0
2168,89.17433962264151,1,15.0,46.3,15.0,46.30,15.0,46.3,15.0,46.30,green_difference/PSM7,green_difference/PSM7,15.0,46.3,ACCEPT_PRIMARY,0
2169,89.2154716981132,0,,,,,,,,,,,15.0,46.3,UNSAMPLED,0
2170,89.2566037735849,0,,,,,,,,,,,15.0,46.3,UNSAMPLED,0
2171,89.2977358490566,0,,,,,,,,,,,15.0,46.3,UNSAMPLED,0
2172,89.3388679245283,0,,,,,,,,,,,15.0,46.3,UNSAMPLED,0
2173,89.38,0,,,,,,,,,,,15.0,46.3,UNSAMPLED,0
2174,89.42113207547169,0,,,,,,,,,,,15.0,46.3,UNSAMPLED,0
2175,89.4622641509434,0,,,,,,,,,,,15.0,46.3,UNSAMPLED,0
2176,89.50339622641509,1,15.3,46.3,15.3,46.30,15.3,46.3,15.3,46.30,green_difference/PSM7,green_difference/PSM7,15.3,46.3,ACCEPT_PRIMARY,0
2177,89.54452830188679,0,,,,,,,,,,,15.3,46.3,UNSAMPLED,0
2178,89.58566037735848,0,,,,,,,,,,,15.3,46.3,UNSAMPLED,0
2179,89.62679245283019,0,,,,,,,,,,,15.3,46.3,UNSAMPLED,0
2180,89.66792452830188,0,,,,,,,,,,,15.3,46.3,UNSAMPLED,0
2181,89.70905660377358,0,,,,,,,,,,,15.3,46.3,UNSAMPLED,0
2182,89.75018867924528,0,,,,,,,,,,,15.3,46.3,UNSAMPLED,0
2183,89.79132075471698,0,,,,,,,,,,,15.3,46.3,UNSAMPLED,0
2184,89.83245283018867,1,15.3,46.3,15.3,46.30,15.3,46.3,15.3,46.30,green_difference/PSM7,green_difference/PSM7,15.3,46.3,ACCEPT_PRIMARY,0
2185,89.87358490566038,0,,,,,,,,,,,15.3,46.3,UNSAMPLED,0
2186,89.91471698113207,0,,,,,,,,,,,15.3,46.3,UNSAMPLED,0
2187,89.95584905660377,0,,,,,,,,,,,15.3,46.3,UNSAMPLED,0
2188,89.99698113207546,0,,,,,,,,,,,15.3,46.3,UNSAMPLED,0
2189,90.03811320754717,0,,,,,,,,,,,15.3,46.3,UNSAMPLED,0
2190,90.07924528301886,0,,,,,,,,,,,15.3,46.3,UNSAMPLED,0
2191,90.12037735849056,0,,,,,,,,,,,15.3,46.3,UNSAMPLED,0
2192,90.16150943396227,1,15.3,46.0,15.3,46.0,15.3,46.0,15.3,46.0,green_difference/PSM7,green_difference/PSM7,15.3,46.0,ACCEPT_PRIMARY,0
2193,90.20264150943396,0,,,,,,,,,,,15.3,46.0,UNSAMPLED,0
2194,90.24377358490565,0,,,,,,,,,,,15.3,46.0,UNSAMPLED,0
2195,90.28490566037735,0,,,,,,,,,,,15.3,46.0,UNSAMPLED,0
2196,90.32603773584906,0,,,,,,,,,,,15.3,46.0,UNSAMPLED,0
2197,90.36716981132075,0,,,,,,,,,,,15.3,46.0,UNSAMPLED,0
2198,90.40830188679244,0,,,,,,,,,,,15.3,46.0,UNSAMPLED,0
2199,90.44943396226415,0,,,,,,,,,,,15.3,46.0,UNSAMPLED,0
2200,90.49056603773585,1,15.3,46.0,15.3,46.0,15.3,46.0,15.3,46.0,green_difference/PSM7,green_difference/PSM7,15.3,46.0,ACCEPT_PRIMARY,0
2201,90.53169811320754,0,,,,,,,,,,,15.3,46.0,UNSAMPLED,0
2202,90.57283018867923,0,,,,,,,,,,,15.3,46.0,UNSAMPLED,0
2203,90.61396226415094,0,,,,,,,,,,,15.3,46.0,UNSAMPLED,0
2204,90.65509433962264,0,,,,,,,,,,,15.3,46.0,UNSAMPLED,0
2205,90.69622641509433,0,,,,,,,,,,,15.3,46.0,UNSAMPLED,0
2206,90.73735849056604,0,,,,,,,,,,,15.3,46.0,UNSAMPLED,0
2207,90.77849056603773,0,,,,,,,,,,,15.3,46.0,UNSAMPLED,0
2208,90.81962264150943,1,15.9,45.2,15.9,45.20,15.9,45.2,15.9,45.20,green_difference/PSM7,green_difference/PSM7,15.9,45.2,ACCEPT_PRIMARY,0
2209,90.86075471698113,0,,,,,,,,,,,15.9,45.2,UNSAMPLED,0
2210,90.90188679245283,0,,,,,,,,,,,15.9,45.2,UNSAMPLED,0
2211,90.94301886792452,0,,,,,,,,,,,15.9,45.2,UNSAMPLED,0
2212,90.98415094339622,0,,,,,,,,,,,15.9,45.2,UNSAMPLED,0
2213,91.02528301886792,0,,,,,,,,,,,15.9,45.2,UNSAMPLED,0
2214,91.06641509433962,0,,,,,,,,,,,15.9,45.2,UNSAMPLED,0
2215,91.10754716981131,0,,,,,,,,,,,15.9,45.2,UNSAMPLED,0
2216,91.14867924528302,1,15.9,45.2,15.9,45.20,15.9,45.2,15.9,45.20,green_difference/PSM7,green_difference/PSM7,15.9,45.2,ACCEPT_PRIMARY,0
2217,91.18981132075471,0,,,,,,,,,,,15.9,45.2,UNSAMPLED,0
2218,91.23094339622641,0,,,,,,,,,,,15.9,45.2,UNSAMPLED,0
2219,91.2720754716981,0,,,,,,,,,,,15.9,45.2,UNSAMPLED,0
2220,91.31320754716981,0,,,,,,,,,,,15.9,45.2,UNSAMPLED,0
2221,91.3543396226415,0,,,,,,,,,,,15.9,45.2,UNSAMPLED,0
2222,91.3954716981132,0,,,,,,,,,,,15.9,45.2,UNSAMPLED,0
2223,91.4366037735849,0,,,,,,,,,,,15.9,45.2,UNSAMPLED,0
2224,91.4777358490566,1,15.9,46.6,15.9,46.6,15.9,46.6,15.9,46.6,green_difference/PSM7,green_difference/PSM7,15.9,46.6,ACCEPT_PRIMARY,0
2225,91.5188679245283,0,,,,,,,,,,,15.9,46.6,UNSAMPLED,0
2226,91.56,0,,,,,,,,,,,15.9,46.6,UNSAMPLED,0
2227,91.6011320754717,0,,,,,,,,,,,15.9,46.6,UNSAMPLED,0
2228,91.64226415094339,0,,,,,,,,,,,15.9,46.6,UNSAMPLED,0
2229,91.68339622641508,0,,,,,,,,,,,15.9,46.6,UNSAMPLED,0
2230,91.72452830188679,0,,,,,,,,,,,15.9,46.6,UNSAMPLED,0
2231,91.76566037735849,0,,,,,,,,,,,15.9,46.6,UNSAMPLED,0
2232,91.80679245283018,1,15.9,46.6,15.9,46.6,15.9,46.6,15.9,46.6,green_difference/PSM7,green_difference/PSM7,15.9,46.6,ACCEPT_PRIMARY,0
2233,91.84792452830189,0,,,,,,,,,,,15.9,46.6,UNSAMPLED,0
2234,91.88905660377358,0,,,,,,,,,,,15.9,46.6,UNSAMPLED,0
2235,91.93018867924528,0,,,,,,,,,,,15.9,46.6,UNSAMPLED,0
2236,91.97132075471697,0,,,,,,,,,,,15.9,46.6,UNSAMPLED,0
2237,92.01245283018868,0,,,,,,,,,,,15.9,46.6,UNSAMPLED,0
2238,92.05358490566037,0,,,,,,,,,,,15.9,46.6,UNSAMPLED,0
2239,92.09471698113207,0,,,,,,,,,,,15.9,46.6,UNSAMPLED,0
2240,92.13584905660377,1,15.9,46.1,15.9,461,15.9,46.1,15.9,461,green_difference/PSM7,green_difference/PSM7,15.9,46.1,ACCEPT_PRIMARY,0
2241,92.17698113207547,0,,,,,,,,,,,15.9,46.1,UNSAMPLED,0
2242,92.21811320754716,0,,,,,,,,,,,15.9,46.1,UNSAMPLED,0
2243,92.25924528301886,0,,,,,,,,,,,15.9,46.1,UNSAMPLED,0
2244,92.30037735849056,0,,,,,,,,,,,15.9,46.1,UNSAMPLED,0
2245,92.34150943396226,0,,,,,,,,,,,15.9,46.1,UNSAMPLED,0
2246,92.38264150943395,0,,,,,,,,,,,15.9,46.1,UNSAMPLED,0
2247,92.42377358490566,0,,,,,,,,,,,15.9,46.1,UNSAMPLED,0
2248,92.46490566037735,1,15.9,46.1,15.9,461,15.9,46.1,15.9,461,green_difference/PSM7,green_difference/PSM7,15.9,46.1,ACCEPT_PRIMARY,0
2249,92.50603773584905,0,,,,,,,,,,,15.9,46.1,UNSAMPLED,0
2250,92.54716981132076,0,,,,,,,,,,,15.9,46.1,UNSAMPLED,0
2251,92.58830188679245,0,,,,,,,,,,,15.9,46.1,UNSAMPLED,0
2252,92.62943396226414,0,,,,,,,,,,,15.9,46.1,UNSAMPLED,0
2253,92.67056603773584,0,,,,,,,,,,,15.9,46.1,UNSAMPLED,0
2254,92.71169811320755,0,,,,,,,,,,,15.9,46.1,UNSAMPLED,0
2255,92.75283018867924,0,,,,,,,,,,,15.9,46.1,UNSAMPLED,0
2256,92.79396226415093,1,19.1,46.0,19.1,46.0,15.1,46.0,15.1,46.0,hsv_green/PSM7,green_difference/PSM7,15.1,46.0,ACCEPT_RETRY,1
2257,92.83509433962264,0,,,,,,,,,,,15.1,46.0,UNSAMPLED,0
2258,92.87622641509434,0,,,,,,,,,,,15.1,46.0,UNSAMPLED,0
2259,92.91735849056603,0,,,,,,,,,,,15.1,46.0,UNSAMPLED,0
2260,92.95849056603772,0,,,,,,,,,,,15.1,46.0,UNSAMPLED,0
2261,92.99962264150943,0,,,,,,,,,,,15.1,46.0,UNSAMPLED,0
2262,93.04075471698113,0,,,,,,,,,,,15.1,46.0,UNSAMPLED,0
2263,93.08188679245282,0,,,,,,,,,,,15.1,46.0,UNSAMPLED,0
2264,93.12301886792453,1,10.0,46.1,100,461,15.0,46.1,15.0,46.10,green_channel_otsu/PSM7,gray_otsu/PSM7,15.0,46.1,ACCEPT_RETRY,1
2265,93.16415094339622,0,,,,,,,,,,,15.0,46.1,UNSAMPLED,0
2266,93.20528301886792,0,,,,,,,,,,,15.0,46.1,UNSAMPLED,0
2267,93.24641509433962,0,,,,,,,,,,,15.0,46.1,UNSAMPLED,0
2268,93.28754716981132,0,,,,,,,,,,,15.0,46.1,UNSAMPLED,0
2269,93.32867924528301,0,,,,,,,,,,,15.0,46.1,UNSAMPLED,0
2270,93.3698113207547,0,,,,,,,,,,,15.0,46.1,UNSAMPLED,0
2271,93.41094339622641,0,,,,,,,,,,,15.0,46.1,UNSAMPLED,0
2272,93.45207547169811,1,19.0,46.8,19.0,46.8,15.0,45.8,15.0,45.8,green_channel_otsu/PSM7,hsv_green/PSM7,15.0,45.8,ACCEPT_RETRY,1
2273,93.4932075471698,0,,,,,,,,,,,15.0,45.8,UNSAMPLED,0
2274,93.53433962264151,0,,,,,,,,,,,15.0,45.8,UNSAMPLED,0
2275,93.5754716981132,0,,,,,,,,,,,15.0,45.8,UNSAMPLED,0
2276,93.6166037735849,0,,,,,,,,,,,15.0,45.8,UNSAMPLED,0
2277,93.65773584905659,0,,,,,,,,,,,15.0,45.8,UNSAMPLED,0
2278,93.6988679245283,0,,,,,,,,,,,15.0,45.8,UNSAMPLED,0
2279,93.74,0,,,,,,,,,,,15.0,45.8,UNSAMPLED,0
2280,93.78113207547169,1,19.0,464.0,19.0,4640,15.0,46.4,15.0,46.4,green_channel_otsu/PSM7,hsv_green/PSM7,15.0,46.4,ACCEPT_RETRY,1
2281,93.8222641509434,0,,,,,,,,,,,15.0,46.4,UNSAMPLED,0
2282,93.86339622641509,0,,,,,,,,,,,15.0,46.4,UNSAMPLED,0
2283,93.90452830188678,0,,,,,,,,,,,15.0,46.4,UNSAMPLED,0
2284,93.94566037735848,0,,,,,,,,,,,15.0,46.4,UNSAMPLED,0
2285,93.98679245283019,0,,,,,,,,,,,15.0,46.4,UNSAMPLED,0
2286,94.02792452830188,0,,,,,,,,,,,15.0,46.4,UNSAMPLED,0
2287,94.06905660377357,0,,,,,,,,,,,15.0,46.4,UNSAMPLED,0
2288,94.11018867924528,1,19.0,47.0,19.0,470,15.0,47.0,15.0,470,green_channel_otsu/PSM7,green_difference/PSM7,15.0,47.0,ACCEPT_RETRY,1
2289,94.15132075471698,0,,,,,,,,,,,15.0,47.0,UNSAMPLED,0
2290,94.19245283018867,0,,,,,,,,,,,15.0,47.0,UNSAMPLED,0
2291,94.23358490566038,0,,,,,,,,,,,15.0,47.0,UNSAMPLED,0
2292,94.27471698113207,0,,,,,,,,,,,15.0,47.0,UNSAMPLED,0
2293,94.31584905660377,0,,,,,,,,,,,15.0,47.0,UNSAMPLED,0
2294,94.35698113207546,0,,,,,,,,,,,15.0,47.0,UNSAMPLED,0
2295,94.39811320754717,0,,,,,,,,,,,15.0,47.0,UNSAMPLED,0
2296,94.43924528301886,1,,46.3,15-0,46.3,15.0,46.3,15.0,46.30,green_channel_otsu/PSM7,hsv_green/PSM7,15.0,46.3,ACCEPT_RETRY,1
2297,94.48037735849056,0,,,,,,,,,,,15.0,46.3,UNSAMPLED,0
2298,94.52150943396227,0,,,,,,,,,,,15.0,46.3,UNSAMPLED,0
2299,94.56264150943396,0,,,,,,,,,,,15.0,46.3,UNSAMPLED,0
2300,94.60377358490565,0,,,,,,,,,,,15.0,46.3,UNSAMPLED,0
2301,94.64490566037735,0,,,,,,,,,,,15.0,46.3,UNSAMPLED,0
2302,94.68603773584906,0,,,,,,,,,,,15.0,46.3,UNSAMPLED,0
2303,94.72716981132075,0,,,,,,,,,,,15.0,46.3,UNSAMPLED,0
2304,94.76830188679244,1,15.0,46.3,15.0,46.3,15.0,46.3,15.0,46.3,green_difference/PSM7,green_difference/PSM7,15.0,46.3,ACCEPT_PRIMARY,0
2305,94.80943396226415,0,,,,,,,,,,,15.0,46.3,UNSAMPLED,0
2306,94.85056603773585,0,,,,,,,,,,,15.0,46.3,UNSAMPLED,0
2307,94.89169811320754,0,,,,,,,,,,,15.0,46.3,UNSAMPLED,0
2308,94.93283018867925,0,,,,,,,,,,,15.0,46.3,UNSAMPLED,0
2309,94.97396226415094,0,,,,,,,,,,,15.0,46.3,UNSAMPLED,0
2310,95.01509433962264,0,,,,,,,,,,,15.0,46.3,UNSAMPLED,0
2311,95.05622641509433,0,,,,,,,,,,,15.0,46.3,UNSAMPLED,0
2312,95.09735849056604,1,15.0,46.0,15.0,460,15.0,46.0,15.0,460,green_difference/PSM7,green_difference/PSM7,15.0,46.0,ACCEPT_PRIMARY,0
2313,95.13849056603773,0,,,,,,,,,,,15.0,46.0,UNSAMPLED,0
2314,95.17962264150943,0,,,,,,,,,,,15.0,46.0,UNSAMPLED,0
2315,95.22075471698113,0,,,,,,,,,,,15.0,46.0,UNSAMPLED,0
2316,95.26188679245283,0,,,,,,,,,,,15.0,46.0,UNSAMPLED,0
2317,95.30301886792452,0,,,,,,,,,,,15.0,46.0,UNSAMPLED,0
2318,95.34415094339622,0,,,,,,,,,,,15.0,46.0,UNSAMPLED,0
2319,95.38528301886792,0,,,,,,,,,,,15.0,46.0,UNSAMPLED,0
2320,95.42641509433962,1,15.0,46.2,15.0,46.2,15.0,46.2,15.0,46.2,green_difference/PSM7,green_difference/PSM7,15.0,46.2,ACCEPT_PRIMARY,0
2321,95.46754716981131,0,,,,,,,,,,,15.0,46.2,UNSAMPLED,0
2322,95.50867924528302,0,,,,,,,,,,,15.0,46.2,UNSAMPLED,0
2323,95.54981132075471,0,,,,,,,,,,,15.0,46.2,UNSAMPLED,0
2324,95.59094339622641,0,,,,,,,,,,,15.0,46.2,UNSAMPLED,0
2325,95.6320754716981,0,,,,,,,,,,,15.0,46.2,UNSAMPLED,0
2326,95.67320754716981,0,,,,,,,,,,,15.0,46.2,UNSAMPLED,0
2327,95.7143396226415,0,,,,,,,,,,,15.0,46.2,UNSAMPLED,0
2328,95.7554716981132,1,15.0,46.4,15.0,464,15.0,46.4,15.0,464,green_difference/PSM7,green_difference/PSM7,15.0,46.4,ACCEPT_PRIMARY,0
2329,95.7966037735849,0,,,,,,,,,,,15.0,46.4,UNSAMPLED,0
2330,95.8377358490566,0,,,,,,,,,,,15.0,46.4,UNSAMPLED,0
2331,95.8788679245283,0,,,,,,,,,,,15.0,46.4,UNSAMPLED,0
2332,95.92,0,,,,,,,,,,,15.0,46.4,UNSAMPLED,0
2333,95.9611320754717,0,,,,,,,,,,,15.0,46.4,UNSAMPLED,0
2334,96.00226415094339,0,,,,,,,,,,,15.0,46.4,UNSAMPLED,0
2335,96.04339622641508,0,,,,,,,,,,,15.0,46.4,UNSAMPLED,0
2336,96.08452830188679,1,14.87,451.7,14.87,4517,14.87,46.1,14.87,46.10,green_difference/PSM7,green_channel_otsu/PSM7,14.87,46.1,ACCEPT_RETRY,1
2337,96.12566037735849,0,,,,,,,,,,,14.87,46.1,UNSAMPLED,0
2338,96.16679245283018,0,,,,,,,,,,,14.87,46.1,UNSAMPLED,0
2339,96.20792452830189,0,,,,,,,,,,,14.87,46.1,UNSAMPLED,0
2340,96.24905660377358,0,,,,,,,,,,,14.87,46.1,UNSAMPLED,0
2341,96.29018867924528,0,,,,,,,,,,,14.87,46.1,UNSAMPLED,0
2342,96.33132075471697,0,,,,,,,,,,,14.87,46.1,UNSAMPLED,0
2343,96.37245283018868,0,,,,,,,,,,,14.87,46.1,UNSAMPLED,0
2344,96.41358490566037,1,14.8,45.7,14.8,45.7,14.8,45.7,14.8,45.7,green_difference/PSM7,green_difference/PSM7,14.8,45.7,ACCEPT_PRIMARY,0
2345,96.45471698113207,0,,,,,,,,,,,14.8,45.7,UNSAMPLED,0
2346,96.49584905660377,0,,,,,,,,,,,14.8,45.7,UNSAMPLED,0
2347,96.53698113207547,0,,,,,,,,,,,14.8,45.7,UNSAMPLED,0
2348,96.57811320754716,0,,,,,,,,,,,14.8,45.7,UNSAMPLED,0
2349,96.61924528301887,0,,,,,,,,,,,14.8,45.7,UNSAMPLED,0
2350,96.66037735849056,0,,,,,,,,,,,14.8,45.7,UNSAMPLED,0
2351,96.70150943396226,0,,,,,,,,,,,14.8,45.7,UNSAMPLED,0
2352,96.74264150943395,1,14.8,45.7,14.8,45.7,14.8,45.7,14.8,45.7,green_difference/PSM7,green_difference/PSM7,14.8,45.7,ACCEPT_PRIMARY,0
2353,96.78377358490566,0,,,,,,,,,,,14.8,45.7,UNSAMPLED,0
2354,96.82490566037735,0,,,,,,,,,,,14.8,45.7,UNSAMPLED,0
2355,96.86603773584905,0,,,,,,,,,,,14.8,45.7,UNSAMPLED,0
2356,96.90716981132076,0,,,,,,,,,,,14.8,45.7,UNSAMPLED,0
2357,96.94830188679245,0,,,,,,,,,,,14.8,45.7,UNSAMPLED,0
2358,96.98943396226414,0,,,,,,,,,,,14.8,45.7,UNSAMPLED,0
2359,97.03056603773584,0,,,,,,,,,,,14.8,45.7,UNSAMPLED,0
2360,97.07169811320755,1,14.7,45.1,14.7,45.1,14.7,45.1,14.7,45.1,green_difference/PSM7,green_difference/PSM7,14.7,45.1,ACCEPT_PRIMARY,0
2361,97.11283018867924,0,,,,,,,,,,,14.7,45.1,UNSAMPLED,0
2362,97.15396226415093,0,,,,,,,,,,,14.7,45.1,UNSAMPLED,0
2363,97.19509433962264,0,,,,,,,,,,,14.7,45.1,UNSAMPLED,0
2364,97.23622641509434,0,,,,,,,,,,,14.7,45.1,UNSAMPLED,0
2365,97.27735849056603,0,,,,,,,,,,,14.7,45.1,UNSAMPLED,0
2366,97.31849056603772,0,,,,,,,,,,,14.7,45.1,UNSAMPLED,0
2367,97.35962264150943,0,,,,,,,,,,,14.7,45.1,UNSAMPLED,0
2368,97.40075471698113,1,14.7,44.8,14.7,44.8,14.7,44.8,14.7,44.8,green_difference/PSM7,green_difference/PSM7,14.7,44.8,ACCEPT_PRIMARY,0
2369,97.44188679245282,0,,,,,,,,,,,14.7,44.8,UNSAMPLED,0
2370,97.48301886792453,0,,,,,,,,,,,14.7,44.8,UNSAMPLED,0
2371,97.52415094339622,0,,,,,,,,,,,14.7,44.8,UNSAMPLED,0
2372,97.56528301886792,0,,,,,,,,,,,14.7,44.8,UNSAMPLED,0
2373,97.60641509433962,0,,,,,,,,,,,14.7,44.8,UNSAMPLED,0
2374,97.64754716981132,0,,,,,,,,,,,14.7,44.8,UNSAMPLED,0
2375,97.68867924528301,0,,,,,,,,,,,14.7,44.8,UNSAMPLED,0
2376,97.7298113207547,1,15.0,44.8,15.0,44.80,15.0,44.8,15.0,44.80,green_difference/PSM7,green_difference/PSM7,15.0,44.8,ACCEPT_PRIMARY,0
2377,97.77094339622641,0,,,,,,,,,,,15.0,44.8,UNSAMPLED,0
2378,97.81207547169811,0,,,,,,,,,,,15.0,44.8,UNSAMPLED,0
2379,97.8532075471698,0,,,,,,,,,,,15.0,44.8,UNSAMPLED,0
2380,97.89433962264151,0,,,,,,,,,,,15.0,44.8,UNSAMPLED,0
2381,97.9354716981132,0,,,,,,,,,,,15.0,44.8,UNSAMPLED,0
2382,97.9766037735849,0,,,,,,,,,,,15.0,44.8,UNSAMPLED,0
2383,98.01773584905659,0,,,,,,,,,,,15.0,44.8,UNSAMPLED,0
2384,98.0588679245283,1,15.0,45.5,15.0,455,15.0,45.5,15.0,455,green_difference/PSM7,green_difference/PSM7,15.0,45.5,ACCEPT_PRIMARY,0
2385,98.1,0,,,,,,,,,,,15.0,45.5,UNSAMPLED,0
2386,98.14113207547169,0,,,,,,,,,,,15.0,45.5,UNSAMPLED,0
2387,98.1822641509434,0,,,,,,,,,,,15.0,45.5,UNSAMPLED,0
2388,98.22339622641509,0,,,,,,,,,,,15.0,45.5,UNSAMPLED,0
2389,98.26452830188678,0,,,,,,,,,,,15.0,45.5,UNSAMPLED,0
2390,98.30566037735849,0,,,,,,,,,,,15.0,45.5,UNSAMPLED,0
2391,98.34679245283019,0,,,,,,,,,,,15.0,45.5,UNSAMPLED,0
2392,98.38792452830188,1,,45.1,51,45.10,15.1,45.1,15.1,45.10,green_channel_otsu/PSM7,green_difference/PSM7,15.1,45.1,ACCEPT_RETRY,1
2393,98.42905660377357,0,,,,,,,,,,,15.1,45.1,UNSAMPLED,0
2394,98.47018867924528,0,,,,,,,,,,,15.1,45.1,UNSAMPLED,0
2395,98.51132075471698,0,,,,,,,,,,,15.1,45.1,UNSAMPLED,0
2396,98.55245283018867,0,,,,,,,,,,,15.1,45.1,UNSAMPLED,0
2397,98.59358490566038,0,,,,,,,,,,,15.1,45.1,UNSAMPLED,0
2398,98.63471698113207,0,,,,,,,,,,,15.1,45.1,UNSAMPLED,0
2399,98.67584905660377,0,,,,,,,,,,,15.1,45.1,UNSAMPLED,0
2400,98.71698113207546,1,15.0,45.0,15.0,45.0,15.0,45.0,15.0,45.0,green_difference/PSM7,green_difference/PSM7,15.0,45.0,ACCEPT_PRIMARY,0
2401,98.75811320754717,0,,,,,,,,,,,15.0,45.0,UNSAMPLED,0
2402,98.79924528301886,0,,,,,,,,,,,15.0,45.0,UNSAMPLED,0
2403,98.84037735849056,0,,,,,,,,,,,15.0,45.0,UNSAMPLED,0
2404,98.88150943396226,0,,,,,,,,,,,15.0,45.0,UNSAMPLED,0
2405,98.92264150943396,0,,,,,,,,,,,15.0,45.0,UNSAMPLED,0
2406,98.96377358490565,0,,,,,,,,,,,15.0,45.0,UNSAMPLED,0
2407,99.00490566037735,0,,,,,,,,,,,15.0,45.0,UNSAMPLED,0
2408,99.04603773584905,1,,45.0,15-8,45.0,15.8,45.0,15.8,45.0,green_channel_otsu/PSM7,green_difference/PSM7,15.8,45.0,ACCEPT_RETRY,1
2409,99.08716981132075,0,,,,,,,,,,,15.8,45.0,UNSAMPLED,0
2410,99.12830188679244,0,,,,,,,,,,,15.8,45.0,UNSAMPLED,0
2411,99.16943396226415,0,,,,,,,,,,,15.8,45.0,UNSAMPLED,0
2412,99.21056603773584,0,,,,,,,,,,,15.8,45.0,UNSAMPLED,0
2413,99.25169811320754,0,,,,,,,,,,,15.8,45.0,UNSAMPLED,0
2414,99.29283018867925,0,,,,,,,,,,,15.8,45.0,UNSAMPLED,0
2415,99.33396226415094,0,,,,,,,,,,,15.8,45.0,UNSAMPLED,0
2416,99.37509433962263,1,,45.6,13-3,45.6,15.8,45.6,15.8,45.6,green_channel_otsu/PSM7,green_difference/PSM7,15.8,45.6,ACCEPT_RETRY,1
2417,99.41622641509433,0,,,,,,,,,,,15.8,45.6,UNSAMPLED,0
2418,99.45735849056604,0,,,,,,,,,,,15.8,45.6,UNSAMPLED,0
2419,99.49849056603773,0,,,,,,,,,,,15.8,45.6,UNSAMPLED,0
2420,99.53962264150942,0,,,,,,,,,,,15.8,45.6,UNSAMPLED,0
2421,99.58075471698113,0,,,,,,,,,,,15.8,45.6,UNSAMPLED,0
2422,99.62188679245283,0,,,,,,,,,,,15.8,45.6,UNSAMPLED,0
2423,99.66301886792452,0,,,,,,,,,,,15.8,45.6,UNSAMPLED,0
2424,99.70415094339621,1,15.8,45.9,158,45.90,15.8,45.9,158,45.90,green_difference/PSM7,green_difference/PSM7,15.8,45.9,ACCEPT_PRIMARY,0
2425,99.74528301886792,0,,,,,,,,,,,15.8,45.9,UNSAMPLED,0
2426,99.78641509433962,0,,,,,,,,,,,15.8,45.9,UNSAMPLED,0
2427,99.82754716981131,0,,,,,,,,,,,15.8,45.9,UNSAMPLED,0
2428,99.86867924528302,0,,,,,,,,,,,15.8,45.9,UNSAMPLED,0
2429,99.90981132075471,0,,,,,,,,,,,15.8,45.9,UNSAMPLED,0
2430,99.9509433962264,0,,,,,,,,,,,15.8,45.9,UNSAMPLED,0
2431,99.99207547169812,0,,,,,,,,,,,15.8,45.9,UNSAMPLED,0
2432,100.03320754716981,1,15.6,46.2,15.6,46.2,15.6,46.2,15.6,46.2,green_difference/PSM7,green_difference/PSM7,15.6,46.2,ACCEPT_PRIMARY,0
2433,100.0743396226415,0,,,,,,,,,,,15.6,46.2,UNSAMPLED,0
2434,100.1154716981132,0,,,,,,,,,,,15.6,46.2,UNSAMPLED,0
2435,100.1566037735849,0,,,,,,,,,,,15.6,46.2,UNSAMPLED,0
2436,100.1977358490566,0,,,,,,,,,,,15.6,46.2,UNSAMPLED,0
2437,100.2388679245283,0,,,,,,,,,,,15.6,46.2,UNSAMPLED,0
2438,100.28,0,,,,,,,,,,,15.6,46.2,UNSAMPLED,0
2439,100.3211320754717,0,,,,,,,,,,,15.6,46.2,UNSAMPLED,0
2440,100.36226415094339,1,16.6,45.7,16.6,457,16.6,45.7,16.6,457,green_difference/PSM7,green_difference/PSM7,16.6,45.7,ACCEPT_PRIMARY,0
2441,100.40339622641508,0,,,,,,,,,,,16.6,45.7,UNSAMPLED,0
2442,100.44452830188679,0,,,,,,,,,,,16.6,45.7,UNSAMPLED,0
2443,100.48566037735849,0,,,,,,,,,,,16.6,45.7,UNSAMPLED,0
2444,100.52679245283018,0,,,,,,,,,,,16.6,45.7,UNSAMPLED,0
2445,100.56792452830189,0,,,,,,,,,,,16.6,45.7,UNSAMPLED,0
2446,100.60905660377358,0,,,,,,,,,,,16.6,45.7,UNSAMPLED,0
2447,100.65018867924528,0,,,,,,,,,,,16.6,45.7,UNSAMPLED,0
2448,100.69132075471697,1,15.7,45.4,15.7,454,15.7,45.4,15.7,454,green_difference/PSM7,green_difference/PSM7,15.7,45.4,ACCEPT_PRIMARY,0
2449,100.73245283018868,0,,,,,,,,,,,15.7,45.4,UNSAMPLED,0
2450,100.77358490566037,0,,,,,,,,,,,15.7,45.4,UNSAMPLED,0
2451,100.81471698113207,0,,,,,,,,,,,15.7,45.4,UNSAMPLED,0
2452,100.85584905660377,0,,,,,,,,,,,15.7,45.4,UNSAMPLED,0
2453,100.89698113207547,0,,,,,,,,,,,15.7,45.4,UNSAMPLED,0
2454,100.93811320754716,0,,,,,,,,,,,15.7,45.4,UNSAMPLED,0
2455,100.97924528301887,0,,,,,,,,,,,15.7,45.4,UNSAMPLED,0
2456,101.02037735849056,1,15.7,45.6,15.7,45.6,15.7,45.6,15.7,45.6,green_difference/PSM7,green_difference/PSM7,15.7,45.6,ACCEPT_PRIMARY,0
2457,101.06150943396226,0,,,,,,,,,,,15.7,45.6,UNSAMPLED,0
2458,101.10264150943395,0,,,,,,,,,,,15.7,45.6,UNSAMPLED,0
2459,101.14377358490566,0,,,,,,,,,,,15.7,45.6,UNSAMPLED,0
2460,101.18490566037735,0,,,,,,,,,,,15.7,45.6,UNSAMPLED,0
2461,101.22603773584905,0,,,,,,,,,,,15.7,45.6,UNSAMPLED,0
2462,101.26716981132076,0,,,,,,,,,,,15.7,45.6,UNSAMPLED,0
2463,101.30830188679245,0,,,,,,,,,,,15.7,45.6,UNSAMPLED,0
2464,101.34943396226414,1,15.8,459.0,15.8,4590,15.8,45.9,15.8,45.90,green_difference/PSM7,gray_otsu/PSM7,15.8,45.9,ACCEPT_RETRY,1
2465,101.39056603773584,0,,,,,,,,,,,15.8,45.9,UNSAMPLED,0
2466,101.43169811320755,0,,,,,,,,,,,15.8,45.9,UNSAMPLED,0
2467,101.47283018867924,0,,,,,,,,,,,15.8,45.9,UNSAMPLED,0
2468,101.51396226415093,0,,,,,,,,,,,15.8,45.9,UNSAMPLED,0
2469,101.55509433962264,0,,,,,,,,,,,15.8,45.9,UNSAMPLED,0
2470,101.59622641509434,0,,,,,,,,,,,15.8,45.9,UNSAMPLED,0
2471,101.63735849056603,0,,,,,,,,,,,15.8,45.9,UNSAMPLED,0
2472,101.67849056603774,1,15.7,461.0,157,4610,15.7,46.1,15.7,46.10,green_channel_otsu/PSM7,green_channel_otsu/PSM7,15.7,46.1,ACCEPT_RETRY,1
2473,101.71962264150943,0,,,,,,,,,,,15.7,46.1,UNSAMPLED,0
2474,101.76075471698113,0,,,,,,,,,,,15.7,46.1,UNSAMPLED,0
2475,101.80188679245282,0,,,,,,,,,,,15.7,46.1,UNSAMPLED,0
2476,101.84301886792453,0,,,,,,,,,,,15.7,46.1,UNSAMPLED,0
2477,101.88415094339622,0,,,,,,,,,,,15.7,46.1,UNSAMPLED,0
2478,101.92528301886792,0,,,,,,,,,,,15.7,46.1,UNSAMPLED,0
2479,101.96641509433962,0,,,,,,,,,,,15.7,46.1,UNSAMPLED,0
2480,102.00754716981132,1,,461.0,7,4610,15.7,46.1,15.7,46.10,green_channel_otsu/PSM7,green_channel_otsu/PSM7,15.7,46.1,ACCEPT_RETRY,1
2481,102.04867924528301,0,,,,,,,,,,,15.7,46.1,UNSAMPLED,0
2482,102.0898113207547,0,,,,,,,,,,,15.7,46.1,UNSAMPLED,0
2483,102.13094339622641,0,,,,,,,,,,,15.7,46.1,UNSAMPLED,0
2484,102.17207547169811,0,,,,,,,,,,,15.7,46.1,UNSAMPLED,0
2485,102.2132075471698,0,,,,,,,,,,,15.7,46.1,UNSAMPLED,0
2486,102.25433962264151,0,,,,,,,,,,,15.7,46.1,UNSAMPLED,0
2487,102.2954716981132,0,,,,,,,,,,,15.7,46.1,UNSAMPLED,0
2488,102.3366037735849,1,,469.0,67,4690,15.7,45.9,15.7,45.9,green_channel_otsu/PSM7,gray_adaptive/PSM7,15.7,45.9,ACCEPT_RETRY,1
2489,102.37773584905659,0,,,,,,,,,,,15.7,45.9,UNSAMPLED,0
2490,102.4188679245283,0,,,,,,,,,,,15.7,45.9,UNSAMPLED,0
2491,102.46,0,,,,,,,,,,,15.7,45.9,UNSAMPLED,0
2492,102.50113207547169,0,,,,,,,,,,,15.7,45.9,UNSAMPLED,0
2493,102.5422641509434,0,,,,,,,,,,,15.7,45.9,UNSAMPLED,0
2494,102.58339622641509,0,,,,,,,,,,,15.7,45.9,UNSAMPLED,0
2495,102.62452830188678,0,,,,,,,,,,,15.7,45.9,UNSAMPLED,0
2496,102.66566037735849,1,,46.3,15,46.3,15.7,46.3,15.7,46.30,green_channel_otsu/PSM7,hsv_green/PSM7,15.7,46.3,ACCEPT_RETRY,1
2497,102.70679245283019,0,,,,,,,,,,,15.7,46.3,UNSAMPLED,0
2498,102.74792452830188,0,,,,,,,,,,,15.7,46.3,UNSAMPLED,0
2499,102.78905660377357,0,,,,,,,,,,,15.7,46.3,UNSAMPLED,0
2500,102.83018867924528,0,,,,,,,,,,,15.7,46.3,UNSAMPLED,0
2501,102.87132075471698,0,,,,,,,,,,,15.7,46.3,UNSAMPLED,0
2502,102.91245283018867,0,,,,,,,,,,,15.7,46.3,UNSAMPLED,0
2503,102.95358490566038,0,,,,,,,,,,,15.7,46.3,UNSAMPLED,0
2504,102.99471698113207,1,15.7,46.5,15.7,465,15.7,46.5,15.7,465,green_difference/PSM7,green_difference/PSM7,15.7,46.5,ACCEPT_PRIMARY,0
2505,103.03584905660377,0,,,,,,,,,,,15.7,46.5,UNSAMPLED,0
2506,103.07698113207546,0,,,,,,,,,,,15.7,46.5,UNSAMPLED,0
2507,103.11811320754717,0,,,,,,,,,,,15.7,46.5,UNSAMPLED,0
2508,103.15924528301886,0,,,,,,,,,,,15.7,46.5,UNSAMPLED,0
2509,103.20037735849056,0,,,,,,,,,,,15.7,46.5,UNSAMPLED,0
2510,103.24150943396226,0,,,,,,,,,,,15.7,46.5,UNSAMPLED,0
2511,103.28264150943396,0,,,,,,,,,,,15.7,46.5,UNSAMPLED,0
2512,103.32377358490565,1,15.7,46.5,157,465,15.7,46.5,157,465,green_difference/PSM7,green_difference/PSM7,15.7,46.5,ACCEPT_PRIMARY,0
2513,103.36490566037736,0,,,,,,,,,,,15.7,46.5,UNSAMPLED,0
2514,103.40603773584905,0,,,,,,,,,,,15.7,46.5,UNSAMPLED,0
2515,103.44716981132075,0,,,,,,,,,,,15.7,46.5,UNSAMPLED,0
2516,103.48830188679244,0,,,,,,,,,,,15.7,46.5,UNSAMPLED,0
2517,103.52943396226415,0,,,,,,,,,,,15.7,46.5,UNSAMPLED,0
2518,103.57056603773584,0,,,,,,,,,,,15.7,46.5,UNSAMPLED,0
2519,103.61169811320754,0,,,,,,,,,,,15.7,46.5,UNSAMPLED,0
2520,103.65283018867925,1,,46.7,17,467,15.7,46.7,15.7,46.7,green_channel_otsu/PSM7,green_channel_otsu/PSM7,15.7,46.7,ACCEPT_RETRY,1
2521,103.69396226415094,0,,,,,,,,,,,15.7,46.7,UNSAMPLED,0
2522,103.73509433962263,0,,,,,,,,,,,15.7,46.7,UNSAMPLED,0
2523,103.77622641509433,0,,,,,,,,,,,15.7,46.7,UNSAMPLED,0
2524,103.81735849056604,0,,,,,,,,,,,15.7,46.7,UNSAMPLED,0
2525,103.85849056603773,0,,,,,,,,,,,15.7,46.7,UNSAMPLED,0
2526,103.89962264150942,0,,,,,,,,,,,15.7,46.7,UNSAMPLED,0
2527,103.94075471698113,0,,,,,,,,,,,15.7,46.7,UNSAMPLED,0
2528,103.98188679245283,1,15.6,46.4,15.6,46.40,15.6,46.4,15.6,46.40,green_difference/PSM7,green_difference/PSM7,15.6,46.4,ACCEPT_PRIMARY,0
2529,104.02301886792452,0,,,,,,,,,,,15.6,46.4,UNSAMPLED,0
2530,104.06415094339621,0,,,,,,,,,,,15.6,46.4,UNSAMPLED,0
2531,104.10528301886792,0,,,,,,,,,,,15.6,46.4,UNSAMPLED,0
2532,104.14641509433962,0,,,,,,,,,,,15.6,46.4,UNSAMPLED,0
2533,104.18754716981131,0,,,,,,,,,,,15.6,46.4,UNSAMPLED,0
2534,104.22867924528302,0,,,,,,,,,,,15.6,46.4,UNSAMPLED,0
2535,104.26981132075471,0,,,,,,,,,,,15.6,46.4,UNSAMPLED,0
2536,104.3109433962264,1,15.6,46.1,15.6,461,15.6,46.1,15.6,461,green_difference/PSM7,green_difference/PSM7,15.6,46.1,ACCEPT_PRIMARY,0
2537,104.35207547169811,0,,,,,,,,,,,15.6,46.1,UNSAMPLED,0
2538,104.39320754716981,0,,,,,,,,,,,15.6,46.1,UNSAMPLED,0
2539,104.4343396226415,0,,,,,,,,,,,15.6,46.1,UNSAMPLED,0
2540,104.4754716981132,0,,,,,,,,,,,15.6,46.1,UNSAMPLED,0
2541,104.5166037735849,0,,,,,,,,,,,15.6,46.1,UNSAMPLED,0
2542,104.5577358490566,0,,,,,,,,,,,15.6,46.1,UNSAMPLED,0
2543,104.59886792452829,0,,,,,,,,,,,15.6,46.1,UNSAMPLED,0
2544,104.64,1,157.7,45.5,1577,45.5,15.7,45.5,15.7,45.5,green_channel_otsu/PSM7,green_difference/PSM7,15.7,45.5,ACCEPT_RETRY,1
2545,104.6811320754717,0,,,,,,,,,,,15.7,45.5,UNSAMPLED,0
2546,104.72226415094339,0,,,,,,,,,,,15.7,45.5,UNSAMPLED,0
2547,104.76339622641508,0,,,,,,,,,,,15.7,45.5,UNSAMPLED,0
2548,104.80452830188679,0,,,,,,,,,,,15.7,45.5,UNSAMPLED,0
2549,104.84566037735848,0,,,,,,,,,,,15.7,45.5,UNSAMPLED,0
2550,104.88679245283018,0,,,,,,,,,,,15.7,45.5,UNSAMPLED,0
2551,104.92792452830189,0,,,,,,,,,,,15.7,45.5,UNSAMPLED,0
2552,104.96905660377358,1,,46.6,77,46.6,15.7,45.64,15.7,45.64,green_channel_otsu/PSM7,gray_adaptive/PSM7,15.7,45.64,ACCEPT_RETRY,1
2553,105.01018867924527,0,,,,,,,,,,,15.7,45.64,UNSAMPLED,0
2554,105.05132075471698,0,,,,,,,,,,,15.7,45.64,UNSAMPLED,0
2555,105.09245283018868,0,,,,,,,,,,,15.7,45.64,UNSAMPLED,0
2556,105.13358490566037,0,,,,,,,,,,,15.7,45.64,UNSAMPLED,0
2557,105.17471698113206,0,,,,,,,,,,,15.7,45.64,UNSAMPLED,0
2558,105.21584905660377,0,,,,,,,,,,,15.7,45.64,UNSAMPLED,0
2559,105.25698113207547,0,,,,,,,,,,,15.7,45.64,UNSAMPLED,0
2560,105.29811320754716,1,,46.9,6,469,15.7,45.9,15.7,45.9,green_channel_otsu/PSM7,gray_adaptive/PSM7,15.7,45.9,ACCEPT_RETRY,1
2561,105.33924528301887,0,,,,,,,,,,,15.7,45.9,UNSAMPLED,0
2562,105.38037735849056,0,,,,,,,,,,,15.7,45.9,UNSAMPLED,0
2563,105.42150943396226,0,,,,,,,,,,,15.7,45.9,UNSAMPLED,0
2564,105.46264150943395,0,,,,,,,,,,,15.7,45.9,UNSAMPLED,0
2565,105.50377358490566,0,,,,,,,,,,,15.7,45.9,UNSAMPLED,0
2566,105.54490566037735,0,,,,,,,,,,,15.7,45.9,UNSAMPLED,0
2567,105.58603773584905,0,,,,,,,,,,,15.7,45.9,UNSAMPLED,0
2568,105.62716981132075,1,15.7,46.7,157,467,15.7,46.7,157,467,green_difference/PSM7,green_difference/PSM7,15.7,46.7,ACCEPT_PRIMARY,0
2569,105.66830188679245,0,,,,,,,,,,,15.7,46.7,UNSAMPLED,0
2570,105.70943396226414,0,,,,,,,,,,,15.7,46.7,UNSAMPLED,0
2571,105.75056603773584,0,,,,,,,,,,,15.7,46.7,UNSAMPLED,0
2572,105.79169811320754,0,,,,,,,,,,,15.7,46.7,UNSAMPLED,0
2573,105.83283018867924,0,,,,,,,,,,,15.7,46.7,UNSAMPLED,0
2574,105.87396226415093,0,,,,,,,,,,,15.7,46.7,UNSAMPLED,0
2575,105.91509433962264,0,,,,,,,,,,,15.7,46.7,UNSAMPLED,0
2576,105.95622641509433,1,,46.7,7,467,15.7,46.7,15.7,46.7,green_channel_otsu/PSM7,green_channel_otsu/PSM7,15.7,46.7,ACCEPT_RETRY,1
2577,105.99735849056603,0,,,,,,,,,,,15.7,46.7,UNSAMPLED,0
2578,106.03849056603774,0,,,,,,,,,,,15.7,46.7,UNSAMPLED,0
2579,106.07962264150943,0,,,,,,,,,,,15.7,46.7,UNSAMPLED,0
2580,106.12075471698112,0,,,,,,,,,,,15.7,46.7,UNSAMPLED,0
2581,106.16188679245282,0,,,,,,,,,,,15.7,46.7,UNSAMPLED,0
2582,106.20301886792453,0,,,,,,,,,,,15.7,46.7,UNSAMPLED,0
2583,106.24415094339622,0,,,,,,,,,,,15.7,46.7,UNSAMPLED,0
2584,106.28528301886791,1,15.8,46.4,15.8,46.4,15.8,46.4,15.8,46.4,green_difference/PSM7,green_difference/PSM7,15.8,46.4,ACCEPT_PRIMARY,0
2585,106.32641509433962,0,,,,,,,,,,,15.8,46.4,UNSAMPLED,0
2586,106.36754716981132,0,,,,,,,,,,,15.8,46.4,UNSAMPLED,0
2587,106.40867924528301,0,,,,,,,,,,,15.8,46.4,UNSAMPLED,0
2588,106.4498113207547,0,,,,,,,,,,,15.8,46.4,UNSAMPLED,0
2589,106.49094339622641,0,,,,,,,,,,,15.8,46.4,UNSAMPLED,0
2590,106.5320754716981,0,,,,,,,,,,,15.8,46.4,UNSAMPLED,0
2591,106.5732075471698,0,,,,,,,,,,,15.8,46.4,UNSAMPLED,0
2592,106.61433962264151,1,15.8,454.0,15.8,4540,15.8,46.4,15.8,46.4,green_difference/PSM7,green_channel_otsu/PSM7,15.8,46.4,ACCEPT_RETRY,1
2593,106.6554716981132,0,,,,,,,,,,,15.8,46.4,UNSAMPLED,0
2594,106.6966037735849,0,,,,,,,,,,,15.8,46.4,UNSAMPLED,0
2595,106.7377358490566,0,,,,,,,,,,,15.8,46.4,UNSAMPLED,0
2596,106.7788679245283,0,,,,,,,,,,,15.8,46.4,UNSAMPLED,0
2597,106.82,0,,,,,,,,,,,15.8,46.4,UNSAMPLED,0
2598,106.86113207547169,0,,,,,,,,,,,15.8,46.4,UNSAMPLED,0
2599,106.9022641509434,0,,,,,,,,,,,15.8,46.4,UNSAMPLED,0
2600,106.94339622641509,1,,46.8,7,46.8,15.7,46.8,15.7,46.8,green_channel_otsu/PSM7,green_difference/PSM7,15.7,46.8,ACCEPT_RETRY,1
2601,106.98452830188678,0,,,,,,,,,,,15.7,46.8,UNSAMPLED,0
2602,107.02566037735849,0,,,,,,,,,,,15.7,46.8,UNSAMPLED,0
2603,107.06679245283019,0,,,,,,,,,,,15.7,46.8,UNSAMPLED,0
2604,107.10792452830188,0,,,,,,,,,,,15.7,46.8,UNSAMPLED,0
2605,107.14905660377357,0,,,,,,,,,,,15.7,46.8,UNSAMPLED,0
2606,107.19018867924528,0,,,,,,,,,,,15.7,46.8,UNSAMPLED,0
2607,107.23132075471698,0,,,,,,,,,,,15.7,46.8,UNSAMPLED,0
2608,107.27245283018867,1,,45.0,7,45.0,15.7,46.0,15.7,46.0,green_channel_otsu/PSM7,hsv_green/PSM7,15.7,46.0,ACCEPT_RETRY,1
2609,107.31358490566038,0,,,,,,,,,,,15.7,46.0,UNSAMPLED,0
2610,107.35471698113207,0,,,,,,,,,,,15.7,46.0,UNSAMPLED,0
2611,107.39584905660377,0,,,,,,,,,,,15.7,46.0,UNSAMPLED,0
2612,107.43698113207546,0,,,,,,,,,,,15.7,46.0,UNSAMPLED,0
2613,107.47811320754717,0,,,,,,,,,,,15.7,46.0,UNSAMPLED,0
2614,107.51924528301886,0,,,,,,,,,,,15.7,46.0,UNSAMPLED,0
2615,107.56037735849056,0,,,,,,,,,,,15.7,46.0,UNSAMPLED,0
2616,107.60150943396226,1,15.5,45.8,15.5,45.80,15.5,45.8,15.5,45.80,green_difference/PSM7,green_difference/PSM7,15.5,45.8,ACCEPT_PRIMARY,0
2617,107.64264150943396,0,,,,,,,,,,,15.5,45.8,UNSAMPLED,0
2618,107.68377358490565,0,,,,,,,,,,,15.5,45.8,UNSAMPLED,0
2619,107.72490566037736,0,,,,,,,,,,,15.5,45.8,UNSAMPLED,0
2620,107.76603773584905,0,,,,,,,,,,,15.5,45.8,UNSAMPLED,0
2621,107.80716981132075,0,,,,,,,,,,,15.5,45.8,UNSAMPLED,0
2622,107.84830188679244,0,,,,,,,,,,,15.5,45.8,UNSAMPLED,0
2623,107.88943396226415,0,,,,,,,,,,,15.5,45.8,UNSAMPLED,0
2624,107.93056603773584,1,15.6,4539.0,15.6,45390,15.5,45.9,15.5,45.9,hsv_green/PSM7,green_channel_otsu/PSM7,15.5,45.9,ACCEPT_RETRY,1
2625,107.97169811320754,0,,,,,,,,,,,15.5,45.9,UNSAMPLED,0
2626,108.01283018867925,0,,,,,,,,,,,15.5,45.9,UNSAMPLED,0
2627,108.05396226415094,0,,,,,,,,,,,15.5,45.9,UNSAMPLED,0
2628,108.09509433962263,0,,,,,,,,,,,15.5,45.9,UNSAMPLED,0
2629,108.13622641509433,0,,,,,,,,,,,15.5,45.9,UNSAMPLED,0
2630,108.17735849056604,0,,,,,,,,,,,15.5,45.9,UNSAMPLED,0
2631,108.21849056603773,0,,,,,,,,,,,15.5,45.9,UNSAMPLED,0
2632,108.25962264150942,1,15.6,45.4,15.6,45.40,15.6,45.4,15.6,45.40,green_difference/PSM7,green_difference/PSM7,15.6,45.4,ACCEPT_PRIMARY,0
2633,108.30075471698113,0,,,,,,,,,,,15.6,45.4,UNSAMPLED,0
2634,108.34188679245283,0,,,,,,,,,,,15.6,45.4,UNSAMPLED,0
2635,108.38301886792452,0,,,,,,,,,,,15.6,45.4,UNSAMPLED,0
2636,108.42415094339623,0,,,,,,,,,,,15.6,45.4,UNSAMPLED,0
2637,108.46528301886792,0,,,,,,,,,,,15.6,45.4,UNSAMPLED,0
2638,108.50641509433962,0,,,,,,,,,,,15.6,45.4,UNSAMPLED,0
2639,108.54754716981131,0,,,,,,,,,,,15.6,45.4,UNSAMPLED,0
2640,108.58867924528302,1,15.6,45.3,15.6,453,15.6,45.3,15.6,453,green_difference/PSM7,green_difference/PSM7,15.6,45.3,ACCEPT_PRIMARY,0
2641,108.62981132075471,0,,,,,,,,,,,15.6,45.3,UNSAMPLED,0
2642,108.6709433962264,0,,,,,,,,,,,15.6,45.3,UNSAMPLED,0
2643,108.71207547169811,0,,,,,,,,,,,15.6,45.3,UNSAMPLED,0
2644,108.75320754716981,0,,,,,,,,,,,15.6,45.3,UNSAMPLED,0
2645,108.7943396226415,0,,,,,,,,,,,15.6,45.3,UNSAMPLED,0
2646,108.8354716981132,0,,,,,,,,,,,15.6,45.3,UNSAMPLED,0
2647,108.8766037735849,0,,,,,,,,,,,15.6,45.3,UNSAMPLED,0
2648,108.9177358490566,1,15.6,45.6,15.6,456,15.6,45.6,15.6,456,green_difference/PSM7,green_difference/PSM7,15.6,45.6,ACCEPT_PRIMARY,0
2649,108.95886792452829,0,,,,,,,,,,,15.6,45.6,UNSAMPLED,0
2650,109.0,0,,,,,,,,,,,15.6,45.6,UNSAMPLED,0
2651,109.0411320754717,0,,,,,,,,,,,15.6,45.6,UNSAMPLED,0
2652,109.08226415094339,0,,,,,,,,,,,15.6,45.6,UNSAMPLED,0
2653,109.12339622641508,0,,,,,,,,,,,15.6,45.6,UNSAMPLED,0
2654,109.16452830188679,0,,,,,,,,,,,15.6,45.6,UNSAMPLED,0
2655,109.20566037735848,0,,,,,,,,,,,15.6,45.6,UNSAMPLED,0
2656,109.24679245283018,1,15.0,45.6,15.0,456,15.0,45.6,15.0,456,green_difference/PSM7,green_difference/PSM7,15.0,45.6,ACCEPT_PRIMARY,0
2657,109.28792452830189,0,,,,,,,,,,,15.0,45.6,UNSAMPLED,0
2658,109.32905660377358,0,,,,,,,,,,,15.0,45.6,UNSAMPLED,0
2659,109.37018867924527,0,,,,,,,,,,,15.0,45.6,UNSAMPLED,0
2660,109.41132075471698,0,,,,,,,,,,,15.0,45.6,UNSAMPLED,0
2661,109.45245283018868,0,,,,,,,,,,,15.0,45.6,UNSAMPLED,0
2662,109.49358490566037,0,,,,,,,,,,,15.0,45.6,UNSAMPLED,0
2663,109.53471698113206,0,,,,,,,,,,,15.0,45.6,UNSAMPLED,0
2664,109.57584905660377,1,15.3,45.3,15.3,453,15.3,45.3,15.3,453,green_difference/PSM7,green_difference/PSM7,15.3,45.3,ACCEPT_PRIMARY,0
2665,109.61698113207547,0,,,,,,,,,,,15.3,45.3,UNSAMPLED,0
2666,109.65811320754716,0,,,,,,,,,,,15.3,45.3,UNSAMPLED,0
2667,109.69924528301887,0,,,,,,,,,,,15.3,45.3,UNSAMPLED,0
2668,109.74037735849056,0,,,,,,,,,,,15.3,45.3,UNSAMPLED,0
2669,109.78150943396226,0,,,,,,,,,,,15.3,45.3,UNSAMPLED,0
2670,109.82264150943395,0,,,,,,,,,,,15.3,45.3,UNSAMPLED,0
2671,109.86377358490566,0,,,,,,,,,,,15.3,45.3,UNSAMPLED,0
2672,109.90490566037735,1,15.3,461.7,15.3,4617,15.3,46.1,15.3,46.10,green_difference/PSM7,gray_otsu/PSM7,15.3,46.1,ACCEPT_RETRY,1
2673,109.94603773584905,0,,,,,,,,,,,15.3,46.1,UNSAMPLED,0
2674,109.98716981132075,0,,,,,,,,,,,15.3,46.1,UNSAMPLED,0
2675,110.02830188679245,0,,,,,,,,,,,15.3,46.1,UNSAMPLED,0
2676,110.06943396226414,0,,,,,,,,,,,15.3,46.1,UNSAMPLED,0
2677,110.11056603773585,0,,,,,,,,,,,15.3,46.1,UNSAMPLED,0
2678,110.15169811320754,0,,,,,,,,,,,15.3,46.1,UNSAMPLED,0
2679,110.19283018867924,0,,,,,,,,,,,15.3,46.1,UNSAMPLED,0
2680,110.23396226415093,1,15.4,46.0,15.4,46.0,15.4,46.0,15.4,46.0,green_difference/PSM7,green_difference/PSM7,15.4,46.0,ACCEPT_PRIMARY,0
2681,110.27509433962264,0,,,,,,,,,,,15.4,46.0,UNSAMPLED,0
2682,110.31622641509433,0,,,,,,,,,,,15.4,46.0,UNSAMPLED,0
2683,110.35735849056603,0,,,,,,,,,,,15.4,46.0,UNSAMPLED,0
2684,110.39849056603774,0,,,,,,,,,,,15.4,46.0,UNSAMPLED,0
2685,110.43962264150943,0,,,,,,,,,,,15.4,46.0,UNSAMPLED,0
2686,110.48075471698112,0,,,,,,,,,,,15.4,46.0,UNSAMPLED,0
2687,110.52188679245282,0,,,,,,,,,,,15.4,46.0,UNSAMPLED,0
2688,110.56301886792453,1,15.3,46.4,15.3,46.4,15.3,46.4,15.3,46.4,green_difference/PSM7,green_difference/PSM7,15.3,46.4,ACCEPT_PRIMARY,0
2689,110.60415094339622,0,,,,,,,,,,,15.3,46.4,UNSAMPLED,0
2690,110.64528301886791,0,,,,,,,,,,,15.3,46.4,UNSAMPLED,0
2691,110.68641509433962,0,,,,,,,,,,,15.3,46.4,UNSAMPLED,0
2692,110.72754716981132,0,,,,,,,,,,,15.3,46.4,UNSAMPLED,0
2693,110.76867924528301,0,,,,,,,,,,,15.3,46.4,UNSAMPLED,0
2694,110.8098113207547,0,,,,,,,,,,,15.3,46.4,UNSAMPLED,0
2695,110.85094339622641,0,,,,,,,,,,,15.3,46.4,UNSAMPLED,0
2696,110.8920754716981,1,15.2,465.6,15.2,465.6,15.2,46.6,15.2,46.6,green_difference/PSM7,green_channel_otsu/PSM7,15.2,46.6,ACCEPT_RETRY,1
2697,110.9332075471698,0,,,,,,,,,,,15.2,46.6,UNSAMPLED,0
2698,110.97433962264151,0,,,,,,,,,,,15.2,46.6,UNSAMPLED,0
2699,111.0154716981132,0,,,,,,,,,,,15.2,46.6,UNSAMPLED,0
2700,111.0566037735849,0,,,,,,,,,,,15.2,46.6,UNSAMPLED,0
2701,111.0977358490566,0,,,,,,,,,,,15.2,46.6,UNSAMPLED,0
2702,111.1388679245283,0,,,,,,,,,,,15.2,46.6,UNSAMPLED,0
2703,111.17999999999999,0,,,,,,,,,,,15.2,46.6,UNSAMPLED,0
2704,111.22113207547169,1,,45.8,11,45.80,15.1,45.8,15.1,45.80,green_channel_otsu/PSM7,green_difference/PSM7,15.1,45.8,ACCEPT_RETRY,1
2705,111.2622641509434,0,,,,,,,,,,,15.1,45.8,UNSAMPLED,0
2706,111.30339622641509,0,,,,,,,,,,,15.1,45.8,UNSAMPLED,0
2707,111.34452830188678,0,,,,,,,,,,,15.1,45.8,UNSAMPLED,0
2708,111.38566037735849,0,,,,,,,,,,,15.1,45.8,UNSAMPLED,0
2709,111.42679245283018,0,,,,,,,,,,,15.1,45.8,UNSAMPLED,0
2710,111.46792452830188,0,,,,,,,,,,,15.1,45.8,UNSAMPLED,0
2711,111.50905660377357,0,,,,,,,,,,,15.1,45.8,UNSAMPLED,0
2712,111.55018867924528,1,15.2,454.0,15.2,4540,15.2,45.4,15.2,45.40,green_difference/PSM7,gray_otsu/PSM7,15.2,45.4,ACCEPT_RETRY,1
2713,111.59132075471697,0,,,,,,,,,,,15.2,45.4,UNSAMPLED,0
2714,111.63245283018867,0,,,,,,,,,,,15.2,45.4,UNSAMPLED,0
2715,111.67358490566038,0,,,,,,,,,,,15.2,45.4,UNSAMPLED,0
2716,111.71471698113207,0,,,,,,,,,,,15.2,45.4,UNSAMPLED,0
2717,111.75584905660376,0,,,,,,,,,,,15.2,45.4,UNSAMPLED,0
2718,111.79698113207547,0,,,,,,,,,,,15.2,45.4,UNSAMPLED,0
2719,111.83811320754717,0,,,,,,,,,,,15.2,45.4,UNSAMPLED,0
2720,111.87924528301886,1,19.2,45.8,19.2,45.80,15.2,45.8,15.2,45.80,green_channel_otsu/PSM7,green_difference/PSM7,15.2,45.8,ACCEPT_RETRY,1
2721,111.92037735849055,0,,,,,,,,,,,15.2,45.8,UNSAMPLED,0
2722,111.96150943396226,0,,,,,,,,,,,15.2,45.8,UNSAMPLED,0
2723,112.00264150943396,0,,,,,,,,,,,15.2,45.8,UNSAMPLED,0
2724,112.04377358490565,0,,,,,,,,,,,15.2,45.8,UNSAMPLED,0
2725,112.08490566037736,0,,,,,,,,,,,15.2,45.8,UNSAMPLED,0
2726,112.12603773584905,0,,,,,,,,,,,15.2,45.8,UNSAMPLED,0
2727,112.16716981132075,0,,,,,,,,,,,15.2,45.8,UNSAMPLED,0
2728,112.20830188679244,1,15.2,45.8,15.2,45.80,15.2,45.8,15.2,45.80,green_difference/PSM7,green_difference/PSM7,15.2,45.8,ACCEPT_PRIMARY,0
2729,112.24943396226415,0,,,,,,,,,,,15.2,45.8,UNSAMPLED,0
2730,112.29056603773584,0,,,,,,,,,,,15.2,45.8,UNSAMPLED,0
2731,112.33169811320754,0,,,,,,,,,,,15.2,45.8,UNSAMPLED,0
2732,112.37283018867925,0,,,,,,,,,,,15.2,45.8,UNSAMPLED,0
2733,112.41396226415094,0,,,,,,,,,,,15.2,45.8,UNSAMPLED,0
2734,112.45509433962263,0,,,,,,,,,,,15.2,45.8,UNSAMPLED,0
2735,112.49622641509433,0,,,,,,,,,,,15.2,45.8,UNSAMPLED,0
2736,112.53735849056604,1,15.2,46.0,15.2,46.0,15.2,46.0,15.2,46.0,green_difference/PSM7,green_difference/PSM7,15.2,46.0,ACCEPT_PRIMARY,0
2737,112.57849056603773,0,,,,,,,,,,,15.2,46.0,UNSAMPLED,0
2738,112.61962264150942,0,,,,,,,,,,,15.2,46.0,UNSAMPLED,0
2739,112.66075471698113,0,,,,,,,,,,,15.2,46.0,UNSAMPLED,0
2740,112.70188679245283,0,,,,,,,,,,,15.2,46.0,UNSAMPLED,0
2741,112.74301886792452,0,,,,,,,,,,,15.2,46.0,UNSAMPLED,0
2742,112.78415094339623,0,,,,,,,,,,,15.2,46.0,UNSAMPLED,0
2743,112.82528301886792,0,,,,,,,,,,,15.2,46.0,UNSAMPLED,0
2744,112.86641509433962,1,15.9,46.9,15.9,469,15.9,46.9,15.9,469,green_difference/PSM7,green_difference/PSM7,15.9,46.9,ACCEPT_PRIMARY,0
2745,112.90754716981131,0,,,,,,,,,,,15.9,46.9,UNSAMPLED,0
2746,112.94867924528302,0,,,,,,,,,,,15.9,46.9,UNSAMPLED,0
2747,112.98981132075471,0,,,,,,,,,,,15.9,46.9,UNSAMPLED,0
2748,113.0309433962264,0,,,,,,,,,,,15.9,46.9,UNSAMPLED,0
2749,113.07207547169811,0,,,,,,,,,,,15.9,46.9,UNSAMPLED,0
2750,113.11320754716981,0,,,,,,,,,,,15.9,46.9,UNSAMPLED,0
2751,113.1543396226415,0,,,,,,,,,,,15.9,46.9,UNSAMPLED,0
2752,113.1954716981132,1,15.9,45.4,15.9,45.4,15.9,45.4,15.9,45.4,green_difference/PSM7,green_difference/PSM7,15.9,45.4,ACCEPT_PRIMARY,0
2753,113.2366037735849,0,,,,,,,,,,,15.9,45.4,UNSAMPLED,0
2754,113.2777358490566,0,,,,,,,,,,,15.9,45.4,UNSAMPLED,0
2755,113.31886792452829,0,,,,,,,,,,,15.9,45.4,UNSAMPLED,0
2756,113.36,0,,,,,,,,,,,15.9,45.4,UNSAMPLED,0
2757,113.4011320754717,0,,,,,,,,,,,15.9,45.4,UNSAMPLED,0
2758,113.44226415094339,0,,,,,,,,,,,15.9,45.4,UNSAMPLED,0
2759,113.4833962264151,0,,,,,,,,,,,15.9,45.4,UNSAMPLED,0
2760,113.52452830188679,1,16.1,46.6,161,46.6,16.1,46.6,161,46.6,green_difference/PSM7,green_difference/PSM7,16.1,46.6,ACCEPT_PRIMARY,0
2761,113.56566037735848,0,,,,,,,,,,,16.1,46.6,UNSAMPLED,0
2762,113.60679245283018,0,,,,,,,,,,,16.1,46.6,UNSAMPLED,0
2763,113.64792452830189,0,,,,,,,,,,,16.1,46.6,UNSAMPLED,0
2764,113.68905660377358,0,,,,,,,,,,,16.1,46.6,UNSAMPLED,0
2765,113.73018867924527,0,,,,,,,,,,,16.1,46.6,UNSAMPLED,0
2766,113.77132075471698,0,,,,,,,,,,,16.1,46.6,UNSAMPLED,0
2767,113.81245283018868,0,,,,,,,,,,,16.1,46.6,UNSAMPLED,0
2768,113.85358490566037,1,16.0,47.4,16.0,474,16.0,47.4,16.0,474,green_difference/PSM7,green_difference/PSM7,16.0,47.4,ACCEPT_PRIMARY,0
2769,113.89471698113206,0,,,,,,,,,,,16.0,47.4,UNSAMPLED,0
2770,113.93584905660377,0,,,,,,,,,,,16.0,47.4,UNSAMPLED,0
2771,113.97698113207547,0,,,,,,,,,,,16.0,47.4,UNSAMPLED,0
2772,114.01811320754716,0,,,,,,,,,,,16.0,47.4,UNSAMPLED,0
2773,114.05924528301887,0,,,,,,,,,,,16.0,47.4,UNSAMPLED,0
2774,114.10037735849056,0,,,,,,,,,,,16.0,47.4,UNSAMPLED,0
2775,114.14150943396226,0,,,,,,,,,,,16.0,47.4,UNSAMPLED,0
2776,114.18264150943395,1,15.3,46.7,153,46.7,15.3,46.7,153,46.7,green_difference/PSM7,green_difference/PSM7,15.3,46.7,ACCEPT_PRIMARY,0
2777,114.22377358490566,0,,,,,,,,,,,15.3,46.7,UNSAMPLED,0
2778,114.26490566037735,0,,,,,,,,,,,15.3,46.7,UNSAMPLED,0
2779,114.30603773584905,0,,,,,,,,,,,15.3,46.7,UNSAMPLED,0
2780,114.34716981132075,0,,,,,,,,,,,15.3,46.7,UNSAMPLED,0
2781,114.38830188679245,0,,,,,,,,,,,15.3,46.7,UNSAMPLED,0
2782,114.42943396226414,0,,,,,,,,,,,15.3,46.7,UNSAMPLED,0
2783,114.47056603773585,0,,,,,,,,,,,15.3,46.7,UNSAMPLED,0
2784,114.51169811320754,1,15.8,46.38,158,46.380,15.8,46.38,158,46.380,green_difference/PSM7,green_difference/PSM7,15.8,46.38,ACCEPT_PRIMARY,0
2785,114.55283018867924,0,,,,,,,,,,,15.8,46.38,UNSAMPLED,0
2786,114.59396226415093,0,,,,,,,,,,,15.8,46.38,UNSAMPLED,0
2787,114.63509433962264,0,,,,,,,,,,,15.8,46.38,UNSAMPLED,0
2788,114.67622641509433,0,,,,,,,,,,,15.8,46.38,UNSAMPLED,0
2789,114.71735849056603,0,,,,,,,,,,,15.8,46.38,UNSAMPLED,0
2790,114.75849056603774,0,,,,,,,,,,,15.8,46.38,UNSAMPLED,0
2791,114.79962264150943,0,,,,,,,,,,,15.8,46.38,UNSAMPLED,0
2792,114.84075471698112,1,14.4,45.5,144,45.5,14.4,45.5,144,45.5,green_difference/PSM7,green_difference/PSM7,14.4,45.5,ACCEPT_PRIMARY,0
2793,114.88188679245282,0,,,,,,,,,,,14.4,45.5,UNSAMPLED,0
2794,114.92301886792453,0,,,,,,,,,,,14.4,45.5,UNSAMPLED,0
2795,114.96415094339622,0,,,,,,,,,,,14.4,45.5,UNSAMPLED,0
2796,115.00528301886791,0,,,,,,,,,,,14.4,45.5,UNSAMPLED,0
2797,115.04641509433962,0,,,,,,,,,,,14.4,45.5,UNSAMPLED,0
2798,115.08754716981132,0,,,,,,,,,,,14.4,45.5,UNSAMPLED,0
2799,115.12867924528301,0,,,,,,,,,,,14.4,45.5,UNSAMPLED,0
2800,115.16981132075472,1,14.4,45.2,144,45.20,14.4,45.2,144,45.20,green_difference/PSM7,green_difference/PSM7,14.4,45.2,ACCEPT_PRIMARY,0
2801,115.21094339622641,0,,,,,,,,,,,14.4,45.2,UNSAMPLED,0
2802,115.2520754716981,0,,,,,,,,,,,14.4,45.2,UNSAMPLED,0
2803,115.2932075471698,0,,,,,,,,,,,14.4,45.2,UNSAMPLED,0
2804,115.33433962264151,0,,,,,,,,,,,14.4,45.2,UNSAMPLED,0
2805,115.3754716981132,0,,,,,,,,,,,14.4,45.2,UNSAMPLED,0
2806,115.4166037735849,0,,,,,,,,,,,14.4,45.2,UNSAMPLED,0
2807,115.4577358490566,0,,,,,,,,,,,14.4,45.2,UNSAMPLED,0
2808,115.4988679245283,1,,45.1,,451,14.4,45.1,14.40,45.1,gray_otsu/PSM7,green_channel_otsu/PSM7,14.4,45.1,ACCEPT_RETRY,1
2809,115.53999999999999,0,,,,,,,,,,,14.4,45.1,UNSAMPLED,0
2810,115.58113207547169,0,,,,,,,,,,,14.4,45.1,UNSAMPLED,0
2811,115.6222641509434,0,,,,,,,,,,,14.4,45.1,UNSAMPLED,0
2812,115.66339622641509,0,,,,,,,,,,,14.4,45.1,UNSAMPLED,0
2813,115.70452830188678,0,,,,,,,,,,,14.4,45.1,UNSAMPLED,0
2814,115.74566037735849,0,,,,,,,,,,,14.4,45.1,UNSAMPLED,0
2815,115.78679245283018,0,,,,,,,,,,,14.4,45.1,UNSAMPLED,0
2816,115.82792452830188,1,14.2,45.3,14.2,45.3,14.2,45.3,14.2,45.3,green_difference/PSM7,green_difference/PSM7,14.2,45.3,ACCEPT_PRIMARY,0
2817,115.86905660377357,0,,,,,,,,,,,14.2,45.3,UNSAMPLED,0
2818,115.91018867924528,0,,,,,,,,,,,14.2,45.3,UNSAMPLED,0
2819,115.95132075471697,0,,,,,,,,,,,14.2,45.3,UNSAMPLED,0
2820,115.99245283018867,0,,,,,,,,,,,14.2,45.3,UNSAMPLED,0
2821,116.03358490566038,0,,,,,,,,,,,14.2,45.3,UNSAMPLED,0
2822,116.07471698113207,0,,,,,,,,,,,14.2,45.3,UNSAMPLED,0
2823,116.11584905660376,0,,,,,,,,,,,14.2,45.3,UNSAMPLED,0
2824,116.15698113207547,1,14.3,45.2,14.3,45.20,14.3,45.2,14.3,45.20,green_difference/PSM7,green_difference/PSM7,14.3,45.2,ACCEPT_PRIMARY,0
2825,116.19811320754717,0,,,,,,,,,,,14.3,45.2,UNSAMPLED,0
2826,116.23924528301886,0,,,,,,,,,,,14.3,45.2,UNSAMPLED,0
2827,116.28037735849055,0,,,,,,,,,,,14.3,45.2,UNSAMPLED,0
2828,116.32150943396226,0,,,,,,,,,,,14.3,45.2,UNSAMPLED,0
2829,116.36264150943396,0,,,,,,,,,,,14.3,45.2,UNSAMPLED,0
2830,116.40377358490565,0,,,,,,,,,,,14.3,45.2,UNSAMPLED,0
2831,116.44490566037736,0,,,,,,,,,,,14.3,45.2,UNSAMPLED,0
2832,116.48603773584905,1,14.4,45.4,14.4,454,14.4,45.4,14.4,454,green_difference/PSM7,green_difference/PSM7,14.4,45.4,ACCEPT_PRIMARY,0
2833,116.52716981132075,0,,,,,,,,,,,14.4,45.4,UNSAMPLED,0
2834,116.56830188679244,0,,,,,,,,,,,14.4,45.4,UNSAMPLED,0
2835,116.60943396226415,0,,,,,,,,,,,14.4,45.4,UNSAMPLED,0
2836,116.65056603773584,0,,,,,,,,,,,14.4,45.4,UNSAMPLED,0
2837,116.69169811320754,0,,,,,,,,,,,14.4,45.4,UNSAMPLED,0
2838,116.73283018867924,0,,,,,,,,,,,14.4,45.4,UNSAMPLED,0
2839,116.77396226415094,0,,,,,,,,,,,14.4,45.4,UNSAMPLED,0
2840,116.81509433962263,1,14.5,45.3,145,45.30,14.5,45.3,145,45.30,green_difference/PSM7,green_difference/PSM7,14.5,45.3,ACCEPT_PRIMARY,0
2841,116.85622641509434,0,,,,,,,,,,,14.5,45.3,UNSAMPLED,0
2842,116.89735849056603,0,,,,,,,,,,,14.5,45.3,UNSAMPLED,0
2843,116.93849056603773,0,,,,,,,,,,,14.5,45.3,UNSAMPLED,0
2844,116.97962264150942,0,,,,,,,,,,,14.5,45.3,UNSAMPLED,0
2845,117.02075471698113,0,,,,,,,,,,,14.5,45.3,UNSAMPLED,0
2846,117.06188679245282,0,,,,,,,,,,,14.5,45.3,UNSAMPLED,0
2847,117.10301886792452,0,,,,,,,,,,,14.5,45.3,UNSAMPLED,0
2848,117.14415094339623,1,14.5,46.2,145,46.20,14.5,46.2,145,46.20,green_difference/PSM7,green_difference/PSM7,14.5,46.2,ACCEPT_PRIMARY,0
2849,117.18528301886792,0,,,,,,,,,,,14.5,46.2,UNSAMPLED,0
2850,117.22641509433961,0,,,,,,,,,,,14.5,46.2,UNSAMPLED,0
2851,117.26754716981131,0,,,,,,,,,,,14.5,46.2,UNSAMPLED,0
2852,117.30867924528302,0,,,,,,,,,,,14.5,46.2,UNSAMPLED,0
2853,117.34981132075471,0,,,,,,,,,,,14.5,46.2,UNSAMPLED,0
2854,117.3909433962264,0,,,,,,,,,,,14.5,46.2,UNSAMPLED,0
2855,117.43207547169811,0,,,,,,,,,,,14.5,46.2,UNSAMPLED,0
2856,117.4732075471698,1,14.5,45.8,145,45.8,14.5,45.8,145,45.8,green_difference/PSM7,green_difference/PSM7,14.5,45.8,ACCEPT_PRIMARY,0
2857,117.5143396226415,0,,,,,,,,,,,14.5,45.8,UNSAMPLED,0
2858,117.5554716981132,0,,,,,,,,,,,14.5,45.8,UNSAMPLED,0
2859,117.5966037735849,0,,,,,,,,,,,14.5,45.8,UNSAMPLED,0
2860,117.6377358490566,0,,,,,,,,,,,14.5,45.8,UNSAMPLED,0
2861,117.67886792452829,0,,,,,,,,,,,14.5,45.8,UNSAMPLED,0
2862,117.72,0,,,,,,,,,,,14.5,45.8,UNSAMPLED,0
2863,117.76113207547169,0,,,,,,,,,,,14.5,45.8,UNSAMPLED,0
2864,117.80226415094339,1,14.4,46.0,144,46.0,14.4,46.0,144,46.0,green_difference/PSM7,green_difference/PSM7,14.4,46.0,ACCEPT_PRIMARY,0
2865,117.8433962264151,0,,,,,,,,,,,14.4,46.0,UNSAMPLED,0
2866,117.88452830188679,0,,,,,,,,,,,14.4,46.0,UNSAMPLED,0
2867,117.92566037735848,0,,,,,,,,,,,14.4,46.0,UNSAMPLED,0
2868,117.96679245283018,0,,,,,,,,,,,14.4,46.0,UNSAMPLED,0
2869,118.00792452830188,0,,,,,,,,,,,14.4,46.0,UNSAMPLED,0
2870,118.04905660377358,0,,,,,,,,,,,14.4,46.0,UNSAMPLED,0
2871,118.09018867924527,0,,,,,,,,,,,14.4,46.0,UNSAMPLED,0
2872,118.13132075471698,1,14.6,45.9,146,45.9,14.6,45.9,146,45.9,green_difference/PSM7,green_difference/PSM7,14.6,45.9,ACCEPT_PRIMARY,0
2873,118.17245283018867,0,,,,,,,,,,,14.6,45.9,UNSAMPLED,0
2874,118.21358490566037,0,,,,,,,,,,,14.6,45.9,UNSAMPLED,0
2875,118.25471698113206,0,,,,,,,,,,,14.6,45.9,UNSAMPLED,0
2876,118.29584905660377,0,,,,,,,,,,,14.6,45.9,UNSAMPLED,0
2877,118.33698113207546,0,,,,,,,,,,,14.6,45.9,UNSAMPLED,0
2878,118.37811320754716,0,,,,,,,,,,,14.6,45.9,UNSAMPLED,0
2879,118.41924528301887,0,,,,,,,,,,,14.6,45.9,UNSAMPLED,0
2880,118.46037735849056,1,14.5,45.0,14.5,450,14.5,45.0,14.5,450,green_difference/PSM7,green_difference/PSM7,14.5,45.0,ACCEPT_PRIMARY,0
2881,118.50150943396226,0,,,,,,,,,,,14.5,45.0,UNSAMPLED,0
2882,118.54264150943396,0,,,,,,,,,,,14.5,45.0,UNSAMPLED,0
2883,118.58377358490566,0,,,,,,,,,,,14.5,45.0,UNSAMPLED,0
2884,118.62490566037735,0,,,,,,,,,,,14.5,45.0,UNSAMPLED,0
2885,118.66603773584905,0,,,,,,,,,,,14.5,45.0,UNSAMPLED,0
2886,118.70716981132075,0,,,,,,,,,,,14.5,45.0,UNSAMPLED,0
2887,118.74830188679245,0,,,,,,,,,,,14.5,45.0,UNSAMPLED,0
2888,118.78943396226414,1,14.8,45.0,14.8,450,14.8,45.0,14.8,450,green_difference/PSM7,green_difference/PSM7,14.8,45.0,ACCEPT_PRIMARY,0
2889,118.83056603773585,0,,,,,,,,,,,14.8,45.0,UNSAMPLED,0
2890,118.87169811320754,0,,,,,,,,,,,14.8,45.0,UNSAMPLED,0
2891,118.91283018867924,0,,,,,,,,,,,14.8,45.0,UNSAMPLED,0
2892,118.95396226415093,0,,,,,,,,,,,14.8,45.0,UNSAMPLED,0
2893,118.99509433962264,0,,,,,,,,,,,14.8,45.0,UNSAMPLED,0
2894,119.03622641509433,0,,,,,,,,,,,14.8,45.0,UNSAMPLED,0
2895,119.07735849056603,0,,,,,,,,,,,14.8,45.0,UNSAMPLED,0
2896,119.11849056603774,1,14.8,44.5,14.8,445,14.8,44.5,14.8,445,green_difference/PSM7,green_difference/PSM7,14.8,44.5,ACCEPT_PRIMARY,0
2897,119.15962264150943,0,,,,,,,,,,,14.8,44.5,UNSAMPLED,0
2898,119.20075471698112,0,,,,,,,,,,,14.8,44.5,UNSAMPLED,0
2899,119.24188679245282,0,,,,,,,,,,,14.8,44.5,UNSAMPLED,0
2900,119.28301886792453,0,,,,,,,,,,,14.8,44.5,UNSAMPLED,0
2901,119.32415094339622,0,,,,,,,,,,,14.8,44.5,UNSAMPLED,0
2902,119.36528301886791,0,,,,,,,,,,,14.8,44.5,UNSAMPLED,0
2903,119.40641509433962,0,,,,,,,,,,,14.8,44.5,UNSAMPLED,0
2904,119.44754716981132,1,14.5,453.9,14.5,4539,14.5,45.9,14.5,45.9,green_difference/PSM7,green_channel_otsu/PSM7,14.5,45.9,ACCEPT_RETRY,1
2905,119.48867924528301,0,,,,,,,,,,,14.5,45.9,UNSAMPLED,0
2906,119.52981132075472,0,,,,,,,,,,,14.5,45.9,UNSAMPLED,0
2907,119.57094339622641,0,,,,,,,,,,,14.5,45.9,UNSAMPLED,0
2908,119.6120754716981,0,,,,,,,,,,,14.5,45.9,UNSAMPLED,0
2909,119.6532075471698,0,,,,,,,,,,,14.5,45.9,UNSAMPLED,0
2910,119.69433962264151,0,,,,,,,,,,,14.5,45.9,UNSAMPLED,0
2911,119.7354716981132,0,,,,,,,,,,,14.5,45.9,UNSAMPLED,0
2912,119.7766037735849,1,15.4,453.9,15.4,4539,15.4,45.9,15.4,45.9,green_difference/PSM7,green_channel_otsu/PSM7,15.4,45.9,ACCEPT_RETRY,1
2913,119.8177358490566,0,,,,,,,,,,,15.4,45.9,UNSAMPLED,0
2914,119.8588679245283,0,,,,,,,,,,,15.4,45.9,UNSAMPLED,0
2915,119.89999999999999,0,,,,,,,,,,,15.4,45.9,UNSAMPLED,0
2916,119.94113207547169,0,,,,,,,,,,,15.4,45.9,UNSAMPLED,0
2917,119.9822641509434,0,,,,,,,,,,,15.4,45.9,UNSAMPLED,0
2918,120.02339622641509,0,,,,,,,,,,,15.4,45.9,UNSAMPLED,0
2919,120.06452830188678,0,,,,,,,,,,,15.4,45.9,UNSAMPLED,0
2920,120.10566037735849,1,19.9,453.9,19.9,4539,15.9,45.9,15.9,45.9,green_channel_otsu/PSM7,green_channel_otsu/PSM7,15.9,45.9,ACCEPT_RETRY,1
2921,120.14679245283018,0,,,,,,,,,,,15.9,45.9,UNSAMPLED,0
2922,120.18792452830188,0,,,,,,,,,,,15.9,45.9,UNSAMPLED,0
2923,120.22905660377359,0,,,,,,,,,,,15.9,45.9,UNSAMPLED,0
2924,120.27018867924528,0,,,,,,,,,,,15.9,45.9,UNSAMPLED,0
2925,120.31132075471697,0,,,,,,,,,,,15.9,45.9,UNSAMPLED,0
2926,120.35245283018867,0,,,,,,,,,,,15.9,45.9,UNSAMPLED,0
2927,120.39358490566038,0,,,,,,,,,,,15.9,45.9,UNSAMPLED,0
2928,120.43471698113207,1,15.9,45.9,15.9,459,15.9,45.9,15.9,459,green_difference/PSM7,green_difference/PSM7,15.9,45.9,ACCEPT_PRIMARY,0
2929,120.47584905660376,0,,,,,,,,,,,15.9,45.9,UNSAMPLED,0
2930,120.51698113207547,0,,,,,,,,,,,15.9,45.9,UNSAMPLED,0
2931,120.55811320754717,0,,,,,,,,,,,15.9,45.9,UNSAMPLED,0
2932,120.59924528301886,0,,,,,,,,,,,15.9,45.9,UNSAMPLED,0
2933,120.64037735849055,0,,,,,,,,,,,15.9,45.9,UNSAMPLED,0
2934,120.68150943396226,0,,,,,,,,,,,15.9,45.9,UNSAMPLED,0
2935,120.72264150943396,0,,,,,,,,,,,15.9,45.9,UNSAMPLED,0
2936,120.76377358490565,1,15.9,479.0,15.9,4790,15.9,47.0,15.9,47.0,green_difference/PSM7,gray_adaptive/PSM7,15.9,47.0,ACCEPT_RETRY,1
2937,120.80490566037736,0,,,,,,,,,,,15.9,47.0,UNSAMPLED,0
2938,120.84603773584905,0,,,,,,,,,,,15.9,47.0,UNSAMPLED,0
2939,120.88716981132075,0,,,,,,,,,,,15.9,47.0,UNSAMPLED,0
2940,120.92830188679244,0,,,,,,,,,,,15.9,47.0,UNSAMPLED,0
2941,120.96943396226415,0,,,,,,,,,,,15.9,47.0,UNSAMPLED,0
2942,121.01056603773584,0,,,,,,,,,,,15.9,47.0,UNSAMPLED,0
2943,121.05169811320754,0,,,,,,,,,,,15.9,47.0,UNSAMPLED,0
2944,121.09283018867924,1,15.8,465.6,15.8,465.6,15.9,46.6,15.9,46.6,green_channel_otsu/PSM7,green_channel_otsu/PSM7,15.9,46.6,ACCEPT_RETRY,1
2945,121.13396226415094,0,,,,,,,,,,,15.9,46.6,UNSAMPLED,0
2946,121.17509433962263,0,,,,,,,,,,,15.9,46.6,UNSAMPLED,0
2947,121.21622641509434,0,,,,,,,,,,,15.9,46.6,UNSAMPLED,0
2948,121.25735849056603,0,,,,,,,,,,,15.9,46.6,UNSAMPLED,0
2949,121.29849056603773,0,,,,,,,,,,,15.9,46.6,UNSAMPLED,0
2950,121.33962264150942,0,,,,,,,,,,,15.9,46.6,UNSAMPLED,0
2951,121.38075471698113,0,,,,,,,,,,,15.9,46.6,UNSAMPLED,0
2952,121.42188679245282,1,16.9,47.6,16.9,476,16.9,47.6,16.9,476,green_difference/PSM7,green_difference/PSM7,16.9,47.6,ACCEPT_PRIMARY,0
2953,121.46301886792452,0,,,,,,,,,,,16.9,47.6,UNSAMPLED,0
2954,121.50415094339623,0,,,,,,,,,,,16.9,47.6,UNSAMPLED,0
2955,121.54528301886792,0,,,,,,,,,,,16.9,47.6,UNSAMPLED,0
2956,121.58641509433961,0,,,,,,,,,,,16.9,47.6,UNSAMPLED,0
2957,121.62754716981131,0,,,,,,,,,,,16.9,47.6,UNSAMPLED,0
2958,121.66867924528302,0,,,,,,,,,,,16.9,47.6,UNSAMPLED,0
2959,121.70981132075471,0,,,,,,,,,,,16.9,47.6,UNSAMPLED,0
2960,121.7509433962264,1,15.8,46.8,15.8,46.8,15.8,46.8,15.8,46.8,green_difference/PSM7,green_difference/PSM7,15.8,46.8,ACCEPT_PRIMARY,0
2961,121.79207547169811,0,,,,,,,,,,,15.8,46.8,UNSAMPLED,0
2962,121.8332075471698,0,,,,,,,,,,,15.8,46.8,UNSAMPLED,0
2963,121.8743396226415,0,,,,,,,,,,,15.8,46.8,UNSAMPLED,0
2964,121.91547169811321,0,,,,,,,,,,,15.8,46.8,UNSAMPLED,0
2965,121.9566037735849,0,,,,,,,,,,,15.8,46.8,UNSAMPLED,0
2966,121.9977358490566,0,,,,,,,,,,,15.8,46.8,UNSAMPLED,0
2967,122.03886792452829,0,,,,,,,,,,,15.8,46.8,UNSAMPLED,0
2968,122.08,1,16.8,46.8,16.8,46.8,16.8,46.8,16.8,46.8,green_difference/PSM7,green_difference/PSM7,16.8,46.8,ACCEPT_PRIMARY,0
2969,122.12113207547169,0,,,,,,,,,,,16.8,46.8,UNSAMPLED,0
2970,122.16226415094339,0,,,,,,,,,,,16.8,46.8,UNSAMPLED,0
2971,122.2033962264151,0,,,,,,,,,,,16.8,46.8,UNSAMPLED,0
2972,122.24452830188679,0,,,,,,,,,,,16.8,46.8,UNSAMPLED,0
2973,122.28566037735848,0,,,,,,,,,,,16.8,46.8,UNSAMPLED,0
2974,122.32679245283018,0,,,,,,,,,,,16.8,46.8,UNSAMPLED,0
2975,122.36792452830188,0,,,,,,,,,,,16.8,46.8,UNSAMPLED,0
2976,122.40905660377358,1,15.8,464.0,15.8,4640,15.8,46.4,15.8,46.4,green_difference/PSM7,green_channel_otsu/PSM7,15.8,46.4,ACCEPT_RETRY,1
2977,122.45018867924527,0,,,,,,,,,,,15.8,46.4,UNSAMPLED,0
2978,122.49132075471698,0,,,,,,,,,,,15.8,46.4,UNSAMPLED,0
2979,122.53245283018867,0,,,,,,,,,,,15.8,46.4,UNSAMPLED,0
2980,122.57358490566037,0,,,,,,,,,,,15.8,46.4,UNSAMPLED,0
2981,122.61471698113206,0,,,,,,,,,,,15.8,46.4,UNSAMPLED,0
2982,122.65584905660377,0,,,,,,,,,,,15.8,46.4,UNSAMPLED,0
2983,122.69698113207546,0,,,,,,,,,,,15.8,46.4,UNSAMPLED,0
2984,122.73811320754716,1,15.8,464.0,15.8,4640,15.8,46.4,15.8,46.4,green_difference/PSM7,green_channel_otsu/PSM7,15.8,46.4,ACCEPT_RETRY,1
2985,122.77924528301887,0,,,,,,,,,,,15.8,46.4,UNSAMPLED,0
2986,122.82037735849056,0,,,,,,,,,,,15.8,46.4,UNSAMPLED,0
2987,122.86150943396225,0,,,,,,,,,,,15.8,46.4,UNSAMPLED,0
2988,122.90264150943396,0,,,,,,,,,,,15.8,46.4,UNSAMPLED,0
2989,122.94377358490566,0,,,,,,,,,,,15.8,46.4,UNSAMPLED,0
2990,122.98490566037735,0,,,,,,,,,,,15.8,46.4,UNSAMPLED,0
2991,123.02603773584904,0,,,,,,,,,,,15.8,46.4,UNSAMPLED,0
2992,123.06716981132075,1,15.8,46.6,15.8,46.6,15.8,46.6,15.8,46.6,green_difference/PSM7,green_difference/PSM7,15.8,46.6,ACCEPT_PRIMARY,0
2993,123.10830188679245,0,,,,,,,,,,,15.8,46.6,UNSAMPLED,0
2994,123.14943396226414,0,,,,,,,,,,,15.8,46.6,UNSAMPLED,0
2995,123.19056603773585,0,,,,,,,,,,,15.8,46.6,UNSAMPLED,0
2996,123.23169811320754,0,,,,,,,,,,,15.8,46.6,UNSAMPLED,0
2997,123.27283018867924,0,,,,,,,,,,,15.8,46.6,UNSAMPLED,0
2998,123.31396226415093,0,,,,,,,,,,,15.8,46.6,UNSAMPLED,0
2999,123.35509433962264,0,,,,,,,,,,,15.8,46.6,UNSAMPLED,0
3000,123.39622641509433,1,15.8,46.5,15.8,46.5,15.8,46.5,15.8,46.5,green_difference/PSM7,green_difference/PSM7,15.8,46.5,ACCEPT_PRIMARY,0
3001,123.43735849056603,0,,,,,,,,,,,15.8,46.5,UNSAMPLED,0
3002,123.47849056603773,0,,,,,,,,,,,15.8,46.5,UNSAMPLED,0
3003,123.51962264150943,0,,,,,,,,,,,15.8,46.5,UNSAMPLED,0
3004,123.56075471698112,0,,,,,,,,,,,15.8,46.5,UNSAMPLED,0
3005,123.60188679245283,0,,,,,,,,,,,15.8,46.5,UNSAMPLED,0
3006,123.64301886792452,0,,,,,,,,,,,15.8,46.5,UNSAMPLED,0
3007,123.68415094339622,0,,,,,,,,,,,15.8,46.5,UNSAMPLED,0
3008,123.72528301886791,1,15.8,46.3,15.8,46.3,15.8,46.3,15.8,46.3,green_difference/PSM7,green_difference/PSM7,15.8,46.3,ACCEPT_PRIMARY,0
3009,123.76641509433962,0,,,,,,,,,,,15.8,46.3,UNSAMPLED,0
3010,123.80754716981131,0,,,,,,,,,,,15.8,46.3,UNSAMPLED,0
3011,123.84867924528301,0,,,,,,,,,,,15.8,46.3,UNSAMPLED,0
3012,123.88981132075472,0,,,,,,,,,,,15.8,46.3,UNSAMPLED,0
3013,123.93094339622641,0,,,,,,,,,,,15.8,46.3,UNSAMPLED,0
3014,123.9720754716981,0,,,,,,,,,,,15.8,46.3,UNSAMPLED,0
3015,124.0132075471698,0,,,,,,,,,,,15.8,46.3,UNSAMPLED,0
3016,124.0543396226415,1,15.8,46.3,15.8,46.30,15.8,46.3,15.8,46.30,green_difference/PSM7,green_difference/PSM7,15.8,46.3,ACCEPT_PRIMARY,0
3017,124.0954716981132,0,,,,,,,,,,,15.8,46.3,UNSAMPLED,0
3018,124.1366037735849,0,,,,,,,,,,,15.8,46.3,UNSAMPLED,0
3019,124.1777358490566,0,,,,,,,,,,,15.8,46.3,UNSAMPLED,0
3020,124.2188679245283,0,,,,,,,,,,,15.8,46.3,UNSAMPLED,0
3021,124.25999999999999,0,,,,,,,,,,,15.8,46.3,UNSAMPLED,0
3022,124.30113207547168,0,,,,,,,,,,,15.8,46.3,UNSAMPLED,0
3023,124.3422641509434,0,,,,,,,,,,,15.8,46.3,UNSAMPLED,0
3024,124.38339622641509,1,15.8,45.5,15.8,45.5,15.8,45.5,15.8,45.5,green_difference/PSM7,green_difference/PSM7,15.8,45.5,ACCEPT_PRIMARY,0
3025,124.42452830188678,0,,,,,,,,,,,15.8,45.5,UNSAMPLED,0
3026,124.46566037735849,0,,,,,,,,,,,15.8,45.5,UNSAMPLED,0
3027,124.50679245283018,0,,,,,,,,,,,15.8,45.5,UNSAMPLED,0
3028,124.54792452830188,0,,,,,,,,,,,15.8,45.5,UNSAMPLED,0
3029,124.58905660377359,0,,,,,,,,,,,15.8,45.5,UNSAMPLED,0
3030,124.63018867924528,0,,,,,,,,,,,15.8,45.5,UNSAMPLED,0
3031,124.67132075471697,0,,,,,,,,,,,15.8,45.5,UNSAMPLED,0
3032,124.71245283018867,1,,45.5,1,45.5,15.1,45.5,15.1,45.5,green_channel_otsu/PSM7,green_difference/PSM7,15.1,45.5,ACCEPT_RETRY,1
3033,124.75358490566038,0,,,,,,,,,,,15.1,45.5,UNSAMPLED,0
3034,124.79471698113207,0,,,,,,,,,,,15.1,45.5,UNSAMPLED,0
3035,124.83584905660376,0,,,,,,,,,,,15.1,45.5,UNSAMPLED,0
3036,124.87698113207547,0,,,,,,,,,,,15.1,45.5,UNSAMPLED,0
3037,124.91811320754717,0,,,,,,,,,,,15.1,45.5,UNSAMPLED,0
3038,124.95924528301886,0,,,,,,,,,,,15.1,45.5,UNSAMPLED,0
3039,125.00037735849055,0,,,,,,,,,,,15.1,45.5,UNSAMPLED,0
3040,125.04150943396226,1,15.0,45.0,15.0,45.0,15.0,45.0,15.0,45.0,green_difference/PSM7,green_difference/PSM7,15.0,45.0,ACCEPT_PRIMARY,0
3041,125.08264150943396,0,,,,,,,,,,,15.0,45.0,UNSAMPLED,0
3042,125.12377358490565,0,,,,,,,,,,,15.0,45.0,UNSAMPLED,0
3043,125.16490566037736,0,,,,,,,,,,,15.0,45.0,UNSAMPLED,0
3044,125.20603773584905,0,,,,,,,,,,,15.0,45.0,UNSAMPLED,0
3045,125.24716981132075,0,,,,,,,,,,,15.0,45.0,UNSAMPLED,0
3046,125.28830188679245,0,,,,,,,,,,,15.0,45.0,UNSAMPLED,0
3047,125.32943396226415,0,,,,,,,,,,,15.0,45.0,UNSAMPLED,0
3048,125.37056603773584,1,15.0,45.0,15.0,45.0,15.0,45.0,15.0,45.0,green_difference/PSM7,green_difference/PSM7,15.0,45.0,ACCEPT_PRIMARY,0
3049,125.41169811320754,0,,,,,,,,,,,15.0,45.0,UNSAMPLED,0
3050,125.45283018867924,0,,,,,,,,,,,15.0,45.0,UNSAMPLED,0
3051,125.49396226415094,0,,,,,,,,,,,15.0,45.0,UNSAMPLED,0
3052,125.53509433962263,0,,,,,,,,,,,15.0,45.0,UNSAMPLED,0
3053,125.57622641509434,0,,,,,,,,,,,15.0,45.0,UNSAMPLED,0
3054,125.61735849056603,0,,,,,,,,,,,15.0,45.0,UNSAMPLED,0
3055,125.65849056603773,0,,,,,,,,,,,15.0,45.0,UNSAMPLED,0
3056,125.69962264150942,1,15.0,45.0,15.0,45.0,15.0,45.0,15.0,45.0,green_difference/PSM7,green_difference/PSM7,15.0,45.0,ACCEPT_PRIMARY,0
3057,125.74075471698113,0,,,,,,,,,,,15.0,45.0,UNSAMPLED,0
3058,125.78188679245282,0,,,,,,,,,,,15.0,45.0,UNSAMPLED,0
3059,125.82301886792452,0,,,,,,,,,,,15.0,45.0,UNSAMPLED,0
3060,125.86415094339623,0,,,,,,,,,,,15.0,45.0,UNSAMPLED,0
3061,125.90528301886792,0,,,,,,,,,,,15.0,45.0,UNSAMPLED,0
3062,125.94641509433961,0,,,,,,,,,,,15.0,45.0,UNSAMPLED,0
3063,125.98754716981131,0,,,,,,,,,,,15.0,45.0,UNSAMPLED,0
3064,126.02867924528302,1,,46.1,11,46.10,15.1,45.1,15.1,451,green_channel_otsu/PSM7,hsv_green/PSM7,15.1,45.1,ACCEPT_RETRY,1
3065,126.06981132075471,0,,,,,,,,,,,15.1,45.1,UNSAMPLED,0
3066,126.1109433962264,0,,,,,,,,,,,15.1,45.1,UNSAMPLED,0
3067,126.15207547169811,0,,,,,,,,,,,15.1,45.1,UNSAMPLED,0
3068,126.1932075471698,0,,,,,,,,,,,15.1,45.1,UNSAMPLED,0
3069,126.2343396226415,0,,,,,,,,,,,15.1,45.1,UNSAMPLED,0
3070,126.27547169811321,0,,,,,,,,,,,15.1,45.1,UNSAMPLED,0
3071,126.3166037735849,0,,,,,,,,,,,15.1,45.1,UNSAMPLED,0
3072,126.3577358490566,1,19.2,46.2,19.2,46.20,15.2,46.2,15.2,46.20,green_channel_otsu/PSM7,green_difference/PSM7,15.2,46.2,ACCEPT_RETRY,1
3073,126.39886792452829,0,,,,,,,,,,,15.2,46.2,UNSAMPLED,0
3074,126.44,0,,,,,,,,,,,15.2,46.2,UNSAMPLED,0
3075,126.48113207547169,0,,,,,,,,,,,15.2,46.2,UNSAMPLED,0
3076,126.52226415094339,0,,,,,,,,,,,15.2,46.2,UNSAMPLED,0
3077,126.5633962264151,0,,,,,,,,,,,15.2,46.2,UNSAMPLED,0
3078,126.60452830188679,0,,,,,,,,,,,15.2,46.2,UNSAMPLED,0
3079,126.64566037735848,0,,,,,,,,,,,15.2,46.2,UNSAMPLED,0
3080,126.68679245283018,1,15.2,45.5,15.2,45.5,15.2,45.5,15.2,45.5,green_difference/PSM7,green_difference/PSM7,15.2,45.5,ACCEPT_PRIMARY,0
3081,126.72792452830188,0,,,,,,,,,,,15.2,45.5,UNSAMPLED,0
3082,126.76905660377358,0,,,,,,,,,,,15.2,45.5,UNSAMPLED,0
3083,126.81018867924527,0,,,,,,,,,,,15.2,45.5,UNSAMPLED,0
3084,126.85132075471698,0,,,,,,,,,,,15.2,45.5,UNSAMPLED,0
3085,126.89245283018867,0,,,,,,,,,,,15.2,45.5,UNSAMPLED,0
3086,126.93358490566037,0,,,,,,,,,,,15.2,45.5,UNSAMPLED,0
3087,126.97471698113208,0,,,,,,,,,,,15.2,45.5,UNSAMPLED,0
3088,127.01584905660377,1,,46.2,,46.20,15.1,46.2,15.1,46.20,green_channel_otsu/PSM7,green_difference/PSM7,15.1,46.2,ACCEPT_RETRY,1
3089,127.05698113207546,0,,,,,,,,,,,15.1,46.2,UNSAMPLED,0
3090,127.09811320754716,0,,,,,,,,,,,15.1,46.2,UNSAMPLED,0
3091,127.13924528301887,0,,,,,,,,,,,15.1,46.2,UNSAMPLED,0
3092,127.18037735849056,0,,,,,,,,,,,15.1,46.2,UNSAMPLED,0
3093,127.22150943396225,0,,,,,,,,,,,15.1,46.2,UNSAMPLED,0
3094,127.26264150943396,0,,,,,,,,,,,15.1,46.2,UNSAMPLED,0
3095,127.30377358490566,0,,,,,,,,,,,15.1,46.2,UNSAMPLED,0
3096,127.34490566037735,1,15.7,45.7,157,457,15.7,45.7,157,457,green_difference/PSM7,green_difference/PSM7,15.7,45.7,ACCEPT_PRIMARY,0
3097,127.38603773584904,0,,,,,,,,,,,15.7,45.7,UNSAMPLED,0
3098,127.42716981132075,0,,,,,,,,,,,15.7,45.7,UNSAMPLED,0
3099,127.46830188679245,0,,,,,,,,,,,15.7,45.7,UNSAMPLED,0
3100,127.50943396226414,0,,,,,,,,,,,15.7,45.7,UNSAMPLED,0
3101,127.55056603773585,0,,,,,,,,,,,15.7,45.7,UNSAMPLED,0
3102,127.59169811320754,0,,,,,,,,,,,15.7,45.7,UNSAMPLED,0
3103,127.63283018867924,0,,,,,,,,,,,15.7,45.7,UNSAMPLED,0
3104,127.67396226415093,1,15.2,46.1,15.2.,461,15.2,46.1,15.2.,461,green_difference/PSM7,green_difference/PSM7,15.2,46.1,ACCEPT_PRIMARY,0
3105,127.71509433962264,0,,,,,,,,,,,15.2,46.1,UNSAMPLED,0
3106,127.75622641509433,0,,,,,,,,,,,15.2,46.1,UNSAMPLED,0
3107,127.79735849056603,0,,,,,,,,,,,15.2,46.1,UNSAMPLED,0
3108,127.83849056603773,0,,,,,,,,,,,15.2,46.1,UNSAMPLED,0
3109,127.87962264150943,0,,,,,,,,,,,15.2,46.1,UNSAMPLED,0
3110,127.92075471698112,0,,,,,,,,,,,15.2,46.1,UNSAMPLED,0
3111,127.96188679245283,0,,,,,,,,,,,15.2,46.1,UNSAMPLED,0
3112,128.0030188679245,1,15.1,46.8,151,46.8,15.1,46.8,151,46.8,green_difference/PSM7,green_difference/PSM7,15.1,46.8,ACCEPT_PRIMARY,0
3113,128.04415094339623,0,,,,,,,,,,,15.1,46.8,UNSAMPLED,0
3114,128.08528301886793,0,,,,,,,,,,,15.1,46.8,UNSAMPLED,0
3115,128.12641509433962,0,,,,,,,,,,,15.1,46.8,UNSAMPLED,0
3116,128.16754716981131,0,,,,,,,,,,,15.1,46.8,UNSAMPLED,0
3117,128.208679245283,0,,,,,,,,,,,15.1,46.8,UNSAMPLED,0
3118,128.2498113207547,0,,,,,,,,,,,15.1,46.8,UNSAMPLED,0
3119,128.2909433962264,0,,,,,,,,,,,15.1,46.8,UNSAMPLED,0
3120,128.33207547169812,1,18.1,46.0,18.1,46.0,15.1,46.0,15.1,46.0,green_channel_otsu/PSM7,green_difference/PSM7,15.1,46.0,ACCEPT_RETRY,1
3121,128.3732075471698,0,,,,,,,,,,,15.1,46.0,UNSAMPLED,0
3122,128.4143396226415,0,,,,,,,,,,,15.1,46.0,UNSAMPLED,0
3123,128.4554716981132,0,,,,,,,,,,,15.1,46.0,UNSAMPLED,0
3124,128.4966037735849,0,,,,,,,,,,,15.1,46.0,UNSAMPLED,0
3125,128.5377358490566,0,,,,,,,,,,,15.1,46.0,UNSAMPLED,0
3126,128.57886792452828,0,,,,,,,,,,,15.1,46.0,UNSAMPLED,0
3127,128.62,0,,,,,,,,,,,15.1,46.0,UNSAMPLED,0
3128,128.6611320754717,1,19.2,45.1,19.20,451,15.2,46.1,15.20,46.10,hsv_green/PSM7,gray_otsu/PSM7,15.2,46.1,ACCEPT_RETRY,1
3129,128.7022641509434,0,,,,,,,,,,,15.2,46.1,UNSAMPLED,0
3130,128.7433962264151,0,,,,,,,,,,,15.2,46.1,UNSAMPLED,0
3131,128.78452830188678,0,,,,,,,,,,,15.2,46.1,UNSAMPLED,0
3132,128.82566037735847,0,,,,,,,,,,,15.2,46.1,UNSAMPLED,0
3133,128.86679245283017,0,,,,,,,,,,,15.2,46.1,UNSAMPLED,0
3134,128.9079245283019,0,,,,,,,,,,,15.2,46.1,UNSAMPLED,0
3135,128.94905660377358,0,,,,,,,,,,,15.2,46.1,UNSAMPLED,0
3136,128.99018867924528,1,19.2,45.8,19.20,45.8,15.2,46.3,15.2,46.3,hsv_green/PSM7,hsv_green/PSM7,15.2,46.3,ACCEPT_RETRY,1
3137,129.03132075471697,0,,,,,,,,,,,15.2,46.3,UNSAMPLED,0
3138,129.07245283018867,0,,,,,,,,,,,15.2,46.3,UNSAMPLED,0
3139,129.11358490566036,0,,,,,,,,,,,15.2,46.3,UNSAMPLED,0
3140,129.15471698113208,0,,,,,,,,,,,15.2,46.3,UNSAMPLED,0
3141,129.19584905660378,0,,,,,,,,,,,15.2,46.3,UNSAMPLED,0
3142,129.23698113207547,0,,,,,,,,,,,15.2,46.3,UNSAMPLED,0
3143,129.27811320754716,0,,,,,,,,,,,15.2,46.3,UNSAMPLED,0
3144,129.31924528301886,1,19.2,46.2,19.20,46.2,15.2,46.2,15.2,46.20,hsv_green/PSM7,hsv_green/PSM7,15.2,46.2,ACCEPT_RETRY,1
3145,129.36037735849055,0,,,,,,,,,,,15.2,46.2,UNSAMPLED,0
3146,129.40150943396225,0,,,,,,,,,,,15.2,46.2,UNSAMPLED,0
3147,129.44264150943397,0,,,,,,,,,,,15.2,46.2,UNSAMPLED,0
3148,129.48377358490566,0,,,,,,,,,,,15.2,46.2,UNSAMPLED,0
3149,129.52490566037736,0,,,,,,,,,,,15.2,46.2,UNSAMPLED,0
3150,129.56603773584905,0,,,,,,,,,,,15.2,46.2,UNSAMPLED,0
3151,129.60716981132074,0,,,,,,,,,,,15.2,46.2,UNSAMPLED,0
3152,129.64830188679244,1,16.3,45.3,163,45.30,16.3,45.3,163,45.30,green_difference/PSM7,green_difference/PSM7,16.3,45.3,ACCEPT_PRIMARY,0
3153,129.68943396226413,0,,,,,,,,,,,16.3,45.3,UNSAMPLED,0
3154,129.73056603773585,0,,,,,,,,,,,16.3,45.3,UNSAMPLED,0
3155,129.77169811320755,0,,,,,,,,,,,16.3,45.3,UNSAMPLED,0
3156,129.81283018867924,0,,,,,,,,,,,16.3,45.3,UNSAMPLED,0
3157,129.85396226415094,0,,,,,,,,,,,16.3,45.3,UNSAMPLED,0
3158,129.89509433962263,0,,,,,,,,,,,16.3,45.3,UNSAMPLED,0
3159,129.93622641509432,0,,,,,,,,,,,16.3,45.3,UNSAMPLED,0
3160,129.97735849056602,1,16.2,45.8,16.2,45.8,16.2,45.8,16.2,45.8,green_difference/PSM7,green_difference/PSM7,16.2,45.8,ACCEPT_PRIMARY,0
3161,130.01849056603774,0,,,,,,,,,,,16.2,45.8,UNSAMPLED,0
3162,130.05962264150943,0,,,,,,,,,,,16.2,45.8,UNSAMPLED,0
3163,130.10075471698113,0,,,,,,,,,,,16.2,45.8,UNSAMPLED,0
3164,130.14188679245282,0,,,,,,,,,,,16.2,45.8,UNSAMPLED,0
3165,130.18301886792452,0,,,,,,,,,,,16.2,45.8,UNSAMPLED,0
3166,130.2241509433962,0,,,,,,,,,,,16.2,45.8,UNSAMPLED,0
3167,130.2652830188679,0,,,,,,,,,,,16.2,45.8,UNSAMPLED,0
3168,130.30641509433963,1,15.2,46.0,15.2,46.0,15.2,46.0,15.2,46.0,green_difference/PSM7,green_difference/PSM7,15.2,46.0,ACCEPT_PRIMARY,0
3169,130.34754716981132,0,,,,,,,,,,,15.2,46.0,UNSAMPLED,0
3170,130.38867924528302,0,,,,,,,,,,,15.2,46.0,UNSAMPLED,0
3171,130.4298113207547,0,,,,,,,,,,,15.2,46.0,UNSAMPLED,0
3172,130.4709433962264,0,,,,,,,,,,,15.2,46.0,UNSAMPLED,0
3173,130.5120754716981,0,,,,,,,,,,,15.2,46.0,UNSAMPLED,0
3174,130.5532075471698,0,,,,,,,,,,,15.2,46.0,UNSAMPLED,0
3175,130.5943396226415,0,,,,,,,,,,,15.2,46.0,UNSAMPLED,0
3176,130.6354716981132,1,15.2,491.0,15.2,4910,15.2,45.1,15.2,45.10,green_difference/PSM7,green_channel_otsu/PSM7,15.2,45.1,ACCEPT_RETRY,1
3177,130.6766037735849,0,,,,,,,,,,,15.2,45.1,UNSAMPLED,0
3178,130.7177358490566,0,,,,,,,,,,,15.2,45.1,UNSAMPLED,0
3179,130.7588679245283,0,,,,,,,,,,,15.2,45.1,UNSAMPLED,0
3180,130.79999999999998,0,,,,,,,,,,,15.2,45.1,UNSAMPLED,0
3181,130.8411320754717,0,,,,,,,,,,,15.2,45.1,UNSAMPLED,0
3182,130.8822641509434,0,,,,,,,,,,,15.2,45.1,UNSAMPLED,0
3183,130.9233962264151,0,,,,,,,,,,,15.2,45.1,UNSAMPLED,0
3184,130.9645283018868,1,15.2,45.6,15.2,45.6,15.2,45.6,15.2,45.6,green_difference/PSM7,green_difference/PSM7,15.2,45.6,ACCEPT_PRIMARY,0
3185,131.00566037735848,0,,,,,,,,,,,15.2,45.6,UNSAMPLED,0
3186,131.04679245283018,0,,,,,,,,,,,15.2,45.6,UNSAMPLED,0
3187,131.08792452830187,0,,,,,,,,,,,15.2,45.6,UNSAMPLED,0
3188,131.1290566037736,0,,,,,,,,,,,15.2,45.6,UNSAMPLED,0
3189,131.17018867924529,0,,,,,,,,,,,15.2,45.6,UNSAMPLED,0
3190,131.21132075471698,0,,,,,,,,,,,15.2,45.6,UNSAMPLED,0
3191,131.25245283018867,0,,,,,,,,,,,15.2,45.6,UNSAMPLED,0
3192,131.29358490566037,1,15.2,459.0,15.2,4590,15.2,45.9,15.2,45.9,green_difference/PSM7,hsv_green/PSM7,15.2,45.9,ACCEPT_RETRY,1
3193,131.33471698113206,0,,,,,,,,,,,15.2,45.9,UNSAMPLED,0
3194,131.37584905660376,0,,,,,,,,,,,15.2,45.9,UNSAMPLED,0
3195,131.41698113207548,0,,,,,,,,,,,15.2,45.9,UNSAMPLED,0
3196,131.45811320754717,0,,,,,,,,,,,15.2,45.9,UNSAMPLED,0
3197,131.49924528301887,0,,,,,,,,,,,15.2,45.9,UNSAMPLED,0
3198,131.54037735849056,0,,,,,,,,,,,15.2,45.9,UNSAMPLED,0
3199,131.58150943396225,0,,,,,,,,,,,15.2,45.9,UNSAMPLED,0
3200,131.62264150943395,1,15.2,459.0,15.2,4590,15.2,45.9,15.2,45.9,green_difference/PSM7,hsv_green/PSM7,15.2,45.9,ACCEPT_RETRY,1
3201,131.66377358490564,0,,,,,,,,,,,15.2,45.9,UNSAMPLED,0
3202,131.70490566037736,0,,,,,,,,,,,15.2,45.9,UNSAMPLED,0
3203,131.74603773584906,0,,,,,,,,,,,15.2,45.9,UNSAMPLED,0
3204,131.78716981132075,0,,,,,,,,,,,15.2,45.9,UNSAMPLED,0
3205,131.82830188679245,0,,,,,,,,,,,15.2,45.9,UNSAMPLED,0
3206,131.86943396226414,0,,,,,,,,,,,15.2,45.9,UNSAMPLED,0
3207,131.91056603773583,0,,,,,,,,,,,15.2,45.9,UNSAMPLED,0
3208,131.95169811320753,1,16.2,470.0,16.2,4700,15.2,47.0,15.2,470,green_channel_otsu/PSM7,hsv_green/PSM7,15.2,47.0,ACCEPT_RETRY,1
3209,131.99283018867925,0,,,,,,,,,,,15.2,47.0,UNSAMPLED,0
3210,132.03396226415094,0,,,,,,,,,,,15.2,47.0,UNSAMPLED,0
3211,132.07509433962264,0,,,,,,,,,,,15.2,47.0,UNSAMPLED,0
3212,132.11622641509433,0,,,,,,,,,,,15.2,47.0,UNSAMPLED,0
3213,132.15735849056603,0,,,,,,,,,,,15.2,47.0,UNSAMPLED,0
3214,132.19849056603772,0,,,,,,,,,,,15.2,47.0,UNSAMPLED,0
3215,132.2396226415094,0,,,,,,,,,,,15.2,47.0,UNSAMPLED,0
3216,132.28075471698114,1,16.1,46.9,16.1,469,16.1,46.9,16.1,469,green_difference/PSM7,green_difference/PSM7,16.1,46.9,ACCEPT_PRIMARY,0
3217,132.32188679245283,0,,,,,,,,,,,16.1,46.9,UNSAMPLED,0
3218,132.36301886792452,0,,,,,,,,,,,16.1,46.9,UNSAMPLED,0
3219,132.40415094339622,0,,,,,,,,,,,16.1,46.9,UNSAMPLED,0
3220,132.4452830188679,0,,,,,,,,,,,16.1,46.9,UNSAMPLED,0
3221,132.4864150943396,0,,,,,,,,,,,16.1,46.9,UNSAMPLED,0
3222,132.52754716981133,0,,,,,,,,,,,16.1,46.9,UNSAMPLED,0
3223,132.56867924528302,0,,,,,,,,,,,16.1,46.9,UNSAMPLED,0
3224,132.60981132075472,1,15.1,45.9,15.1,459,15.1,45.9,15.1,459,green_difference/PSM7,green_difference/PSM7,15.1,45.9,ACCEPT_PRIMARY,0
3225,132.6509433962264,0,,,,,,,,,,,15.1,45.9,UNSAMPLED,0
3226,132.6920754716981,0,,,,,,,,,,,15.1,45.9,UNSAMPLED,0
3227,132.7332075471698,0,,,,,,,,,,,15.1,45.9,UNSAMPLED,0
3228,132.7743396226415,0,,,,,,,,,,,15.1,45.9,UNSAMPLED,0
3229,132.8154716981132,0,,,,,,,,,,,15.1,45.9,UNSAMPLED,0
3230,132.8566037735849,0,,,,,,,,,,,15.1,45.9,UNSAMPLED,0
3231,132.8977358490566,0,,,,,,,,,,,15.1,45.9,UNSAMPLED,0
3232,132.9388679245283,1,15.2,45.8,15.2,458,15.2,45.8,15.2,458,green_difference/PSM7,green_difference/PSM7,15.2,45.8,ACCEPT_PRIMARY,0
3233,132.98,0,,,,,,,,,,,15.2,45.8,UNSAMPLED,0
3234,133.02113207547168,0,,,,,,,,,,,15.2,45.8,UNSAMPLED,0
3235,133.06226415094338,0,,,,,,,,,,,15.2,45.8,UNSAMPLED,0
3236,133.1033962264151,0,,,,,,,,,,,15.2,45.8,UNSAMPLED,0
3237,133.1445283018868,0,,,,,,,,,,,15.2,45.8,UNSAMPLED,0
3238,133.1856603773585,0,,,,,,,,,,,15.2,45.8,UNSAMPLED,0
3239,133.22679245283018,0,,,,,,,,,,,15.2,45.8,UNSAMPLED,0
3240,133.26792452830188,1,15.2,47.0,15.2,470,15.2,47.0,15.2,470,green_difference/PSM7,green_difference/PSM7,15.2,47.0,ACCEPT_PRIMARY,0
3241,133.30905660377357,0,,,,,,,,,,,15.2,47.0,UNSAMPLED,0
3242,133.35018867924526,0,,,,,,,,,,,15.2,47.0,UNSAMPLED,0
3243,133.391320754717,0,,,,,,,,,,,15.2,47.0,UNSAMPLED,0
3244,133.43245283018868,0,,,,,,,,,,,15.2,47.0,UNSAMPLED,0
3245,133.47358490566037,0,,,,,,,,,,,15.2,47.0,UNSAMPLED,0
3246,133.51471698113207,0,,,,,,,,,,,15.2,47.0,UNSAMPLED,0
3247,133.55584905660376,0,,,,,,,,,,,15.2,47.0,UNSAMPLED,0
3248,133.59698113207546,1,15.3,472.0,153,4720,,,,,,,15.2,47.0,HOLD_PREVIOUS,1
3249,133.63811320754715,0,,,,,,,,,,,15.2,47.0,UNSAMPLED,0
3250,133.67924528301887,0,,,,,,,,,,,15.2,47.0,UNSAMPLED,0
3251,133.72037735849057,0,,,,,,,,,,,15.2,47.0,UNSAMPLED,0
3252,133.76150943396226,0,,,,,,,,,,,15.2,47.0,UNSAMPLED,0
3253,133.80264150943395,0,,,,,,,,,,,15.2,47.0,UNSAMPLED,0
3254,133.84377358490565,0,,,,,,,,,,,15.2,47.0,UNSAMPLED,0
3255,133.88490566037734,0,,,,,,,,,,,15.2,47.0,UNSAMPLED,0
3256,133.92603773584904,1,15.2,46.7,152,467,15.2,46.7,152,467,green_difference/PSM7,green_difference/PSM7,15.2,46.7,ACCEPT_PRIMARY,0
3257,133.96716981132076,0,,,,,,,,,,,15.2,46.7,UNSAMPLED,0
3258,134.00830188679245,0,,,,,,,,,,,15.2,46.7,UNSAMPLED,0
3259,134.04943396226415,0,,,,,,,,,,,15.2,46.7,UNSAMPLED,0
3260,134.09056603773584,0,,,,,,,,,,,15.2,46.7,UNSAMPLED,0
3261,134.13169811320753,0,,,,,,,,,,,15.2,46.7,UNSAMPLED,0
3262,134.17283018867923,0,,,,,,,,,,,15.2,46.7,UNSAMPLED,0
3263,134.21396226415095,0,,,,,,,,,,,15.2,46.7,UNSAMPLED,0
3264,134.25509433962264,1,15.3,47.5,15.3,475,15.3,47.5,15.3,475,green_difference/PSM7,green_difference/PSM7,15.3,47.5,ACCEPT_PRIMARY,0
3265,134.29622641509434,0,,,,,,,,,,,15.3,47.5,UNSAMPLED,0
3266,134.33735849056603,0,,,,,,,,,,,15.3,47.5,UNSAMPLED,0
3267,134.37849056603773,0,,,,,,,,,,,15.3,47.5,UNSAMPLED,0
3268,134.41962264150942,0,,,,,,,,,,,15.3,47.5,UNSAMPLED,0
3269,134.4607547169811,0,,,,,,,,,,,15.3,47.5,UNSAMPLED,0
3270,134.50188679245284,0,,,,,,,,,,,15.3,47.5,UNSAMPLED,0
3271,134.54301886792453,0,,,,,,,,,,,15.3,47.5,UNSAMPLED,0
3272,134.58415094339622,1,16.39,47.0,16.39,470,16.39,47.0,16.39,470,green_difference/PSM7,green_difference/PSM7,16.39,47.0,ACCEPT_PRIMARY,0
3273,134.62528301886792,0,,,,,,,,,,,16.39,47.0,UNSAMPLED,0
3274,134.6664150943396,0,,,,,,,,,,,16.39,47.0,UNSAMPLED,0
3275,134.7075471698113,0,,,,,,,,,,,16.39,47.0,UNSAMPLED,0
3276,134.748679245283,0,,,,,,,,,,,16.39,47.0,UNSAMPLED,0
3277,134.78981132075472,0,,,,,,,,,,,16.39,47.0,UNSAMPLED,0
3278,134.83094339622642,0,,,,,,,,,,,16.39,47.0,UNSAMPLED,0
3279,134.8720754716981,0,,,,,,,,,,,16.39,47.0,UNSAMPLED,0
3280,134.9132075471698,1,15.3,46.2,153,46.20,15.3,46.2,153,46.20,green_difference/PSM7,green_difference/PSM7,15.3,46.2,ACCEPT_PRIMARY,0
3281,134.9543396226415,0,,,,,,,,,,,15.3,46.2,UNSAMPLED,0
3282,134.9954716981132,0,,,,,,,,,,,15.3,46.2,UNSAMPLED,0
3283,135.0366037735849,0,,,,,,,,,,,15.3,46.2,UNSAMPLED,0
3284,135.0777358490566,0,,,,,,,,,,,15.3,46.2,UNSAMPLED,0
3285,135.1188679245283,0,,,,,,,,,,,15.3,46.2,UNSAMPLED,0
3286,135.16,0,,,,,,,,,,,15.3,46.2,UNSAMPLED,0
3287,135.2011320754717,0,,,,,,,,,,,15.3,46.2,UNSAMPLED,0
3288,135.24226415094338,1,16.0,47.4,16.0,474,16.0,47.4,16.0,474,green_difference/PSM7,green_difference/PSM7,16.0,47.4,ACCEPT_PRIMARY,0
3289,135.28339622641508,0,,,,,,,,,,,16.0,47.4,UNSAMPLED,0
3290,135.32452830188677,0,,,,,,,,,,,16.0,47.4,UNSAMPLED,0
3291,135.3656603773585,0,,,,,,,,,,,16.0,47.4,UNSAMPLED,0
3292,135.4067924528302,0,,,,,,,,,,,16.0,47.4,UNSAMPLED,0
3293,135.44792452830188,0,,,,,,,,,,,16.0,47.4,UNSAMPLED,0
3294,135.48905660377358,0,,,,,,,,,,,16.0,47.4,UNSAMPLED,0
3295,135.53018867924527,0,,,,,,,,,,,16.0,47.4,UNSAMPLED,0
3296,135.57132075471696,1,16.9,45.5,16.9,455,16.9,45.5,16.9,455,green_difference/PSM7,green_difference/PSM7,16.9,45.5,ACCEPT_PRIMARY,0
3297,135.61245283018866,0,,,,,,,,,,,16.9,45.5,UNSAMPLED,0
3298,135.65358490566038,0,,,,,,,,,,,16.9,45.5,UNSAMPLED,0
3299,135.69471698113207,0,,,,,,,,,,,16.9,45.5,UNSAMPLED,0
3300,135.73584905660377,0,,,,,,,,,,,16.9,45.5,UNSAMPLED,0
3301,135.77698113207546,0,,,,,,,,,,,16.9,45.5,UNSAMPLED,0
3302,135.81811320754716,0,,,,,,,,,,,16.9,45.5,UNSAMPLED,0
3303,135.85924528301885,0,,,,,,,,,,,16.9,45.5,UNSAMPLED,0
3304,135.90037735849057,1,16171.0,47.4,161710,474,16.1,47.4,16.1,474,green_channel_otsu/PSM7,green_difference/PSM7,16.1,47.4,ACCEPT_RETRY,1
3305,135.94150943396227,0,,,,,,,,,,,16.1,47.4,UNSAMPLED,0
3306,135.98264150943396,0,,,,,,,,,,,16.1,47.4,UNSAMPLED,0
3307,136.02377358490565,0,,,,,,,,,,,16.1,47.4,UNSAMPLED,0
3308,136.06490566037735,0,,,,,,,,,,,16.1,47.4,UNSAMPLED,0
3309,136.10603773584904,0,,,,,,,,,,,16.1,47.4,UNSAMPLED,0
3310,136.14716981132074,0,,,,,,,,,,,16.1,47.4,UNSAMPLED,0
3311,136.18830188679246,0,,,,,,,,,,,16.1,47.4,UNSAMPLED,0
3312,136.22943396226415,1,1671.0,47.7,16710,477,16.1,47.4,16.1,47.4,green_channel_otsu/PSM7,gray_otsu/PSM7,16.1,47.4,ACCEPT_RETRY,1
3313,136.27056603773585,0,,,,,,,,,,,16.1,47.4,UNSAMPLED,0
3314,136.31169811320754,0,,,,,,,,,,,16.1,47.4,UNSAMPLED,0
3315,136.35283018867923,0,,,,,,,,,,,16.1,47.4,UNSAMPLED,0
3316,136.39396226415093,0,,,,,,,,,,,16.1,47.4,UNSAMPLED,0
3317,136.43509433962262,0,,,,,,,,,,,16.1,47.4,UNSAMPLED,0
3318,136.47622641509435,0,,,,,,,,,,,16.1,47.4,UNSAMPLED,0
3319,136.51735849056604,0,,,,,,,,,,,16.1,47.4,UNSAMPLED,0
3320,136.55849056603773,1,161.7,474.0,1617,4740,16.1,47.4,16.1,474,green_channel_otsu/PSM7,hsv_green/PSM7,16.1,47.4,ACCEPT_RETRY,1
3321,136.59962264150943,0,,,,,,,,,,,16.1,47.4,UNSAMPLED,0
3322,136.64075471698112,0,,,,,,,,,,,16.1,47.4,UNSAMPLED,0
3323,136.68188679245281,0,,,,,,,,,,,16.1,47.4,UNSAMPLED,0
3324,136.7230188679245,0,,,,,,,,,,,16.1,47.4,UNSAMPLED,0
3325,136.76415094339623,0,,,,,,,,,,,16.1,47.4,UNSAMPLED,0
3326,136.80528301886793,0,,,,,,,,,,,16.1,47.4,UNSAMPLED,0
3327,136.84641509433962,0,,,,,,,,,,,16.1,47.4,UNSAMPLED,0
3328,136.8875471698113,1,182.0,47.2,1820,472,16.2,47.2,16.2,472,green_channel_otsu/PSM7,green_difference/PSM7,16.2,47.2,ACCEPT_RETRY,1
3329,136.928679245283,0,,,,,,,,,,,16.2,47.2,UNSAMPLED,0
3330,136.9698113207547,0,,,,,,,,,,,16.2,47.2,UNSAMPLED,0
3331,137.0109433962264,0,,,,,,,,,,,16.2,47.2,UNSAMPLED,0
3332,137.05207547169812,0,,,,,,,,,,,16.2,47.2,UNSAMPLED,0
3333,137.0932075471698,0,,,,,,,,,,,16.2,47.2,UNSAMPLED,0
3334,137.1343396226415,0,,,,,,,,,,,16.2,47.2,UNSAMPLED,0
3335,137.1754716981132,0,,,,,,,,,,,16.2,47.2,UNSAMPLED,0
3336,137.2166037735849,1,16.2,45.3,162,453,16.2,45.3,162,453,green_difference/PSM7,green_difference/PSM7,16.2,45.3,ACCEPT_PRIMARY,0
3337,137.2577358490566,0,,,,,,,,,,,16.2,45.3,UNSAMPLED,0
3338,137.29886792452828,0,,,,,,,,,,,16.2,45.3,UNSAMPLED,0
3339,137.34,0,,,,,,,,,,,16.2,45.3,UNSAMPLED,0
3340,137.3811320754717,0,,,,,,,,,,,16.2,45.3,UNSAMPLED,0
3341,137.4222641509434,0,,,,,,,,,,,16.2,45.3,UNSAMPLED,0
3342,137.46339622641509,0,,,,,,,,,,,16.2,45.3,UNSAMPLED,0
3343,137.50452830188678,0,,,,,,,,,,,16.2,45.3,UNSAMPLED,0
3344,137.54566037735847,1,16.2,45.8,16.2,45.8,16.2,45.8,16.2,45.8,green_difference/PSM7,green_difference/PSM7,16.2,45.8,ACCEPT_PRIMARY,0
3345,137.5867924528302,0,,,,,,,,,,,16.2,45.8,UNSAMPLED,0
3346,137.6279245283019,0,,,,,,,,,,,16.2,45.8,UNSAMPLED,0
3347,137.66905660377358,0,,,,,,,,,,,16.2,45.8,UNSAMPLED,0
3348,137.71018867924528,0,,,,,,,,,,,16.2,45.8,UNSAMPLED,0
3349,137.75132075471697,0,,,,,,,,,,,16.2,45.8,UNSAMPLED,0
3350,137.79245283018867,0,,,,,,,,,,,16.2,45.8,UNSAMPLED,0
3351,137.83358490566036,0,,,,,,,,,,,16.2,45.8,UNSAMPLED,0
3352,137.87471698113208,1,16.2,46.6,16.20,46.6,16.2,46.6,16.20,46.6,green_difference/PSM7,green_difference/PSM7,16.2,46.6,ACCEPT_PRIMARY,0
3353,137.91584905660378,0,,,,,,,,,,,16.2,46.6,UNSAMPLED,0
3354,137.95698113207547,0,,,,,,,,,,,16.2,46.6,UNSAMPLED,0
3355,137.99811320754716,0,,,,,,,,,,,16.2,46.6,UNSAMPLED,0
3356,138.03924528301886,0,,,,,,,,,,,16.2,46.6,UNSAMPLED,0
3357,138.08037735849055,0,,,,,,,,,,,16.2,46.6,UNSAMPLED,0
3358,138.12150943396225,0,,,,,,,,,,,16.2,46.6,UNSAMPLED,0
3359,138.16264150943397,0,,,,,,,,,,,16.2,46.6,UNSAMPLED,0
3360,138.20377358490566,1,16.0,45.7,16.0,457,16.0,45.7,16.0,457,green_difference/PSM7,green_difference/PSM7,16.0,45.7,ACCEPT_PRIMARY,0
3361,138.24490566037736,0,,,,,,,,,,,16.0,45.7,UNSAMPLED,0
3362,138.28603773584905,0,,,,,,,,,,,16.0,45.7,UNSAMPLED,0
3363,138.32716981132074,0,,,,,,,,,,,16.0,45.7,UNSAMPLED,0
3364,138.36830188679244,0,,,,,,,,,,,16.0,45.7,UNSAMPLED,0
3365,138.40943396226413,0,,,,,,,,,,,16.0,45.7,UNSAMPLED,0
3366,138.45056603773585,0,,,,,,,,,,,16.0,45.7,UNSAMPLED,0
3367,138.49169811320755,0,,,,,,,,,,,16.0,45.7,UNSAMPLED,0
3368,138.53283018867924,1,18.0,45.4,18.0,45.4,18.0,45.4,18.0,45.4,green_difference/PSM7,green_difference/PSM7,18.0,45.4,ACCEPT_PRIMARY,0
3369,138.57396226415094,0,,,,,,,,,,,18.0,45.4,UNSAMPLED,0
3370,138.61509433962263,0,,,,,,,,,,,18.0,45.4,UNSAMPLED,0
3371,138.65622641509432,0,,,,,,,,,,,18.0,45.4,UNSAMPLED,0
3372,138.69735849056602,0,,,,,,,,,,,18.0,45.4,UNSAMPLED,0
3373,138.73849056603774,0,,,,,,,,,,,18.0,45.4,UNSAMPLED,0
3374,138.77962264150943,0,,,,,,,,,,,18.0,45.4,UNSAMPLED,0
3375,138.82075471698113,0,,,,,,,,,,,18.0,45.4,UNSAMPLED,0
3376,138.86188679245282,1,16.0,453.9,16.0,4539,16.0,45.9,16.0,45.9,green_difference/PSM7,hsv_green/PSM7,16.0,45.9,ACCEPT_RETRY,1
3377,138.90301886792452,0,,,,,,,,,,,16.0,45.9,UNSAMPLED,0
3378,138.9441509433962,0,,,,,,,,,,,16.0,45.9,UNSAMPLED,0
3379,138.9852830188679,0,,,,,,,,,,,16.0,45.9,UNSAMPLED,0
3380,139.02641509433963,0,,,,,,,,,,,16.0,45.9,UNSAMPLED,0
3381,139.06754716981132,0,,,,,,,,,,,16.0,45.9,UNSAMPLED,0
3382,139.108679245283,0,,,,,,,,,,,16.0,45.9,UNSAMPLED,0
3383,139.1498113207547,0,,,,,,,,,,,16.0,45.9,UNSAMPLED,0
3384,139.1909433962264,1,16.0,46.7,16.0,467,16.0,46.7,16.0,467,green_difference/PSM7,green_difference/PSM7,16.0,46.7,ACCEPT_PRIMARY,0
3385,139.2320754716981,0,,,,,,,,,,,16.0,46.7,UNSAMPLED,0
3386,139.27320754716982,0,,,,,,,,,,,16.0,46.7,UNSAMPLED,0
3387,139.3143396226415,0,,,,,,,,,,,16.0,46.7,UNSAMPLED,0
3388,139.3554716981132,0,,,,,,,,,,,16.0,46.7,UNSAMPLED,0
3389,139.3966037735849,0,,,,,,,,,,,16.0,46.7,UNSAMPLED,0
3390,139.4377358490566,0,,,,,,,,,,,16.0,46.7,UNSAMPLED,0
3391,139.4788679245283,0,,,,,,,,,,,16.0,46.7,UNSAMPLED,0
3392,139.51999999999998,1,161.0,46.7,1610,467,16.1,46.7,16.1,46.7,green_channel_otsu/PSM7,green_channel_otsu/PSM7,16.1,46.7,ACCEPT_RETRY,1
3393,139.5611320754717,0,,,,,,,,,,,16.1,46.7,UNSAMPLED,0
3394,139.6022641509434,0,,,,,,,,,,,16.1,46.7,UNSAMPLED,0
3395,139.6433962264151,0,,,,,,,,,,,16.1,46.7,UNSAMPLED,0
3396,139.6845283018868,0,,,,,,,,,,,16.1,46.7,UNSAMPLED,0
3397,139.72566037735848,0,,,,,,,,,,,16.1,46.7,UNSAMPLED,0
3398,139.76679245283017,0,,,,,,,,,,,16.1,46.7,UNSAMPLED,0
3399,139.80792452830187,0,,,,,,,,,,,16.1,46.7,UNSAMPLED,0
3400,139.8490566037736,1,16.1,467.7,161,4677,16.1,46.7,16.1,46.7,green_channel_otsu/PSM7,green_channel_otsu/PSM7,16.1,46.7,ACCEPT_RETRY,1
3401,139.89018867924528,0,,,,,,,,,,,16.1,46.7,UNSAMPLED,0
3402,139.93132075471698,0,,,,,,,,,,,16.1,46.7,UNSAMPLED,0
3403,139.97245283018867,0,,,,,,,,,,,16.1,46.7,UNSAMPLED,0
3404,140.01358490566037,0,,,,,,,,,,,16.1,46.7,UNSAMPLED,0
3405,140.05471698113206,0,,,,,,,,,,,16.1,46.7,UNSAMPLED,0
3406,140.09584905660375,0,,,,,,,,,,,16.1,46.7,UNSAMPLED,0
3407,140.13698113207548,0,,,,,,,,,,,16.1,46.7,UNSAMPLED,0
3408,140.17811320754717,1,16.0,46.5,160,465,16.0,46.5,160,465,green_difference/PSM7,green_difference/PSM7,16.0,46.5,ACCEPT_PRIMARY,0
3409,140.21924528301886,0,,,,,,,,,,,16.0,46.5,UNSAMPLED,0
3410,140.26037735849056,0,,,,,,,,,,,16.0,46.5,UNSAMPLED,0
3411,140.30150943396225,0,,,,,,,,,,,16.0,46.5,UNSAMPLED,0
3412,140.34264150943395,0,,,,,,,,,,,16.0,46.5,UNSAMPLED,0
3413,140.38377358490564,0,,,,,,,,,,,16.0,46.5,UNSAMPLED,0
3414,140.42490566037736,0,,,,,,,,,,,16.0,46.5,UNSAMPLED,0
3415,140.46603773584906,0,,,,,,,,,,,16.0,46.5,UNSAMPLED,0
3416,140.50716981132075,1,16.0,46.4,160,464,16.0,46.4,160,464,green_difference/PSM7,green_difference/PSM7,16.0,46.4,ACCEPT_PRIMARY,0
3417,140.54830188679244,0,,,,,,,,,,,16.0,46.4,UNSAMPLED,0
3418,140.58943396226414,0,,,,,,,,,,,16.0,46.4,UNSAMPLED,0
3419,140.63056603773583,0,,,,,,,,,,,16.0,46.4,UNSAMPLED,0
3420,140.67169811320753,0,,,,,,,,,,,16.0,46.4,UNSAMPLED,0
3421,140.71283018867925,0,,,,,,,,,,,16.0,46.4,UNSAMPLED,0
3422,140.75396226415094,0,,,,,,,,,,,16.0,46.4,UNSAMPLED,0
3423,140.79509433962264,0,,,,,,,,,,,16.0,46.4,UNSAMPLED,0
3424,140.83622641509433,1,15.0,46.3,15.0,46.3,15.0,46.3,15.0,46.3,green_difference/PSM7,green_difference/PSM7,15.0,46.3,ACCEPT_PRIMARY,0
3425,140.87735849056602,0,,,,,,,,,,,15.0,46.3,UNSAMPLED,0
3426,140.91849056603772,0,,,,,,,,,,,15.0,46.3,UNSAMPLED,0
3427,140.95962264150944,0,,,,,,,,,,,15.0,46.3,UNSAMPLED,0
3428,141.00075471698113,0,,,,,,,,,,,15.0,46.3,UNSAMPLED,0
3429,141.04188679245283,0,,,,,,,,,,,15.0,46.3,UNSAMPLED,0
3430,141.08301886792452,0,,,,,,,,,,,15.0,46.3,UNSAMPLED,0
3431,141.12415094339622,0,,,,,,,,,,,15.0,46.3,UNSAMPLED,0
3432,141.1652830188679,1,16.0,46.3,16.0,46.3,16.0,46.3,16.0,46.3,green_difference/PSM7,green_difference/PSM7,16.0,46.3,ACCEPT_PRIMARY,0
3433,141.2064150943396,0,,,,,,,,,,,16.0,46.3,UNSAMPLED,0
3434,141.24754716981133,0,,,,,,,,,,,16.0,46.3,UNSAMPLED,0
3435,141.28867924528302,0,,,,,,,,,,,16.0,46.3,UNSAMPLED,0
3436,141.32981132075471,0,,,,,,,,,,,16.0,46.3,UNSAMPLED,0
3437,141.3709433962264,0,,,,,,,,,,,16.0,46.3,UNSAMPLED,0
3438,141.4120754716981,0,,,,,,,,,,,16.0,46.3,UNSAMPLED,0
3439,141.4532075471698,0,,,,,,,,,,,16.0,46.3,UNSAMPLED,0
3440,141.4943396226415,1,16.8,4747.0,16.8,47470,15.8,47.4,15.8,474,green_channel_otsu/PSM7,green_difference/PSM8,15.8,47.4,ACCEPT_RETRY,1
3441,141.5354716981132,0,,,,,,,,,,,15.8,47.4,UNSAMPLED,0
3442,141.5766037735849,0,,,,,,,,,,,15.8,47.4,UNSAMPLED,0
3443,141.6177358490566,0,,,,,,,,,,,15.8,47.4,UNSAMPLED,0
3444,141.6588679245283,0,,,,,,,,,,,15.8,47.4,UNSAMPLED,0
3445,141.7,0,,,,,,,,,,,15.8,47.4,UNSAMPLED,0
3446,141.74113207547168,0,,,,,,,,,,,15.8,47.4,UNSAMPLED,0
3447,141.78226415094338,0,,,,,,,,,,,15.8,47.4,UNSAMPLED,0
3448,141.8233962264151,1,15.8,45.8,15.8,45.8,15.8,45.8,15.8,45.8,green_difference/PSM7,green_difference/PSM7,15.8,45.8,ACCEPT_PRIMARY,0
3449,141.8645283018868,0,,,,,,,,,,,15.8,45.8,UNSAMPLED,0
3450,141.9056603773585,0,,,,,,,,,,,15.8,45.8,UNSAMPLED,0
3451,141.94679245283018,0,,,,,,,,,,,15.8,45.8,UNSAMPLED,0
3452,141.98792452830187,0,,,,,,,,,,,15.8,45.8,UNSAMPLED,0
3453,142.02905660377357,0,,,,,,,,,,,15.8,45.8,UNSAMPLED,0
3454,142.07018867924526,0,,,,,,,,,,,15.8,45.8,UNSAMPLED,0
3455,142.11132075471698,0,,,,,,,,,,,15.8,45.8,UNSAMPLED,0
3456,142.15245283018868,1,16.4,45.8,16.4,45.8,16.4,45.8,16.4,45.8,green_difference/PSM7,green_difference/PSM7,16.4,45.8,ACCEPT_PRIMARY,0
3457,142.19358490566037,0,,,,,,,,,,,16.4,45.8,UNSAMPLED,0
3458,142.23471698113207,0,,,,,,,,,,,16.4,45.8,UNSAMPLED,0
3459,142.27584905660376,0,,,,,,,,,,,16.4,45.8,UNSAMPLED,0
3460,142.31698113207545,0,,,,,,,,,,,16.4,45.8,UNSAMPLED,0
3461,142.35811320754715,0,,,,,,,,,,,16.4,45.8,UNSAMPLED,0
3462,142.39924528301887,0,,,,,,,,,,,16.4,45.8,UNSAMPLED,0
3463,142.44037735849057,0,,,,,,,,,,,16.4,45.8,UNSAMPLED,0
3464,142.48150943396226,1,16.4,465.3,16.4,465.30,16.4,46.3,16.4,46.30,green_difference/PSM7,gray_otsu/PSM7,16.4,46.3,ACCEPT_RETRY,1
3465,142.52264150943395,0,,,,,,,,,,,16.4,46.3,UNSAMPLED,0
3466,142.56377358490565,0,,,,,,,,,,,16.4,46.3,UNSAMPLED,0
3467,142.60490566037734,0,,,,,,,,,,,16.4,46.3,UNSAMPLED,0
3468,142.64603773584906,0,,,,,,,,,,,16.4,46.3,UNSAMPLED,0
3469,142.68716981132076,0,,,,,,,,,,,16.4,46.3,UNSAMPLED,0
3470,142.72830188679245,0,,,,,,,,,,,16.4,46.3,UNSAMPLED,0
3471,142.76943396226415,0,,,,,,,,,,,16.4,46.3,UNSAMPLED,0
3472,142.81056603773584,1,16.4,457.0,16.4,4570,16.4,46.7,16.4,46.7,green_difference/PSM7,green_channel_otsu/PSM7,16.4,46.7,ACCEPT_RETRY,1
3473,142.85169811320753,0,,,,,,,,,,,16.4,46.7,UNSAMPLED,0
3474,142.89283018867923,0,,,,,,,,,,,16.4,46.7,UNSAMPLED,0
3475,142.93396226415095,0,,,,,,,,,,,16.4,46.7,UNSAMPLED,0
3476,142.97509433962264,0,,,,,,,,,,,16.4,46.7,UNSAMPLED,0
3477,143.01622641509434,0,,,,,,,,,,,16.4,46.7,UNSAMPLED,0
3478,143.05735849056603,0,,,,,,,,,,,16.4,46.7,UNSAMPLED,0
3479,143.09849056603773,0,,,,,,,,,,,16.4,46.7,UNSAMPLED,0
3480,143.13962264150942,1,14.8,457.0,148,4570,15.8,46.7,15.8,46.7,green_channel_otsu/PSM7,green_channel_otsu/PSM7,15.8,46.7,ACCEPT_RETRY,1
3481,143.1807547169811,0,,,,,,,,,,,15.8,46.7,UNSAMPLED,0
3482,143.22188679245284,0,,,,,,,,,,,15.8,46.7,UNSAMPLED,0
3483,143.26301886792453,0,,,,,,,,,,,15.8,46.7,UNSAMPLED,0
3484,143.30415094339622,0,,,,,,,,,,,15.8,46.7,UNSAMPLED,0
3485,143.34528301886792,0,,,,,,,,,,,15.8,46.7,UNSAMPLED,0
3486,143.3864150943396,0,,,,,,,,,,,15.8,46.7,UNSAMPLED,0
3487,143.4275471698113,0,,,,,,,,,,,15.8,46.7,UNSAMPLED,0
3488,143.468679245283,1,15.8,45.3,15.8,45.30,15.8,45.3,15.8,45.30,green_difference/PSM7,green_difference/PSM7,15.8,45.3,ACCEPT_PRIMARY,0
3489,143.50981132075472,0,,,,,,,,,,,15.8,45.3,UNSAMPLED,0
3490,143.55094339622642,0,,,,,,,,,,,15.8,45.3,UNSAMPLED,0
3491,143.5920754716981,0,,,,,,,,,,,15.8,45.3,UNSAMPLED,0
3492,143.6332075471698,0,,,,,,,,,,,15.8,45.3,UNSAMPLED,0
3493,143.6743396226415,0,,,,,,,,,,,15.8,45.3,UNSAMPLED,0
3494,143.7154716981132,0,,,,,,,,,,,15.8,45.3,UNSAMPLED,0
3495,143.75660377358489,0,,,,,,,,,,,15.8,45.3,UNSAMPLED,0
3496,143.7977358490566,1,15.8,45.6,15.8,45.6,15.8,45.6,15.8,45.6,green_difference/PSM7,green_difference/PSM7,15.8,45.6,ACCEPT_PRIMARY,0
3497,143.8388679245283,0,,,,,,,,,,,15.8,45.6,UNSAMPLED,0
3498,143.88,0,,,,,,,,,,,15.8,45.6,UNSAMPLED,0
3499,143.9211320754717,0,,,,,,,,,,,15.8,45.6,UNSAMPLED,0
3500,143.96226415094338,0,,,,,,,,,,,15.8,45.6,UNSAMPLED,0
3501,144.00339622641508,0,,,,,,,,,,,15.8,45.6,UNSAMPLED,0
3502,144.04452830188677,0,,,,,,,,,,,15.8,45.6,UNSAMPLED,0
3503,144.0856603773585,0,,,,,,,,,,,15.8,45.6,UNSAMPLED,0
3504,144.1267924528302,1,19.9,46.2,19.9,46.2,15.9,46.2,159.,46.2,green_difference/PSM8,green_difference/PSM7,15.9,46.2,ACCEPT_RETRY,1
3505,144.16792452830188,0,,,,,,,,,,,15.9,46.2,UNSAMPLED,0
3506,144.20905660377358,0,,,,,,,,,,,15.9,46.2,UNSAMPLED,0
3507,144.25018867924527,0,,,,,,,,,,,15.9,46.2,UNSAMPLED,0
3508,144.29132075471696,0,,,,,,,,,,,15.9,46.2,UNSAMPLED,0
3509,144.33245283018869,0,,,,,,,,,,,15.9,46.2,UNSAMPLED,0
3510,144.37358490566038,0,,,,,,,,,,,15.9,46.2,UNSAMPLED,0
3511,144.41471698113207,0,,,,,,,,,,,15.9,46.2,UNSAMPLED,0
3512,144.45584905660377,1,15.9,45.7,15.9,45.7,15.9,45.7,15.9,45.7,green_difference/PSM7,green_difference/PSM7,15.9,45.7,ACCEPT_PRIMARY,0
3513,144.49698113207546,0,,,,,,,,,,,15.9,45.7,UNSAMPLED,0
3514,144.53811320754716,0,,,,,,,,,,,15.9,45.7,UNSAMPLED,0
3515,144.57924528301885,0,,,,,,,,,,,15.9,45.7,UNSAMPLED,0
3516,144.62037735849057,0,,,,,,,,,,,15.9,45.7,UNSAMPLED,0
3517,144.66150943396227,0,,,,,,,,,,,15.9,45.7,UNSAMPLED,0
3518,144.70264150943396,0,,,,,,,,,,,15.9,45.7,UNSAMPLED,0
3519,144.74377358490565,0,,,,,,,,,,,15.9,45.7,UNSAMPLED,0
3520,144.78490566037735,1,15.9,46.3,15.9,46.3,15.9,46.3,15.9,46.3,green_difference/PSM7,green_difference/PSM7,15.9,46.3,ACCEPT_PRIMARY,0
3521,144.82603773584904,0,,,,,,,,,,,15.9,46.3,UNSAMPLED,0
3522,144.86716981132074,0,,,,,,,,,,,15.9,46.3,UNSAMPLED,0
3523,144.90830188679246,0,,,,,,,,,,,15.9,46.3,UNSAMPLED,0
3524,144.94943396226415,0,,,,,,,,,,,15.9,46.3,UNSAMPLED,0
3525,144.99056603773585,0,,,,,,,,,,,15.9,46.3,UNSAMPLED,0
3526,145.03169811320754,0,,,,,,,,,,,15.9,46.3,UNSAMPLED,0
3527,145.07283018867923,0,,,,,,,,,,,15.9,46.3,UNSAMPLED,0
3528,145.11396226415093,1,18.9,46.3,18.9,46.3,15.9,46.3,15.9,46.3,green_channel_otsu/PSM7,green_difference/PSM7,15.9,46.3,ACCEPT_RETRY,1
3529,145.15509433962262,0,,,,,,,,,,,15.9,46.3,UNSAMPLED,0
3530,145.19622641509434,0,,,,,,,,,,,15.9,46.3,UNSAMPLED,0
3531,145.23735849056604,0,,,,,,,,,,,15.9,46.3,UNSAMPLED,0
3532,145.27849056603773,0,,,,,,,,,,,15.9,46.3,UNSAMPLED,0
3533,145.31962264150943,0,,,,,,,,,,,15.9,46.3,UNSAMPLED,0
3534,145.36075471698112,0,,,,,,,,,,,15.9,46.3,UNSAMPLED,0
3535,145.4018867924528,0,,,,,,,,,,,15.9,46.3,UNSAMPLED,0
3536,145.4430188679245,1,1.2,447.7,1.2,4477,15.3,44.7,15.3,44.7,green_channel_otsu/PSM7,gray_otsu/PSM7,15.3,44.7,ACCEPT_RETRY,1
3537,145.48415094339623,0,,,,,,,,,,,15.3,44.7,UNSAMPLED,0
3538,145.52528301886792,0,,,,,,,,,,,15.3,44.7,UNSAMPLED,0
3539,145.56641509433962,0,,,,,,,,,,,15.3,44.7,UNSAMPLED,0
3540,145.6075471698113,0,,,,,,,,,,,15.3,44.7,UNSAMPLED,0
3541,145.648679245283,0,,,,,,,,,,,15.3,44.7,UNSAMPLED,0
3542,145.6898113207547,0,,,,,,,,,,,15.3,44.7,UNSAMPLED,0
3543,145.7309433962264,0,,,,,,,,,,,15.3,44.7,UNSAMPLED,0
3544,145.77207547169812,1,15.3,45.82,15.3,45.82,15.3,45.82,15.3,45.82,green_difference/PSM7,green_difference/PSM7,15.3,45.82,ACCEPT_PRIMARY,0
3545,145.8132075471698,0,,,,,,,,,,,15.3,45.82,UNSAMPLED,0
3546,145.8543396226415,0,,,,,,,,,,,15.3,45.82,UNSAMPLED,0
3547,145.8954716981132,0,,,,,,,,,,,15.3,45.82,UNSAMPLED,0
3548,145.9366037735849,0,,,,,,,,,,,15.3,45.82,UNSAMPLED,0
3549,145.9777358490566,0,,,,,,,,,,,15.3,45.82,UNSAMPLED,0
3550,146.0188679245283,0,,,,,,,,,,,15.3,45.82,UNSAMPLED,0
3551,146.06,0,,,,,,,,,,,15.3,45.82,UNSAMPLED,0
3552,146.1011320754717,1,15.2,44.6,152,446,15.2,44.6,152,446,green_difference/PSM7,green_difference/PSM7,15.2,44.6,ACCEPT_PRIMARY,0
3553,146.1422641509434,0,,,,,,,,,,,15.2,44.6,UNSAMPLED,0
3554,146.18339622641508,0,,,,,,,,,,,15.2,44.6,UNSAMPLED,0
3555,146.22452830188678,0,,,,,,,,,,,15.2,44.6,UNSAMPLED,0
3556,146.26566037735847,0,,,,,,,,,,,15.2,44.6,UNSAMPLED,0
3557,146.3067924528302,0,,,,,,,,,,,15.2,44.6,UNSAMPLED,0
3558,146.3479245283019,0,,,,,,,,,,,15.2,44.6,UNSAMPLED,0
3559,146.38905660377358,0,,,,,,,,,,,15.2,44.6,UNSAMPLED,0
3560,146.43018867924528,1,15.2,45.5,15.2,45.5,15.2,45.5,15.2,45.5,green_difference/PSM7,green_difference/PSM7,15.2,45.5,ACCEPT_PRIMARY,0
3561,146.47132075471697,0,,,,,,,,,,,15.2,45.5,UNSAMPLED,0
3562,146.51245283018866,0,,,,,,,,,,,15.2,45.5,UNSAMPLED,0
3563,146.55358490566036,0,,,,,,,,,,,15.2,45.5,UNSAMPLED,0
3564,146.59471698113208,0,,,,,,,,,,,15.2,45.5,UNSAMPLED,0
3565,146.63584905660377,0,,,,,,,,,,,15.2,45.5,UNSAMPLED,0
3566,146.67698113207547,0,,,,,,,,,,,15.2,45.5,UNSAMPLED,0
3567,146.71811320754716,0,,,,,,,,,,,15.2,45.5,UNSAMPLED,0
3568,146.75924528301886,1,15.7,45.2,157,45.20,15.7,45.2,157,45.20,green_difference/PSM7,green_difference/PSM7,15.7,45.2,ACCEPT_PRIMARY,0
3569,146.80037735849055,0,,,,,,,,,,,15.7,45.2,UNSAMPLED,0
3570,146.84150943396224,0,,,,,,,,,,,15.7,45.2,UNSAMPLED,0
3571,146.88264150943397,0,,,,,,,,,,,15.7,45.2,UNSAMPLED,0
3572,146.92377358490566,0,,,,,,,,,,,15.7,45.2,UNSAMPLED,0
3573,146.96490566037735,0,,,,,,,,,,,15.7,45.2,UNSAMPLED,0
3574,147.00603773584905,0,,,,,,,,,,,15.7,45.2,UNSAMPLED,0
3575,147.04716981132074,0,,,,,,,,,,,15.7,45.2,UNSAMPLED,0
3576,147.08830188679244,1,15.7,45.2,157,45.20,15.7,45.2,157,45.20,green_difference/PSM7,green_difference/PSM7,15.7,45.2,ACCEPT_PRIMARY,0
3577,147.12943396226413,0,,,,,,,,,,,15.7,45.2,UNSAMPLED,0
3578,147.17056603773585,0,,,,,,,,,,,15.7,45.2,UNSAMPLED,0
3579,147.21169811320755,0,,,,,,,,,,,15.7,45.2,UNSAMPLED,0
3580,147.25283018867924,0,,,,,,,,,,,15.7,45.2,UNSAMPLED,0
3581,147.29396226415093,0,,,,,,,,,,,15.7,45.2,UNSAMPLED,0
3582,147.33509433962263,0,,,,,,,,,,,15.7,45.2,UNSAMPLED,0
3583,147.37622641509432,0,,,,,,,,,,,15.7,45.2,UNSAMPLED,0
3584,147.41735849056602,1,,45.3,,453,15.1,45.3,15.1,453,gray_otsu/PSM7,green_difference/PSM7,15.1,45.3,ACCEPT_RETRY,1
3585,147.45849056603774,0,,,,,,,,,,,15.1,45.3,UNSAMPLED,0
3586,147.49962264150943,0,,,,,,,,,,,15.1,45.3,UNSAMPLED,0
3587,147.54075471698113,0,,,,,,,,,,,15.1,45.3,UNSAMPLED,0
3588,147.58188679245282,0,,,,,,,,,,,15.1,45.3,UNSAMPLED,0
3589,147.62301886792451,0,,,,,,,,,,,15.1,45.3,UNSAMPLED,0
3590,147.6641509433962,0,,,,,,,,,,,15.1,45.3,UNSAMPLED,0
3591,147.70528301886793,0,,,,,,,,,,,15.1,45.3,UNSAMPLED,0
3592,147.74641509433962,1,16.1,45.3,161,453,16.1,45.3,161,453,green_difference/PSM7,green_difference/PSM7,16.1,45.3,ACCEPT_PRIMARY,0
3593,147.78754716981132,0,,,,,,,,,,,16.1,45.3,UNSAMPLED,0
3594,147.828679245283,0,,,,,,,,,,,16.1,45.3,UNSAMPLED,0
3595,147.8698113207547,0,,,,,,,,,,,16.1,45.3,UNSAMPLED,0
3596,147.9109433962264,0,,,,,,,,,,,16.1,45.3,UNSAMPLED,0
3597,147.9520754716981,0,,,,,,,,,,,16.1,45.3,UNSAMPLED,0
3598,147.99320754716982,0,,,,,,,,,,,16.1,45.3,UNSAMPLED,0
3599,148.0343396226415,0,,,,,,,,,,,16.1,45.3,UNSAMPLED,0
3600,148.0754716981132,1,15.1,45.8,15.1,458,15.1,45.8,15.1,458,green_difference/PSM7,green_difference/PSM7,15.1,45.8,ACCEPT_PRIMARY,0
3601,148.1166037735849,0,,,,,,,,,,,15.1,45.8,UNSAMPLED,0
3602,148.1577358490566,0,,,,,,,,,,,15.1,45.8,UNSAMPLED,0
3603,148.1988679245283,0,,,,,,,,,,,15.1,45.8,UNSAMPLED,0
3604,148.23999999999998,0,,,,,,,,,,,15.1,45.8,UNSAMPLED,0
3605,148.2811320754717,0,,,,,,,,,,,15.1,45.8,UNSAMPLED,0
3606,148.3222641509434,0,,,,,,,,,,,15.1,45.8,UNSAMPLED,0
3607,148.3633962264151,0,,,,,,,,,,,15.1,45.8,UNSAMPLED,0
3608,148.40452830188678,1,15.1,45.8,15.1,458,15.1,45.8,15.1,458,green_difference/PSM7,green_difference/PSM7,15.1,45.8,ACCEPT_PRIMARY,0
3609,148.44566037735848,0,,,,,,,,,,,15.1,45.8,UNSAMPLED,0
3610,148.48679245283017,0,,,,,,,,,,,15.1,45.8,UNSAMPLED,0
3611,148.52792452830187,0,,,,,,,,,,,15.1,45.8,UNSAMPLED,0
3612,148.5690566037736,0,,,,,,,,,,,15.1,45.8,UNSAMPLED,0
3613,148.61018867924528,0,,,,,,,,,,,15.1,45.8,UNSAMPLED,0
3614,148.65132075471698,0,,,,,,,,,,,15.1,45.8,UNSAMPLED,0
3615,148.69245283018867,0,,,,,,,,,,,15.1,45.8,UNSAMPLED,0
3616,148.73358490566036,1,15.1,46.4,15.1,46.4,15.1,46.4,15.1,46.4,green_difference/PSM7,green_difference/PSM7,15.1,46.4,ACCEPT_PRIMARY,0
3617,148.77471698113206,0,,,,,,,,,,,15.1,46.4,UNSAMPLED,0
3618,148.81584905660375,0,,,,,,,,,,,15.1,46.4,UNSAMPLED,0
3619,148.85698113207548,0,,,,,,,,,,,15.1,46.4,UNSAMPLED,0
3620,148.89811320754717,0,,,,,,,,,,,15.1,46.4,UNSAMPLED,0
3621,148.93924528301886,0,,,,,,,,,,,15.1,46.4,UNSAMPLED,0
3622,148.98037735849056,0,,,,,,,,,,,15.1,46.4,UNSAMPLED,0
3623,149.02150943396225,0,,,,,,,,,,,15.1,46.4,UNSAMPLED,0
3624,149.06264150943394,1,15.1,46.4,15.1,46.4,15.1,46.4,15.1,46.4,green_difference/PSM7,green_difference/PSM7,15.1,46.4,ACCEPT_PRIMARY,0
3625,149.10377358490564,0,,,,,,,,,,,15.1,46.4,UNSAMPLED,0
3626,149.14490566037736,0,,,,,,,,,,,15.1,46.4,UNSAMPLED,0
3627,149.18603773584906,0,,,,,,,,,,,15.1,46.4,UNSAMPLED,0
3628,149.22716981132075,0,,,,,,,,,,,15.1,46.4,UNSAMPLED,0
3629,149.26830188679244,0,,,,,,,,,,,15.1,46.4,UNSAMPLED,0
3630,149.30943396226414,0,,,,,,,,,,,15.1,46.4,UNSAMPLED,0
3631,149.35056603773583,0,,,,,,,,,,,15.1,46.4,UNSAMPLED,0
3632,149.39169811320755,1,15.1,45.6,15.1,45.6,15.1,45.6,15.1,45.6,green_difference/PSM7,green_difference/PSM7,15.1,45.6,ACCEPT_PRIMARY,0
3633,149.43283018867925,0,,,,,,,,,,,15.1,45.6,UNSAMPLED,0
3634,149.47396226415094,0,,,,,,,,,,,15.1,45.6,UNSAMPLED,0
3635,149.51509433962264,0,,,,,,,,,,,15.1,45.6,UNSAMPLED,0
3636,149.55622641509433,0,,,,,,,,,,,15.1,45.6,UNSAMPLED,0
3637,149.59735849056602,0,,,,,,,,,,,15.1,45.6,UNSAMPLED,0
3638,149.63849056603772,0,,,,,,,,,,,15.1,45.6,UNSAMPLED,0
3639,149.67962264150944,0,,,,,,,,,,,15.1,45.6,UNSAMPLED,0
3640,149.72075471698113,1,,45.6,1,45.6,15.1,45.6,15.1,45.6,green_channel_otsu/PSM7,green_difference/PSM7,15.1,45.6,ACCEPT_RETRY,1
3641,149.76188679245283,0,,,,,,,,,,,15.1,45.6,UNSAMPLED,0
3642,149.80301886792452,0,,,,,,,,,,,15.1,45.6,UNSAMPLED,0
3643,149.84415094339622,0,,,,,,,,,,,15.1,45.6,UNSAMPLED,0
3644,149.8852830188679,0,,,,,,,,,,,15.1,45.6,UNSAMPLED,0
3645,149.9264150943396,0,,,,,,,,,,,15.1,45.6,UNSAMPLED,0
3646,149.96754716981133,0,,,,,,,,,,,15.1,45.6,UNSAMPLED,0
3647,150.00867924528302,0,,,,,,,,,,,15.1,45.6,UNSAMPLED,0
3648,150.0498113207547,1,16.1,44.8,16.1,448,16.1,44.8,16.1,448,green_difference/PSM7,green_difference/PSM7,16.1,44.8,ACCEPT_PRIMARY,0
3649,150.0909433962264,0,,,,,,,,,,,16.1,44.8,UNSAMPLED,0
3650,150.1320754716981,0,,,,,,,,,,,16.1,44.8,UNSAMPLED,0
3651,150.1732075471698,0,,,,,,,,,,,16.1,44.8,UNSAMPLED,0
3652,150.2143396226415,0,,,,,,,,,,,16.1,44.8,UNSAMPLED,0
3653,150.2554716981132,0,,,,,,,,,,,16.1,44.8,UNSAMPLED,0
3654,150.2966037735849,0,,,,,,,,,,,16.1,44.8,UNSAMPLED,0
3655,150.3377358490566,0,,,,,,,,,,,16.1,44.8,UNSAMPLED,0
3656,150.3788679245283,1,15.1,452.0,15.1,4520,15.1,45.2,15.1,45.20,green_difference/PSM7,gray_otsu/PSM7,15.1,45.2,ACCEPT_RETRY,1
3657,150.42,0,,,,,,,,,,,15.1,45.2,UNSAMPLED,0
3658,150.46113207547168,0,,,,,,,,,,,15.1,45.2,UNSAMPLED,0
3659,150.50226415094338,0,,,,,,,,,,,15.1,45.2,UNSAMPLED,0
3660,150.5433962264151,0,,,,,,,,,,,15.1,45.2,UNSAMPLED,0
3661,150.5845283018868,0,,,,,,,,,,,15.1,45.2,UNSAMPLED,0
3662,150.62566037735849,0,,,,,,,,,,,15.1,45.2,UNSAMPLED,0
3663,150.66679245283018,0,,,,,,,,,,,15.1,45.2,UNSAMPLED,0
3664,150.70792452830187,1,15.2,45.8,15.2,45.8,15.2,45.8,15.2,45.8,green_difference/PSM7,green_difference/PSM7,15.2,45.8,ACCEPT_PRIMARY,0
3665,150.74905660377357,0,,,,,,,,,,,15.2,45.8,UNSAMPLED,0
3666,150.79018867924526,0,,,,,,,,,,,15.2,45.8,UNSAMPLED,0
3667,150.83132075471698,0,,,,,,,,,,,15.2,45.8,UNSAMPLED,0
3668,150.87245283018868,0,,,,,,,,,,,15.2,45.8,UNSAMPLED,0
3669,150.91358490566037,0,,,,,,,,,,,15.2,45.8,UNSAMPLED,0
3670,150.95471698113207,0,,,,,,,,,,,15.2,45.8,UNSAMPLED,0
3671,150.99584905660376,0,,,,,,,,,,,15.2,45.8,UNSAMPLED,0
3672,151.03698113207545,1,15.2,459.0,15.2,4590,15.2,45.9,15.2,45.90,green_difference/PSM7,hsv_green/PSM7,15.2,45.9,ACCEPT_RETRY,1
3673,151.07811320754718,0,,,,,,,,,,,15.2,45.9,UNSAMPLED,0
3674,151.11924528301887,0,,,,,,,,,,,15.2,45.9,UNSAMPLED,0
3675,151.16037735849056,0,,,,,,,,,,,15.2,45.9,UNSAMPLED,0
3676,151.20150943396226,0,,,,,,,,,,,15.2,45.9,UNSAMPLED,0
3677,151.24264150943395,0,,,,,,,,,,,15.2,45.9,UNSAMPLED,0
3678,151.28377358490565,0,,,,,,,,,,,15.2,45.9,UNSAMPLED,0
3679,151.32490566037734,0,,,,,,,,,,,15.2,45.9,UNSAMPLED,0
3680,151.36603773584906,1,15.1,46.0,151,46.00,15.1,46.0,151,46.00,green_difference/PSM7,green_difference/PSM7,15.1,46.0,ACCEPT_PRIMARY,0
3681,151.40716981132076,0,,,,,,,,,,,15.1,46.0,UNSAMPLED,0
3682,151.44830188679245,0,,,,,,,,,,,15.1,46.0,UNSAMPLED,0
3683,151.48943396226414,0,,,,,,,,,,,15.1,46.0,UNSAMPLED,0
3684,151.53056603773584,0,,,,,,,,,,,15.1,46.0,UNSAMPLED,0
3685,151.57169811320753,0,,,,,,,,,,,15.1,46.0,UNSAMPLED,0
3686,151.61283018867923,0,,,,,,,,,,,15.1,46.0,UNSAMPLED,0
3687,151.65396226415095,0,,,,,,,,,,,15.1,46.0,UNSAMPLED,0
3688,151.69509433962264,1,16.1,46.6,16.1,466,16.1,46.6,16.1,466,green_difference/PSM7,green_difference/PSM7,16.1,46.6,ACCEPT_PRIMARY,0
3689,151.73622641509434,0,,,,,,,,,,,16.1,46.6,UNSAMPLED,0
3690,151.77735849056603,0,,,,,,,,,,,16.1,46.6,UNSAMPLED,0
3691,151.81849056603772,0,,,,,,,,,,,16.1,46.6,UNSAMPLED,0
3692,151.85962264150942,0,,,,,,,,,,,16.1,46.6,UNSAMPLED,0
3693,151.9007547169811,0,,,,,,,,,,,16.1,46.6,UNSAMPLED,0
3694,151.94188679245283,0,,,,,,,,,,,16.1,46.6,UNSAMPLED,0
3695,151.98301886792453,0,,,,,,,,,,,16.1,46.6,UNSAMPLED,0
3696,152.02415094339622,1,16.1,46.2,16.1,46.20,16.1,46.2,16.1,46.20,green_difference/PSM7,green_difference/PSM7,16.1,46.2,ACCEPT_PRIMARY,0
3697,152.06528301886792,0,,,,,,,,,,,16.1,46.2,UNSAMPLED,0
3698,152.1064150943396,0,,,,,,,,,,,16.1,46.2,UNSAMPLED,0
3699,152.1475471698113,0,,,,,,,,,,,16.1,46.2,UNSAMPLED,0
3700,152.188679245283,0,,,,,,,,,,,16.1,46.2,UNSAMPLED,0
3701,152.22981132075472,0,,,,,,,,,,,16.1,46.2,UNSAMPLED,0
3702,152.27094339622641,0,,,,,,,,,,,16.1,46.2,UNSAMPLED,0
3703,152.3120754716981,0,,,,,,,,,,,16.1,46.2,UNSAMPLED,0
3704,152.3532075471698,1,15.2,46.2,15.2.,46.20,15.2,46.2,15.2.,46.20,green_difference/PSM7,green_difference/PSM7,15.2,46.2,ACCEPT_PRIMARY,0
3705,152.3943396226415,0,,,,,,,,,,,15.2,46.2,UNSAMPLED,0
3706,152.4354716981132,0,,,,,,,,,,,15.2,46.2,UNSAMPLED,0
3707,152.47660377358488,0,,,,,,,,,,,15.2,46.2,UNSAMPLED,0
3708,152.5177358490566,0,,,,,,,,,,,15.2,46.2,UNSAMPLED,0
3709,152.5588679245283,0,,,,,,,,,,,15.2,46.2,UNSAMPLED,0
3710,152.6,0,,,,,,,,,,,15.2,46.2,UNSAMPLED,0
3711,152.6411320754717,0,,,,,,,,,,,15.2,46.2,UNSAMPLED,0
3712,152.68226415094338,1,15.2,46.4,15.2.,464,15.2,46.4,15.2.,464,green_difference/PSM7,green_difference/PSM7,15.2,46.4,ACCEPT_PRIMARY,0
3713,152.72339622641508,0,,,,,,,,,,,15.2,46.4,UNSAMPLED,0
3714,152.7645283018868,0,,,,,,,,,,,15.2,46.4,UNSAMPLED,0
3715,152.8056603773585,0,,,,,,,,,,,15.2,46.4,UNSAMPLED,0
3716,152.8467924528302,0,,,,,,,,,,,15.2,46.4,UNSAMPLED,0
3717,152.88792452830188,0,,,,,,,,,,,15.2,46.4,UNSAMPLED,0
3718,152.92905660377357,0,,,,,,,,,,,15.2,46.4,UNSAMPLED,0
3719,152.97018867924527,0,,,,,,,,,,,15.2,46.4,UNSAMPLED,0
3720,153.01132075471696,1,15.2,46.2,15.2.,46.20,15.2,46.2,15.2.,46.20,green_difference/PSM7,green_difference/PSM7,15.2,46.2,ACCEPT_PRIMARY,0
3721,153.05245283018868,0,,,,,,,,,,,15.2,46.2,UNSAMPLED,0
3722,153.09358490566038,0,,,,,,,,,,,15.2,46.2,UNSAMPLED,0
3723,153.13471698113207,0,,,,,,,,,,,15.2,46.2,UNSAMPLED,0
3724,153.17584905660377,0,,,,,,,,,,,15.2,46.2,UNSAMPLED,0
3725,153.21698113207546,0,,,,,,,,,,,15.2,46.2,UNSAMPLED,0
3726,153.25811320754715,0,,,,,,,,,,,15.2,46.2,UNSAMPLED,0
3727,153.29924528301885,0,,,,,,,,,,,15.2,46.2,UNSAMPLED,0
3728,153.34037735849057,1,19.2,46.2,19.2.0,46.20,15.2,46.2,15.2,46.20,green_channel_otsu/PSM7,green_difference/PSM7,15.2,46.2,ACCEPT_RETRY,1
3729,153.38150943396226,0,,,,,,,,,,,15.2,46.2,UNSAMPLED,0
3730,153.42264150943396,0,,,,,,,,,,,15.2,46.2,UNSAMPLED,0
3731,153.46377358490565,0,,,,,,,,,,,15.2,46.2,UNSAMPLED,0
3732,153.50490566037735,0,,,,,,,,,,,15.2,46.2,UNSAMPLED,0
3733,153.54603773584904,0,,,,,,,,,,,15.2,46.2,UNSAMPLED,0
3734,153.58716981132073,0,,,,,,,,,,,15.2,46.2,UNSAMPLED,0
3735,153.62830188679246,0,,,,,,,,,,,15.2,46.2,UNSAMPLED,0
3736,153.66943396226415,1,19.2,46.0,19.20,46.0,15.2,46.0,15.2,46.0,green_channel_otsu/PSM7,green_difference/PSM7,15.2,46.0,ACCEPT_RETRY,1
3737,153.71056603773584,0,,,,,,,,,,,15.2,46.0,UNSAMPLED,0
3738,153.75169811320754,0,,,,,,,,,,,15.2,46.0,UNSAMPLED,0
3739,153.79283018867923,0,,,,,,,,,,,15.2,46.0,UNSAMPLED,0
3740,153.83396226415093,0,,,,,,,,,,,15.2,46.0,UNSAMPLED,0
3741,153.87509433962262,0,,,,,,,,,,,15.2,46.0,UNSAMPLED,0
3742,153.91622641509434,0,,,,,,,,,,,15.2,46.0,UNSAMPLED,0
3743,153.95735849056604,0,,,,,,,,,,,15.2,46.0,UNSAMPLED,0
3744,153.99849056603773,1,16.2,46.2,16.2,46.20,16.2,46.2,16.2,46.20,green_difference/PSM7,green_difference/PSM7,16.2,46.2,ACCEPT_PRIMARY,0
3745,154.03962264150942,0,,,,,,,,,,,16.2,46.2,UNSAMPLED,0
3746,154.08075471698112,0,,,,,,,,,,,16.2,46.2,UNSAMPLED,0
3747,154.1218867924528,0,,,,,,,,,,,16.2,46.2,UNSAMPLED,0
3748,154.1630188679245,0,,,,,,,,,,,16.2,46.2,UNSAMPLED,0
3749,154.20415094339623,0,,,,,,,,,,,16.2,46.2,UNSAMPLED,0
3750,154.24528301886792,0,,,,,,,,,,,16.2,46.2,UNSAMPLED,0
3751,154.28641509433962,0,,,,,,,,,,,16.2,46.2,UNSAMPLED,0
3752,154.3275471698113,1,15.4,46.2,15.4,46.20,15.4,46.2,15.4,46.20,green_difference/PSM7,green_difference/PSM7,15.4,46.2,ACCEPT_PRIMARY,0
3753,154.368679245283,0,,,,,,,,,,,15.4,46.2,UNSAMPLED,0
3754,154.4098113207547,0,,,,,,,,,,,15.4,46.2,UNSAMPLED,0
3755,154.45094339622642,0,,,,,,,,,,,15.4,46.2,UNSAMPLED,0
3756,154.49207547169812,0,,,,,,,,,,,15.4,46.2,UNSAMPLED,0
3757,154.5332075471698,0,,,,,,,,,,,15.4,46.2,UNSAMPLED,0
3758,154.5743396226415,0,,,,,,,,,,,15.4,46.2,UNSAMPLED,0
3759,154.6154716981132,0,,,,,,,,,,,15.4,46.2,UNSAMPLED,0
3760,154.6566037735849,1,15.2,46.6,15.2,46.6,15.2,46.6,15.2,46.6,green_difference/PSM7,green_difference/PSM7,15.2,46.6,ACCEPT_PRIMARY,0
3761,154.69773584905658,0,,,,,,,,,,,15.2,46.6,UNSAMPLED,0
3762,154.7388679245283,0,,,,,,,,,,,15.2,46.6,UNSAMPLED,0
3763,154.78,0,,,,,,,,,,,15.2,46.6,UNSAMPLED,0
3764,154.8211320754717,0,,,,,,,,,,,15.2,46.6,UNSAMPLED,0
3765,154.8622641509434,0,,,,,,,,,,,15.2,46.6,UNSAMPLED,0
3766,154.90339622641508,0,,,,,,,,,,,15.2,46.6,UNSAMPLED,0
3767,154.94452830188678,0,,,,,,,,,,,15.2,46.6,UNSAMPLED,0
3768,154.98566037735847,1,15.4,46.0,15.4.,46.0,15.4,46.0,15.4.,46.0,green_difference/PSM7,green_difference/PSM7,15.4,46.0,ACCEPT_PRIMARY,0
3769,155.0267924528302,0,,,,,,,,,,,15.4,46.0,UNSAMPLED,0
3770,155.0679245283019,0,,,,,,,,,,,15.4,46.0,UNSAMPLED,0
3771,155.10905660377358,0,,,,,,,,,,,15.4,46.0,UNSAMPLED,0
3772,155.15018867924528,0,,,,,,,,,,,15.4,46.0,UNSAMPLED,0
3773,155.19132075471697,0,,,,,,,,,,,15.4,46.0,UNSAMPLED,0
3774,155.23245283018866,0,,,,,,,,,,,15.4,46.0,UNSAMPLED,0
3775,155.27358490566036,0,,,,,,,,,,,15.4,46.0,UNSAMPLED,0
3776,155.31471698113208,1,15.4,46.2,15.4,46.20,15.4,46.2,15.4,46.20,green_difference/PSM7,green_difference/PSM7,15.4,46.2,ACCEPT_PRIMARY,0
3777,155.35584905660377,0,,,,,,,,,,,15.4,46.2,UNSAMPLED,0
3778,155.39698113207547,0,,,,,,,,,,,15.4,46.2,UNSAMPLED,0
3779,155.43811320754716,0,,,,,,,,,,,15.4,46.2,UNSAMPLED,0
3780,155.47924528301886,0,,,,,,,,,,,15.4,46.2,UNSAMPLED,0
3781,155.52037735849055,0,,,,,,,,,,,15.4,46.2,UNSAMPLED,0
3782,155.56150943396224,0,,,,,,,,,,,15.4,46.2,UNSAMPLED,0
3783,155.60264150943397,0,,,,,,,,,,,15.4,46.2,UNSAMPLED,0
3784,155.64377358490566,1,15.4,465.3,15.4,465.30,15.4,46.3,15.4,46.3,green_difference/PSM7,hsv_green/PSM7,15.4,46.3,ACCEPT_RETRY,1
3785,155.68490566037735,0,,,,,,,,,,,15.4,46.3,UNSAMPLED,0
3786,155.72603773584905,0,,,,,,,,,,,15.4,46.3,UNSAMPLED,0
3787,155.76716981132074,0,,,,,,,,,,,15.4,46.3,UNSAMPLED,0
3788,155.80830188679244,0,,,,,,,,,,,15.4,46.3,UNSAMPLED,0
3789,155.84943396226413,0,,,,,,,,,,,15.4,46.3,UNSAMPLED,0
3790,155.89056603773585,0,,,,,,,,,,,15.4,46.3,UNSAMPLED,0
3791,155.93169811320755,0,,,,,,,,,,,15.4,46.3,UNSAMPLED,0
3792,155.97283018867924,1,,45.6,1,45.6,15.3,45.6,15.3,45.6,green_channel_otsu/PSM7,green_difference/PSM7,15.3,45.6,ACCEPT_RETRY,1
3793,156.01396226415093,0,,,,,,,,,,,15.3,45.6,UNSAMPLED,0
3794,156.05509433962263,0,,,,,,,,,,,15.3,45.6,UNSAMPLED,0
3795,156.09622641509432,0,,,,,,,,,,,15.3,45.6,UNSAMPLED,0
3796,156.13735849056604,0,,,,,,,,,,,15.3,45.6,UNSAMPLED,0
3797,156.17849056603774,0,,,,,,,,,,,15.3,45.6,UNSAMPLED,0
3798,156.21962264150943,0,,,,,,,,,,,15.3,45.6,UNSAMPLED,0
3799,156.26075471698113,0,,,,,,,,,,,15.3,45.6,UNSAMPLED,0
3800,156.30188679245282,1,,46.3,,46.3,15.5,45.3,15.5,45.3,green_channel_otsu/PSM7,hsv_green/PSM7,15.5,45.3,ACCEPT_RETRY,1
3801,156.3430188679245,0,,,,,,,,,,,15.5,45.3,UNSAMPLED,0
3802,156.3841509433962,0,,,,,,,,,,,15.5,45.3,UNSAMPLED,0
3803,156.42528301886793,0,,,,,,,,,,,15.5,45.3,UNSAMPLED,0
3804,156.46641509433962,0,,,,,,,,,,,15.5,45.3,UNSAMPLED,0
3805,156.50754716981132,0,,,,,,,,,,,15.5,45.3,UNSAMPLED,0
3806,156.548679245283,0,,,,,,,,,,,15.5,45.3,UNSAMPLED,0
3807,156.5898113207547,0,,,,,,,,,,,15.5,45.3,UNSAMPLED,0
3808,156.6309433962264,1,15.5,46.5,15.5,465,15.5,46.5,15.5,465,green_difference/PSM7,green_difference/PSM7,15.5,46.5,ACCEPT_PRIMARY,0
3809,156.6720754716981,0,,,,,,,,,,,15.5,46.5,UNSAMPLED,0
3810,156.71320754716982,0,,,,,,,,,,,15.5,46.5,UNSAMPLED,0
3811,156.7543396226415,0,,,,,,,,,,,15.5,46.5,UNSAMPLED,0
3812,156.7954716981132,0,,,,,,,,,,,15.5,46.5,UNSAMPLED,0
3813,156.8366037735849,0,,,,,,,,,,,15.5,46.5,UNSAMPLED,0
3814,156.8777358490566,0,,,,,,,,,,,15.5,46.5,UNSAMPLED,0
3815,156.91886792452829,0,,,,,,,,,,,15.5,46.5,UNSAMPLED,0
3816,156.95999999999998,1,15.4,46.5,15.4,465,15.4,46.5,15.4,465,green_difference/PSM7,green_difference/PSM7,15.4,46.5,ACCEPT_PRIMARY,0
3817,157.0011320754717,0,,,,,,,,,,,15.4,46.5,UNSAMPLED,0
3818,157.0422641509434,0,,,,,,,,,,,15.4,46.5,UNSAMPLED,0
3819,157.0833962264151,0,,,,,,,,,,,15.4,46.5,UNSAMPLED,0
3820,157.12452830188678,0,,,,,,,,,,,15.4,46.5,UNSAMPLED,0
3821,157.16566037735848,0,,,,,,,,,,,15.4,46.5,UNSAMPLED,0
3822,157.20679245283017,0,,,,,,,,,,,15.4,46.5,UNSAMPLED,0
3823,157.24792452830187,0,,,,,,,,,,,15.4,46.5,UNSAMPLED,0
3824,157.2890566037736,1,15.4,464.0,15.4,4640,15.4,46.4,15.4,46.4,green_difference/PSM7,hsv_green/PSM7,15.4,46.4,ACCEPT_RETRY,1
3825,157.33018867924528,0,,,,,,,,,,,15.4,46.4,UNSAMPLED,0
3826,157.37132075471698,0,,,,,,,,,,,15.4,46.4,UNSAMPLED,0
3827,157.41245283018867,0,,,,,,,,,,,15.4,46.4,UNSAMPLED,0
3828,157.45358490566036,0,,,,,,,,,,,15.4,46.4,UNSAMPLED,0
3829,157.49471698113206,0,,,,,,,,,,,15.4,46.4,UNSAMPLED,0
3830,157.53584905660375,0,,,,,,,,,,,15.4,46.4,UNSAMPLED,0
3831,157.57698113207547,0,,,,,,,,,,,15.4,46.4,UNSAMPLED,0
3832,157.61811320754717,1,15.6,464.0,156,4640,15.5,46.4,15.5,46.4,green_channel_otsu/PSM7,hsv_green/PSM7,15.5,46.4,ACCEPT_RETRY,1
3833,157.65924528301886,0,,,,,,,,,,,15.5,46.4,UNSAMPLED,0
3834,157.70037735849056,0,,,,,,,,,,,15.5,46.4,UNSAMPLED,0
3835,157.74150943396225,0,,,,,,,,,,,15.5,46.4,UNSAMPLED,0
3836,157.78264150943394,0,,,,,,,,,,,15.5,46.4,UNSAMPLED,0
3837,157.82377358490567,0,,,,,,,,,,,15.5,46.4,UNSAMPLED,0
3838,157.86490566037736,0,,,,,,,,,,,15.5,46.4,UNSAMPLED,0
3839,157.90603773584905,0,,,,,,,,,,,15.5,46.4,UNSAMPLED,0
3840,157.94716981132075,1,15.4,45.8,15.40,45.80,15.4,45.8,15.40,45.80,green_difference/PSM7,green_difference/PSM7,15.4,45.8,ACCEPT_PRIMARY,0
3841,157.98830188679244,0,,,,,,,,,,,15.4,45.8,UNSAMPLED,0
3842,158.02943396226414,0,,,,,,,,,,,15.4,45.8,UNSAMPLED,0
3843,158.07056603773583,0,,,,,,,,,,,15.4,45.8,UNSAMPLED,0
3844,158.11169811320755,0,,,,,,,,,,,15.4,45.8,UNSAMPLED,0
3845,158.15283018867925,0,,,,,,,,,,,15.4,45.8,UNSAMPLED,0
3846,158.19396226415094,0,,,,,,,,,,,15.4,45.8,UNSAMPLED,0
3847,158.23509433962263,0,,,,,,,,,,,15.4,45.8,UNSAMPLED,0
3848,158.27622641509433,1,15.5,45.2,15.5,45.20,15.5,45.2,15.5,45.20,green_difference/PSM7,green_difference/PSM7,15.5,45.2,ACCEPT_PRIMARY,0
3849,158.31735849056602,0,,,,,,,,,,,15.5,45.2,UNSAMPLED,0
3850,158.35849056603772,0,,,,,,,,,,,15.5,45.2,UNSAMPLED,0
3851,158.39962264150944,0,,,,,,,,,,,15.5,45.2,UNSAMPLED,0
3852,158.44075471698113,0,,,,,,,,,,,15.5,45.2,UNSAMPLED,0
3853,158.48188679245283,0,,,,,,,,,,,15.5,45.2,UNSAMPLED,0
3854,158.52301886792452,0,,,,,,,,,,,15.5,45.2,UNSAMPLED,0
3855,158.5641509433962,0,,,,,,,,,,,15.5,45.2,UNSAMPLED,0
3856,158.6052830188679,1,15.4,45.2,15.4,45.20,15.4,45.2,15.4,45.20,green_difference/PSM7,green_difference/PSM7,15.4,45.2,ACCEPT_PRIMARY,0
3857,158.6464150943396,0,,,,,,,,,,,15.4,45.2,UNSAMPLED,0
3858,158.68754716981132,0,,,,,,,,,,,15.4,45.2,UNSAMPLED,0
3859,158.72867924528302,0,,,,,,,,,,,15.4,45.2,UNSAMPLED,0
3860,158.7698113207547,0,,,,,,,,,,,15.4,45.2,UNSAMPLED,0
3861,158.8109433962264,0,,,,,,,,,,,15.4,45.2,UNSAMPLED,0
3862,158.8520754716981,0,,,,,,,,,,,15.4,45.2,UNSAMPLED,0
3863,158.8932075471698,0,,,,,,,,,,,15.4,45.2,UNSAMPLED,0
3864,158.9343396226415,1,15.2,46.4,15.2,464,15.2,46.4,15.2,464,green_difference/PSM7,green_difference/PSM7,15.2,46.4,ACCEPT_PRIMARY,0
3865,158.9754716981132,0,,,,,,,,,,,15.2,46.4,UNSAMPLED,0
3866,159.0166037735849,0,,,,,,,,,,,15.2,46.4,UNSAMPLED,0
3867,159.0577358490566,0,,,,,,,,,,,15.2,46.4,UNSAMPLED,0
3868,159.0988679245283,0,,,,,,,,,,,15.2,46.4,UNSAMPLED,0
3869,159.14,0,,,,,,,,,,,15.2,46.4,UNSAMPLED,0
3870,159.18113207547168,0,,,,,,,,,,,15.2,46.4,UNSAMPLED,0
3871,159.22226415094337,0,,,,,,,,,,,15.2,46.4,UNSAMPLED,0
3872,159.2633962264151,1,15.3,46.4,15.3,464,15.3,46.4,15.3,464,green_difference/PSM7,green_difference/PSM7,15.3,46.4,ACCEPT_PRIMARY,0
3873,159.3045283018868,0,,,,,,,,,,,15.3,46.4,UNSAMPLED,0
3874,159.34566037735848,0,,,,,,,,,,,15.3,46.4,UNSAMPLED,0
3875,159.38679245283018,0,,,,,,,,,,,15.3,46.4,UNSAMPLED,0
3876,159.42792452830187,0,,,,,,,,,,,15.3,46.4,UNSAMPLED,0
3877,159.46905660377357,0,,,,,,,,,,,15.3,46.4,UNSAMPLED,0
3878,159.5101886792453,0,,,,,,,,,,,15.3,46.4,UNSAMPLED,0
3879,159.55132075471698,0,,,,,,,,,,,15.3,46.4,UNSAMPLED,0
3880,159.59245283018868,1,15.2,46.4,15.2,464,15.2,46.4,15.2,464,green_difference/PSM7,green_difference/PSM7,15.2,46.4,ACCEPT_PRIMARY,0
3881,159.63358490566037,0,,,,,,,,,,,15.2,46.4,UNSAMPLED,0
3882,159.67471698113206,0,,,,,,,,,,,15.2,46.4,UNSAMPLED,0
3883,159.71584905660376,0,,,,,,,,,,,15.2,46.4,UNSAMPLED,0
3884,159.75698113207545,0,,,,,,,,,,,15.2,46.4,UNSAMPLED,0
3885,159.79811320754717,0,,,,,,,,,,,15.2,46.4,UNSAMPLED,0
3886,159.83924528301887,0,,,,,,,,,,,15.2,46.4,UNSAMPLED,0
3887,159.88037735849056,0,,,,,,,,,,,15.2,46.4,UNSAMPLED,0
3888,159.92150943396226,1,15.2,46.4,15.2,464,15.2,46.4,15.2,464,green_difference/PSM7,green_difference/PSM7,15.2,46.4,ACCEPT_PRIMARY,0
3889,159.96264150943395,0,,,,,,,,,,,15.2,46.4,UNSAMPLED,0
3890,160.00377358490564,0,,,,,,,,,,,15.2,46.4,UNSAMPLED,0
3891,160.04490566037734,0,,,,,,,,,,,15.2,46.4,UNSAMPLED,0
3892,160.08603773584906,0,,,,,,,,,,,15.2,46.4,UNSAMPLED,0
3893,160.12716981132075,0,,,,,,,,,,,15.2,46.4,UNSAMPLED,0
3894,160.16830188679245,0,,,,,,,,,,,15.2,46.4,UNSAMPLED,0
3895,160.20943396226414,0,,,,,,,,,,,15.2,46.4,UNSAMPLED,0
3896,160.25056603773584,1,15.4,46.5,154,465,15.4,46.5,154,465,green_difference/PSM7,green_difference/PSM7,15.4,46.5,ACCEPT_PRIMARY,0
3897,160.29169811320753,0,,,,,,,,,,,15.4,46.5,UNSAMPLED,0
3898,160.33283018867922,0,,,,,,,,,,,15.4,46.5,UNSAMPLED,0
3899,160.37396226415095,0,,,,,,,,,,,15.4,46.5,UNSAMPLED,0
3900,160.41509433962264,0,,,,,,,,,,,15.4,46.5,UNSAMPLED,0
3901,160.45622641509433,0,,,,,,,,,,,15.4,46.5,UNSAMPLED,0
3902,160.49735849056603,0,,,,,,,,,,,15.4,46.5,UNSAMPLED,0
3903,160.53849056603772,0,,,,,,,,,,,15.4,46.5,UNSAMPLED,0
3904,160.57962264150942,1,159.3,46.9,1593,469,15.9,46.9,15.9,46.9,green_channel_otsu/PSM7,green_channel_otsu/PSM7,15.9,46.9,ACCEPT_RETRY,1
3905,160.6207547169811,0,,,,,,,,,,,15.9,46.9,UNSAMPLED,0
3906,160.66188679245283,0,,,,,,,,,,,15.9,46.9,UNSAMPLED,0
3907,160.70301886792453,0,,,,,,,,,,,15.9,46.9,UNSAMPLED,0
3908,160.74415094339622,0,,,,,,,,,,,15.9,46.9,UNSAMPLED,0
3909,160.78528301886791,0,,,,,,,,,,,15.9,46.9,UNSAMPLED,0
3910,160.8264150943396,0,,,,,,,,,,,15.9,46.9,UNSAMPLED,0
3911,160.8675471698113,0,,,,,,,,,,,15.9,46.9,UNSAMPLED,0
3912,160.908679245283,1,15.8,46.38,15.8,46.38,15.8,46.38,15.8,46.38,green_difference/PSM7,green_difference/PSM7,15.8,46.38,ACCEPT_PRIMARY,0
3913,160.94981132075472,0,,,,,,,,,,,15.8,46.38,UNSAMPLED,0
3914,160.9909433962264,0,,,,,,,,,,,15.8,46.38,UNSAMPLED,0
3915,161.0320754716981,0,,,,,,,,,,,15.8,46.38,UNSAMPLED,0
3916,161.0732075471698,0,,,,,,,,,,,15.8,46.38,UNSAMPLED,0
3917,161.1143396226415,0,,,,,,,,,,,15.8,46.38,UNSAMPLED,0
3918,161.1554716981132,0,,,,,,,,,,,15.8,46.38,UNSAMPLED,0
3919,161.1966037735849,0,,,,,,,,,,,15.8,46.38,UNSAMPLED,0
3920,161.2377358490566,1,15.8,46.38,15.8,46.38,15.8,46.38,15.8,46.38,green_difference/PSM7,green_difference/PSM7,15.8,46.38,ACCEPT_PRIMARY,0
3921,161.2788679245283,0,,,,,,,,,,,15.8,46.38,UNSAMPLED,0
3922,161.32,0,,,,,,,,,,,15.8,46.38,UNSAMPLED,0
3923,161.3611320754717,0,,,,,,,,,,,15.8,46.38,UNSAMPLED,0
3924,161.40226415094338,0,,,,,,,,,,,15.8,46.38,UNSAMPLED,0
3925,161.44339622641508,0,,,,,,,,,,,15.8,46.38,UNSAMPLED,0
3926,161.4845283018868,0,,,,,,,,,,,15.8,46.38,UNSAMPLED,0
3927,161.5256603773585,0,,,,,,,,,,,15.8,46.38,UNSAMPLED,0
3928,161.56679245283019,1,16.4,46.7,164,467,16.4,46.7,164,467,green_difference/PSM7,green_difference/PSM7,16.4,46.7,ACCEPT_PRIMARY,0
3929,161.60792452830188,0,,,,,,,,,,,16.4,46.7,UNSAMPLED,0
3930,161.64905660377357,0,,,,,,,,,,,16.4,46.7,UNSAMPLED,0
3931,161.69018867924527,0,,,,,,,,,,,16.4,46.7,UNSAMPLED,0
3932,161.73132075471696,0,,,,,,,,,,,16.4,46.7,UNSAMPLED,0
3933,161.77245283018868,0,,,,,,,,,,,16.4,46.7,UNSAMPLED,0
3934,161.81358490566038,0,,,,,,,,,,,16.4,46.7,UNSAMPLED,0
3935,161.85471698113207,0,,,,,,,,,,,16.4,46.7,UNSAMPLED,0
3936,161.89584905660377,1,19.9,46.7,199,46.7,15.9,46.7,159.,46.7,green_difference/PSM8,green_difference/PSM7,15.9,46.7,ACCEPT_RETRY,1
3937,161.93698113207546,0,,,,,,,,,,,15.9,46.7,UNSAMPLED,0
3938,161.97811320754715,0,,,,,,,,,,,15.9,46.7,UNSAMPLED,0
3939,162.01924528301885,0,,,,,,,,,,,15.9,46.7,UNSAMPLED,0
3940,162.06037735849057,0,,,,,,,,,,,15.9,46.7,UNSAMPLED,0
3941,162.10150943396226,0,,,,,,,,,,,15.9,46.7,UNSAMPLED,0
3942,162.14264150943396,0,,,,,,,,,,,15.9,46.7,UNSAMPLED,0
3943,162.18377358490565,0,,,,,,,,,,,15.9,46.7,UNSAMPLED,0
3944,162.22490566037735,1,15.8,472.0,15.80,4720,15.8,47.2,15.80,472,green_difference/PSM7,hsv_green/PSM7,15.8,47.2,ACCEPT_RETRY,1
3945,162.26603773584904,0,,,,,,,,,,,15.8,47.2,UNSAMPLED,0
3946,162.30716981132073,0,,,,,,,,,,,15.8,47.2,UNSAMPLED,0
3947,162.34830188679246,0,,,,,,,,,,,15.8,47.2,UNSAMPLED,0
3948,162.38943396226415,0,,,,,,,,,,,15.8,47.2,UNSAMPLED,0
3949,162.43056603773584,0,,,,,,,,,,,15.8,47.2,UNSAMPLED,0
3950,162.47169811320754,0,,,,,,,,,,,15.8,47.2,UNSAMPLED,0
3951,162.51283018867923,0,,,,,,,,,,,15.8,47.2,UNSAMPLED,0
3952,162.55396226415093,1,19.4,4717.0,19.4,47170,15.8,47.1,158,47.10,green_difference/PSM8,gray_otsu/PSM7,15.8,47.1,ACCEPT_RETRY,1
3953,162.59509433962262,0,,,,,,,,,,,15.8,47.1,UNSAMPLED,0
3954,162.63622641509434,0,,,,,,,,,,,15.8,47.1,UNSAMPLED,0
3955,162.67735849056604,0,,,,,,,,,,,15.8,47.1,UNSAMPLED,0
3956,162.71849056603773,0,,,,,,,,,,,15.8,47.1,UNSAMPLED,0
3957,162.75962264150942,0,,,,,,,,,,,15.8,47.1,UNSAMPLED,0
3958,162.80075471698112,0,,,,,,,,,,,15.8,47.1,UNSAMPLED,0
3959,162.8418867924528,0,,,,,,,,,,,15.8,47.1,UNSAMPLED,0
3960,162.88301886792453,1,16.0,46.3,16.0,46.3,16.0,46.3,16.0,46.3,green_difference/PSM7,green_difference/PSM7,16.0,46.3,ACCEPT_PRIMARY,0
3961,162.92415094339623,0,,,,,,,,,,,16.0,46.3,UNSAMPLED,0
3962,162.96528301886792,0,,,,,,,,,,,16.0,46.3,UNSAMPLED,0
3963,163.00641509433962,0,,,,,,,,,,,16.0,46.3,UNSAMPLED,0
3964,163.0475471698113,0,,,,,,,,,,,16.0,46.3,UNSAMPLED,0
3965,163.088679245283,0,,,,,,,,,,,16.0,46.3,UNSAMPLED,0
3966,163.1298113207547,0,,,,,,,,,,,16.0,46.3,UNSAMPLED,0
3967,163.17094339622642,0,,,,,,,,,,,16.0,46.3,UNSAMPLED,0
3968,163.2120754716981,1,161.7,46.6,1617,46.6,16.1,46.6,16.1,46.6,green_channel_otsu/PSM7,green_difference/PSM7,16.1,46.6,ACCEPT_RETRY,1
3969,163.2532075471698,0,,,,,,,,,,,16.1,46.6,UNSAMPLED,0
3970,163.2943396226415,0,,,,,,,,,,,16.1,46.6,UNSAMPLED,0
3971,163.3354716981132,0,,,,,,,,,,,16.1,46.6,UNSAMPLED,0
3972,163.3766037735849,0,,,,,,,,,,,16.1,46.6,UNSAMPLED,0
3973,163.41773584905658,0,,,,,,,,,,,16.1,46.6,UNSAMPLED,0
3974,163.4588679245283,0,,,,,,,,,,,16.1,46.6,UNSAMPLED,0
3975,163.5,0,,,,,,,,,,,16.1,46.6,UNSAMPLED,0
3976,163.5411320754717,1,161.7,467.7,1617,4677,16.1,46.7,16.1,46.7,green_channel_otsu/PSM7,green_channel_otsu/PSM7,16.1,46.7,ACCEPT_RETRY,1
3977,163.5822641509434,0,,,,,,,,,,,16.1,46.7,UNSAMPLED,0
3978,163.62339622641508,0,,,,,,,,,,,16.1,46.7,UNSAMPLED,0
3979,163.66452830188678,0,,,,,,,,,,,16.1,46.7,UNSAMPLED,0
3980,163.70566037735847,0,,,,,,,,,,,16.1,46.7,UNSAMPLED,0
3981,163.7467924528302,0,,,,,,,,,,,16.1,46.7,UNSAMPLED,0
3982,163.7879245283019,0,,,,,,,,,,,16.1,46.7,UNSAMPLED,0
3983,163.82905660377358,0,,,,,,,,,,,16.1,46.7,UNSAMPLED,0
3984,163.87018867924527,1,16.1,46.5,16.1,465,16.1,46.5,16.1,465,green_difference/PSM7,green_difference/PSM7,16.1,46.5,ACCEPT_PRIMARY,0
3985,163.91132075471697,0,,,,,,,,,,,16.1,46.5,UNSAMPLED,0
3986,163.95245283018866,0,,,,,,,,,,,16.1,46.5,UNSAMPLED,0
3987,163.99358490566036,0,,,,,,,,,,,16.1,46.5,UNSAMPLED,0
3988,164.03471698113208,0,,,,,,,,,,,16.1,46.5,UNSAMPLED,0
3989,164.07584905660377,0,,,,,,,,,,,16.1,46.5,UNSAMPLED,0
3990,164.11698113207547,0,,,,,,,,,,,16.1,46.5,UNSAMPLED,0
3991,164.15811320754716,0,,,,,,,,,,,16.1,46.5,UNSAMPLED,0
3992,164.19924528301885,1,16.1,45.8,16.1,45.8,16.1,45.8,16.1,45.8,green_difference/PSM7,green_difference/PSM7,16.1,45.8,ACCEPT_PRIMARY,0
3993,164.24037735849055,0,,,,,,,,,,,16.1,45.8,UNSAMPLED,0
3994,164.28150943396224,0,,,,,,,,,,,16.1,45.8,UNSAMPLED,0
3995,164.32264150943396,0,,,,,,,,,,,16.1,45.8,UNSAMPLED,0
3996,164.36377358490566,0,,,,,,,,,,,16.1,45.8,UNSAMPLED,0
3997,164.40490566037735,0,,,,,,,,,,,16.1,45.8,UNSAMPLED,0
3998,164.44603773584905,0,,,,,,,,,,,16.1,45.8,UNSAMPLED,0
3999,164.48716981132074,0,,,,,,,,,,,16.1,45.8,UNSAMPLED,0
4000,164.52830188679243,1,16.0,45.7,16.0,457,16.0,45.7,16.0,457,green_difference/PSM7,green_difference/PSM7,16.0,45.7,ACCEPT_PRIMARY,0
4001,164.56943396226416,0,,,,,,,,,,,16.0,45.7,UNSAMPLED,0
4002,164.61056603773585,0,,,,,,,,,,,16.0,45.7,UNSAMPLED,0
4003,164.65169811320754,0,,,,,,,,,,,16.0,45.7,UNSAMPLED,0
4004,164.69283018867924,0,,,,,,,,,,,16.0,45.7,UNSAMPLED,0
4005,164.73396226415093,0,,,,,,,,,,,16.0,45.7,UNSAMPLED,0
4006,164.77509433962263,0,,,,,,,,,,,16.0,45.7,UNSAMPLED,0
4007,164.81622641509432,0,,,,,,,,,,,16.0,45.7,UNSAMPLED,0
4008,164.85735849056604,1,16.0,45.2,16.0,45.2,16.0,45.2,16.0,45.2,green_difference/PSM7,green_difference/PSM7,16.0,45.2,ACCEPT_PRIMARY,0
4009,164.89849056603774,0,,,,,,,,,,,16.0,45.2,UNSAMPLED,0
4010,164.93962264150943,0,,,,,,,,,,,16.0,45.2,UNSAMPLED,0
4011,164.98075471698112,0,,,,,,,,,,,16.0,45.2,UNSAMPLED,0
4012,165.02188679245282,0,,,,,,,,,,,16.0,45.2,UNSAMPLED,0
4013,165.0630188679245,0,,,,,,,,,,,16.0,45.2,UNSAMPLED,0
4014,165.1041509433962,0,,,,,,,,,,,16.0,45.2,UNSAMPLED,0
4015,165.14528301886793,0,,,,,,,,,,,16.0,45.2,UNSAMPLED,0
4016,165.18641509433962,1,16.0,45.2,16.0,45.2,16.0,45.2,16.0,45.2,green_difference/PSM7,green_difference/PSM7,16.0,45.2,ACCEPT_PRIMARY,0
4017,165.22754716981132,0,,,,,,,,,,,16.0,45.2,UNSAMPLED,0
4018,165.268679245283,0,,,,,,,,,,,16.0,45.2,UNSAMPLED,0
4019,165.3098113207547,0,,,,,,,,,,,16.0,45.2,UNSAMPLED,0
4020,165.3509433962264,0,,,,,,,,,,,16.0,45.2,UNSAMPLED,0
4021,165.3920754716981,0,,,,,,,,,,,16.0,45.2,UNSAMPLED,0
4022,165.43320754716981,0,,,,,,,,,,,16.0,45.2,UNSAMPLED,0
4023,165.4743396226415,0,,,,,,,,,,,16.0,45.2,UNSAMPLED,0
4024,165.5154716981132,1,16.0,45.7,16.0,457,16.0,45.7,16.0,457,green_difference/PSM7,green_difference/PSM7,16.0,45.7,ACCEPT_PRIMARY,0
4025,165.5566037735849,0,,,,,,,,,,,16.0,45.7,UNSAMPLED,0
4026,165.5977358490566,0,,,,,,,,,,,16.0,45.7,UNSAMPLED,0
4027,165.63886792452828,0,,,,,,,,,,,16.0,45.7,UNSAMPLED,0
4028,165.67999999999998,0,,,,,,,,,,,16.0,45.7,UNSAMPLED,0
4029,165.7211320754717,0,,,,,,,,,,,16.0,45.7,UNSAMPLED,0
4030,165.7622641509434,0,,,,,,,,,,,16.0,45.7,UNSAMPLED,0
4031,165.8033962264151,0,,,,,,,,,,,16.0,45.7,UNSAMPLED,0
4032,165.84452830188678,1,161.0,45.6,1610,45.6,16.1,45.6,16.1,45.6,green_channel_otsu/PSM7,green_difference/PSM7,16.1,45.6,ACCEPT_RETRY,1
4033,165.88566037735848,0,,,,,,,,,,,16.1,45.6,UNSAMPLED,0
4034,165.92679245283017,0,,,,,,,,,,,16.1,45.6,UNSAMPLED,0
4035,165.96792452830186,0,,,,,,,,,,,16.1,45.6,UNSAMPLED,0
4036,166.0090566037736,0,,,,,,,,,,,16.1,45.6,UNSAMPLED,0
4037,166.05018867924528,0,,,,,,,,,,,16.1,45.6,UNSAMPLED,0
4038,166.09132075471697,0,,,,,,,,,,,16.1,45.6,UNSAMPLED,0
4039,166.13245283018867,0,,,,,,,,,,,16.1,45.6,UNSAMPLED,0
4040,166.17358490566036,1,,45.7,,457,16.1,45.7,16.1,457,green_channel_otsu/PSM7,green_difference/PSM7,16.1,45.7,ACCEPT_RETRY,1
4041,166.21471698113206,0,,,,,,,,,,,16.1,45.7,UNSAMPLED,0
4042,166.25584905660378,0,,,,,,,,,,,16.1,45.7,UNSAMPLED,0
4043,166.29698113207547,0,,,,,,,,,,,16.1,45.7,UNSAMPLED,0
4044,166.33811320754717,0,,,,,,,,,,,16.1,45.7,UNSAMPLED,0
4045,166.37924528301886,0,,,,,,,,,,,16.1,45.7,UNSAMPLED,0
4046,166.42037735849055,0,,,,,,,,,,,16.1,45.7,UNSAMPLED,0
4047,166.46150943396225,0,,,,,,,,,,,16.1,45.7,UNSAMPLED,0
4048,166.50264150943394,1,16.2,47.1,16.20,471,16.2,47.1,16.20,471,green_difference/PSM7,green_difference/PSM7,16.2,47.1,ACCEPT_PRIMARY,0
4049,166.54377358490567,0,,,,,,,,,,,16.2,47.1,UNSAMPLED,0
4050,166.58490566037736,0,,,,,,,,,,,16.2,47.1,UNSAMPLED,0
4051,166.62603773584905,0,,,,,,,,,,,16.2,47.1,UNSAMPLED,0
4052,166.66716981132075,0,,,,,,,,,,,16.2,47.1,UNSAMPLED,0
4053,166.70830188679244,0,,,,,,,,,,,16.2,47.1,UNSAMPLED,0
4054,166.74943396226413,0,,,,,,,,,,,16.2,47.1,UNSAMPLED,0
4055,166.79056603773583,0,,,,,,,,,,,16.2,47.1,UNSAMPLED,0
4056,166.83169811320755,1,16.1,46.7,161,467,16.1,46.7,161,467,green_difference/PSM7,green_difference/PSM7,16.1,46.7,ACCEPT_PRIMARY,0
4057,166.87283018867925,0,,,,,,,,,,,16.1,46.7,UNSAMPLED,0
4058,166.91396226415094,0,,,,,,,,,,,16.1,46.7,UNSAMPLED,0
4059,166.95509433962263,0,,,,,,,,,,,16.1,46.7,UNSAMPLED,0
4060,166.99622641509433,0,,,,,,,,,,,16.1,46.7,UNSAMPLED,0
4061,167.03735849056602,0,,,,,,,,,,,16.1,46.7,UNSAMPLED,0
4062,167.07849056603771,0,,,,,,,,,,,16.1,46.7,UNSAMPLED,0
4063,167.11962264150944,0,,,,,,,,,,,16.1,46.7,UNSAMPLED,0
4064,167.16075471698113,1,,46.5,,46.5,16.1,46.6,16.1,46.6,green_channel_otsu/PSM7,hsv_green/PSM7,16.1,46.6,ACCEPT_RETRY,1
4065,167.20188679245283,0,,,,,,,,,,,16.1,46.6,UNSAMPLED,0
4066,167.24301886792452,0,,,,,,,,,,,16.1,46.6,UNSAMPLED,0
4067,167.2841509433962,0,,,,,,,,,,,16.1,46.6,UNSAMPLED,0
4068,167.3252830188679,0,,,,,,,,,,,16.1,46.6,UNSAMPLED,0
4069,167.3664150943396,0,,,,,,,,,,,16.1,46.6,UNSAMPLED,0
4070,167.40754716981132,0,,,,,,,,,,,16.1,46.6,UNSAMPLED,0
4071,167.44867924528302,0,,,,,,,,,,,16.1,46.6,UNSAMPLED,0
4072,167.4898113207547,1,,46.5,1,46.5,16.1,46.5,16.10,46.5,green_channel_otsu/PSM7,green_difference/PSM7,16.1,46.5,ACCEPT_RETRY,1
4073,167.5309433962264,0,,,,,,,,,,,16.1,46.5,UNSAMPLED,0
4074,167.5720754716981,0,,,,,,,,,,,16.1,46.5,UNSAMPLED,0
4075,167.6132075471698,0,,,,,,,,,,,16.1,46.5,UNSAMPLED,0
4076,167.6543396226415,0,,,,,,,,,,,16.1,46.5,UNSAMPLED,0
4077,167.6954716981132,0,,,,,,,,,,,16.1,46.5,UNSAMPLED,0
4078,167.7366037735849,0,,,,,,,,,,,16.1,46.5,UNSAMPLED,0
4079,167.7777358490566,0,,,,,,,,,,,16.1,46.5,UNSAMPLED,0
4080,167.8188679245283,1,164.1,465.0,1641,4650,16.1,46.5,16.1,46.5,green_channel_otsu/PSM7,hsv_green/PSM7,16.1,46.5,ACCEPT_RETRY,1
4081,167.85999999999999,0,,,,,,,,,,,16.1,46.5,UNSAMPLED,0
4082,167.90113207547168,0,,,,,,,,,,,16.1,46.5,UNSAMPLED,0
4083,167.9422641509434,0,,,,,,,,,,,16.1,46.5,UNSAMPLED,0
4084,167.9833962264151,0,,,,,,,,,,,16.1,46.5,UNSAMPLED,0
4085,168.0245283018868,0,,,,,,,,,,,16.1,46.5,UNSAMPLED,0
4086,168.06566037735848,0,,,,,,,,,,,16.1,46.5,UNSAMPLED,0
4087,168.10679245283018,0,,,,,,,,,,,16.1,46.5,UNSAMPLED,0
4088,168.14792452830187,1,16.1,46.4,16.1,46.4,16.1,46.4,16.1,46.4,green_difference/PSM7,green_difference/PSM7,16.1,46.4,ACCEPT_PRIMARY,0
4089,168.18905660377357,0,,,,,,,,,,,16.1,46.4,UNSAMPLED,0
4090,168.2301886792453,0,,,,,,,,,,,16.1,46.4,UNSAMPLED,0
4091,168.27132075471698,0,,,,,,,,,,,16.1,46.4,UNSAMPLED,0
4092,168.31245283018868,0,,,,,,,,,,,16.1,46.4,UNSAMPLED,0
4093,168.35358490566037,0,,,,,,,,,,,16.1,46.4,UNSAMPLED,0
4094,168.39471698113206,0,,,,,,,,,,,16.1,46.4,UNSAMPLED,0
4095,168.43584905660376,0,,,,,,,,,,,16.1,46.4,UNSAMPLED,0
4096,168.47698113207545,1,16.2,46.4,16.2,464,16.2,46.4,16.2,464,green_difference/PSM7,green_difference/PSM7,16.2,46.4,ACCEPT_PRIMARY,0
4097,168.51811320754717,0,,,,,,,,,,,16.2,46.4,UNSAMPLED,0
4098,168.55924528301887,0,,,,,,,,,,,16.2,46.4,UNSAMPLED,0
4099,168.60037735849056,0,,,,,,,,,,,16.2,46.4,UNSAMPLED,0
4100,168.64150943396226,0,,,,,,,,,,,16.2,46.4,UNSAMPLED,0
4101,168.68264150943395,0,,,,,,,,,,,16.2,46.4,UNSAMPLED,0
4102,168.72377358490564,0,,,,,,,,,,,16.2,46.4,UNSAMPLED,0
4103,168.76490566037734,0,,,,,,,,,,,16.2,46.4,UNSAMPLED,0
4104,168.80603773584906,1,16.2,45.7,16.20,457,16.2,45.7,16.20,457,green_difference/PSM7,green_difference/PSM7,16.2,45.7,ACCEPT_PRIMARY,0
4105,168.84716981132075,0,,,,,,,,,,,16.2,45.7,UNSAMPLED,0
4106,168.88830188679245,0,,,,,,,,,,,16.2,45.7,UNSAMPLED,0
4107,168.92943396226414,0,,,,,,,,,,,16.2,45.7,UNSAMPLED,0
4108,168.97056603773584,0,,,,,,,,,,,16.2,45.7,UNSAMPLED,0
4109,169.01169811320753,0,,,,,,,,,,,16.2,45.7,UNSAMPLED,0
4110,169.05283018867922,0,,,,,,,,,,,16.2,45.7,UNSAMPLED,0
4111,169.09396226415095,0,,,,,,,,,,,16.2,45.7,UNSAMPLED,0
4112,169.13509433962264,1,16.2,45.7,16.20,457,16.2,45.7,16.20,457,green_difference/PSM7,green_difference/PSM7,16.2,45.7,ACCEPT_PRIMARY,0
4113,169.17622641509433,0,,,,,,,,,,,16.2,45.7,UNSAMPLED,0
4114,169.21735849056603,0,,,,,,,,,,,16.2,45.7,UNSAMPLED,0
4115,169.25849056603772,0,,,,,,,,,,,16.2,45.7,UNSAMPLED,0
4116,169.29962264150942,0,,,,,,,,,,,16.2,45.7,UNSAMPLED,0
4117,169.3407547169811,0,,,,,,,,,,,16.2,45.7,UNSAMPLED,0
4118,169.38188679245283,0,,,,,,,,,,,16.2,45.7,UNSAMPLED,0
4119,169.42301886792453,0,,,,,,,,,,,16.2,45.7,UNSAMPLED,0
4120,169.46415094339622,1,16.1,46.8,161,46.8,16.1,46.8,161,46.8,green_difference/PSM7,green_difference/PSM7,16.1,46.8,ACCEPT_PRIMARY,0
4121,169.5052830188679,0,,,,,,,,,,,16.1,46.8,UNSAMPLED,0
4122,169.5464150943396,0,,,,,,,,,,,16.1,46.8,UNSAMPLED,0
4123,169.5875471698113,0,,,,,,,,,,,16.1,46.8,UNSAMPLED,0
4124,169.62867924528302,0,,,,,,,,,,,16.1,46.8,UNSAMPLED,0
4125,169.66981132075472,0,,,,,,,,,,,16.1,46.8,UNSAMPLED,0
4126,169.7109433962264,0,,,,,,,,,,,16.1,46.8,UNSAMPLED,0
4127,169.7520754716981,0,,,,,,,,,,,16.1,46.8,UNSAMPLED,0
4128,169.7932075471698,1,18.1,45.8,181,45.8,18.1,45.8,181,45.8,green_difference/PSM7,green_difference/PSM7,18.1,45.8,ACCEPT_PRIMARY,0
4129,169.8343396226415,0,,,,,,,,,,,18.1,45.8,UNSAMPLED,0
4130,169.8754716981132,0,,,,,,,,,,,18.1,45.8,UNSAMPLED,0
4131,169.9166037735849,0,,,,,,,,,,,18.1,45.8,UNSAMPLED,0
4132,169.9577358490566,0,,,,,,,,,,,18.1,45.8,UNSAMPLED,0
4133,169.9988679245283,0,,,,,,,,,,,18.1,45.8,UNSAMPLED,0
4134,170.04,0,,,,,,,,,,,18.1,45.8,UNSAMPLED,0
4135,170.0811320754717,0,,,,,,,,,,,18.1,45.8,UNSAMPLED,0
4136,170.12226415094338,1,16.2,47.0,16.2,470,16.2,47.0,16.2,470,green_difference/PSM7,green_difference/PSM7,16.2,47.0,ACCEPT_PRIMARY,0
4137,170.16339622641507,0,,,,,,,,,,,16.2,47.0,UNSAMPLED,0
4138,170.2045283018868,0,,,,,,,,,,,16.2,47.0,UNSAMPLED,0
4139,170.2456603773585,0,,,,,,,,,,,16.2,47.0,UNSAMPLED,0
4140,170.28679245283018,0,,,,,,,,,,,16.2,47.0,UNSAMPLED,0
4141,170.32792452830188,0,,,,,,,,,,,16.2,47.0,UNSAMPLED,0
4142,170.36905660377357,0,,,,,,,,,,,16.2,47.0,UNSAMPLED,0
4143,170.41018867924527,0,,,,,,,,,,,16.2,47.0,UNSAMPLED,0
4144,170.45132075471696,1,16.2,471.7,16.2,4717,16.2,47.1,16.2,471,green_difference/PSM7,hsv_green/PSM7,16.2,47.1,ACCEPT_RETRY,1
4145,170.49245283018868,0,,,,,,,,,,,16.2,47.1,UNSAMPLED,0
4146,170.53358490566038,0,,,,,,,,,,,16.2,47.1,UNSAMPLED,0
4147,170.57471698113207,0,,,,,,,,,,,16.2,47.1,UNSAMPLED,0
4148,170.61584905660376,0,,,,,,,,,,,16.2,47.1,UNSAMPLED,0
4149,170.65698113207546,0,,,,,,,,,,,16.2,47.1,UNSAMPLED,0
4150,170.69811320754715,0,,,,,,,,,,,16.2,47.1,UNSAMPLED,0
4151,170.73924528301885,0,,,,,,,,,,,16.2,47.1,UNSAMPLED,0
4152,170.78037735849057,1,16.2,472.7,16.2,4727,,,,,,,16.2,47.1,HOLD_PREVIOUS,1
4153,170.82150943396226,0,,,,,,,,,,,16.2,47.1,UNSAMPLED,0
4154,170.86264150943396,0,,,,,,,,,,,16.2,47.1,UNSAMPLED,0
4155,170.90377358490565,0,,,,,,,,,,,16.2,47.1,UNSAMPLED,0
4156,170.94490566037734,0,,,,,,,,,,,16.2,47.1,UNSAMPLED,0
4157,170.98603773584904,0,,,,,,,,,,,16.2,47.1,UNSAMPLED,0
4158,171.02716981132073,0,,,,,,,,,,,16.2,47.1,UNSAMPLED,0
4159,171.06830188679245,0,,,,,,,,,,,16.2,47.1,UNSAMPLED,0
4160,171.10943396226415,1,16.1,470.7,161,4707,16.1,47.0,16.1,470,green_channel_otsu/PSM7,green_channel_otsu/PSM7,16.1,47.0,ACCEPT_RETRY,1
4161,171.15056603773584,0,,,,,,,,,,,16.1,47.0,UNSAMPLED,0
4162,171.19169811320754,0,,,,,,,,,,,16.1,47.0,UNSAMPLED,0
4163,171.23283018867923,0,,,,,,,,,,,16.1,47.0,UNSAMPLED,0
4164,171.27396226415092,0,,,,,,,,,,,16.1,47.0,UNSAMPLED,0
4165,171.31509433962265,0,,,,,,,,,,,16.1,47.0,UNSAMPLED,0
4166,171.35622641509434,0,,,,,,,,,,,16.1,47.0,UNSAMPLED,0
4167,171.39735849056603,0,,,,,,,,,,,16.1,47.0,UNSAMPLED,0
4168,171.43849056603773,1,16.1,45.9,161,45.9,16.1,45.9,161,45.9,green_difference/PSM7,green_difference/PSM7,16.1,45.9,ACCEPT_PRIMARY,0
4169,171.47962264150942,0,,,,,,,,,,,16.1,45.9,UNSAMPLED,0
4170,171.52075471698112,0,,,,,,,,,,,16.1,45.9,UNSAMPLED,0
4171,171.5618867924528,0,,,,,,,,,,,16.1,45.9,UNSAMPLED,0
4172,171.60301886792453,0,,,,,,,,,,,16.1,45.9,UNSAMPLED,0
4173,171.64415094339623,0,,,,,,,,,,,16.1,45.9,UNSAMPLED,0
4174,171.68528301886792,0,,,,,,,,,,,16.1,45.9,UNSAMPLED,0
4175,171.72641509433961,0,,,,,,,,,,,16.1,45.9,UNSAMPLED,0
4176,171.7675471698113,1,164.1,45.9,1641,459,16.1,45.9,16.1,459,green_channel_otsu/PSM7,green_difference/PSM7,16.1,45.9,ACCEPT_RETRY,1
4177,171.808679245283,0,,,,,,,,,,,16.1,45.9,UNSAMPLED,0
4178,171.8498113207547,0,,,,,,,,,,,16.1,45.9,UNSAMPLED,0
4179,171.89094339622642,0,,,,,,,,,,,16.1,45.9,UNSAMPLED,0
4180,171.9320754716981,0,,,,,,,,,,,16.1,45.9,UNSAMPLED,0
4181,171.9732075471698,0,,,,,,,,,,,16.1,45.9,UNSAMPLED,0
4182,172.0143396226415,0,,,,,,,,,,,16.1,45.9,UNSAMPLED,0
4183,172.0554716981132,0,,,,,,,,,,,16.1,45.9,UNSAMPLED,0
4184,172.0966037735849,1,16.1,45.8,161,458,16.1,45.8,161,458,green_difference/PSM7,green_difference/PSM7,16.1,45.8,ACCEPT_PRIMARY,0
4185,172.13773584905658,0,,,,,,,,,,,16.1,45.8,UNSAMPLED,0
4186,172.1788679245283,0,,,,,,,,,,,16.1,45.8,UNSAMPLED,0
4187,172.22,0,,,,,,,,,,,16.1,45.8,UNSAMPLED,0
4188,172.2611320754717,0,,,,,,,,,,,16.1,45.8,UNSAMPLED,0
4189,172.3022641509434,0,,,,,,,,,,,16.1,45.8,UNSAMPLED,0
4190,172.34339622641508,0,,,,,,,,,,,16.1,45.8,UNSAMPLED,0
4191,172.38452830188677,0,,,,,,,,,,,16.1,45.8,UNSAMPLED,0
4192,172.42566037735847,1,18.1,45.8,18.1,458,18.1,45.8,18.1,458,green_difference/PSM7,green_difference/PSM7,18.1,45.8,ACCEPT_PRIMARY,0
4193,172.4667924528302,0,,,,,,,,,,,18.1,45.8,UNSAMPLED,0
4194,172.50792452830188,0,,,,,,,,,,,18.1,45.8,UNSAMPLED,0
4195,172.54905660377358,0,,,,,,,,,,,18.1,45.8,UNSAMPLED,0
4196,172.59018867924527,0,,,,,,,,,,,18.1,45.8,UNSAMPLED,0
4197,172.63132075471697,0,,,,,,,,,,,18.1,45.8,UNSAMPLED,0
4198,172.67245283018866,0,,,,,,,,,,,18.1,45.8,UNSAMPLED,0
4199,172.71358490566035,0,,,,,,,,,,,18.1,45.8,UNSAMPLED,0
4200,172.75471698113208,1,18.1,46.9,18.1,46.9,18.1,46.9,18.1,46.9,green_difference/PSM7,green_difference/PSM7,18.1,46.9,ACCEPT_PRIMARY,0
4201,172.79584905660377,0,,,,,,,,,,,18.1,46.9,UNSAMPLED,0
4202,172.83698113207546,0,,,,,,,,,,,18.1,46.9,UNSAMPLED,0
4203,172.87811320754716,0,,,,,,,,,,,18.1,46.9,UNSAMPLED,0
4204,172.91924528301885,0,,,,,,,,,,,18.1,46.9,UNSAMPLED,0
4205,172.96037735849055,0,,,,,,,,,,,18.1,46.9,UNSAMPLED,0
4206,173.00150943396227,0,,,,,,,,,,,18.1,46.9,UNSAMPLED,0
4207,173.04264150943396,0,,,,,,,,,,,18.1,46.9,UNSAMPLED,0
4208,173.08377358490566,1,14.0,467.7,140,4677,,,,,,,18.1,46.9,HOLD_PREVIOUS,1
4209,173.12490566037735,0,,,,,,,,,,,18.1,46.9,UNSAMPLED,0
4210,173.16603773584905,0,,,,,,,,,,,18.1,46.9,UNSAMPLED,0
4211,173.20716981132074,0,,,,,,,,,,,18.1,46.9,UNSAMPLED,0
4212,173.24830188679243,0,,,,,,,,,,,18.1,46.9,UNSAMPLED,0
4213,173.28943396226416,0,,,,,,,,,,,18.1,46.9,UNSAMPLED,0
4214,173.33056603773585,0,,,,,,,,,,,18.1,46.9,UNSAMPLED,0
4215,173.37169811320754,0,,,,,,,,,,,18.1,46.9,UNSAMPLED,0
4216,173.41283018867924,1,19.8,467.7,198,4677,19.8,46.7,198,46.7,green_difference/PSM7,green_channel_otsu/PSM7,19.8,46.7,ACCEPT_RETRY,1
4217,173.45396226415093,0,,,,,,,,,,,19.8,46.7,UNSAMPLED,0
4218,173.49509433962263,0,,,,,,,,,,,19.8,46.7,UNSAMPLED,0
4219,173.53622641509432,0,,,,,,,,,,,19.8,46.7,UNSAMPLED,0
4220,173.57735849056604,0,,,,,,,,,,,19.8,46.7,UNSAMPLED,0
4221,173.61849056603774,0,,,,,,,,,,,19.8,46.7,UNSAMPLED,0
4222,173.65962264150943,0,,,,,,,,,,,19.8,46.7,UNSAMPLED,0
4223,173.70075471698112,0,,,,,,,,,,,19.8,46.7,UNSAMPLED,0
4224,173.74188679245282,1,16.4,451.7,16.4-,4517,,,,,,,19.8,46.7,HOLD_PREVIOUS,1
4225,173.7830188679245,0,,,,,,,,,,,19.8,46.7,UNSAMPLED,0
4226,173.8241509433962,0,,,,,,,,,,,19.8,46.7,UNSAMPLED,0
4227,173.86528301886793,0,,,,,,,,,,,19.8,46.7,UNSAMPLED,0
4228,173.90641509433962,0,,,,,,,,,,,19.8,46.7,UNSAMPLED,0
4229,173.94754716981132,0,,,,,,,,,,,19.8,46.7,UNSAMPLED,0
4230,173.988679245283,0,,,,,,,,,,,19.8,46.7,UNSAMPLED,0
4231,174.0298113207547,0,,,,,,,,,,,19.8,46.7,UNSAMPLED,0
4232,174.0709433962264,1,16.8,45.8,16.8,45.8,,,,,,,19.8,46.7,HOLD_PREVIOUS,1
4233,174.1120754716981,0,,,,,,,,,,,19.8,46.7,UNSAMPLED,0
4234,174.1532075471698,0,,,,,,,,,,,19.8,46.7,UNSAMPLED,0
4235,174.1943396226415,0,,,,,,,,,,,19.8,46.7,UNSAMPLED,0
4236,174.2354716981132,0,,,,,,,,,,,19.8,46.7,UNSAMPLED,0
4237,174.2766037735849,0,,,,,,,,,,,19.8,46.7,UNSAMPLED,0
4238,174.3177358490566,0,,,,,,,,,,,19.8,46.7,UNSAMPLED,0
4239,174.35886792452828,0,,,,,,,,,,,19.8,46.7,UNSAMPLED,0
4240,174.39999999999998,1,16.0,465.8,16.0,465.8,18.0,46.8,180,46.8,green_difference/PSM8,green_channel_otsu/PSM7,18.0,46.8,ACCEPT_RETRY,1
4241,174.4411320754717,0,,,,,,,,,,,18.0,46.8,UNSAMPLED,0
4242,174.4822641509434,0,,,,,,,,,,,18.0,46.8,UNSAMPLED,0
4243,174.5233962264151,0,,,,,,,,,,,18.0,46.8,UNSAMPLED,0
4244,174.56452830188678,0,,,,,,,,,,,18.0,46.8,UNSAMPLED,0
4245,174.60566037735848,0,,,,,,,,,,,18.0,46.8,UNSAMPLED,0
4246,174.64679245283017,0,,,,,,,,,,,18.0,46.8,UNSAMPLED,0
4247,174.6879245283019,0,,,,,,,,,,,18.0,46.8,UNSAMPLED,0
4248,174.72905660377359,1,16.0,465.8,16.00,465.8,18.0,46.8,180,46.8,green_difference/PSM8,green_channel_otsu/PSM7,18.0,46.8,ACCEPT_RETRY,1
4249,174.77018867924528,0,,,,,,,,,,,18.0,46.8,UNSAMPLED,0
4250,174.81132075471697,0,,,,,,,,,,,18.0,46.8,UNSAMPLED,0
4251,174.85245283018867,0,,,,,,,,,,,18.0,46.8,UNSAMPLED,0
4252,174.89358490566036,0,,,,,,,,,,,18.0,46.8,UNSAMPLED,0
4253,174.93471698113206,0,,,,,,,,,,,18.0,46.8,UNSAMPLED,0
4254,174.97584905660378,0,,,,,,,,,,,18.0,46.8,UNSAMPLED,0
4255,175.01698113207547,0,,,,,,,,,,,18.0,46.8,UNSAMPLED,0
4256,175.05811320754717,1,16.0,462.0,16.0,4620,16.0,46.2,16.0,46.20,green_difference/PSM7,gray_otsu/PSM7,16.0,46.2,ACCEPT_RETRY,1
4257,175.09924528301886,0,,,,,,,,,,,16.0,46.2,UNSAMPLED,0
4258,175.14037735849055,0,,,,,,,,,,,16.0,46.2,UNSAMPLED,0
4259,175.18150943396225,0,,,,,,,,,,,16.0,46.2,UNSAMPLED,0
4260,175.22264150943394,0,,,,,,,,,,,16.0,46.2,UNSAMPLED,0
4261,175.26377358490566,0,,,,,,,,,,,16.0,46.2,UNSAMPLED,0
4262,175.30490566037736,0,,,,,,,,,,,16.0,46.2,UNSAMPLED,0
4263,175.34603773584905,0,,,,,,,,,,,16.0,46.2,UNSAMPLED,0
4264,175.38716981132075,1,15.2,45.3,15.2,45.30,15.2,45.3,15.2,45.30,green_difference/PSM7,green_difference/PSM7,15.2,45.3,ACCEPT_PRIMARY,0
4265,175.42830188679244,0,,,,,,,,,,,15.2,45.3,UNSAMPLED,0
4266,175.46943396226413,0,,,,,,,,,,,15.2,45.3,UNSAMPLED,0
4267,175.51056603773583,0,,,,,,,,,,,15.2,45.3,UNSAMPLED,0
4268,175.55169811320755,0,,,,,,,,,,,15.2,45.3,UNSAMPLED,0
4269,175.59283018867924,0,,,,,,,,,,,15.2,45.3,UNSAMPLED,0
4270,175.63396226415094,0,,,,,,,,,,,15.2,45.3,UNSAMPLED,0
4271,175.67509433962263,0,,,,,,,,,,,15.2,45.3,UNSAMPLED,0
4272,175.71622641509433,1,16.2,46.1,16.2,461,16.2,46.1,16.2,461,green_difference/PSM7,green_difference/PSM7,16.2,46.1,ACCEPT_PRIMARY,0
4273,175.75735849056602,0,,,,,,,,,,,16.2,46.1,UNSAMPLED,0
4274,175.7984905660377,0,,,,,,,,,,,16.2,46.1,UNSAMPLED,0
4275,175.83962264150944,0,,,,,,,,,,,16.2,46.1,UNSAMPLED,0
4276,175.88075471698113,0,,,,,,,,,,,16.2,46.1,UNSAMPLED,0
4277,175.92188679245282,0,,,,,,,,,,,16.2,46.1,UNSAMPLED,0
4278,175.96301886792452,0,,,,,,,,,,,16.2,46.1,UNSAMPLED,0
4279,176.0041509433962,0,,,,,,,,,,,16.2,46.1,UNSAMPLED,0
4280,176.0452830188679,1,16.2,46.1,162,46.10,16.2,46.1,162,46.10,green_difference/PSM7,green_difference/PSM7,16.2,46.1,ACCEPT_PRIMARY,0
4281,176.0864150943396,0,,,,,,,,,,,16.2,46.1,UNSAMPLED,0
4282,176.12754716981132,0,,,,,,,,,,,16.2,46.1,UNSAMPLED,0
4283,176.16867924528302,0,,,,,,,,,,,16.2,46.1,UNSAMPLED,0
4284,176.2098113207547,0,,,,,,,,,,,16.2,46.1,UNSAMPLED,0
4285,176.2509433962264,0,,,,,,,,,,,16.2,46.1,UNSAMPLED,0
4286,176.2920754716981,0,,,,,,,,,,,16.2,46.1,UNSAMPLED,0
4287,176.3332075471698,0,,,,,,,,,,,16.2,46.1,UNSAMPLED,0
4288,176.37433962264151,1,5.2,46.1,5.20,46.10,15.2,46.1,15.2,46.10,green_channel_otsu/PSM7,green_difference/PSM7,15.2,46.1,ACCEPT_RETRY,1
4289,176.4154716981132,0,,,,,,,,,,,15.2,46.1,UNSAMPLED,0
4290,176.4566037735849,0,,,,,,,,,,,15.2,46.1,UNSAMPLED,0
4291,176.4977358490566,0,,,,,,,,,,,15.2,46.1,UNSAMPLED,0
4292,176.5388679245283,0,,,,,,,,,,,15.2,46.1,UNSAMPLED,0
4293,176.57999999999998,0,,,,,,,,,,,15.2,46.1,UNSAMPLED,0
4294,176.62113207547168,0,,,,,,,,,,,15.2,46.1,UNSAMPLED,0
4295,176.6622641509434,0,,,,,,,,,,,15.2,46.1,UNSAMPLED,0
4296,176.7033962264151,1,15.2,461.0,15.20,4610,15.2,46.1,15.20,46.10,green_difference/PSM7,green_channel_otsu/PSM7,15.2,46.1,ACCEPT_RETRY,1
4297,176.7445283018868,0,,,,,,,,,,,15.2,46.1,UNSAMPLED,0
4298,176.78566037735848,0,,,,,,,,,,,15.2,46.1,UNSAMPLED,0
4299,176.82679245283018,0,,,,,,,,,,,15.2,46.1,UNSAMPLED,0
4300,176.86792452830187,0,,,,,,,,,,,15.2,46.1,UNSAMPLED,0
4301,176.90905660377356,0,,,,,,,,,,,15.2,46.1,UNSAMPLED,0
4302,176.9501886792453,0,,,,,,,,,,,15.2,46.1,UNSAMPLED,0
4303,176.99132075471698,0,,,,,,,,,,,15.2,46.1,UNSAMPLED,0
4304,177.03245283018867,1,16.2,46.3,16.20,46.3,16.2,46.3,16.20,46.3,green_difference/PSM7,green_difference/PSM7,16.2,46.3,ACCEPT_PRIMARY,0
4305,177.07358490566037,0,,,,,,,,,,,16.2,46.3,UNSAMPLED,0
4306,177.11471698113206,0,,,,,,,,,,,16.2,46.3,UNSAMPLED,0
4307,177.15584905660376,0,,,,,,,,,,,16.2,46.3,UNSAMPLED,0
4308,177.19698113207545,0,,,,,,,,,,,16.2,46.3,UNSAMPLED,0
4309,177.23811320754717,0,,,,,,,,,,,16.2,46.3,UNSAMPLED,0
4310,177.27924528301887,0,,,,,,,,,,,16.2,46.3,UNSAMPLED,0
4311,177.32037735849056,0,,,,,,,,,,,16.2,46.3,UNSAMPLED,0
4312,177.36150943396225,1,,47.0,51,470,15.1,47.0,15.1,470,green_channel_otsu/PSM7,green_difference/PSM7,15.1,47.0,ACCEPT_RETRY,1
4313,177.40264150943395,0,,,,,,,,,,,15.1,47.0,UNSAMPLED,0
4314,177.44377358490564,0,,,,,,,,,,,15.1,47.0,UNSAMPLED,0
4315,177.48490566037734,0,,,,,,,,,,,15.1,47.0,UNSAMPLED,0
4316,177.52603773584906,0,,,,,,,,,,,15.1,47.0,UNSAMPLED,0
4317,177.56716981132075,0,,,,,,,,,,,15.1,47.0,UNSAMPLED,0
4318,177.60830188679245,0,,,,,,,,,,,15.1,47.0,UNSAMPLED,0
4319,177.64943396226414,0,,,,,,,,,,,15.1,47.0,UNSAMPLED,0
4320,177.69056603773583,1,,47.0,51,470,15.1,47.0,15.1,470,green_channel_otsu/PSM7,green_difference/PSM7,15.1,47.0,ACCEPT_RETRY,1
4321,177.73169811320753,0,,,,,,,,,,,15.1,47.0,UNSAMPLED,0
4322,177.77283018867922,0,,,,,,,,,,,15.1,47.0,UNSAMPLED,0
4323,177.81396226415094,0,,,,,,,,,,,15.1,47.0,UNSAMPLED,0
4324,177.85509433962264,0,,,,,,,,,,,15.1,47.0,UNSAMPLED,0
4325,177.89622641509433,0,,,,,,,,,,,15.1,47.0,UNSAMPLED,0
4326,177.93735849056603,0,,,,,,,,,,,15.1,47.0,UNSAMPLED,0
4327,177.97849056603772,0,,,,,,,,,,,15.1,47.0,UNSAMPLED,0
4328,178.01962264150941,1,,47.1,51,471,15.1,47.1,15.1,471,green_channel_otsu/PSM7,green_difference/PSM7,15.1,47.1,ACCEPT_RETRY,1
4329,178.06075471698114,0,,,,,,,,,,,15.1,47.1,UNSAMPLED,0
4330,178.10188679245283,0,,,,,,,,,,,15.1,47.1,UNSAMPLED,0
4331,178.14301886792452,0,,,,,,,,,,,15.1,47.1,UNSAMPLED,0
4332,178.18415094339622,0,,,,,,,,,,,15.1,47.1,UNSAMPLED,0
4333,178.2252830188679,0,,,,,,,,,,,15.1,47.1,UNSAMPLED,0
4334,178.2664150943396,0,,,,,,,,,,,15.1,47.1,UNSAMPLED,0
4335,178.3075471698113,0,,,,,,,,,,,15.1,47.1,UNSAMPLED,0
4336,178.34867924528302,1,15.17,47.0,15.17,470,15.17,47.0,15.17,470,green_difference/PSM7,green_difference/PSM7,15.17,47.0,ACCEPT_PRIMARY,0
4337,178.38981132075472,0,,,,,,,,,,,15.17,47.0,UNSAMPLED,0
4338,178.4309433962264,0,,,,,,,,,,,15.17,47.0,UNSAMPLED,0
4339,178.4720754716981,0,,,,,,,,,,,15.17,47.0,UNSAMPLED,0
4340,178.5132075471698,0,,,,,,,,,,,15.17,47.0,UNSAMPLED,0
4341,178.5543396226415,0,,,,,,,,,,,15.17,47.0,UNSAMPLED,0
4342,178.5954716981132,0,,,,,,,,,,,15.17,47.0,UNSAMPLED,0
4343,178.6366037735849,0,,,,,,,,,,,15.17,47.0,UNSAMPLED,0
4344,178.6777358490566,1,15.17,47.0,15.17,470,15.17,47.0,15.17,470,green_difference/PSM7,green_difference/PSM7,15.17,47.0,ACCEPT_PRIMARY,0
4345,178.7188679245283,0,,,,,,,,,,,15.17,47.0,UNSAMPLED,0
4346,178.76,0,,,,,,,,,,,15.17,47.0,UNSAMPLED,0
4347,178.80113207547168,0,,,,,,,,,,,15.17,47.0,UNSAMPLED,0
4348,178.84226415094338,0,,,,,,,,,,,15.17,47.0,UNSAMPLED,0
4349,178.88339622641507,0,,,,,,,,,,,15.17,47.0,UNSAMPLED,0
4350,178.9245283018868,0,,,,,,,,,,,15.17,47.0,UNSAMPLED,0
4351,178.9656603773585,0,,,,,,,,,,,15.17,47.0,UNSAMPLED,0
4352,179.00679245283018,1,15.1,46.8,15.1,46.80,15.1,46.8,15.1,46.80,green_difference/PSM7,green_difference/PSM7,15.1,46.8,ACCEPT_PRIMARY,0
4353,179.04792452830188,0,,,,,,,,,,,15.1,46.8,UNSAMPLED,0
4354,179.08905660377357,0,,,,,,,,,,,15.1,46.8,UNSAMPLED,0
4355,179.13018867924526,0,,,,,,,,,,,15.1,46.8,UNSAMPLED,0
4356,179.17132075471696,0,,,,,,,,,,,15.1,46.8,UNSAMPLED,0
4357,179.21245283018868,0,,,,,,,,,,,15.1,46.8,UNSAMPLED,0
4358,179.25358490566038,0,,,,,,,,,,,15.1,46.8,UNSAMPLED,0
4359,179.29471698113207,0,,,,,,,,,,,15.1,46.8,UNSAMPLED,0
4360,179.33584905660376,1,15.1,46.8,15.1,46.80,15.1,46.8,15.1,46.80,green_difference/PSM7,green_difference/PSM7,15.1,46.8,ACCEPT_PRIMARY,0
4361,179.37698113207546,0,,,,,,,,,,,15.1,46.8,UNSAMPLED,0
4362,179.41811320754715,0,,,,,,,,,,,15.1,46.8,UNSAMPLED,0
4363,179.45924528301884,0,,,,,,,,,,,15.1,46.8,UNSAMPLED,0
4364,179.50037735849057,0,,,,,,,,,,,15.1,46.8,UNSAMPLED,0
4365,179.54150943396226,0,,,,,,,,,,,15.1,46.8,UNSAMPLED,0
4366,179.58264150943396,0,,,,,,,,,,,15.1,46.8,UNSAMPLED,0
4367,179.62377358490565,0,,,,,,,,,,,15.1,46.8,UNSAMPLED,0
4368,179.66490566037734,1,15.2,470.0,15.2,4700,15.2,47.0,15.2,470,green_difference/PSM7,hsv_green/PSM7,15.2,47.0,ACCEPT_RETRY,1
4369,179.70603773584904,0,,,,,,,,,,,15.2,47.0,UNSAMPLED,0
4370,179.74716981132076,0,,,,,,,,,,,15.2,47.0,UNSAMPLED,0
4371,179.78830188679245,0,,,,,,,,,,,15.2,47.0,UNSAMPLED,0
4372,179.82943396226415,0,,,,,,,,,,,15.2,47.0,UNSAMPLED,0
4373,179.87056603773584,0,,,,,,,,,,,15.2,47.0,UNSAMPLED,0
4374,179.91169811320754,0,,,,,,,,,,,15.2,47.0,UNSAMPLED,0
4375,179.95283018867923,0,,,,,,,,,,,15.2,47.0,UNSAMPLED,0
4376,179.99396226415092,1,,472.0,11,4720,,,,,,,15.2,47.0,HOLD_PREVIOUS,1
4377,180.03509433962265,0,,,,,,,,,,,15.2,47.0,UNSAMPLED,0
4378,180.07622641509434,0,,,,,,,,,,,15.2,47.0,UNSAMPLED,0
4379,180.11735849056603,0,,,,,,,,,,,15.2,47.0,UNSAMPLED,0
4380,180.15849056603773,0,,,,,,,,,,,15.2,47.0,UNSAMPLED,0
4381,180.19962264150942,0,,,,,,,,,,,15.2,47.0,UNSAMPLED,0
4382,180.24075471698112,0,,,,,,,,,,,15.2,47.0,UNSAMPLED,0
4383,180.2818867924528,0,,,,,,,,,,,15.2,47.0,UNSAMPLED,0
4384,180.32301886792453,1,15.1,47.0,15.1,470,15.1,47.0,15.1,470,green_difference/PSM7,green_difference/PSM7,15.1,47.0,ACCEPT_PRIMARY,0
4385,180.36415094339623,0,,,,,,,,,,,15.1,47.0,UNSAMPLED,0
4386,180.40528301886792,0,,,,,,,,,,,15.1,47.0,UNSAMPLED,0
4387,180.4464150943396,0,,,,,,,,,,,15.1,47.0,UNSAMPLED,0
4388,180.4875471698113,0,,,,,,,,,,,15.1,47.0,UNSAMPLED,0
4389,180.528679245283,0,,,,,,,,,,,15.1,47.0,UNSAMPLED,0
4390,180.5698113207547,0,,,,,,,,,,,15.1,47.0,UNSAMPLED,0
4391,180.61094339622642,0,,,,,,,,,,,15.1,47.0,UNSAMPLED,0
4392,180.6520754716981,1,15.1,47.0,15.1,470,15.1,47.0,15.1,470,green_difference/PSM7,green_difference/PSM7,15.1,47.0,ACCEPT_PRIMARY,0
4393,180.6932075471698,0,,,,,,,,,,,15.1,47.0,UNSAMPLED,0
4394,180.7343396226415,0,,,,,,,,,,,15.1,47.0,UNSAMPLED,0
4395,180.7754716981132,0,,,,,,,,,,,15.1,47.0,UNSAMPLED,0
4396,180.8166037735849,0,,,,,,,,,,,15.1,47.0,UNSAMPLED,0
4397,180.85773584905658,0,,,,,,,,,,,15.1,47.0,UNSAMPLED,0
4398,180.8988679245283,0,,,,,,,,,,,15.1,47.0,UNSAMPLED,0
4399,180.94,0,,,,,,,,,,,15.1,47.0,UNSAMPLED,0
4400,180.9811320754717,1,15.1,472.0,15.1,4720,15.1,47.2,15.1,47.2,green_difference/PSM7,gray_otsu/PSM7,15.1,47.2,ACCEPT_RETRY,1
4401,181.02226415094339,0,,,,,,,,,,,15.1,47.2,UNSAMPLED,0
4402,181.06339622641508,0,,,,,,,,,,,15.1,47.2,UNSAMPLED,0
4403,181.10452830188677,0,,,,,,,,,,,15.1,47.2,UNSAMPLED,0
4404,181.14566037735847,0,,,,,,,,,,,15.1,47.2,UNSAMPLED,0
4405,181.1867924528302,0,,,,,,,,,,,15.1,47.2,UNSAMPLED,0
4406,181.22792452830188,0,,,,,,,,,,,15.1,47.2,UNSAMPLED,0
4407,181.26905660377358,0,,,,,,,,,,,15.1,47.2,UNSAMPLED,0
4408,181.31018867924527,1,15.1,472.0,15.1,4720,15.1,47.2,15.1,47.2,green_difference/PSM7,gray_otsu/PSM7,15.1,47.2,ACCEPT_RETRY,1
4409,181.35132075471697,0,,,,,,,,,,,15.1,47.2,UNSAMPLED,0
4410,181.39245283018866,0,,,,,,,,,,,15.1,47.2,UNSAMPLED,0
4411,181.43358490566038,0,,,,,,,,,,,15.1,47.2,UNSAMPLED,0
4412,181.47471698113208,0,,,,,,,,,,,15.1,47.2,UNSAMPLED,0
4413,181.51584905660377,0,,,,,,,,,,,15.1,47.2,UNSAMPLED,0
4414,181.55698113207546,0,,,,,,,,,,,15.1,47.2,UNSAMPLED,0
4415,181.59811320754716,0,,,,,,,,,,,15.1,47.2,UNSAMPLED,0
4416,181.63924528301885,1,15.1,471.7,15.1,4717,15.1,47.1,15.1,471,green_difference/PSM7,hsv_green/PSM7,15.1,47.1,ACCEPT_RETRY,1
4417,181.68037735849055,0,,,,,,,,,,,15.1,47.1,UNSAMPLED,0
4418,181.72150943396227,0,,,,,,,,,,,15.1,47.1,UNSAMPLED,0
4419,181.76264150943396,0,,,,,,,,,,,15.1,47.1,UNSAMPLED,0
4420,181.80377358490566,0,,,,,,,,,,,15.1,47.1,UNSAMPLED,0
4421,181.84490566037735,0,,,,,,,,,,,15.1,47.1,UNSAMPLED,0
4422,181.88603773584904,0,,,,,,,,,,,15.1,47.1,UNSAMPLED,0
4423,181.92716981132074,0,,,,,,,,,,,15.1,47.1,UNSAMPLED,0
4424,181.96830188679243,1,15.1,45.8,15.1,45.8,15.1,45.8,15.1,45.8,green_difference/PSM7,green_difference/PSM7,15.1,45.8,ACCEPT_PRIMARY,0
4425,182.00943396226415,0,,,,,,,,,,,15.1,45.8,UNSAMPLED,0
4426,182.05056603773585,0,,,,,,,,,,,15.1,45.8,UNSAMPLED,0
4427,182.09169811320754,0,,,,,,,,,,,15.1,45.8,UNSAMPLED,0
4428,182.13283018867924,0,,,,,,,,,,,15.1,45.8,UNSAMPLED,0
4429,182.17396226415093,0,,,,,,,,,,,15.1,45.8,UNSAMPLED,0
4430,182.21509433962262,0,,,,,,,,,,,15.1,45.8,UNSAMPLED,0
4431,182.25622641509432,0,,,,,,,,,,,15.1,45.8,UNSAMPLED,0
4432,182.29735849056604,1,15.1,46.8,15.1,46.8,15.1,46.8,15.1,46.8,green_difference/PSM7,green_difference/PSM7,15.1,46.8,ACCEPT_PRIMARY,0
4433,182.33849056603773,0,,,,,,,,,,,15.1,46.8,UNSAMPLED,0
4434,182.37962264150943,0,,,,,,,,,,,15.1,46.8,UNSAMPLED,0
4435,182.42075471698112,0,,,,,,,,,,,15.1,46.8,UNSAMPLED,0
4436,182.46188679245282,0,,,,,,,,,,,15.1,46.8,UNSAMPLED,0
4437,182.5030188679245,0,,,,,,,,,,,15.1,46.8,UNSAMPLED,0
4438,182.5441509433962,0,,,,,,,,,,,15.1,46.8,UNSAMPLED,0
4439,182.58528301886793,0,,,,,,,,,,,15.1,46.8,UNSAMPLED,0
4440,182.62641509433962,1,15.1,46.0,15.1,46.0,15.1,46.0,15.1,46.0,green_difference/PSM7,green_difference/PSM7,15.1,46.0,ACCEPT_PRIMARY,0
4441,182.66754716981131,0,,,,,,,,,,,15.1,46.0,UNSAMPLED,0
4442,182.708679245283,0,,,,,,,,,,,15.1,46.0,UNSAMPLED,0
4443,182.7498113207547,0,,,,,,,,,,,15.1,46.0,UNSAMPLED,0
4444,182.7909433962264,0,,,,,,,,,,,15.1,46.0,UNSAMPLED,0
4445,182.8320754716981,0,,,,,,,,,,,15.1,46.0,UNSAMPLED,0
4446,182.8732075471698,0,,,,,,,,,,,15.1,46.0,UNSAMPLED,0
4447,182.9143396226415,0,,,,,,,,,,,15.1,46.0,UNSAMPLED,0
4448,182.9554716981132,1,15.1,470.7,15.1,4707,15.1,47.0,15.1,470,green_difference/PSM7,hsv_green/PSM7,15.1,47.0,ACCEPT_RETRY,1
4449,182.9966037735849,0,,,,,,,,,,,15.1,47.0,UNSAMPLED,0
4450,183.0377358490566,0,,,,,,,,,,,15.1,47.0,UNSAMPLED,0
4451,183.07886792452828,0,,,,,,,,,,,15.1,47.0,UNSAMPLED,0
4452,183.12,0,,,,,,,,,,,15.1,47.0,UNSAMPLED,0
4453,183.1611320754717,0,,,,,,,,,,,15.1,47.0,UNSAMPLED,0
4454,183.2022641509434,0,,,,,,,,,,,15.1,47.0,UNSAMPLED,0
4455,183.2433962264151,0,,,,,,,,,,,15.1,47.0,UNSAMPLED,0
4456,183.28452830188678,1,15.9,46.8,159,46.8,15.9,46.8,159,46.8,green_difference/PSM7,green_difference/PSM7,15.9,46.8,ACCEPT_PRIMARY,0
4457,183.32566037735847,0,,,,,,,,,,,15.9,46.8,UNSAMPLED,0
4458,183.36679245283017,0,,,,,,,,,,,15.9,46.8,UNSAMPLED,0
4459,183.4079245283019,0,,,,,,,,,,,15.9,46.8,UNSAMPLED,0
4460,183.44905660377358,0,,,,,,,,,,,15.9,46.8,UNSAMPLED,0
4461,183.49018867924528,0,,,,,,,,,,,15.9,46.8,UNSAMPLED,0
4462,183.53132075471697,0,,,,,,,,,,,15.9,46.8,UNSAMPLED,0
4463,183.57245283018867,0,,,,,,,,,,,15.9,46.8,UNSAMPLED,0
4464,183.61358490566036,1,15.0,46.9,15.0,46.9,15.0,46.9,15.0,46.9,green_difference/PSM7,green_difference/PSM7,15.0,46.9,ACCEPT_PRIMARY,0
4465,183.65471698113205,0,,,,,,,,,,,15.0,46.9,UNSAMPLED,0
4466,183.69584905660378,0,,,,,,,,,,,15.0,46.9,UNSAMPLED,0
4467,183.73698113207547,0,,,,,,,,,,,15.0,46.9,UNSAMPLED,0
4468,183.77811320754716,0,,,,,,,,,,,15.0,46.9,UNSAMPLED,0
4469,183.81924528301886,0,,,,,,,,,,,15.0,46.9,UNSAMPLED,0
4470,183.86037735849055,0,,,,,,,,,,,15.0,46.9,UNSAMPLED,0
4471,183.90150943396225,0,,,,,,,,,,,15.0,46.9,UNSAMPLED,0
4472,183.94264150943394,1,,46.8,11,46.8,15.1,46.8,15.1,46.8,green_channel_otsu/PSM7,green_difference/PSM7,15.1,46.8,ACCEPT_RETRY,1
4473,183.98377358490566,0,,,,,,,,,,,15.1,46.8,UNSAMPLED,0
4474,184.02490566037736,0,,,,,,,,,,,15.1,46.8,UNSAMPLED,0
4475,184.06603773584905,0,,,,,,,,,,,15.1,46.8,UNSAMPLED,0
4476,184.10716981132074,0,,,,,,,,,,,15.1,46.8,UNSAMPLED,0
4477,184.14830188679244,0,,,,,,,,,,,15.1,46.8,UNSAMPLED,0
4478,184.18943396226413,0,,,,,,,,,,,15.1,46.8,UNSAMPLED,0
4479,184.23056603773583,0,,,,,,,,,,,15.1,46.8,UNSAMPLED,0
4480,184.27169811320755,1,,46.9,,46.9,15.1,46.9,15.1,46.9,green_channel_otsu/PSM7,green_difference/PSM7,15.1,46.9,ACCEPT_RETRY,1
4481,184.31283018867924,0,,,,,,,,,,,15.1,46.9,UNSAMPLED,0
4482,184.35396226415094,0,,,,,,,,,,,15.1,46.9,UNSAMPLED,0
4483,184.39509433962263,0,,,,,,,,,,,15.1,46.9,UNSAMPLED,0
4484,184.43622641509432,0,,,,,,,,,,,15.1,46.9,UNSAMPLED,0
4485,184.47735849056602,0,,,,,,,,,,,15.1,46.9,UNSAMPLED,0
4486,184.5184905660377,0,,,,,,,,,,,15.1,46.9,UNSAMPLED,0
4487,184.55962264150943,0,,,,,,,,,,,15.1,46.9,UNSAMPLED,0
4488,184.60075471698113,1,,464.0,11,4640,15.1,46.4,15.1,46.4,green_channel_otsu/PSM7,green_channel_otsu/PSM7,15.1,46.4,ACCEPT_RETRY,1
4489,184.64188679245282,0,,,,,,,,,,,15.1,46.4,UNSAMPLED,0
4490,184.68301886792452,0,,,,,,,,,,,15.1,46.4,UNSAMPLED,0
4491,184.7241509433962,0,,,,,,,,,,,15.1,46.4,UNSAMPLED,0
4492,184.7652830188679,0,,,,,,,,,,,15.1,46.4,UNSAMPLED,0
4493,184.80641509433963,0,,,,,,,,,,,15.1,46.4,UNSAMPLED,0
4494,184.84754716981132,0,,,,,,,,,,,15.1,46.4,UNSAMPLED,0
4495,184.88867924528302,0,,,,,,,,,,,15.1,46.4,UNSAMPLED,0
4496,184.9298113207547,1,15.1,464.0,15.1,4640,15.1,46.4,15.1,46.4,green_difference/PSM7,green_channel_otsu/PSM7,15.1,46.4,ACCEPT_RETRY,1
4497,184.9709433962264,0,,,,,,,,,,,15.1,46.4,UNSAMPLED,0
4498,185.0120754716981,0,,,,,,,,,,,15.1,46.4,UNSAMPLED,0
4499,185.0532075471698,0,,,,,,,,,,,15.1,46.4,UNSAMPLED,0
4500,185.0943396226415,0,,,,,,,,,,,15.1,46.4,UNSAMPLED,0
4501,185.1354716981132,0,,,,,,,,,,,15.1,46.4,UNSAMPLED,0
4502,185.1766037735849,0,,,,,,,,,,,15.1,46.4,UNSAMPLED,0
4503,185.2177358490566,0,,,,,,,,,,,15.1,46.4,UNSAMPLED,0
4504,185.2588679245283,1,11.7,46.2,117,46.20,15.1,46.2,15.1,46.20,green_channel_otsu/PSM7,green_difference/PSM7,15.1,46.2,ACCEPT_RETRY,1
4505,185.29999999999998,0,,,,,,,,,,,15.1,46.2,UNSAMPLED,0
4506,185.34113207547168,0,,,,,,,,,,,15.1,46.2,UNSAMPLED,0
4507,185.3822641509434,0,,,,,,,,,,,15.1,46.2,UNSAMPLED,0
4508,185.4233962264151,0,,,,,,,,,,,15.1,46.2,UNSAMPLED,0
4509,185.4645283018868,0,,,,,,,,,,,15.1,46.2,UNSAMPLED,0
4510,185.50566037735848,0,,,,,,,,,,,15.1,46.2,UNSAMPLED,0
4511,185.54679245283018,0,,,,,,,,,,,15.1,46.2,UNSAMPLED,0
4512,185.58792452830187,1,14.17,46.2,14.17,46.20,14.17,46.2,14.17,46.20,green_difference/PSM7,green_difference/PSM7,14.17,46.2,ACCEPT_PRIMARY,0
4513,185.62905660377356,0,,,,,,,,,,,14.17,46.2,UNSAMPLED,0
4514,185.67018867924529,0,,,,,,,,,,,14.17,46.2,UNSAMPLED,0
4515,185.71132075471698,0,,,,,,,,,,,14.17,46.2,UNSAMPLED,0
4516,185.75245283018867,0,,,,,,,,,,,14.17,46.2,UNSAMPLED,0
4517,185.79358490566037,0,,,,,,,,,,,14.17,46.2,UNSAMPLED,0
4518,185.83471698113206,0,,,,,,,,,,,14.17,46.2,UNSAMPLED,0
4519,185.87584905660376,0,,,,,,,,,,,14.17,46.2,UNSAMPLED,0
4520,185.91698113207545,1,15.1,45.9,15.10,45.9,15.1,45.9,15.10,45.9,green_difference/PSM7,green_difference/PSM7,15.1,45.9,ACCEPT_PRIMARY,0
4521,185.95811320754717,0,,,,,,,,,,,15.1,45.9,UNSAMPLED,0
4522,185.99924528301887,0,,,,,,,,,,,15.1,45.9,UNSAMPLED,0
4523,186.04037735849056,0,,,,,,,,,,,15.1,45.9,UNSAMPLED,0
4524,186.08150943396225,0,,,,,,,,,,,15.1,45.9,UNSAMPLED,0
4525,186.12264150943395,0,,,,,,,,,,,15.1,45.9,UNSAMPLED,0
4526,186.16377358490564,0,,,,,,,,,,,15.1,45.9,UNSAMPLED,0
4527,186.20490566037734,0,,,,,,,,,,,15.1,45.9,UNSAMPLED,0
4528,186.24603773584906,1,15.1,46.9,15.1,46.9,15.1,46.9,15.1,46.9,green_difference/PSM7,green_difference/PSM7,15.1,46.9,ACCEPT_PRIMARY,0
4529,186.28716981132075,0,,,,,,,,,,,15.1,46.9,UNSAMPLED,0
4530,186.32830188679245,0,,,,,,,,,,,15.1,46.9,UNSAMPLED,0
4531,186.36943396226414,0,,,,,,,,,,,15.1,46.9,UNSAMPLED,0
4532,186.41056603773583,0,,,,,,,,,,,15.1,46.9,UNSAMPLED,0
4533,186.45169811320753,0,,,,,,,,,,,15.1,46.9,UNSAMPLED,0
4534,186.49283018867925,0,,,,,,,,,,,15.1,46.9,UNSAMPLED,0
4535,186.53396226415094,0,,,,,,,,,,,15.1,46.9,UNSAMPLED,0
4536,186.57509433962264,1,15.1,4717.0,15.1,47170,15.1,47.1,15.1,471,green_difference/PSM7,green_channel_otsu/PSM7,15.1,47.1,ACCEPT_RETRY,1
4537,186.61622641509433,0,,,,,,,,,,,15.1,47.1,UNSAMPLED,0
4538,186.65735849056603,0,,,,,,,,,,,15.1,47.1,UNSAMPLED,0
4539,186.69849056603772,0,,,,,,,,,,,15.1,47.1,UNSAMPLED,0
4540,186.7396226415094,0,,,,,,,,,,,15.1,47.1,UNSAMPLED,0
4541,186.78075471698114,0,,,,,,,,,,,15.1,47.1,UNSAMPLED,0
4542,186.82188679245283,0,,,,,,,,,,,15.1,47.1,UNSAMPLED,0
4543,186.86301886792452,0,,,,,,,,,,,15.1,47.1,UNSAMPLED,0
4544,186.90415094339622,1,15.1,4717.0,15.1,47170,,,,,,,15.1,47.1,HOLD_PREVIOUS,1
4545,186.9452830188679,0,,,,,,,,,,,15.1,47.1,UNSAMPLED,0
4546,186.9864150943396,0,,,,,,,,,,,15.1,47.1,UNSAMPLED,0
4547,187.0275471698113,0,,,,,,,,,,,15.1,47.1,UNSAMPLED,0
4548,187.06867924528302,0,,,,,,,,,,,15.1,47.1,UNSAMPLED,0
4549,187.10981132075472,0,,,,,,,,,,,15.1,47.1,UNSAMPLED,0
4550,187.1509433962264,0,,,,,,,,,,,15.1,47.1,UNSAMPLED,0
4551,187.1920754716981,0,,,,,,,,,,,15.1,47.1,UNSAMPLED,0
4552,187.2332075471698,1,15.1,46.8,15.1,46.8,15.1,46.8,15.1,46.8,green_difference/PSM7,green_difference/PSM7,15.1,46.8,ACCEPT_PRIMARY,0
4553,187.2743396226415,0,,,,,,,,,,,15.1,46.8,UNSAMPLED,0
4554,187.31547169811319,0,,,,,,,,,,,15.1,46.8,UNSAMPLED,0
4555,187.3566037735849,0,,,,,,,,,,,15.1,46.8,UNSAMPLED,0
4556,187.3977358490566,0,,,,,,,,,,,15.1,46.8,UNSAMPLED,0
4557,187.4388679245283,0,,,,,,,,,,,15.1,46.8,UNSAMPLED,0
4558,187.48,0,,,,,,,,,,,15.1,46.8,UNSAMPLED,0
4559,187.52113207547168,0,,,,,,,,,,,15.1,46.8,UNSAMPLED,0
4560,187.56226415094338,1,15.1,46.8,15.1,46.8,15.1,46.8,15.1,46.8,green_difference/PSM7,green_difference/PSM7,15.1,46.8,ACCEPT_PRIMARY,0
4561,187.60339622641507,0,,,,,,,,,,,15.1,46.8,UNSAMPLED,0
4562,187.6445283018868,0,,,,,,,,,,,15.1,46.8,UNSAMPLED,0
4563,187.6856603773585,0,,,,,,,,,,,15.1,46.8,UNSAMPLED,0
4564,187.72679245283018,0,,,,,,,,,,,15.1,46.8,UNSAMPLED,0
4565,187.76792452830188,0,,,,,,,,,,,15.1,46.8,UNSAMPLED,0
4566,187.80905660377357,0,,,,,,,,,,,15.1,46.8,UNSAMPLED,0
4567,187.85018867924526,0,,,,,,,,,,,15.1,46.8,UNSAMPLED,0
4568,187.89132075471696,1,15.0,47.8,15.0,47.8,15.0,47.8,15.0,47.8,green_difference/PSM7,green_difference/PSM7,15.0,47.8,ACCEPT_PRIMARY,0
4569,187.93245283018868,0,,,,,,,,,,,15.0,47.8,UNSAMPLED,0
4570,187.97358490566037,0,,,,,,,,,,,15.0,47.8,UNSAMPLED,0
4571,188.01471698113207,0,,,,,,,,,,,15.0,47.8,UNSAMPLED,0
4572,188.05584905660376,0,,,,,,,,,,,15.0,47.8,UNSAMPLED,0
4573,188.09698113207546,0,,,,,,,,,,,15.0,47.8,UNSAMPLED,0
4574,188.13811320754715,0,,,,,,,,,,,15.0,47.8,UNSAMPLED,0
4575,188.17924528301887,0,,,,,,,,,,,15.0,47.8,UNSAMPLED,0
4576,188.22037735849057,1,15.0,47.8,15.0,478,15.0,47.8,15.0,478,green_difference/PSM7,green_difference/PSM7,15.0,47.8,ACCEPT_PRIMARY,0
4577,188.26150943396226,0,,,,,,,,,,,15.0,47.8,UNSAMPLED,0
4578,188.30264150943395,0,,,,,,,,,,,15.0,47.8,UNSAMPLED,0
4579,188.34377358490565,0,,,,,,,,,,,15.0,47.8,UNSAMPLED,0
4580,188.38490566037734,0,,,,,,,,,,,15.0,47.8,UNSAMPLED,0
4581,188.42603773584904,0,,,,,,,,,,,15.0,47.8,UNSAMPLED,0
4582,188.46716981132076,0,,,,,,,,,,,15.0,47.8,UNSAMPLED,0
4583,188.50830188679245,0,,,,,,,,,,,15.0,47.8,UNSAMPLED,0
4584,188.54943396226415,1,15.0,479.7,15.0,4797,15.0,47.9,15.0,479,green_difference/PSM7,hsv_green/PSM7,15.0,47.9,ACCEPT_RETRY,1
4585,188.59056603773584,0,,,,,,,,,,,15.0,47.9,UNSAMPLED,0
4586,188.63169811320753,0,,,,,,,,,,,15.0,47.9,UNSAMPLED,0
4587,188.67283018867923,0,,,,,,,,,,,15.0,47.9,UNSAMPLED,0
4588,188.71396226415092,0,,,,,,,,,,,15.0,47.9,UNSAMPLED,0
4589,188.75509433962264,0,,,,,,,,,,,15.0,47.9,UNSAMPLED,0
4590,188.79622641509434,0,,,,,,,,,,,15.0,47.9,UNSAMPLED,0
4591,188.83735849056603,0,,,,,,,,,,,15.0,47.9,UNSAMPLED,0
4592,188.87849056603773,1,15.0,477.7,15.0,4777,15.0,47.7,15.0,477,green_difference/PSM7,hsv_green/PSM7,15.0,47.7,ACCEPT_RETRY,1
4593,188.91962264150942,0,,,,,,,,,,,15.0,47.7,UNSAMPLED,0
4594,188.9607547169811,0,,,,,,,,,,,15.0,47.7,UNSAMPLED,0
4595,189.0018867924528,0,,,,,,,,,,,15.0,47.7,UNSAMPLED,0
4596,189.04301886792453,0,,,,,,,,,,,15.0,47.7,UNSAMPLED,0
4597,189.08415094339622,0,,,,,,,,,,,15.0,47.7,UNSAMPLED,0
4598,189.12528301886792,0,,,,,,,,,,,15.0,47.7,UNSAMPLED,0
4599,189.1664150943396,0,,,,,,,,,,,15.0,47.7,UNSAMPLED,0
4600,189.2075471698113,1,15.0,47.6,15.0,476,15.0,47.6,15.0,476,green_difference/PSM7,green_difference/PSM7,15.0,47.6,ACCEPT_PRIMARY,0
4601,189.248679245283,0,,,,,,,,,,,15.0,47.6,UNSAMPLED,0
4602,189.2898113207547,0,,,,,,,,,,,15.0,47.6,UNSAMPLED,0
4603,189.33094339622642,0,,,,,,,,,,,15.0,47.6,UNSAMPLED,0
4604,189.3720754716981,0,,,,,,,,,,,15.0,47.6,UNSAMPLED,0
4605,189.4132075471698,0,,,,,,,,,,,15.0,47.6,UNSAMPLED,0
4606,189.4543396226415,0,,,,,,,,,,,15.0,47.6,UNSAMPLED,0
4607,189.4954716981132,0,,,,,,,,,,,15.0,47.6,UNSAMPLED,0
4608,189.5366037735849,1,15.0,47.2,15.0,472,15.0,47.2,15.0,472,green_difference/PSM7,green_difference/PSM7,15.0,47.2,ACCEPT_PRIMARY,0
4609,189.57773584905658,0,,,,,,,,,,,15.0,47.2,UNSAMPLED,0
4610,189.6188679245283,0,,,,,,,,,,,15.0,47.2,UNSAMPLED,0
4611,189.66,0,,,,,,,,,,,15.0,47.2,UNSAMPLED,0
4612,189.7011320754717,0,,,,,,,,,,,15.0,47.2,UNSAMPLED,0
4613,189.74226415094338,0,,,,,,,,,,,15.0,47.2,UNSAMPLED,0
4614,189.78339622641508,0,,,,,,,,,,,15.0,47.2,UNSAMPLED,0
4615,189.82452830188677,0,,,,,,,,,,,15.0,47.2,UNSAMPLED,0
4616,189.8656603773585,1,15.0,473.7,15.0,4737,15.0,47.3,15.0,473,green_difference/PSM7,hsv_green/PSM7,15.0,47.3,ACCEPT_RETRY,1
4617,189.9067924528302,0,,,,,,,,,,,15.0,47.3,UNSAMPLED,0
4618,189.94792452830188,0,,,,,,,,,,,15.0,47.3,UNSAMPLED,0
4619,189.98905660377358,0,,,,,,,,,,,15.0,47.3,UNSAMPLED,0
4620,190.03018867924527,0,,,,,,,,,,,15.0,47.3,UNSAMPLED,0
4621,190.07132075471696,0,,,,,,,,,,,15.0,47.3,UNSAMPLED,0
4622,190.11245283018866,0,,,,,,,,,,,15.0,47.3,UNSAMPLED,0
4623,190.15358490566038,0,,,,,,,,,,,15.0,47.3,UNSAMPLED,0
4624,190.19471698113207,1,15.0,45.7,15.0,457,15.0,45.7,15.0,457,green_difference/PSM7,green_difference/PSM7,15.0,45.7,ACCEPT_PRIMARY,0
4625,190.23584905660377,0,,,,,,,,,,,15.0,45.7,UNSAMPLED,0
4626,190.27698113207546,0,,,,,,,,,,,15.0,45.7,UNSAMPLED,0
4627,190.31811320754716,0,,,,,,,,,,,15.0,45.7,UNSAMPLED,0
4628,190.35924528301885,0,,,,,,,,,,,15.0,45.7,UNSAMPLED,0
4629,190.40037735849054,0,,,,,,,,,,,15.0,45.7,UNSAMPLED,0
4630,190.44150943396227,0,,,,,,,,,,,15.0,45.7,UNSAMPLED,0
4631,190.48264150943396,0,,,,,,,,,,,15.0,45.7,UNSAMPLED,0
4632,190.52377358490565,1,16.0,45.3,16.0,45.3,16.0,45.3,16.0,45.3,green_difference/PSM7,green_difference/PSM7,16.0,45.3,ACCEPT_PRIMARY,0
4633,190.56490566037735,0,,,,,,,,,,,16.0,45.3,UNSAMPLED,0
4634,190.60603773584904,0,,,,,,,,,,,16.0,45.3,UNSAMPLED,0
4635,190.64716981132074,0,,,,,,,,,,,16.0,45.3,UNSAMPLED,0
4636,190.68830188679243,0,,,,,,,,,,,16.0,45.3,UNSAMPLED,0
4637,190.72943396226415,0,,,,,,,,,,,16.0,45.3,UNSAMPLED,0
4638,190.77056603773585,0,,,,,,,,,,,16.0,45.3,UNSAMPLED,0
4639,190.81169811320754,0,,,,,,,,,,,16.0,45.3,UNSAMPLED,0
4640,190.85283018867923,1,15.6,45.1,15.6,451,15.6,45.1,15.6,451,green_difference/PSM7,green_difference/PSM7,15.6,45.1,ACCEPT_PRIMARY,0
4641,190.89396226415093,0,,,,,,,,,,,15.6,45.1,UNSAMPLED,0
4642,190.93509433962262,0,,,,,,,,,,,15.6,45.1,UNSAMPLED,0
4643,190.97622641509432,0,,,,,,,,,,,15.6,45.1,UNSAMPLED,0
4644,191.01735849056604,0,,,,,,,,,,,15.6,45.1,UNSAMPLED,0
4645,191.05849056603773,0,,,,,,,,,,,15.6,45.1,UNSAMPLED,0
4646,191.09962264150943,0,,,,,,,,,,,15.6,45.1,UNSAMPLED,0
4647,191.14075471698112,0,,,,,,,,,,,15.6,45.1,UNSAMPLED,0
4648,191.18188679245281,1,15.6,46.4,15.6,464,15.6,46.4,15.6,464,green_difference/PSM7,green_difference/PSM7,15.6,46.4,ACCEPT_PRIMARY,0
4649,191.2230188679245,0,,,,,,,,,,,15.6,46.4,UNSAMPLED,0
4650,191.2641509433962,0,,,,,,,,,,,15.6,46.4,UNSAMPLED,0
4651,191.30528301886793,0,,,,,,,,,,,15.6,46.4,UNSAMPLED,0
4652,191.34641509433962,0,,,,,,,,,,,15.6,46.4,UNSAMPLED,0
4653,191.3875471698113,0,,,,,,,,,,,15.6,46.4,UNSAMPLED,0
4654,191.428679245283,0,,,,,,,,,,,15.6,46.4,UNSAMPLED,0
4655,191.4698113207547,0,,,,,,,,,,,15.6,46.4,UNSAMPLED,0
4656,191.5109433962264,1,15.8,45.4,15.8,45.4,15.8,45.4,15.8,45.4,green_difference/PSM7,green_difference/PSM7,15.8,45.4,ACCEPT_PRIMARY,0
4657,191.55207547169812,0,,,,,,,,,,,15.8,45.4,UNSAMPLED,0
4658,191.5932075471698,0,,,,,,,,,,,15.8,45.4,UNSAMPLED,0
4659,191.6343396226415,0,,,,,,,,,,,15.8,45.4,UNSAMPLED,0
4660,191.6754716981132,0,,,,,,,,,,,15.8,45.4,UNSAMPLED,0
4661,191.7166037735849,0,,,,,,,,,,,15.8,45.4,UNSAMPLED,0
4662,191.7577358490566,0,,,,,,,,,,,15.8,45.4,UNSAMPLED,0
4663,191.79886792452828,0,,,,,,,,,,,15.8,45.4,UNSAMPLED,0
4664,191.84,1,15.8,474.0,158,4740,15.8,47.4,158,474,green_difference/PSM7,green_difference/PSM8,15.8,47.4,ACCEPT_RETRY,1
4665,191.8811320754717,0,,,,,,,,,,,15.8,47.4,UNSAMPLED,0
4666,191.9222641509434,0,,,,,,,,,,,15.8,47.4,UNSAMPLED,0
4667,191.96339622641509,0,,,,,,,,,,,15.8,47.4,UNSAMPLED,0
4668,192.00452830188678,0,,,,,,,,,,,15.8,47.4,UNSAMPLED,0
4669,192.04566037735847,0,,,,,,,,,,,15.8,47.4,UNSAMPLED,0
4670,192.08679245283017,0,,,,,,,,,,,15.8,47.4,UNSAMPLED,0
4671,192.1279245283019,0,,,,,,,,,,,15.8,47.4,UNSAMPLED,0
4672,192.16905660377358,1,16.7,47.1,167,471,16.7,47.1,167,471,green_difference/PSM7,green_difference/PSM7,16.7,47.1,ACCEPT_PRIMARY,0
4673,192.21018867924528,0,,,,,,,,,,,16.7,47.1,UNSAMPLED,0
4674,192.25132075471697,0,,,,,,,,,,,16.7,47.1,UNSAMPLED,0
4675,192.29245283018867,0,,,,,,,,,,,16.7,47.1,UNSAMPLED,0
4676,192.33358490566036,0,,,,,,,,,,,16.7,47.1,UNSAMPLED,0
4677,192.37471698113205,0,,,,,,,,,,,16.7,47.1,UNSAMPLED,0
4678,192.41584905660378,0,,,,,,,,,,,16.7,47.1,UNSAMPLED,0
4679,192.45698113207547,0,,,,,,,,,,,16.7,47.1,UNSAMPLED,0
4680,192.49811320754716,1,15.4,47.4,154,474,15.4,47.4,154,474,green_difference/PSM7,green_difference/PSM7,15.4,47.4,ACCEPT_PRIMARY,0
4681,192.53924528301886,0,,,,,,,,,,,15.4,47.4,UNSAMPLED,0
4682,192.58037735849055,0,,,,,,,,,,,15.4,47.4,UNSAMPLED,0
4683,192.62150943396225,0,,,,,,,,,,,15.4,47.4,UNSAMPLED,0
4684,192.66264150943394,0,,,,,,,,,,,15.4,47.4,UNSAMPLED,0
4685,192.70377358490566,0,,,,,,,,,,,15.4,47.4,UNSAMPLED,0
4686,192.74490566037736,0,,,,,,,,,,,15.4,47.4,UNSAMPLED,0
4687,192.78603773584905,0,,,,,,,,,,,15.4,47.4,UNSAMPLED,0
4688,192.82716981132074,1,,464.0,1,4640,15.7,46.4,15.7,46.4,green_channel_otsu/PSM7,green_channel_otsu/PSM7,15.7,46.4,ACCEPT_RETRY,1
4689,192.86830188679244,0,,,,,,,,,,,15.7,46.4,UNSAMPLED,0
4690,192.90943396226413,0,,,,,,,,,,,15.7,46.4,UNSAMPLED,0
4691,192.95056603773583,0,,,,,,,,,,,15.7,46.4,UNSAMPLED,0
4692,192.99169811320755,0,,,,,,,,,,,15.7,46.4,UNSAMPLED,0
4693,193.03283018867924,0,,,,,,,,,,,15.7,46.4,UNSAMPLED,0
4694,193.07396226415094,0,,,,,,,,,,,15.7,46.4,UNSAMPLED,0
4695,193.11509433962263,0,,,,,,,,,,,15.7,46.4,UNSAMPLED,0
4696,193.15622641509432,1,,46.7,1,46.7,15.7,46.7,15.7,46.7,green_channel_otsu/PSM7,green_difference/PSM7,15.7,46.7,ACCEPT_RETRY,1
4697,193.19735849056602,0,,,,,,,,,,,15.7,46.7,UNSAMPLED,0
4698,193.23849056603774,0,,,,,,,,,,,15.7,46.7,UNSAMPLED,0
4699,193.27962264150943,0,,,,,,,,,,,15.7,46.7,UNSAMPLED,0
4700,193.32075471698113,0,,,,,,,,,,,15.7,46.7,UNSAMPLED,0
4701,193.36188679245282,0,,,,,,,,,,,15.7,46.7,UNSAMPLED,0
4702,193.40301886792452,0,,,,,,,,,,,15.7,46.7,UNSAMPLED,0
4703,193.4441509433962,0,,,,,,,,,,,15.7,46.7,UNSAMPLED,0
4704,193.4852830188679,1,,473.0,14,4730,15.7,47.3,15.7,473,green_channel_otsu/PSM7,green_channel_otsu/PSM7,15.7,47.3,ACCEPT_RETRY,1
4705,193.52641509433963,0,,,,,,,,,,,15.7,47.3,UNSAMPLED,0
4706,193.56754716981132,0,,,,,,,,,,,15.7,47.3,UNSAMPLED,0
4707,193.608679245283,0,,,,,,,,,,,15.7,47.3,UNSAMPLED,0
4708,193.6498113207547,0,,,,,,,,,,,15.7,47.3,UNSAMPLED,0
4709,193.6909433962264,0,,,,,,,,,,,15.7,47.3,UNSAMPLED,0
4710,193.7320754716981,0,,,,,,,,,,,15.7,47.3,UNSAMPLED,0
4711,193.7732075471698,0,,,,,,,,,,,15.7,47.3,UNSAMPLED,0
4712,193.8143396226415,1,15.4,47.5,15.4,475,15.4,47.5,15.4,475,green_difference/PSM7,green_difference/PSM7,15.4,47.5,ACCEPT_PRIMARY,0
4713,193.8554716981132,0,,,,,,,,,,,15.4,47.5,UNSAMPLED,0
4714,193.8966037735849,0,,,,,,,,,,,15.4,47.5,UNSAMPLED,0
4715,193.9377358490566,0,,,,,,,,,,,15.4,47.5,UNSAMPLED,0
4716,193.9788679245283,0,,,,,,,,,,,15.4,47.5,UNSAMPLED,0
4717,194.01999999999998,0,,,,,,,,,,,15.4,47.5,UNSAMPLED,0
4718,194.06113207547168,0,,,,,,,,,,,15.4,47.5,UNSAMPLED,0
4719,194.1022641509434,0,,,,,,,,,,,15.4,47.5,UNSAMPLED,0
4720,194.1433962264151,1,15.42,474.0,15.42,4740,15.42,47.4,15.42,474,green_difference/PSM7,green_difference/PSM8,15.42,47.4,ACCEPT_RETRY,1
4721,194.1845283018868,0,,,,,,,,,,,15.42,47.4,UNSAMPLED,0
4722,194.22566037735848,0,,,,,,,,,,,15.42,47.4,UNSAMPLED,0
4723,194.26679245283017,0,,,,,,,,,,,15.42,47.4,UNSAMPLED,0
4724,194.30792452830187,0,,,,,,,,,,,15.42,47.4,UNSAMPLED,0
4725,194.34905660377356,0,,,,,,,,,,,15.42,47.4,UNSAMPLED,0
4726,194.39018867924528,0,,,,,,,,,,,15.42,47.4,UNSAMPLED,0
4727,194.43132075471698,0,,,,,,,,,,,15.42,47.4,UNSAMPLED,0
4728,194.47245283018867,1,,47.4,17,474,15.7,47.4,15.7,474,green_channel_otsu/PSM7,green_difference/PSM7,15.7,47.4,ACCEPT_RETRY,1
4729,194.51358490566037,0,,,,,,,,,,,15.7,47.4,UNSAMPLED,0
4730,194.55471698113206,0,,,,,,,,,,,15.7,47.4,UNSAMPLED,0
4731,194.59584905660375,0,,,,,,,,,,,15.7,47.4,UNSAMPLED,0
4732,194.63698113207545,0,,,,,,,,,,,15.7,47.4,UNSAMPLED,0
4733,194.67811320754717,0,,,,,,,,,,,15.7,47.4,UNSAMPLED,0
4734,194.71924528301886,0,,,,,,,,,,,15.7,47.4,UNSAMPLED,0
4735,194.76037735849056,0,,,,,,,,,,,15.7,47.4,UNSAMPLED,0
4736,194.80150943396225,1,15.7,46.8,15.7,46.8,15.7,46.8,15.7,46.8,green_difference/PSM7,green_difference/PSM7,15.7,46.8,ACCEPT_PRIMARY,0
4737,194.84264150943395,0,,,,,,,,,,,15.7,46.8,UNSAMPLED,0
4738,194.88377358490564,0,,,,,,,,,,,15.7,46.8,UNSAMPLED,0
4739,194.92490566037736,0,,,,,,,,,,,15.7,46.8,UNSAMPLED,0
4740,194.96603773584906,0,,,,,,,,,,,15.7,46.8,UNSAMPLED,0
4741,195.00716981132075,0,,,,,,,,,,,15.7,46.8,UNSAMPLED,0
4742,195.04830188679244,0,,,,,,,,,,,15.7,46.8,UNSAMPLED,0
4743,195.08943396226414,0,,,,,,,,,,,15.7,46.8,UNSAMPLED,0
4744,195.13056603773583,1,15.7,471.0,15.7,4710,15.7,47.1,15.70,471,green_difference/PSM8,green_difference/PSM8,15.7,47.1,ACCEPT_RETRY,1
4745,195.17169811320753,0,,,,,,,,,,,15.7,47.1,UNSAMPLED,0
4746,195.21283018867925,0,,,,,,,,,,,15.7,47.1,UNSAMPLED,0
4747,195.25396226415094,0,,,,,,,,,,,15.7,47.1,UNSAMPLED,0
4748,195.29509433962264,0,,,,,,,,,,,15.7,47.1,UNSAMPLED,0
4749,195.33622641509433,0,,,,,,,,,,,15.7,47.1,UNSAMPLED,0
4750,195.37735849056602,0,,,,,,,,,,,15.7,47.1,UNSAMPLED,0
4751,195.41849056603772,0,,,,,,,,,,,15.7,47.1,UNSAMPLED,0
4752,195.4596226415094,1,15.7,471.0,15.7,4710,15.7,47.1,15.70,471,green_difference/PSM8,green_difference/PSM8,15.7,47.1,ACCEPT_RETRY,1
4753,195.50075471698113,0,,,,,,,,,,,15.7,47.1,UNSAMPLED,0
4754,195.54188679245283,0,,,,,,,,,,,15.7,47.1,UNSAMPLED,0
4755,195.58301886792452,0,,,,,,,,,,,15.7,47.1,UNSAMPLED,0
4756,195.62415094339622,0,,,,,,,,,,,15.7,47.1,UNSAMPLED,0
4757,195.6652830188679,0,,,,,,,,,,,15.7,47.1,UNSAMPLED,0
4758,195.7064150943396,0,,,,,,,,,,,15.7,47.1,UNSAMPLED,0
4759,195.7475471698113,0,,,,,,,,,,,15.7,47.1,UNSAMPLED,0
4760,195.78867924528302,1,15.8,470.7,15.8,4707,15.8,47.0,15.8,470,green_difference/PSM7,hsv_green/PSM7,15.8,47.0,ACCEPT_RETRY,1
4761,195.82981132075471,0,,,,,,,,,,,15.8,47.0,UNSAMPLED,0
4762,195.8709433962264,0,,,,,,,,,,,15.8,47.0,UNSAMPLED,0
4763,195.9120754716981,0,,,,,,,,,,,15.8,47.0,UNSAMPLED,0
4764,195.9532075471698,0,,,,,,,,,,,15.8,47.0,UNSAMPLED,0
4765,195.9943396226415,0,,,,,,,,,,,15.8,47.0,UNSAMPLED,0
4766,196.03547169811318,0,,,,,,,,,,,15.8,47.0,UNSAMPLED,0
4767,196.0766037735849,0,,,,,,,,,,,15.8,47.0,UNSAMPLED,0
4768,196.1177358490566,1,15.4,46.2,15.4,46.2,15.4,46.2,15.4,46.2,green_difference/PSM7,green_difference/PSM7,15.4,46.2,ACCEPT_PRIMARY,0
4769,196.1588679245283,0,,,,,,,,,,,15.4,46.2,UNSAMPLED,0
4770,196.2,0,,,,,,,,,,,15.4,46.2,UNSAMPLED,0
4771,196.24113207547168,0,,,,,,,,,,,15.4,46.2,UNSAMPLED,0
4772,196.28226415094338,0,,,,,,,,,,,15.4,46.2,UNSAMPLED,0
4773,196.32339622641507,0,,,,,,,,,,,15.4,46.2,UNSAMPLED,0
4774,196.3645283018868,0,,,,,,,,,,,15.4,46.2,UNSAMPLED,0
4775,196.4056603773585,0,,,,,,,,,,,15.4,46.2,UNSAMPLED,0
4776,196.44679245283018,1,15.1,46.2,151,46.2,15.1,46.2,151,46.2,green_difference/PSM7,green_difference/PSM7,15.1,46.2,ACCEPT_PRIMARY,0
4777,196.48792452830187,0,,,,,,,,,,,15.1,46.2,UNSAMPLED,0
4778,196.52905660377357,0,,,,,,,,,,,15.1,46.2,UNSAMPLED,0
4779,196.57018867924526,0,,,,,,,,,,,15.1,46.2,UNSAMPLED,0
4780,196.61132075471698,0,,,,,,,,,,,15.1,46.2,UNSAMPLED,0
4781,196.65245283018868,0,,,,,,,,,,,15.1,46.2,UNSAMPLED,0
4782,196.69358490566037,0,,,,,,,,,,,15.1,46.2,UNSAMPLED,0
4783,196.73471698113207,0,,,,,,,,,,,15.1,46.2,UNSAMPLED,0
4784,196.77584905660376,1,15.1,47.0,15.1,470,15.1,47.0,15.1,470,green_difference/PSM7,green_difference/PSM7,15.1,47.0,ACCEPT_PRIMARY,0
4785,196.81698113207545,0,,,,,,,,,,,15.1,47.0,UNSAMPLED,0
4786,196.85811320754715,0,,,,,,,,,,,15.1,47.0,UNSAMPLED,0
4787,196.89924528301887,0,,,,,,,,,,,15.1,47.0,UNSAMPLED,0
4788,196.94037735849057,0,,,,,,,,,,,15.1,47.0,UNSAMPLED,0
4789,196.98150943396226,0,,,,,,,,,,,15.1,47.0,UNSAMPLED,0
4790,197.02264150943395,0,,,,,,,,,,,15.1,47.0,UNSAMPLED,0
4791,197.06377358490565,0,,,,,,,,,,,15.1,47.0,UNSAMPLED,0
4792,197.10490566037734,1,15.1,46.7,15.1,467,15.1,46.7,15.1,467,green_difference/PSM7,green_difference/PSM7,15.1,46.7,ACCEPT_PRIMARY,0
4793,197.14603773584903,0,,,,,,,,,,,15.1,46.7,UNSAMPLED,0
4794,197.18716981132076,0,,,,,,,,,,,15.1,46.7,UNSAMPLED,0
4795,197.22830188679245,0,,,,,,,,,,,15.1,46.7,UNSAMPLED,0
4796,197.26943396226415,0,,,,,,,,,,,15.1,46.7,UNSAMPLED,0
4797,197.31056603773584,0,,,,,,,,,,,15.1,46.7,UNSAMPLED,0
4798,197.35169811320753,0,,,,,,,,,,,15.1,46.7,UNSAMPLED,0
4799,197.39283018867923,0,,,,,,,,,,,15.1,46.7,UNSAMPLED,0
4800,197.43396226415092,1,15.0,46.5,15.0,46.5,15.0,46.5,15.0,46.5,green_difference/PSM7,green_difference/PSM7,15.0,46.5,ACCEPT_PRIMARY,0
4801,197.47509433962264,0,,,,,,,,,,,15.0,46.5,UNSAMPLED,0
4802,197.51622641509434,0,,,,,,,,,,,15.0,46.5,UNSAMPLED,0
4803,197.55735849056603,0,,,,,,,,,,,15.0,46.5,UNSAMPLED,0
4804,197.59849056603773,0,,,,,,,,,,,15.0,46.5,UNSAMPLED,0
4805,197.63962264150942,0,,,,,,,,,,,15.0,46.5,UNSAMPLED,0
4806,197.6807547169811,0,,,,,,,,,,,15.0,46.5,UNSAMPLED,0
4807,197.7218867924528,0,,,,,,,,,,,15.0,46.5,UNSAMPLED,0
4808,197.76301886792453,1,15.0,46.5,15.0,46.5,15.0,46.5,15.0,46.5,green_difference/PSM7,green_difference/PSM7,15.0,46.5,ACCEPT_PRIMARY,0
4809,197.80415094339622,0,,,,,,,,,,,15.0,46.5,UNSAMPLED,0
4810,197.84528301886792,0,,,,,,,,,,,15.0,46.5,UNSAMPLED,0
4811,197.8864150943396,0,,,,,,,,,,,15.0,46.5,UNSAMPLED,0
4812,197.9275471698113,0,,,,,,,,,,,15.0,46.5,UNSAMPLED,0
4813,197.968679245283,0,,,,,,,,,,,15.0,46.5,UNSAMPLED,0
4814,198.0098113207547,0,,,,,,,,,,,15.0,46.5,UNSAMPLED,0
4815,198.05094339622642,0,,,,,,,,,,,15.0,46.5,UNSAMPLED,0
4816,198.0920754716981,1,15.0,46.5,15.0,46.5,15.0,46.5,15.0,46.5,green_difference/PSM7,green_difference/PSM7,15.0,46.5,ACCEPT_PRIMARY,0
4817,198.1332075471698,0,,,,,,,,,,,15.0,46.5,UNSAMPLED,0
4818,198.1743396226415,0,,,,,,,,,,,15.0,46.5,UNSAMPLED,0
4819,198.2154716981132,0,,,,,,,,,,,15.0,46.5,UNSAMPLED,0
4820,198.25660377358489,0,,,,,,,,,,,15.0,46.5,UNSAMPLED,0
4821,198.2977358490566,0,,,,,,,,,,,15.0,46.5,UNSAMPLED,0
4822,198.3388679245283,0,,,,,,,,,,,15.0,46.5,UNSAMPLED,0
4823,198.38,0,,,,,,,,,,,15.0,46.5,UNSAMPLED,0
4824,198.4211320754717,1,15.0,46.5,15.0,46.5,15.0,46.5,15.0,46.5,green_difference/PSM7,green_difference/PSM7,15.0,46.5,ACCEPT_PRIMARY,0
4825,198.46226415094338,0,,,,,,,,,,,15.0,46.5,UNSAMPLED,0
4826,198.50339622641508,0,,,,,,,,,,,15.0,46.5,UNSAMPLED,0
4827,198.54452830188677,0,,,,,,,,,,,15.0,46.5,UNSAMPLED,0
4828,198.5856603773585,0,,,,,,,,,,,15.0,46.5,UNSAMPLED,0
4829,198.6267924528302,0,,,,,,,,,,,15.0,46.5,UNSAMPLED,0
4830,198.66792452830188,0,,,,,,,,,,,15.0,46.5,UNSAMPLED,0
4831,198.70905660377358,0,,,,,,,,,,,15.0,46.5,UNSAMPLED,0
4832,198.75018867924527,1,15.0,46.5,15.0,465,15.0,46.5,15.0,465,green_difference/PSM7,green_difference/PSM7,15.0,46.5,ACCEPT_PRIMARY,0
4833,198.79132075471696,0,,,,,,,,,,,15.0,46.5,UNSAMPLED,0
4834,198.83245283018866,0,,,,,,,,,,,15.0,46.5,UNSAMPLED,0
4835,198.87358490566038,0,,,,,,,,,,,15.0,46.5,UNSAMPLED,0
4836,198.91471698113207,0,,,,,,,,,,,15.0,46.5,UNSAMPLED,0
4837,198.95584905660377,0,,,,,,,,,,,15.0,46.5,UNSAMPLED,0
4838,198.99698113207546,0,,,,,,,,,,,15.0,46.5,UNSAMPLED,0
4839,199.03811320754716,0,,,,,,,,,,,15.0,46.5,UNSAMPLED,0
4840,199.07924528301885,1,15.0,45.7,15.0,457,15.0,45.7,15.0,457,green_difference/PSM7,green_difference/PSM7,15.0,45.7,ACCEPT_PRIMARY,0
4841,199.12037735849054,0,,,,,,,,,,,15.0,45.7,UNSAMPLED,0
4842,199.16150943396227,0,,,,,,,,,,,15.0,45.7,UNSAMPLED,0
4843,199.20264150943396,0,,,,,,,,,,,15.0,45.7,UNSAMPLED,0
4844,199.24377358490565,0,,,,,,,,,,,15.0,45.7,UNSAMPLED,0
4845,199.28490566037735,0,,,,,,,,,,,15.0,45.7,UNSAMPLED,0
4846,199.32603773584904,0,,,,,,,,,,,15.0,45.7,UNSAMPLED,0
4847,199.36716981132074,0,,,,,,,,,,,15.0,45.7,UNSAMPLED,0
4848,199.40830188679243,1,,46.5,11,465,15.1,45.5,15.1,45.5,green_channel_otsu/PSM7,hsv_green/PSM7,15.1,45.5,ACCEPT_RETRY,1
4849,199.44943396226415,0,,,,,,,,,,,15.1,45.5,UNSAMPLED,0
4850,199.49056603773585,0,,,,,,,,,,,15.1,45.5,UNSAMPLED,0
4851,199.53169811320754,0,,,,,,,,,,,15.1,45.5,UNSAMPLED,0
4852,199.57283018867923,0,,,,,,,,,,,15.1,45.5,UNSAMPLED,0
4853,199.61396226415093,0,,,,,,,,,,,15.1,45.5,UNSAMPLED,0
4854,199.65509433962262,0,,,,,,,,,,,15.1,45.5,UNSAMPLED,0
4855,199.69622641509432,0,,,,,,,,,,,15.1,45.5,UNSAMPLED,0
4856,199.73735849056604,1,15.4,45.7,15.4,457,15.4,45.7,15.4,457,green_difference/PSM7,green_difference/PSM7,15.4,45.7,ACCEPT_PRIMARY,0
4857,199.77849056603773,0,,,,,,,,,,,15.4,45.7,UNSAMPLED,0
4858,199.81962264150943,0,,,,,,,,,,,15.4,45.7,UNSAMPLED,0
4859,199.86075471698112,0,,,,,,,,,,,15.4,45.7,UNSAMPLED,0
4860,199.9018867924528,0,,,,,,,,,,,15.4,45.7,UNSAMPLED,0
4861,199.9430188679245,0,,,,,,,,,,,15.4,45.7,UNSAMPLED,0
4862,199.98415094339623,0,,,,,,,,,,,15.4,45.7,UNSAMPLED,0
4863,200.02528301886792,0,,,,,,,,,,,15.4,45.7,UNSAMPLED,0
4864,200.06641509433962,1,15.9,46.5,15.9,465,15.9,46.5,15.9,465,green_difference/PSM7,green_difference/PSM7,15.9,46.5,ACCEPT_PRIMARY,0
4865,200.1075471698113,0,,,,,,,,,,,15.9,46.5,UNSAMPLED,0
4866,200.148679245283,0,,,,,,,,,,,15.9,46.5,UNSAMPLED,0
4867,200.1898113207547,0,,,,,,,,,,,15.9,46.5,UNSAMPLED,0
4868,200.2309433962264,0,,,,,,,,,,,15.9,46.5,UNSAMPLED,0
4869,200.27207547169812,0,,,,,,,,,,,15.9,46.5,UNSAMPLED,0
4870,200.3132075471698,0,,,,,,,,,,,15.9,46.5,UNSAMPLED,0
4871,200.3543396226415,0,,,,,,,,,,,15.9,46.5,UNSAMPLED,0
4872,200.3954716981132,1,15.4,46.5,15.4,465,15.4,46.5,15.4,465,green_difference/PSM7,green_difference/PSM7,15.4,46.5,ACCEPT_PRIMARY,0
4873,200.4366037735849,0,,,,,,,,,,,15.4,46.5,UNSAMPLED,0
4874,200.4777358490566,0,,,,,,,,,,,15.4,46.5,UNSAMPLED,0
4875,200.51886792452828,0,,,,,,,,,,,15.4,46.5,UNSAMPLED,0
4876,200.56,0,,,,,,,,,,,15.4,46.5,UNSAMPLED,0
4877,200.6011320754717,0,,,,,,,,,,,15.4,46.5,UNSAMPLED,0
4878,200.6422641509434,0,,,,,,,,,,,15.4,46.5,UNSAMPLED,0
4879,200.68339622641508,0,,,,,,,,,,,15.4,46.5,UNSAMPLED,0
4880,200.72452830188678,1,1517.1,465.5,15171,465.5,15.1,46.5,15.1,46.5,green_channel_otsu/PSM7,green_channel_otsu/PSM7,15.1,46.5,ACCEPT_RETRY,1
4881,200.76566037735847,0,,,,,,,,,,,15.1,46.5,UNSAMPLED,0
4882,200.80679245283017,0,,,,,,,,,,,15.1,46.5,UNSAMPLED,0
4883,200.8479245283019,0,,,,,,,,,,,15.1,46.5,UNSAMPLED,0
4884,200.88905660377358,0,,,,,,,,,,,15.1,46.5,UNSAMPLED,0
4885,200.93018867924528,0,,,,,,,,,,,15.1,46.5,UNSAMPLED,0
4886,200.97132075471697,0,,,,,,,,,,,15.1,46.5,UNSAMPLED,0
4887,201.01245283018866,0,,,,,,,,,,,15.1,46.5,UNSAMPLED,0
4888,201.05358490566036,1,15.1,45.8,15.10,45.8,15.1,45.8,15.10,45.8,green_difference/PSM7,green_difference/PSM7,15.1,45.8,ACCEPT_PRIMARY,0
4889,201.09471698113205,0,,,,,,,,,,,15.1,45.8,UNSAMPLED,0
4890,201.13584905660377,0,,,,,,,,,,,15.1,45.8,UNSAMPLED,0
4891,201.17698113207547,0,,,,,,,,,,,15.1,45.8,UNSAMPLED,0
4892,201.21811320754716,0,,,,,,,,,,,15.1,45.8,UNSAMPLED,0
4893,201.25924528301886,0,,,,,,,,,,,15.1,45.8,UNSAMPLED,0
4894,201.30037735849055,0,,,,,,,,,,,15.1,45.8,UNSAMPLED,0
4895,201.34150943396224,0,,,,,,,,,,,15.1,45.8,UNSAMPLED,0
4896,201.38264150943394,1,19.3,46.8,19.3,468,15.3,45.8,15.3,458,green_channel_otsu/PSM7,hsv_green/PSM7,15.3,45.8,ACCEPT_RETRY,1
4897,201.42377358490566,0,,,,,,,,,,,15.3,45.8,UNSAMPLED,0
4898,201.46490566037735,0,,,,,,,,,,,15.3,45.8,UNSAMPLED,0
4899,201.50603773584905,0,,,,,,,,,,,15.3,45.8,UNSAMPLED,0
4900,201.54716981132074,0,,,,,,,,,,,15.3,45.8,UNSAMPLED,0
4901,201.58830188679244,0,,,,,,,,,,,15.3,45.8,UNSAMPLED,0
4902,201.62943396226413,0,,,,,,,,,,,15.3,45.8,UNSAMPLED,0
4903,201.67056603773585,0,,,,,,,,,,,15.3,45.8,UNSAMPLED,0
4904,201.71169811320755,1,15.2,47.2,15.2,472,15.2,47.2,15.2,472,green_difference/PSM7,green_difference/PSM7,15.2,47.2,ACCEPT_PRIMARY,0
4905,201.75283018867924,0,,,,,,,,,,,15.2,47.2,UNSAMPLED,0
4906,201.79396226415093,0,,,,,,,,,,,15.2,47.2,UNSAMPLED,0
4907,201.83509433962263,0,,,,,,,,,,,15.2,47.2,UNSAMPLED,0
4908,201.87622641509432,0,,,,,,,,,,,15.2,47.2,UNSAMPLED,0
4909,201.91735849056602,0,,,,,,,,,,,15.2,47.2,UNSAMPLED,0
4910,201.95849056603774,0,,,,,,,,,,,15.2,47.2,UNSAMPLED,0
4911,201.99962264150943,0,,,,,,,,,,,15.2,47.2,UNSAMPLED,0
4912,202.04075471698113,1,15.0,471.0,15.0,4710,15.0,47.1,15.0,471,green_difference/PSM7,green_channel_otsu/PSM7,15.0,47.1,ACCEPT_RETRY,1
4913,202.08188679245282,0,,,,,,,,,,,15.0,47.1,UNSAMPLED,0
4914,202.12301886792451,0,,,,,,,,,,,15.0,47.1,UNSAMPLED,0
4915,202.1641509433962,0,,,,,,,,,,,15.0,47.1,UNSAMPLED,0
4916,202.2052830188679,0,,,,,,,,,,,15.0,47.1,UNSAMPLED,0
4917,202.24641509433962,0,,,,,,,,,,,15.0,47.1,UNSAMPLED,0
4918,202.28754716981132,0,,,,,,,,,,,15.0,47.1,UNSAMPLED,0
4919,202.328679245283,0,,,,,,,,,,,15.0,47.1,UNSAMPLED,0
4920,202.3698113207547,1,143.0,46.4,1430,464,14.9,46.4,14.9,46.4,green_channel_otsu/PSM7,green_channel_otsu/PSM7,14.9,46.4,ACCEPT_RETRY,1
4921,202.4109433962264,0,,,,,,,,,,,14.9,46.4,UNSAMPLED,0
4922,202.4520754716981,0,,,,,,,,,,,14.9,46.4,UNSAMPLED,0
4923,202.4932075471698,0,,,,,,,,,,,14.9,46.4,UNSAMPLED,0
4924,202.5343396226415,0,,,,,,,,,,,14.9,46.4,UNSAMPLED,0
4925,202.5754716981132,0,,,,,,,,,,,14.9,46.4,UNSAMPLED,0
4926,202.6166037735849,0,,,,,,,,,,,14.9,46.4,UNSAMPLED,0
4927,202.6577358490566,0,,,,,,,,,,,14.9,46.4,UNSAMPLED,0
4928,202.6988679245283,1,14.9,46.4,14.9,464,14.9,46.4,14.9,464,green_difference/PSM7,green_difference/PSM7,14.9,46.4,ACCEPT_PRIMARY,0
4929,202.73999999999998,0,,,,,,,,,,,14.9,46.4,UNSAMPLED,0
4930,202.78113207547167,0,,,,,,,,,,,14.9,46.4,UNSAMPLED,0
4931,202.8222641509434,0,,,,,,,,,,,14.9,46.4,UNSAMPLED,0
4932,202.8633962264151,0,,,,,,,,,,,14.9,46.4,UNSAMPLED,0
4933,202.90452830188678,0,,,,,,,,,,,14.9,46.4,UNSAMPLED,0
4934,202.94566037735848,0,,,,,,,,,,,14.9,46.4,UNSAMPLED,0
4935,202.98679245283017,0,,,,,,,,,,,14.9,46.4,UNSAMPLED,0
4936,203.02792452830187,1,15.0,46.5,15.0,46.5,15.0,46.5,15.0,46.5,green_difference/PSM7,green_difference/PSM7,15.0,46.5,ACCEPT_PRIMARY,0
4937,203.06905660377356,0,,,,,,,,,,,15.0,46.5,UNSAMPLED,0
4938,203.11018867924528,0,,,,,,,,,,,15.0,46.5,UNSAMPLED,0
4939,203.15132075471698,0,,,,,,,,,,,15.0,46.5,UNSAMPLED,0
4940,203.19245283018867,0,,,,,,,,,,,15.0,46.5,UNSAMPLED,0
4941,203.23358490566036,0,,,,,,,,,,,15.0,46.5,UNSAMPLED,0
4942,203.27471698113206,0,,,,,,,,,,,15.0,46.5,UNSAMPLED,0
4943,203.31584905660375,0,,,,,,,,,,,15.0,46.5,UNSAMPLED,0
4944,203.35698113207548,1,15.2,46.8,15.2,46.8,15.2,46.8,15.2,46.8,green_difference/PSM7,green_difference/PSM7,15.2,46.8,ACCEPT_PRIMARY,0
4945,203.39811320754717,0,,,,,,,,,,,15.2,46.8,UNSAMPLED,0
4946,203.43924528301886,0,,,,,,,,,,,15.2,46.8,UNSAMPLED,0
4947,203.48037735849056,0,,,,,,,,,,,15.2,46.8,UNSAMPLED,0
4948,203.52150943396225,0,,,,,,,,,,,15.2,46.8,UNSAMPLED,0
4949,203.56264150943394,0,,,,,,,,,,,15.2,46.8,UNSAMPLED,0
4950,203.60377358490564,0,,,,,,,,,,,15.2,46.8,UNSAMPLED,0
4951,203.64490566037736,0,,,,,,,,,,,15.2,46.8,UNSAMPLED,0
4952,203.68603773584906,1,,46.9,51,469,15.1,46.9,15.1,46.9,green_channel_otsu/PSM7,hsv_green/PSM7,15.1,46.9,ACCEPT_RETRY,1
4953,203.72716981132075,0,,,,,,,,,,,15.1,46.9,UNSAMPLED,0
4954,203.76830188679244,0,,,,,,,,,,,15.1,46.9,UNSAMPLED,0
4955,203.80943396226414,0,,,,,,,,,,,15.1,46.9,UNSAMPLED,0
4956,203.85056603773583,0,,,,,,,,,,,15.1,46.9,UNSAMPLED,0
4957,203.89169811320753,0,,,,,,,,,,,15.1,46.9,UNSAMPLED,0
4958,203.93283018867925,0,,,,,,,,,,,15.1,46.9,UNSAMPLED,0
4959,203.97396226415094,0,,,,,,,,,,,15.1,46.9,UNSAMPLED,0
4960,204.01509433962264,1,15.1,45.9,15.1,459,15.1,45.9,15.1,459,green_difference/PSM7,green_difference/PSM7,15.1,45.9,ACCEPT_PRIMARY,0
4961,204.05622641509433,0,,,,,,,,,,,15.1,45.9,UNSAMPLED,0
4962,204.09735849056602,0,,,,,,,,,,,15.1,45.9,UNSAMPLED,0
4963,204.13849056603772,0,,,,,,,,,,,15.1,45.9,UNSAMPLED,0
4964,204.1796226415094,0,,,,,,,,,,,15.1,45.9,UNSAMPLED,0
4965,204.22075471698113,0,,,,,,,,,,,15.1,45.9,UNSAMPLED,0
4966,204.26188679245283,0,,,,,,,,,,,15.1,45.9,UNSAMPLED,0
4967,204.30301886792452,0,,,,,,,,,,,15.1,45.9,UNSAMPLED,0
4968,204.34415094339622,1,15.2,46.5,15.2,465,15.2,46.5,15.2,465,green_difference/PSM7,green_difference/PSM7,15.2,46.5,ACCEPT_PRIMARY,0
4969,204.3852830188679,0,,,,,,,,,,,15.2,46.5,UNSAMPLED,0
4970,204.4264150943396,0,,,,,,,,,,,15.2,46.5,UNSAMPLED,0
4971,204.4675471698113,0,,,,,,,,,,,15.2,46.5,UNSAMPLED,0
4972,204.50867924528302,0,,,,,,,,,,,15.2,46.5,UNSAMPLED,0
4973,204.5498113207547,0,,,,,,,,,,,15.2,46.5,UNSAMPLED,0
4974,204.5909433962264,0,,,,,,,,,,,15.2,46.5,UNSAMPLED,0
4975,204.6320754716981,0,,,,,,,,,,,15.2,46.5,UNSAMPLED,0
4976,204.6732075471698,1,15.2,45.4,15.2,454,15.2,45.4,15.2,454,green_difference/PSM7,green_difference/PSM7,15.2,45.4,ACCEPT_PRIMARY,0
4977,204.7143396226415,0,,,,,,,,,,,15.2,45.4,UNSAMPLED,0
4978,204.75547169811318,0,,,,,,,,,,,15.2,45.4,UNSAMPLED,0
4979,204.7966037735849,0,,,,,,,,,,,15.2,45.4,UNSAMPLED,0
4980,204.8377358490566,0,,,,,,,,,,,15.2,45.4,UNSAMPLED,0
4981,204.8788679245283,0,,,,,,,,,,,15.2,45.4,UNSAMPLED,0
4982,204.92,0,,,,,,,,,,,15.2,45.4,UNSAMPLED,0
4983,204.96113207547168,0,,,,,,,,,,,15.2,45.4,UNSAMPLED,0
4984,205.00226415094338,1,15.2,46.3,15.2,463,15.2,46.3,15.2,463,green_difference/PSM7,green_difference/PSM7,15.2,46.3,ACCEPT_PRIMARY,0
4985,205.0433962264151,0,,,,,,,,,,,15.2,46.3,UNSAMPLED,0
4986,205.0845283018868,0,,,,,,,,,,,15.2,46.3,UNSAMPLED,0
4987,205.12566037735849,0,,,,,,,,,,,15.2,46.3,UNSAMPLED,0
4988,205.16679245283018,0,,,,,,,,,,,15.2,46.3,UNSAMPLED,0
4989,205.20792452830187,0,,,,,,,,,,,15.2,46.3,UNSAMPLED,0
4990,205.24905660377357,0,,,,,,,,,,,15.2,46.3,UNSAMPLED,0
4991,205.29018867924526,0,,,,,,,,,,,15.2,46.3,UNSAMPLED,0
4992,205.33132075471698,1,15.2,454.0,15.2,4540,15.2,46.4,15.2,46.4,green_difference/PSM7,green_channel_otsu/PSM7,15.2,46.4,ACCEPT_RETRY,1
4993,205.37245283018868,0,,,,,,,,,,,15.2,46.4,UNSAMPLED,0
4994,205.41358490566037,0,,,,,,,,,,,15.2,46.4,UNSAMPLED,0
4995,205.45471698113207,0,,,,,,,,,,,15.2,46.4,UNSAMPLED,0
4996,205.49584905660376,0,,,,,,,,,,,15.2,46.4,UNSAMPLED,0
4997,205.53698113207545,0,,,,,,,,,,,15.2,46.4,UNSAMPLED,0
4998,205.57811320754715,0,,,,,,,,,,,15.2,46.4,UNSAMPLED,0
4999,205.61924528301887,0,,,,,,,,,,,15.2,46.4,UNSAMPLED,0
5000,205.66037735849056,1,157.1,46.8,1571,46.8,15.1,46.8,15.1,46.80,green_channel_otsu/PSM7,hsv_green/PSM7,15.1,46.8,ACCEPT_RETRY,1
5001,205.70150943396226,0,,,,,,,,,,,15.1,46.8,UNSAMPLED,0
5002,205.74264150943395,0,,,,,,,,,,,15.1,46.8,UNSAMPLED,0
5003,205.78377358490565,0,,,,,,,,,,,15.1,46.8,UNSAMPLED,0
5004,205.82490566037734,0,,,,,,,,,,,15.1,46.8,UNSAMPLED,0
5005,205.86603773584903,0,,,,,,,,,,,15.1,46.8,UNSAMPLED,0
5006,205.90716981132076,0,,,,,,,,,,,15.1,46.8,UNSAMPLED,0
5007,205.94830188679245,0,,,,,,,,,,,15.1,46.8,UNSAMPLED,0
5008,205.98943396226414,1,15.1,46.8,15.1,46.8,15.1,46.8,15.1,46.8,green_difference/PSM7,green_difference/PSM7,15.1,46.8,ACCEPT_PRIMARY,0
5009,206.03056603773584,0,,,,,,,,,,,15.1,46.8,UNSAMPLED,0
5010,206.07169811320753,0,,,,,,,,,,,15.1,46.8,UNSAMPLED,0
5011,206.11283018867923,0,,,,,,,,,,,15.1,46.8,UNSAMPLED,0
5012,206.15396226415092,0,,,,,,,,,,,15.1,46.8,UNSAMPLED,0
5013,206.19509433962264,0,,,,,,,,,,,15.1,46.8,UNSAMPLED,0
5014,206.23622641509434,0,,,,,,,,,,,15.1,46.8,UNSAMPLED,0
5015,206.27735849056603,0,,,,,,,,,,,15.1,46.8,UNSAMPLED,0
5016,206.31849056603772,1,15.8,47.2,15.8,47.2,15.8,47.2,15.8,47.2,green_difference/PSM7,green_difference/PSM7,15.8,47.2,ACCEPT_PRIMARY,0
5017,206.35962264150942,0,,,,,,,,,,,15.8,47.2,UNSAMPLED,0
5018,206.4007547169811,0,,,,,,,,,,,15.8,47.2,UNSAMPLED,0
5019,206.4418867924528,0,,,,,,,,,,,15.8,47.2,UNSAMPLED,0
5020,206.48301886792453,0,,,,,,,,,,,15.8,47.2,UNSAMPLED,0
5021,206.52415094339622,0,,,,,,,,,,,15.8,47.2,UNSAMPLED,0
5022,206.56528301886792,0,,,,,,,,,,,15.8,47.2,UNSAMPLED,0
5023,206.6064150943396,0,,,,,,,,,,,15.8,47.2,UNSAMPLED,0
5024,206.6475471698113,1,15.8,47.2,15.8,472,15.8,47.2,15.8,472,green_difference/PSM7,green_difference/PSM7,15.8,47.2,ACCEPT_PRIMARY,0
5025,206.688679245283,0,,,,,,,,,,,15.8,47.2,UNSAMPLED,0
5026,206.72981132075472,0,,,,,,,,,,,15.8,47.2,UNSAMPLED,0
5027,206.77094339622641,0,,,,,,,,,,,15.8,47.2,UNSAMPLED,0
5028,206.8120754716981,0,,,,,,,,,,,15.8,47.2,UNSAMPLED,0
5029,206.8532075471698,0,,,,,,,,,,,15.8,47.2,UNSAMPLED,0
5030,206.8943396226415,0,,,,,,,,,,,15.8,47.2,UNSAMPLED,0
5031,206.9354716981132,0,,,,,,,,,,,15.8,47.2,UNSAMPLED,0
5032,206.97660377358488,1,15.8,47.2,15.8,472,15.8,47.2,15.8,472,green_difference/PSM7,green_difference/PSM7,15.8,47.2,ACCEPT_PRIMARY,0
5033,207.0177358490566,0,,,,,,,,,,,15.8,47.2,UNSAMPLED,0
5034,207.0588679245283,0,,,,,,,,,,,15.8,47.2,UNSAMPLED,0
5035,207.1,0,,,,,,,,,,,15.8,47.2,UNSAMPLED,0
5036,207.1411320754717,0,,,,,,,,,,,15.8,47.2,UNSAMPLED,0
5037,207.18226415094338,0,,,,,,,,,,,15.8,47.2,UNSAMPLED,0
5038,207.22339622641508,0,,,,,,,,,,,15.8,47.2,UNSAMPLED,0
5039,207.26452830188677,0,,,,,,,,,,,15.8,47.2,UNSAMPLED,0
5040,207.3056603773585,1,15.8,470.7,15.8,4707,15.8,47.0,15.8,47.0,green_difference/PSM7,green_channel_otsu/PSM7,15.8,47.0,ACCEPT_RETRY,1
5041,207.3467924528302,0,,,,,,,,,,,15.8,47.0,UNSAMPLED,0
5042,207.38792452830188,0,,,,,,,,,,,15.8,47.0,UNSAMPLED,0
5043,207.42905660377357,0,,,,,,,,,,,15.8,47.0,UNSAMPLED,0
5044,207.47018867924527,0,,,,,,,,,,,15.8,47.0,UNSAMPLED,0
5045,207.51132075471696,0,,,,,,,,,,,15.8,47.0,UNSAMPLED,0
5046,207.55245283018866,0,,,,,,,,,,,15.8,47.0,UNSAMPLED,0
5047,207.59358490566038,0,,,,,,,,,,,15.8,47.0,UNSAMPLED,0
5048,207.63471698113207,1,15.8,45.9,15.8,45.90,15.8,45.9,15.8,45.90,green_difference/PSM7,green_difference/PSM7,15.8,45.9,ACCEPT_PRIMARY,0
5049,207.67584905660377,0,,,,,,,,,,,15.8,45.9,UNSAMPLED,0
5050,207.71698113207546,0,,,,,,,,,,,15.8,45.9,UNSAMPLED,0
5051,207.75811320754715,0,,,,,,,,,,,15.8,45.9,UNSAMPLED,0
5052,207.79924528301885,0,,,,,,,,,,,15.8,45.9,UNSAMPLED,0
5053,207.84037735849054,0,,,,,,,,,,,15.8,45.9,UNSAMPLED,0
5054,207.88150943396226,0,,,,,,,,,,,15.8,45.9,UNSAMPLED,0
5055,207.92264150943396,0,,,,,,,,,,,15.8,45.9,UNSAMPLED,0
5056,207.96377358490565,1,15.8,47.0,15.8,470,15.8,47.0,15.8,470,green_difference/PSM7,green_difference/PSM7,15.8,47.0,ACCEPT_PRIMARY,0
5057,208.00490566037735,0,,,,,,,,,,,15.8,47.0,UNSAMPLED,0
5058,208.04603773584904,0,,,,,,,,,,,15.8,47.0,UNSAMPLED,0
5059,208.08716981132073,0,,,,,,,,,,,15.8,47.0,UNSAMPLED,0
5060,208.12830188679243,0,,,,,,,,,,,15.8,47.0,UNSAMPLED,0
5061,208.16943396226415,0,,,,,,,,,,,15.8,47.0,UNSAMPLED,0
5062,208.21056603773584,0,,,,,,,,,,,15.8,47.0,UNSAMPLED,0
5063,208.25169811320754,0,,,,,,,,,,,15.8,47.0,UNSAMPLED,0
5064,208.29283018867923,1,15.9,474.0,15.9,4740,15.9,47.4,15.9,474,green_difference/PSM7,hsv_green/PSM7,15.9,47.4,ACCEPT_RETRY,1
5065,208.33396226415093,0,,,,,,,,,,,15.9,47.4,UNSAMPLED,0
5066,208.37509433962262,0,,,,,,,,,,,15.9,47.4,UNSAMPLED,0
5067,208.41622641509434,0,,,,,,,,,,,15.9,47.4,UNSAMPLED,0
5068,208.45735849056604,0,,,,,,,,,,,15.9,47.4,UNSAMPLED,0
5069,208.49849056603773,0,,,,,,,,,,,15.9,47.4,UNSAMPLED,0
5070,208.53962264150942,0,,,,,,,,,,,15.9,47.4,UNSAMPLED,0
5071,208.58075471698112,0,,,,,,,,,,,15.9,47.4,UNSAMPLED,0
5072,208.6218867924528,1,15.9,473.0,15.9,4730,15.9,47.3,15.9,47.3.,green_difference/PSM7,gray_otsu/PSM7,15.9,47.3,ACCEPT_RETRY,1
5073,208.6630188679245,0,,,,,,,,,,,15.9,47.3,UNSAMPLED,0
5074,208.70415094339623,0,,,,,,,,,,,15.9,47.3,UNSAMPLED,0
5075,208.74528301886792,0,,,,,,,,,,,15.9,47.3,UNSAMPLED,0
5076,208.78641509433962,0,,,,,,,,,,,15.9,47.3,UNSAMPLED,0
5077,208.8275471698113,0,,,,,,,,,,,15.9,47.3,UNSAMPLED,0
5078,208.868679245283,0,,,,,,,,,,,15.9,47.3,UNSAMPLED,0
5079,208.9098113207547,0,,,,,,,,,,,15.9,47.3,UNSAMPLED,0
5080,208.9509433962264,1,15.9,472.0,15.9,4720,15.9,47.2,15.9,47.2,green_difference/PSM7,gray_otsu/PSM7,15.9,47.2,ACCEPT_RETRY,1
5081,208.99207547169812,0,,,,,,,,,,,15.9,47.2,UNSAMPLED,0
5082,209.0332075471698,0,,,,,,,,,,,15.9,47.2,UNSAMPLED,0
5083,209.0743396226415,0,,,,,,,,,,,15.9,47.2,UNSAMPLED,0
5084,209.1154716981132,0,,,,,,,,,,,15.9,47.2,UNSAMPLED,0
5085,209.1566037735849,0,,,,,,,,,,,15.9,47.2,UNSAMPLED,0
5086,209.19773584905658,0,,,,,,,,,,,15.9,47.2,UNSAMPLED,0
5087,209.23886792452828,0,,,,,,,,,,,15.9,47.2,UNSAMPLED,0
5088,209.28,1,19.8,47.1,19.8,471,15.87,47.1,15.87,471,hsv_green/PSM7,green_difference/PSM7,15.87,47.1,ACCEPT_RETRY,1
5089,209.3211320754717,0,,,,,,,,,,,15.87,47.1,UNSAMPLED,0
5090,209.3622641509434,0,,,,,,,,,,,15.87,47.1,UNSAMPLED,0
5091,209.40339622641508,0,,,,,,,,,,,15.87,47.1,UNSAMPLED,0
5092,209.44452830188678,0,,,,,,,,,,,15.87,47.1,UNSAMPLED,0
5093,209.48566037735847,0,,,,,,,,,,,15.87,47.1,UNSAMPLED,0
5094,209.52679245283016,0,,,,,,,,,,,15.87,47.1,UNSAMPLED,0
5095,209.5679245283019,0,,,,,,,,,,,15.87,47.1,UNSAMPLED,0
5096,209.60905660377358,1,16.0,472.0,16.0,4720,,,,,,,15.87,47.1,HOLD_PREVIOUS,1
5097,209.65018867924528,0,,,,,,,,,,,15.87,47.1,UNSAMPLED,0
5098,209.69132075471697,0,,,,,,,,,,,15.87,47.1,UNSAMPLED,0
5099,209.73245283018866,0,,,,,,,,,,,15.87,47.1,UNSAMPLED,0
5100,209.77358490566036,0,,,,,,,,,,,15.87,47.1,UNSAMPLED,0
5101,209.81471698113205,0,,,,,,,,,,,15.87,47.1,UNSAMPLED,0
5102,209.85584905660377,0,,,,,,,,,,,15.87,47.1,UNSAMPLED,0
5103,209.89698113207547,0,,,,,,,,,,,15.87,47.1,UNSAMPLED,0
5104,209.93811320754716,1,16.0,472.0,16.0,4720,,,,,,,15.87,47.1,HOLD_PREVIOUS,1
5105,209.97924528301886,0,,,,,,,,,,,15.87,47.1,UNSAMPLED,0
5106,210.02037735849055,0,,,,,,,,,,,15.87,47.1,UNSAMPLED,0
5107,210.06150943396224,0,,,,,,,,,,,15.87,47.1,UNSAMPLED,0
5108,210.10264150943397,0,,,,,,,,,,,15.87,47.1,UNSAMPLED,0
5109,210.14377358490566,0,,,,,,,,,,,15.87,47.1,UNSAMPLED,0
5110,210.18490566037735,0,,,,,,,,,,,15.87,47.1,UNSAMPLED,0
5111,210.22603773584905,0,,,,,,,,,,,15.87,47.1,UNSAMPLED,0
5112,210.26716981132074,1,16.0,474.7,16.0,4747,16.0,47.4,16.0,474,green_difference/PSM7,hsv_green/PSM7,16.0,47.4,ACCEPT_RETRY,1
5113,210.30830188679244,0,,,,,,,,,,,16.0,47.4,UNSAMPLED,0
5114,210.34943396226413,0,,,,,,,,,,,16.0,47.4,UNSAMPLED,0
5115,210.39056603773585,0,,,,,,,,,,,16.0,47.4,UNSAMPLED,0
5116,210.43169811320755,0,,,,,,,,,,,16.0,47.4,UNSAMPLED,0
5117,210.47283018867924,0,,,,,,,,,,,16.0,47.4,UNSAMPLED,0
5118,210.51396226415093,0,,,,,,,,,,,16.0,47.4,UNSAMPLED,0
5119,210.55509433962263,0,,,,,,,,,,,16.0,47.4,UNSAMPLED,0
5120,210.59622641509432,1,16.0,474.7,16.0,4747,16.0,47.4,16.0,474,green_difference/PSM7,hsv_green/PSM7,16.0,47.4,ACCEPT_RETRY,1
5121,210.63735849056602,0,,,,,,,,,,,16.0,47.4,UNSAMPLED,0
5122,210.67849056603774,0,,,,,,,,,,,16.0,47.4,UNSAMPLED,0
5123,210.71962264150943,0,,,,,,,,,,,16.0,47.4,UNSAMPLED,0
5124,210.76075471698113,0,,,,,,,,,,,16.0,47.4,UNSAMPLED,0
5125,210.80188679245282,0,,,,,,,,,,,16.0,47.4,UNSAMPLED,0
5126,210.8430188679245,0,,,,,,,,,,,16.0,47.4,UNSAMPLED,0
5127,210.8841509433962,0,,,,,,,,,,,16.0,47.4,UNSAMPLED,0
5128,210.9252830188679,1,16.3,45.2,16.3,45.20,16.3,46.2,16.3,46.2,green_difference/PSM7,green_channel_otsu/PSM7,16.3,46.2,ACCEPT_RETRY,1
5129,210.96641509433962,0,,,,,,,,,,,16.3,46.2,UNSAMPLED,0
5130,211.00754716981132,0,,,,,,,,,,,16.3,46.2,UNSAMPLED,0
5131,211.048679245283,0,,,,,,,,,,,16.3,46.2,UNSAMPLED,0
5132,211.0898113207547,0,,,,,,,,,,,16.3,46.2,UNSAMPLED,0
5133,211.1309433962264,0,,,,,,,,,,,16.3,46.2,UNSAMPLED,0
5134,211.1720754716981,0,,,,,,,,,,,16.3,46.2,UNSAMPLED,0
5135,211.2132075471698,0,,,,,,,,,,,16.3,46.2,UNSAMPLED,0
5136,211.2543396226415,1,16.3,45.2,16.3,45.20,16.3,45.2,16.3,45.20,green_difference/PSM7,green_difference/PSM7,16.3,45.2,ACCEPT_PRIMARY,0
5137,211.2954716981132,0,,,,,,,,,,,16.3,45.2,UNSAMPLED,0
5138,211.3366037735849,0,,,,,,,,,,,16.3,45.2,UNSAMPLED,0
5139,211.3777358490566,0,,,,,,,,,,,16.3,45.2,UNSAMPLED,0
5140,211.41886792452829,0,,,,,,,,,,,16.3,45.2,UNSAMPLED,0
5141,211.45999999999998,0,,,,,,,,,,,16.3,45.2,UNSAMPLED,0
5142,211.50113207547167,0,,,,,,,,,,,16.3,45.2,UNSAMPLED,0
5143,211.5422641509434,0,,,,,,,,,,,16.3,45.2,UNSAMPLED,0
5144,211.5833962264151,1,16.3,45.2,16.3,45.2,16.3,45.2,16.3,45.2,green_difference/PSM7,green_difference/PSM7,16.3,45.2,ACCEPT_PRIMARY,0
5145,211.62452830188678,0,,,,,,,,,,,16.3,45.2,UNSAMPLED,0
5146,211.66566037735848,0,,,,,,,,,,,16.3,45.2,UNSAMPLED,0
5147,211.70679245283017,0,,,,,,,,,,,16.3,45.2,UNSAMPLED,0
5148,211.74792452830187,0,,,,,,,,,,,16.3,45.2,UNSAMPLED,0
5149,211.7890566037736,0,,,,,,,,,,,16.3,45.2,UNSAMPLED,0
5150,211.83018867924528,0,,,,,,,,,,,16.3,45.2,UNSAMPLED,0
5151,211.87132075471698,0,,,,,,,,,,,16.3,45.2,UNSAMPLED,0
5152,211.91245283018867,1,16.3,45.2,16.3,45.2,16.3,45.2,16.3,45.2,green_difference/PSM7,green_difference/PSM7,16.3,45.2,ACCEPT_PRIMARY,0
5153,211.95358490566036,0,,,,,,,,,,,16.3,45.2,UNSAMPLED,0
5154,211.99471698113206,0,,,,,,,,,,,16.3,45.2,UNSAMPLED,0
5155,212.03584905660375,0,,,,,,,,,,,16.3,45.2,UNSAMPLED,0
5156,212.07698113207547,0,,,,,,,,,,,16.3,45.2,UNSAMPLED,0
5157,212.11811320754717,0,,,,,,,,,,,16.3,45.2,UNSAMPLED,0
5158,212.15924528301886,0,,,,,,,,,,,16.3,45.2,UNSAMPLED,0
5159,212.20037735849056,0,,,,,,,,,,,16.3,45.2,UNSAMPLED,0
5160,212.24150943396225,1,15.4,45.7,15.4,457,15.4,45.7,15.4,457,green_difference/PSM7,green_difference/PSM7,15.4,45.7,ACCEPT_PRIMARY,0
5161,212.28264150943394,0,,,,,,,,,,,15.4,45.7,UNSAMPLED,0
5162,212.32377358490564,0,,,,,,,,,,,15.4,45.7,UNSAMPLED,0
5163,212.36490566037736,0,,,,,,,,,,,15.4,45.7,UNSAMPLED,0
5164,212.40603773584905,0,,,,,,,,,,,15.4,45.7,UNSAMPLED,0
5165,212.44716981132075,0,,,,,,,,,,,15.4,45.7,UNSAMPLED,0
5166,212.48830188679244,0,,,,,,,,,,,15.4,45.7,UNSAMPLED,0
5167,212.52943396226414,0,,,,,,,,,,,15.4,45.7,UNSAMPLED,0
5168,212.57056603773583,1,15.4,46.6,15.4,46.6,15.4,46.6,15.4,46.6,green_difference/PSM7,green_difference/PSM7,15.4,46.6,ACCEPT_PRIMARY,0
5169,212.61169811320752,0,,,,,,,,,,,15.4,46.6,UNSAMPLED,0
5170,212.65283018867925,0,,,,,,,,,,,15.4,46.6,UNSAMPLED,0
5171,212.69396226415094,0,,,,,,,,,,,15.4,46.6,UNSAMPLED,0
5172,212.73509433962263,0,,,,,,,,,,,15.4,46.6,UNSAMPLED,0
5173,212.77622641509433,0,,,,,,,,,,,15.4,46.6,UNSAMPLED,0
5174,212.81735849056602,0,,,,,,,,,,,15.4,46.6,UNSAMPLED,0
5175,212.85849056603772,0,,,,,,,,,,,15.4,46.6,UNSAMPLED,0
5176,212.8996226415094,1,15.3,46.5,15.3,46.5,15.3,46.5,15.3,46.5,green_difference/PSM7,green_difference/PSM7,15.3,46.5,ACCEPT_PRIMARY,0
5177,212.94075471698113,0,,,,,,,,,,,15.3,46.5,UNSAMPLED,0
5178,212.98188679245283,0,,,,,,,,,,,15.3,46.5,UNSAMPLED,0
5179,213.02301886792452,0,,,,,,,,,,,15.3,46.5,UNSAMPLED,0
5180,213.0641509433962,0,,,,,,,,,,,15.3,46.5,UNSAMPLED,0
5181,213.1052830188679,0,,,,,,,,,,,15.3,46.5,UNSAMPLED,0
5182,213.1464150943396,0,,,,,,,,,,,15.3,46.5,UNSAMPLED,0
5183,213.1875471698113,0,,,,,,,,,,,15.3,46.5,UNSAMPLED,0
5184,213.22867924528302,1,15.3,46.3,15.3,46.3,15.3,46.3,15.3,46.3,green_difference/PSM7,green_difference/PSM7,15.3,46.3,ACCEPT_PRIMARY,0
5185,213.2698113207547,0,,,,,,,,,,,15.3,46.3,UNSAMPLED,0
5186,213.3109433962264,0,,,,,,,,,,,15.3,46.3,UNSAMPLED,0
5187,213.3520754716981,0,,,,,,,,,,,15.3,46.3,UNSAMPLED,0
5188,213.3932075471698,0,,,,,,,,,,,15.3,46.3,UNSAMPLED,0
5189,213.4343396226415,0,,,,,,,,,,,15.3,46.3,UNSAMPLED,0
5190,213.4754716981132,0,,,,,,,,,,,15.3,46.3,UNSAMPLED,0
5191,213.5166037735849,0,,,,,,,,,,,15.3,46.3,UNSAMPLED,0
5192,213.5577358490566,1,15.4,46.2,15.4,46.20,15.4,46.2,15.4,46.20,green_difference/PSM7,green_difference/PSM7,15.4,46.2,ACCEPT_PRIMARY,0
5193,213.5988679245283,0,,,,,,,,,,,15.4,46.2,UNSAMPLED,0
5194,213.64,0,,,,,,,,,,,15.4,46.2,UNSAMPLED,0
5195,213.68113207547168,0,,,,,,,,,,,15.4,46.2,UNSAMPLED,0
5196,213.72226415094337,0,,,,,,,,,,,15.4,46.2,UNSAMPLED,0
5197,213.7633962264151,0,,,,,,,,,,,15.4,46.2,UNSAMPLED,0
5198,213.8045283018868,0,,,,,,,,,,,15.4,46.2,UNSAMPLED,0
5199,213.84566037735848,0,,,,,,,,,,,15.4,46.2,UNSAMPLED,0
5200,213.88679245283018,1,15.4,46.3,15.4,46.30,15.4,46.3,15.4,46.30,green_difference/PSM7,green_difference/PSM7,15.4,46.3,ACCEPT_PRIMARY,0
5201,213.92792452830187,0,,,,,,,,,,,15.4,46.3,UNSAMPLED,0
5202,213.96905660377357,0,,,,,,,,,,,15.4,46.3,UNSAMPLED,0
5203,214.01018867924526,0,,,,,,,,,,,15.4,46.3,UNSAMPLED,0
5204,214.05132075471698,0,,,,,,,,,,,15.4,46.3,UNSAMPLED,0
5205,214.09245283018868,0,,,,,,,,,,,15.4,46.3,UNSAMPLED,0
5206,214.13358490566037,0,,,,,,,,,,,15.4,46.3,UNSAMPLED,0
5207,214.17471698113206,0,,,,,,,,,,,15.4,46.3,UNSAMPLED,0
5208,214.21584905660376,1,15.4,46.4,15.4,464,15.4,46.4,15.4,464,green_difference/PSM7,green_difference/PSM7,15.4,46.4,ACCEPT_PRIMARY,0
5209,214.25698113207545,0,,,,,,,,,,,15.4,46.4,UNSAMPLED,0
5210,214.29811320754715,0,,,,,,,,,,,15.4,46.4,UNSAMPLED,0
5211,214.33924528301887,0,,,,,,,,,,,15.4,46.4,UNSAMPLED,0
5212,214.38037735849056,0,,,,,,,,,,,15.4,46.4,UNSAMPLED,0
5213,214.42150943396226,0,,,,,,,,,,,15.4,46.4,UNSAMPLED,0
5214,214.46264150943395,0,,,,,,,,,,,15.4,46.4,UNSAMPLED,0
5215,214.50377358490564,0,,,,,,,,,,,15.4,46.4,UNSAMPLED,0
5216,214.54490566037734,1,15.6,46.3,15.6,46.30,15.6,46.3,15.6,46.30,green_difference/PSM7,green_difference/PSM7,15.6,46.3,ACCEPT_PRIMARY,0
5217,214.58603773584903,0,,,,,,,,,,,15.6,46.3,UNSAMPLED,0
5218,214.62716981132075,0,,,,,,,,,,,15.6,46.3,UNSAMPLED,0
5219,214.66830188679245,0,,,,,,,,,,,15.6,46.3,UNSAMPLED,0
5220,214.70943396226414,0,,,,,,,,,,,15.6,46.3,UNSAMPLED,0
5221,214.75056603773584,0,,,,,,,,,,,15.6,46.3,UNSAMPLED,0
5222,214.79169811320753,0,,,,,,,,,,,15.6,46.3,UNSAMPLED,0
5223,214.83283018867922,0,,,,,,,,,,,15.6,46.3,UNSAMPLED,0
5224,214.87396226415092,1,,46.1,7,461,15.7,46.1,15.7,46.10,green_channel_otsu/PSM7,green_channel_otsu/PSM7,15.7,46.1,ACCEPT_RETRY,1
5225,214.91509433962264,0,,,,,,,,,,,15.7,46.1,UNSAMPLED,0
5226,214.95622641509433,0,,,,,,,,,,,15.7,46.1,UNSAMPLED,0
5227,214.99735849056603,0,,,,,,,,,,,15.7,46.1,UNSAMPLED,0
5228,215.03849056603772,0,,,,,,,,,,,15.7,46.1,UNSAMPLED,0
5229,215.07962264150942,0,,,,,,,,,,,15.7,46.1,UNSAMPLED,0
5230,215.1207547169811,0,,,,,,,,,,,15.7,46.1,UNSAMPLED,0
5231,215.16188679245283,0,,,,,,,,,,,15.7,46.1,UNSAMPLED,0
5232,215.20301886792453,1,15.6,46.0,15.6,46.0,15.6,46.0,15.6,46.0,green_difference/PSM7,green_difference/PSM7,15.6,46.0,ACCEPT_PRIMARY,0
5233,215.24415094339622,0,,,,,,,,,,,15.6,46.0,UNSAMPLED,0
5234,215.28528301886791,0,,,,,,,,,,,15.6,46.0,UNSAMPLED,0
5235,215.3264150943396,0,,,,,,,,,,,15.6,46.0,UNSAMPLED,0
5236,215.3675471698113,0,,,,,,,,,,,15.6,46.0,UNSAMPLED,0
5237,215.408679245283,0,,,,,,,,,,,15.6,46.0,UNSAMPLED,0
5238,215.44981132075472,0,,,,,,,,,,,15.6,46.0,UNSAMPLED,0
5239,215.4909433962264,0,,,,,,,,,,,15.6,46.0,UNSAMPLED,0
5240,215.5320754716981,1,15.6,45.4,15.6,45.40,15.6,45.4,15.6,45.40,green_difference/PSM7,green_difference/PSM7,15.6,45.4,ACCEPT_PRIMARY,0
5241,215.5732075471698,0,,,,,,,,,,,15.6,45.4,UNSAMPLED,0
5242,215.6143396226415,0,,,,,,,,,,,15.6,45.4,UNSAMPLED,0
5243,215.6554716981132,0,,,,,,,,,,,15.6,45.4,UNSAMPLED,0
5244,215.69660377358488,0,,,,,,,,,,,15.6,45.4,UNSAMPLED,0
5245,215.7377358490566,0,,,,,,,,,,,15.6,45.4,UNSAMPLED,0
5246,215.7788679245283,0,,,,,,,,,,,15.6,45.4,UNSAMPLED,0
5247,215.82,0,,,,,,,,,,,15.6,45.4,UNSAMPLED,0
5248,215.8611320754717,1,15.6,46.0,15.6,46.0,15.6,46.0,15.6,46.0,green_difference/PSM7,green_difference/PSM7,15.6,46.0,ACCEPT_PRIMARY,0
5249,215.90226415094338,0,,,,,,,,,,,15.6,46.0,UNSAMPLED,0
5250,215.94339622641508,0,,,,,,,,,,,15.6,46.0,UNSAMPLED,0
5251,215.98452830188677,0,,,,,,,,,,,15.6,46.0,UNSAMPLED,0
5252,216.0256603773585,0,,,,,,,,,,,15.6,46.0,UNSAMPLED,0
5253,216.06679245283019,0,,,,,,,,,,,15.6,46.0,UNSAMPLED,0
5254,216.10792452830188,0,,,,,,,,,,,15.6,46.0,UNSAMPLED,0
5255,216.14905660377357,0,,,,,,,,,,,15.6,46.0,UNSAMPLED,0
5256,216.19018867924527,1,46.9,47.0,46.9,470,16.3,47.0,16.3,470,green_channel_otsu/PSM7,green_difference/PSM7,16.3,47.0,ACCEPT_RETRY,1
5257,216.23132075471696,0,,,,,,,,,,,16.3,47.0,UNSAMPLED,0
5258,216.27245283018866,0,,,,,,,,,,,16.3,47.0,UNSAMPLED,0
5259,216.31358490566038,0,,,,,,,,,,,16.3,47.0,UNSAMPLED,0
5260,216.35471698113207,0,,,,,,,,,,,16.3,47.0,UNSAMPLED,0
5261,216.39584905660377,0,,,,,,,,,,,16.3,47.0,UNSAMPLED,0
5262,216.43698113207546,0,,,,,,,,,,,16.3,47.0,UNSAMPLED,0
5263,216.47811320754715,0,,,,,,,,,,,16.3,47.0,UNSAMPLED,0
5264,216.51924528301885,1,,46.9,,46.9,16.4,46.9,16.4,46.90,green_channel_otsu/PSM7,hsv_green/PSM7,16.4,46.9,ACCEPT_RETRY,1
5265,216.56037735849054,0,,,,,,,,,,,16.4,46.9,UNSAMPLED,0
5266,216.60150943396226,0,,,,,,,,,,,16.4,46.9,UNSAMPLED,0
5267,216.64264150943396,0,,,,,,,,,,,16.4,46.9,UNSAMPLED,0
5268,216.68377358490565,0,,,,,,,,,,,16.4,46.9,UNSAMPLED,0
5269,216.72490566037735,0,,,,,,,,,,,16.4,46.9,UNSAMPLED,0
5270,216.76603773584904,0,,,,,,,,,,,16.4,46.9,UNSAMPLED,0
5271,216.80716981132073,0,,,,,,,,,,,16.4,46.9,UNSAMPLED,0
5272,216.84830188679246,1,,472.0,.0,4720,,,,,,,16.4,46.9,HOLD_PREVIOUS,1
5273,216.88943396226415,0,,,,,,,,,,,16.4,46.9,UNSAMPLED,0
5274,216.93056603773584,0,,,,,,,,,,,16.4,46.9,UNSAMPLED,0
5275,216.97169811320754,0,,,,,,,,,,,16.4,46.9,UNSAMPLED,0
5276,217.01283018867923,0,,,,,,,,,,,16.4,46.9,UNSAMPLED,0
5277,217.05396226415093,0,,,,,,,,,,,16.4,46.9,UNSAMPLED,0
5278,217.09509433962262,0,,,,,,,,,,,16.4,46.9,UNSAMPLED,0
5279,217.13622641509434,0,,,,,,,,,,,16.4,46.9,UNSAMPLED,0
5280,217.17735849056604,1,18.2,474.0,18.2,4740,16.2,47.4,16.2,474,green_channel_otsu/PSM7,green_difference/PSM8,16.2,47.4,ACCEPT_RETRY,1
5281,217.21849056603773,0,,,,,,,,,,,16.2,47.4,UNSAMPLED,0
5282,217.25962264150942,0,,,,,,,,,,,16.2,47.4,UNSAMPLED,0
5283,217.30075471698112,0,,,,,,,,,,,16.2,47.4,UNSAMPLED,0
5284,217.3418867924528,0,,,,,,,,,,,16.2,47.4,UNSAMPLED,0
5285,217.3830188679245,0,,,,,,,,,,,16.2,47.4,UNSAMPLED,0
5286,217.42415094339623,0,,,,,,,,,,,16.2,47.4,UNSAMPLED,0
5287,217.46528301886792,0,,,,,,,,,,,16.2,47.4,UNSAMPLED,0
5288,217.50641509433962,1,16.0,471.0,16.0,4710,16.0,47.1,16.0,471,green_difference/PSM7,green_difference/PSM8,16.0,47.1,ACCEPT_RETRY,1
5289,217.5475471698113,0,,,,,,,,,,,16.0,47.1,UNSAMPLED,0
5290,217.588679245283,0,,,,,,,,,,,16.0,47.1,UNSAMPLED,0
5291,217.6298113207547,0,,,,,,,,,,,16.0,47.1,UNSAMPLED,0
5292,217.6709433962264,0,,,,,,,,,,,16.0,47.1,UNSAMPLED,0
5293,217.7120754716981,0,,,,,,,,,,,16.0,47.1,UNSAMPLED,0
5294,217.7532075471698,0,,,,,,,,,,,16.0,47.1,UNSAMPLED,0
5295,217.7943396226415,0,,,,,,,,,,,16.0,47.1,UNSAMPLED,0
5296,217.8354716981132,1,16.0,470.0,16.0,4700,16.0,47.0,16.0,470,green_difference/PSM7,hsv_green/PSM7,16.0,47.0,ACCEPT_RETRY,1
5297,217.8766037735849,0,,,,,,,,,,,16.0,47.0,UNSAMPLED,0
5298,217.91773584905658,0,,,,,,,,,,,16.0,47.0,UNSAMPLED,0
5299,217.95886792452828,0,,,,,,,,,,,16.0,47.0,UNSAMPLED,0
5300,218.0,0,,,,,,,,,,,16.0,47.0,UNSAMPLED,0
5301,218.0411320754717,0,,,,,,,,,,,16.0,47.0,UNSAMPLED,0
5302,218.0822641509434,0,,,,,,,,,,,16.0,47.0,UNSAMPLED,0
5303,218.12339622641508,0,,,,,,,,,,,16.0,47.0,UNSAMPLED,0
5304,218.16452830188678,1,14.8,45.9,14.8,459,14.8,45.9,14.8,459,green_difference/PSM7,green_difference/PSM7,14.8,45.9,ACCEPT_PRIMARY,0
5305,218.20566037735847,0,,,,,,,,,,,14.8,45.9,UNSAMPLED,0
5306,218.24679245283016,0,,,,,,,,,,,14.8,45.9,UNSAMPLED,0
5307,218.2879245283019,0,,,,,,,,,,,14.8,45.9,UNSAMPLED,0
5308,218.32905660377358,0,,,,,,,,,,,14.8,45.9,UNSAMPLED,0
5309,218.37018867924527,0,,,,,,,,,,,14.8,45.9,UNSAMPLED,0
5310,218.41132075471697,0,,,,,,,,,,,14.8,45.9,UNSAMPLED,0
5311,218.45245283018866,0,,,,,,,,,,,14.8,45.9,UNSAMPLED,0
5312,218.49358490566036,1,14.0,473.0,140,4730,14.0,47.3,140,473,green_difference/PSM7,hsv_green/PSM7,14.0,47.3,ACCEPT_RETRY,1
5313,218.53471698113208,0,,,,,,,,,,,14.0,47.3,UNSAMPLED,0
5314,218.57584905660377,0,,,,,,,,,,,14.0,47.3,UNSAMPLED,0
5315,218.61698113207547,0,,,,,,,,,,,14.0,47.3,UNSAMPLED,0
5316,218.65811320754716,0,,,,,,,,,,,14.0,47.3,UNSAMPLED,0
5317,218.69924528301885,0,,,,,,,,,,,14.0,47.3,UNSAMPLED,0
5318,218.74037735849055,0,,,,,,,,,,,14.0,47.3,UNSAMPLED,0
5319,218.78150943396224,0,,,,,,,,,,,14.0,47.3,UNSAMPLED,0
5320,218.82264150943396,1,14.0,47.7,14.0,477,14.0,47.7,14.0,477,green_difference/PSM7,green_difference/PSM7,14.0,47.7,ACCEPT_PRIMARY,0
5321,218.86377358490566,0,,,,,,,,,,,14.0,47.7,UNSAMPLED,0
5322,218.90490566037735,0,,,,,,,,,,,14.0,47.7,UNSAMPLED,0
5323,218.94603773584905,0,,,,,,,,,,,14.0,47.7,UNSAMPLED,0
5324,218.98716981132074,0,,,,,,,,,,,14.0,47.7,UNSAMPLED,0
5325,219.02830188679243,0,,,,,,,,,,,14.0,47.7,UNSAMPLED,0
5326,219.06943396226413,0,,,,,,,,,,,14.0,47.7,UNSAMPLED,0
5327,219.11056603773585,0,,,,,,,,,,,14.0,47.7,UNSAMPLED,0
5328,219.15169811320754,1,18.8,47.7,18.8,477,15.9,47.7,15.9,47.7,green_channel_otsu/PSM7,green_channel_otsu/PSM7,15.9,47.7,ACCEPT_RETRY,1
5329,219.19283018867924,0,,,,,,,,,,,15.9,47.7,UNSAMPLED,0
5330,219.23396226415093,0,,,,,,,,,,,15.9,47.7,UNSAMPLED,0
5331,219.27509433962263,0,,,,,,,,,,,15.9,47.7,UNSAMPLED,0
5332,219.31622641509432,0,,,,,,,,,,,15.9,47.7,UNSAMPLED,0
5333,219.357358490566,0,,,,,,,,,,,15.9,47.7,UNSAMPLED,0
5334,219.39849056603774,0,,,,,,,,,,,15.9,47.7,UNSAMPLED,0
5335,219.43962264150943,0,,,,,,,,,,,15.9,47.7,UNSAMPLED,0
5336,219.48075471698112,1,12.9,47.7,12.9,477,15.9,47.7,15.9,47.7,green_channel_otsu/PSM7,green_channel_otsu/PSM7,15.9,47.7,ACCEPT_RETRY,1
5337,219.52188679245282,0,,,,,,,,,,,15.9,47.7,UNSAMPLED,0
5338,219.5630188679245,0,,,,,,,,,,,15.9,47.7,UNSAMPLED,0
5339,219.6041509433962,0,,,,,,,,,,,15.9,47.7,UNSAMPLED,0
5340,219.6452830188679,0,,,,,,,,,,,15.9,47.7,UNSAMPLED,0
5341,219.68641509433962,0,,,,,,,,,,,15.9,47.7,UNSAMPLED,0
5342,219.72754716981132,0,,,,,,,,,,,15.9,47.7,UNSAMPLED,0
5343,219.768679245283,0,,,,,,,,,,,15.9,47.7,UNSAMPLED,0
5344,219.8098113207547,1,15.9,45.9,15.9,45.9,15.9,45.9,15.9,45.9,green_difference/PSM7,green_difference/PSM7,15.9,45.9,ACCEPT_PRIMARY,0
5345,219.8509433962264,0,,,,,,,,,,,15.9,45.9,UNSAMPLED,0
5346,219.8920754716981,0,,,,,,,,,,,15.9,45.9,UNSAMPLED,0
5347,219.9332075471698,0,,,,,,,,,,,15.9,45.9,UNSAMPLED,0
5348,219.9743396226415,0,,,,,,,,,,,15.9,45.9,UNSAMPLED,0
5349,220.0154716981132,0,,,,,,,,,,,15.9,45.9,UNSAMPLED,0
5350,220.0566037735849,0,,,,,,,,,,,15.9,45.9,UNSAMPLED,0
5351,220.0977358490566,0,,,,,,,,,,,15.9,45.9,UNSAMPLED,0
5352,220.13886792452828,1,15.9,45.9,15.9,45.9,15.9,45.9,15.9,45.9,green_difference/PSM7,green_difference/PSM7,15.9,45.9,ACCEPT_PRIMARY,0
5353,220.17999999999998,0,,,,,,,,,,,15.9,45.9,UNSAMPLED,0
5354,220.2211320754717,0,,,,,,,,,,,15.9,45.9,UNSAMPLED,0
5355,220.2622641509434,0,,,,,,,,,,,15.9,45.9,UNSAMPLED,0
5356,220.3033962264151,0,,,,,,,,,,,15.9,45.9,UNSAMPLED,0
5357,220.34452830188678,0,,,,,,,,,,,15.9,45.9,UNSAMPLED,0
5358,220.38566037735848,0,,,,,,,,,,,15.9,45.9,UNSAMPLED,0
5359,220.42679245283017,0,,,,,,,,,,,15.9,45.9,UNSAMPLED,0
5360,220.46792452830186,1,15.9,45.7,15.9,457,15.9,45.7,15.9,457,green_difference/PSM7,green_difference/PSM7,15.9,45.7,ACCEPT_PRIMARY,0
5361,220.5090566037736,0,,,,,,,,,,,15.9,45.7,UNSAMPLED,0
5362,220.55018867924528,0,,,,,,,,,,,15.9,45.7,UNSAMPLED,0
5363,220.59132075471697,0,,,,,,,,,,,15.9,45.7,UNSAMPLED,0
5364,220.63245283018867,0,,,,,,,,,,,15.9,45.7,UNSAMPLED,0
5365,220.67358490566036,0,,,,,,,,,,,15.9,45.7,UNSAMPLED,0
5366,220.71471698113206,0,,,,,,,,,,,15.9,45.7,UNSAMPLED,0
5367,220.75584905660375,0,,,,,,,,,,,15.9,45.7,UNSAMPLED,0
5368,220.79698113207547,1,15.8,45.7,15.8,457,15.8,45.7,15.8,457,green_difference/PSM7,green_difference/PSM7,15.8,45.7,ACCEPT_PRIMARY,0
5369,220.83811320754717,0,,,,,,,,,,,15.8,45.7,UNSAMPLED,0
5370,220.87924528301886,0,,,,,,,,,,,15.8,45.7,UNSAMPLED,0
5371,220.92037735849055,0,,,,,,,,,,,15.8,45.7,UNSAMPLED,0
5372,220.96150943396225,0,,,,,,,,,,,15.8,45.7,UNSAMPLED,0
5373,221.00264150943394,0,,,,,,,,,,,15.8,45.7,UNSAMPLED,0
5374,221.04377358490564,0,,,,,,,,,,,15.8,45.7,UNSAMPLED,0
5375,221.08490566037736,0,,,,,,,,,,,15.8,45.7,UNSAMPLED,0
5376,221.12603773584905,1,16.0,47.2,16.0.,47.2,16.0,47.2,16.0.,47.2,green_difference/PSM7,green_difference/PSM7,16.0,47.2,ACCEPT_PRIMARY,0
5377,221.16716981132075,0,,,,,,,,,,,16.0,47.2,UNSAMPLED,0
5378,221.20830188679244,0,,,,,,,,,,,16.0,47.2,UNSAMPLED,0
5379,221.24943396226413,0,,,,,,,,,,,16.0,47.2,UNSAMPLED,0
5380,221.29056603773583,0,,,,,,,,,,,16.0,47.2,UNSAMPLED,0
5381,221.33169811320752,0,,,,,,,,,,,16.0,47.2,UNSAMPLED,0
5382,221.37283018867925,0,,,,,,,,,,,16.0,47.2,UNSAMPLED,0
5383,221.41396226415094,0,,,,,,,,,,,16.0,47.2,UNSAMPLED,0
5384,221.45509433962263,1,76.0,4717.0,76.0,47170,,,,,,,16.0,47.2,HOLD_PREVIOUS,1
5385,221.49622641509433,0,,,,,,,,,,,16.0,47.2,UNSAMPLED,0
5386,221.53735849056602,0,,,,,,,,,,,16.0,47.2,UNSAMPLED,0
5387,221.57849056603771,0,,,,,,,,,,,16.0,47.2,UNSAMPLED,0
5388,221.6196226415094,0,,,,,,,,,,,16.0,47.2,UNSAMPLED,0
5389,221.66075471698113,0,,,,,,,,,,,16.0,47.2,UNSAMPLED,0
5390,221.70188679245283,0,,,,,,,,,,,16.0,47.2,UNSAMPLED,0
5391,221.74301886792452,0,,,,,,,,,,,16.0,47.2,UNSAMPLED,0
5392,221.7841509433962,1,16.0,465.1,16.0,465.1,16.0,46.1,16.0,46.10,green_difference/PSM7,green_channel_otsu/PSM7,16.0,46.1,ACCEPT_RETRY,1
5393,221.8252830188679,0,,,,,,,,,,,16.0,46.1,UNSAMPLED,0
5394,221.8664150943396,0,,,,,,,,,,,16.0,46.1,UNSAMPLED,0
5395,221.90754716981132,0,,,,,,,,,,,16.0,46.1,UNSAMPLED,0
5396,221.94867924528302,0,,,,,,,,,,,16.0,46.1,UNSAMPLED,0
5397,221.9898113207547,0,,,,,,,,,,,16.0,46.1,UNSAMPLED,0
5398,222.0309433962264,0,,,,,,,,,,,16.0,46.1,UNSAMPLED,0
5399,222.0720754716981,0,,,,,,,,,,,16.0,46.1,UNSAMPLED,0
5400,222.1132075471698,1,16.0,46.5,16.0,46.5,16.0,46.5,16.0,46.5,green_difference/PSM7,green_difference/PSM7,16.0,46.5,ACCEPT_PRIMARY,0
5401,222.1543396226415,0,,,,,,,,,,,16.0,46.5,UNSAMPLED,0
5402,222.1954716981132,0,,,,,,,,,,,16.0,46.5,UNSAMPLED,0
5403,222.2366037735849,0,,,,,,,,,,,16.0,46.5,UNSAMPLED,0
5404,222.2777358490566,0,,,,,,,,,,,16.0,46.5,UNSAMPLED,0
5405,222.3188679245283,0,,,,,,,,,,,16.0,46.5,UNSAMPLED,0
5406,222.35999999999999,0,,,,,,,,,,,16.0,46.5,UNSAMPLED,0
5407,222.40113207547168,0,,,,,,,,,,,16.0,46.5,UNSAMPLED,0
5408,222.44226415094337,1,16.1,45.7,161,457,16.1,45.7,161,457,green_difference/PSM7,green_difference/PSM7,16.1,45.7,ACCEPT_PRIMARY,0
5409,222.4833962264151,0,,,,,,,,,,,16.1,45.7,UNSAMPLED,0
5410,222.5245283018868,0,,,,,,,,,,,16.1,45.7,UNSAMPLED,0
5411,222.56566037735848,0,,,,,,,,,,,16.1,45.7,UNSAMPLED,0
5412,222.60679245283018,0,,,,,,,,,,,16.1,45.7,UNSAMPLED,0
5413,222.64792452830187,0,,,,,,,,,,,16.1,45.7,UNSAMPLED,0
5414,222.68905660377357,0,,,,,,,,,,,16.1,45.7,UNSAMPLED,0
5415,222.73018867924526,0,,,,,,,,,,,16.1,45.7,UNSAMPLED,0
5416,222.77132075471698,1,162.0,47.0,1620,470,16.2,47.0,16.2,470,green_channel_otsu/PSM7,green_difference/PSM7,16.2,47.0,ACCEPT_RETRY,1
5417,222.81245283018868,0,,,,,,,,,,,16.2,47.0,UNSAMPLED,0
5418,222.85358490566037,0,,,,,,,,,,,16.2,47.0,UNSAMPLED,0
5419,222.89471698113206,0,,,,,,,,,,,16.2,47.0,UNSAMPLED,0
5420,222.93584905660376,0,,,,,,,,,,,16.2,47.0,UNSAMPLED,0
5421,222.97698113207545,0,,,,,,,,,,,16.2,47.0,UNSAMPLED,0
5422,223.01811320754715,0,,,,,,,,,,,16.2,47.0,UNSAMPLED,0
5423,223.05924528301887,0,,,,,,,,,,,16.2,47.0,UNSAMPLED,0
5424,223.10037735849056,1,16.0,46.9,16.0,469,16.0,46.9,16.0,469,green_difference/PSM7,green_difference/PSM7,16.0,46.9,ACCEPT_PRIMARY,0
5425,223.14150943396226,0,,,,,,,,,,,16.0,46.9,UNSAMPLED,0
5426,223.18264150943395,0,,,,,,,,,,,16.0,46.9,UNSAMPLED,0
5427,223.22377358490564,0,,,,,,,,,,,16.0,46.9,UNSAMPLED,0
5428,223.26490566037734,0,,,,,,,,,,,16.0,46.9,UNSAMPLED,0
5429,223.30603773584903,0,,,,,,,,,,,16.0,46.9,UNSAMPLED,0
5430,223.34716981132075,0,,,,,,,,,,,16.0,46.9,UNSAMPLED,0
5431,223.38830188679245,0,,,,,,,,,,,16.0,46.9,UNSAMPLED,0
5432,223.42943396226414,1,16.8,476.0,16.80,4760,15.9,47.6,15.9,476,green_channel_otsu/PSM7,green_difference/PSM8,15.9,47.6,ACCEPT_RETRY,1
5433,223.47056603773584,0,,,,,,,,,,,15.9,47.6,UNSAMPLED,0
5434,223.51169811320753,0,,,,,,,,,,,15.9,47.6,UNSAMPLED,0
5435,223.55283018867922,0,,,,,,,,,,,15.9,47.6,UNSAMPLED,0
5436,223.59396226415095,0,,,,,,,,,,,15.9,47.6,UNSAMPLED,0
5437,223.63509433962264,0,,,,,,,,,,,15.9,47.6,UNSAMPLED,0
5438,223.67622641509433,0,,,,,,,,,,,15.9,47.6,UNSAMPLED,0
5439,223.71735849056603,0,,,,,,,,,,,15.9,47.6,UNSAMPLED,0
5440,223.75849056603772,1,15.9,46.8,15.90,46.8,15.9,46.8,15.90,46.8,green_difference/PSM7,green_difference/PSM7,15.9,46.8,ACCEPT_PRIMARY,0
5441,223.79962264150942,0,,,,,,,,,,,15.9,46.8,UNSAMPLED,0
5442,223.8407547169811,0,,,,,,,,,,,15.9,46.8,UNSAMPLED,0
5443,223.88188679245283,0,,,,,,,,,,,15.9,46.8,UNSAMPLED,0
5444,223.92301886792453,0,,,,,,,,,,,15.9,46.8,UNSAMPLED,0
5445,223.96415094339622,0,,,,,,,,,,,15.9,46.8,UNSAMPLED,0
5446,224.0052830188679,0,,,,,,,,,,,15.9,46.8,UNSAMPLED,0
5447,224.0464150943396,0,,,,,,,,,,,15.9,46.8,UNSAMPLED,0
5448,224.0875471698113,1,15.9,46.7,15.90,46.7,15.9,46.7,15.90,46.7,green_difference/PSM7,green_difference/PSM7,15.9,46.7,ACCEPT_PRIMARY,0
5449,224.128679245283,0,,,,,,,,,,,15.9,46.7,UNSAMPLED,0
5450,224.16981132075472,0,,,,,,,,,,,15.9,46.7,UNSAMPLED,0
5451,224.2109433962264,0,,,,,,,,,,,15.9,46.7,UNSAMPLED,0
5452,224.2520754716981,0,,,,,,,,,,,15.9,46.7,UNSAMPLED,0
5453,224.2932075471698,0,,,,,,,,,,,15.9,46.7,UNSAMPLED,0
5454,224.3343396226415,0,,,,,,,,,,,15.9,46.7,UNSAMPLED,0
5455,224.3754716981132,0,,,,,,,,,,,15.9,46.7,UNSAMPLED,0
5456,224.41660377358488,1,15.8,47.1,15.8,471,15.8,47.1,15.8,471,green_difference/PSM7,green_difference/PSM7,15.8,47.1,ACCEPT_PRIMARY,0
5457,224.4577358490566,0,,,,,,,,,,,15.8,47.1,UNSAMPLED,0
5458,224.4988679245283,0,,,,,,,,,,,15.8,47.1,UNSAMPLED,0
5459,224.54,0,,,,,,,,,,,15.8,47.1,UNSAMPLED,0
5460,224.5811320754717,0,,,,,,,,,,,15.8,47.1,UNSAMPLED,0
5461,224.62226415094338,0,,,,,,,,,,,15.8,47.1,UNSAMPLED,0
5462,224.66339622641507,0,,,,,,,,,,,15.8,47.1,UNSAMPLED,0
5463,224.70452830188677,0,,,,,,,,,,,15.8,47.1,UNSAMPLED,0
5464,224.7456603773585,1,15.8,472.0,15.8,4720,15.8,47.2,15.8,47.2,green_difference/PSM7,gray_otsu/PSM7,15.8,47.2,ACCEPT_RETRY,1
5465,224.78679245283018,0,,,,,,,,,,,15.8,47.2,UNSAMPLED,0
5466,224.82792452830188,0,,,,,,,,,,,15.8,47.2,UNSAMPLED,0
5467,224.86905660377357,0,,,,,,,,,,,15.8,47.2,UNSAMPLED,0
5468,224.91018867924527,0,,,,,,,,,,,15.8,47.2,UNSAMPLED,0
5469,224.95132075471696,0,,,,,,,,,,,15.8,47.2,UNSAMPLED,0
5470,224.99245283018865,0,,,,,,,,,,,15.8,47.2,UNSAMPLED,0
5471,225.03358490566038,0,,,,,,,,,,,15.8,47.2,UNSAMPLED,0
5472,225.07471698113207,1,15.8,47.0,15.8,470,15.8,47.0,15.8,470,green_difference/PSM7,green_difference/PSM7,15.8,47.0,ACCEPT_PRIMARY,0
5473,225.11584905660376,0,,,,,,,,,,,15.8,47.0,UNSAMPLED,0
5474,225.15698113207546,0,,,,,,,,,,,15.8,47.0,UNSAMPLED,0
5475,225.19811320754715,0,,,,,,,,,,,15.8,47.0,UNSAMPLED,0
5476,225.23924528301885,0,,,,,,,,,,,15.8,47.0,UNSAMPLED,0
5477,225.28037735849057,0,,,,,,,,,,,15.8,47.0,UNSAMPLED,0
5478,225.32150943396226,0,,,,,,,,,,,15.8,47.0,UNSAMPLED,0
5479,225.36264150943396,0,,,,,,,,,,,15.8,47.0,UNSAMPLED,0
5480,225.40377358490565,1,15.8,46.3,15.8,463,15.8,46.3,15.8,463,green_difference/PSM7,green_difference/PSM7,15.8,46.3,ACCEPT_PRIMARY,0
5481,225.44490566037734,0,,,,,,,,,,,15.8,46.3,UNSAMPLED,0
5482,225.48603773584904,0,,,,,,,,,,,15.8,46.3,UNSAMPLED,0
5483,225.52716981132073,0,,,,,,,,,,,15.8,46.3,UNSAMPLED,0
5484,225.56830188679245,0,,,,,,,,,,,15.8,46.3,UNSAMPLED,0
5485,225.60943396226415,0,,,,,,,,,,,15.8,46.3,UNSAMPLED,0
5486,225.65056603773584,0,,,,,,,,,,,15.8,46.3,UNSAMPLED,0
5487,225.69169811320754,0,,,,,,,,,,,15.8,46.3,UNSAMPLED,0
5488,225.73283018867923,1,15.8,46.7,15.8,46.7,15.8,46.7,15.8,46.7,green_difference/PSM7,green_difference/PSM7,15.8,46.7,ACCEPT_PRIMARY,0
5489,225.77396226415092,0,,,,,,,,,,,15.8,46.7,UNSAMPLED,0
5490,225.81509433962262,0,,,,,,,,,,,15.8,46.7,UNSAMPLED,0
5491,225.85622641509434,0,,,,,,,,,,,15.8,46.7,UNSAMPLED,0
5492,225.89735849056603,0,,,,,,,,,,,15.8,46.7,UNSAMPLED,0
5493,225.93849056603773,0,,,,,,,,,,,15.8,46.7,UNSAMPLED,0
5494,225.97962264150942,0,,,,,,,,,,,15.8,46.7,UNSAMPLED,0
5495,226.02075471698112,0,,,,,,,,,,,15.8,46.7,UNSAMPLED,0
5496,226.0618867924528,1,,469.0,,4690,15.7,46.9,15.7,46.9,green_channel_otsu/PSM7,hsv_green/PSM7,15.7,46.9,ACCEPT_RETRY,1
5497,226.1030188679245,0,,,,,,,,,,,15.7,46.9,UNSAMPLED,0
5498,226.14415094339623,0,,,,,,,,,,,15.7,46.9,UNSAMPLED,0
5499,226.18528301886792,0,,,,,,,,,,,15.7,46.9,UNSAMPLED,0
5500,226.22641509433961,0,,,,,,,,,,,15.7,46.9,UNSAMPLED,0
5501,226.2675471698113,0,,,,,,,,,,,15.7,46.9,UNSAMPLED,0
5502,226.308679245283,0,,,,,,,,,,,15.7,46.9,UNSAMPLED,0
5503,226.3498113207547,0,,,,,,,,,,,15.7,46.9,UNSAMPLED,0
5504,226.3909433962264,1,15.0,46.65,15.0,46.65,15.0,46.65,15.0,46.65,green_difference/PSM7,green_difference/PSM7,15.0,46.65,ACCEPT_PRIMARY,0
5505,226.4320754716981,0,,,,,,,,,,,15.0,46.65,UNSAMPLED,0
5506,226.4732075471698,0,,,,,,,,,,,15.0,46.65,UNSAMPLED,0
5507,226.5143396226415,0,,,,,,,,,,,15.0,46.65,UNSAMPLED,0
5508,226.5554716981132,0,,,,,,,,,,,15.0,46.65,UNSAMPLED,0
5509,226.5966037735849,0,,,,,,,,,,,15.0,46.65,UNSAMPLED,0
5510,226.63773584905658,0,,,,,,,,,,,15.0,46.65,UNSAMPLED,0
5511,226.67886792452828,0,,,,,,,,,,,15.0,46.65,UNSAMPLED,0
5512,226.72,1,15.0,46.5,15.0,465,15.0,46.5,15.0,465,green_difference/PSM7,green_difference/PSM7,15.0,46.5,ACCEPT_PRIMARY,0
5513,226.7611320754717,0,,,,,,,,,,,15.0,46.5,UNSAMPLED,0
5514,226.8022641509434,0,,,,,,,,,,,15.0,46.5,UNSAMPLED,0
5515,226.84339622641508,0,,,,,,,,,,,15.0,46.5,UNSAMPLED,0
5516,226.88452830188677,0,,,,,,,,,,,15.0,46.5,UNSAMPLED,0
5517,226.92566037735847,0,,,,,,,,,,,15.0,46.5,UNSAMPLED,0
5518,226.9667924528302,0,,,,,,,,,,,15.0,46.5,UNSAMPLED,0
5519,227.00792452830188,0,,,,,,,,,,,15.0,46.5,UNSAMPLED,0
5520,227.04905660377358,1,15.0,46.8,15.0,46.8,15.0,46.8,15.0,46.8,green_difference/PSM7,green_difference/PSM7,15.0,46.8,ACCEPT_PRIMARY,0
5521,227.09018867924527,0,,,,,,,,,,,15.0,46.8,UNSAMPLED,0
5522,227.13132075471697,0,,,,,,,,,,,15.0,46.8,UNSAMPLED,0
5523,227.17245283018866,0,,,,,,,,,,,15.0,46.8,UNSAMPLED,0
5524,227.21358490566035,0,,,,,,,,,,,15.0,46.8,UNSAMPLED,0
5525,227.25471698113208,0,,,,,,,,,,,15.0,46.8,UNSAMPLED,0
5526,227.29584905660377,0,,,,,,,,,,,15.0,46.8,UNSAMPLED,0
5527,227.33698113207546,0,,,,,,,,,,,15.0,46.8,UNSAMPLED,0
5528,227.37811320754716,1,15.0,46.4,15.0,46.40,15.0,46.4,15.0,46.40,green_difference/PSM7,green_difference/PSM7,15.0,46.4,ACCEPT_PRIMARY,0
5529,227.41924528301885,0,,,,,,,,,,,15.0,46.4,UNSAMPLED,0
5530,227.46037735849055,0,,,,,,,,,,,15.0,46.4,UNSAMPLED,0
5531,227.50150943396224,0,,,,,,,,,,,15.0,46.4,UNSAMPLED,0
5532,227.54264150943396,0,,,,,,,,,,,15.0,46.4,UNSAMPLED,0
5533,227.58377358490566,0,,,,,,,,,,,15.0,46.4,UNSAMPLED,0
5534,227.62490566037735,0,,,,,,,,,,,15.0,46.4,UNSAMPLED,0
5535,227.66603773584905,0,,,,,,,,,,,15.0,46.4,UNSAMPLED,0
5536,227.70716981132074,1,15.0,46.5,15.0,465,15.0,46.5,15.0,465,green_difference/PSM7,green_difference/PSM7,15.0,46.5,ACCEPT_PRIMARY,0
5537,227.74830188679243,0,,,,,,,,,,,15.0,46.5,UNSAMPLED,0
5538,227.78943396226413,0,,,,,,,,,,,15.0,46.5,UNSAMPLED,0
5539,227.83056603773585,0,,,,,,,,,,,15.0,46.5,UNSAMPLED,0
5540,227.87169811320754,0,,,,,,,,,,,15.0,46.5,UNSAMPLED,0
5541,227.91283018867924,0,,,,,,,,,,,15.0,46.5,UNSAMPLED,0
5542,227.95396226415093,0,,,,,,,,,,,15.0,46.5,UNSAMPLED,0
5543,227.99509433962263,0,,,,,,,,,,,15.0,46.5,UNSAMPLED,0
5544,228.03622641509432,1,14.9,45.8,149,45.80,14.9,45.8,149,45.80,green_difference/PSM7,green_difference/PSM7,14.9,45.8,ACCEPT_PRIMARY,0
5545,228.077358490566,0,,,,,,,,,,,14.9,45.8,UNSAMPLED,0
5546,228.11849056603774,0,,,,,,,,,,,14.9,45.8,UNSAMPLED,0
5547,228.15962264150943,0,,,,,,,,,,,14.9,45.8,UNSAMPLED,0
5548,228.20075471698112,0,,,,,,,,,,,14.9,45.8,UNSAMPLED,0
5549,228.24188679245282,0,,,,,,,,,,,14.9,45.8,UNSAMPLED,0
5550,228.2830188679245,0,,,,,,,,,,,14.9,45.8,UNSAMPLED,0
5551,228.3241509433962,0,,,,,,,,,,,14.9,45.8,UNSAMPLED,0
5552,228.3652830188679,1,14.8,454.0,14.8,4540,14.8,45.4,14.8,45.4,green_difference/PSM7,green_channel_otsu/PSM7,14.8,45.4,ACCEPT_RETRY,1
5553,228.40641509433962,0,,,,,,,,,,,14.8,45.4,UNSAMPLED,0
5554,228.44754716981132,0,,,,,,,,,,,14.8,45.4,UNSAMPLED,0
5555,228.488679245283,0,,,,,,,,,,,14.8,45.4,UNSAMPLED,0
5556,228.5298113207547,0,,,,,,,,,,,14.8,45.4,UNSAMPLED,0
5557,228.5709433962264,0,,,,,,,,,,,14.8,45.4,UNSAMPLED,0
5558,228.6120754716981,0,,,,,,,,,,,14.8,45.4,UNSAMPLED,0
5559,228.6532075471698,0,,,,,,,,,,,14.8,45.4,UNSAMPLED,0
5560,228.6943396226415,1,14.8,45.9,14.8,45.90,14.8,45.9,14.8,45.90,green_difference/PSM7,green_difference/PSM7,14.8,45.9,ACCEPT_PRIMARY,0
5561,228.7354716981132,0,,,,,,,,,,,14.8,45.9,UNSAMPLED,0
5562,228.7766037735849,0,,,,,,,,,,,14.8,45.9,UNSAMPLED,0
5563,228.8177358490566,0,,,,,,,,,,,14.8,45.9,UNSAMPLED,0
5564,228.85886792452828,0,,,,,,,,,,,14.8,45.9,UNSAMPLED,0
5565,228.89999999999998,0,,,,,,,,,,,14.8,45.9,UNSAMPLED,0
5566,228.9411320754717,0,,,,,,,,,,,14.8,45.9,UNSAMPLED,0
5567,228.9822641509434,0,,,,,,,,,,,14.8,45.9,UNSAMPLED,0
5568,229.0233962264151,1,14.6,45.6,14.6,45.6,14.6,45.6,14.6,45.6,green_difference/PSM7,green_difference/PSM7,14.6,45.6,ACCEPT_PRIMARY,0
5569,229.06452830188678,0,,,,,,,,,,,14.6,45.6,UNSAMPLED,0
5570,229.10566037735848,0,,,,,,,,,,,14.6,45.6,UNSAMPLED,0
5571,229.14679245283017,0,,,,,,,,,,,14.6,45.6,UNSAMPLED,0
5572,229.18792452830186,0,,,,,,,,,,,14.6,45.6,UNSAMPLED,0
5573,229.22905660377359,0,,,,,,,,,,,14.6,45.6,UNSAMPLED,0
5574,229.27018867924528,0,,,,,,,,,,,14.6,45.6,UNSAMPLED,0
5575,229.31132075471697,0,,,,,,,,,,,14.6,45.6,UNSAMPLED,0
5576,229.35245283018867,1,14.8,45.6,14.8,45.6,14.8,45.6,14.8,45.6,green_difference/PSM7,green_difference/PSM7,14.8,45.6,ACCEPT_PRIMARY,0
5577,229.39358490566036,0,,,,,,,,,,,14.8,45.6,UNSAMPLED,0
5578,229.43471698113206,0,,,,,,,,,,,14.8,45.6,UNSAMPLED,0
5579,229.47584905660375,0,,,,,,,,,,,14.8,45.6,UNSAMPLED,0
5580,229.51698113207547,0,,,,,,,,,,,14.8,45.6,UNSAMPLED,0
5581,229.55811320754717,0,,,,,,,,,,,14.8,45.6,UNSAMPLED,0
5582,229.59924528301886,0,,,,,,,,,,,14.8,45.6,UNSAMPLED,0
5583,229.64037735849055,0,,,,,,,,,,,14.8,45.6,UNSAMPLED,0
5584,229.68150943396225,1,14.8,46.3,14.8,46.30,14.8,46.3,14.8,46.30,green_difference/PSM7,green_difference/PSM7,14.8,46.3,ACCEPT_PRIMARY,0
5585,229.72264150943394,0,,,,,,,,,,,14.8,46.3,UNSAMPLED,0
5586,229.76377358490564,0,,,,,,,,,,,14.8,46.3,UNSAMPLED,0
5587,229.80490566037736,0,,,,,,,,,,,14.8,46.3,UNSAMPLED,0
5588,229.84603773584905,0,,,,,,,,,,,14.8,46.3,UNSAMPLED,0
5589,229.88716981132075,0,,,,,,,,,,,14.8,46.3,UNSAMPLED,0
5590,229.92830188679244,0,,,,,,,,,,,14.8,46.3,UNSAMPLED,0
5591,229.96943396226413,0,,,,,,,,,,,14.8,46.3,UNSAMPLED,0
5592,230.01056603773583,1,14.8,46.5,14.8,465,14.8,46.5,14.8,465,green_difference/PSM7,green_difference/PSM7,14.8,46.5,ACCEPT_PRIMARY,0
5593,230.05169811320752,0,,,,,,,,,,,14.8,46.5,UNSAMPLED,0
5594,230.09283018867924,0,,,,,,,,,,,14.8,46.5,UNSAMPLED,0
5595,230.13396226415094,0,,,,,,,,,,,14.8,46.5,UNSAMPLED,0
5596,230.17509433962263,0,,,,,,,,,,,14.8,46.5,UNSAMPLED,0
5597,230.21622641509433,0,,,,,,,,,,,14.8,46.5,UNSAMPLED,0
5598,230.25735849056602,0,,,,,,,,,,,14.8,46.5,UNSAMPLED,0
5599,230.2984905660377,0,,,,,,,,,,,14.8,46.5,UNSAMPLED,0
5600,230.33962264150944,1,14.8,46.5,14.80,46.5,14.8,46.5,14.80,46.5,green_difference/PSM7,green_difference/PSM7,14.8,46.5,ACCEPT_PRIMARY,0
5601,230.38075471698113,0,,,,,,,,,,,14.8,46.5,UNSAMPLED,0
5602,230.42188679245282,0,,,,,,,,,,,14.8,46.5,UNSAMPLED,0
5603,230.46301886792452,0,,,,,,,,,,,14.8,46.5,UNSAMPLED,0
5604,230.5041509433962,0,,,,,,,,,,,14.8,46.5,UNSAMPLED,0
5605,230.5452830188679,0,,,,,,,,,,,14.8,46.5,UNSAMPLED,0
5606,230.5864150943396,0,,,,,,,,,,,14.8,46.5,UNSAMPLED,0
5607,230.62754716981132,0,,,,,,,,,,,14.8,46.5,UNSAMPLED,0
5608,230.66867924528302,1,144.0,46.4,1440,46.4,14.8,46.4,148,46.4,green_difference/PSM8,green_difference/PSM7,14.8,46.4,ACCEPT_RETRY,1
5609,230.7098113207547,0,,,,,,,,,,,14.8,46.4,UNSAMPLED,0
5610,230.7509433962264,0,,,,,,,,,,,14.8,46.4,UNSAMPLED,0
5611,230.7920754716981,0,,,,,,,,,,,14.8,46.4,UNSAMPLED,0
5612,230.8332075471698,0,,,,,,,,,,,14.8,46.4,UNSAMPLED,0
5613,230.8743396226415,0,,,,,,,,,,,14.8,46.4,UNSAMPLED,0
5614,230.9154716981132,0,,,,,,,,,,,14.8,46.4,UNSAMPLED,0
5615,230.9566037735849,0,,,,,,,,,,,14.8,46.4,UNSAMPLED,0
5616,230.9977358490566,1,14.4,46.1,144,461,14.4,46.1,144,461,green_difference/PSM7,green_difference/PSM7,14.4,46.1,ACCEPT_PRIMARY,0
5617,231.0388679245283,0,,,,,,,,,,,14.4,46.1,UNSAMPLED,0
5618,231.07999999999998,0,,,,,,,,,,,14.4,46.1,UNSAMPLED,0
5619,231.12113207547168,0,,,,,,,,,,,14.4,46.1,UNSAMPLED,0
5620,231.16226415094337,0,,,,,,,,,,,14.4,46.1,UNSAMPLED,0
5621,231.2033962264151,0,,,,,,,,,,,14.4,46.1,UNSAMPLED,0
5622,231.2445283018868,0,,,,,,,,,,,14.4,46.1,UNSAMPLED,0
5623,231.28566037735848,0,,,,,,,,,,,14.4,46.1,UNSAMPLED,0
5624,231.32679245283018,1,15.2,46.8,15.2,46.80,15.2,46.8,15.2,46.80,green_difference/PSM7,green_difference/PSM7,15.2,46.8,ACCEPT_PRIMARY,0
5625,231.36792452830187,0,,,,,,,,,,,15.2,46.8,UNSAMPLED,0
5626,231.40905660377356,0,,,,,,,,,,,15.2,46.8,UNSAMPLED,0
5627,231.45018867924526,0,,,,,,,,,,,15.2,46.8,UNSAMPLED,0
5628,231.49132075471698,0,,,,,,,,,,,15.2,46.8,UNSAMPLED,0
5629,231.53245283018867,0,,,,,,,,,,,15.2,46.8,UNSAMPLED,0
5630,231.57358490566037,0,,,,,,,,,,,15.2,46.8,UNSAMPLED,0
5631,231.61471698113206,0,,,,,,,,,,,15.2,46.8,UNSAMPLED,0
5632,231.65584905660376,1,15.7,47.1,157,471,15.7,47.1,157,471,green_difference/PSM7,green_difference/PSM7,15.7,47.1,ACCEPT_PRIMARY,0
5633,231.69698113207545,0,,,,,,,,,,,15.7,47.1,UNSAMPLED,0
5634,231.73811320754714,0,,,,,,,,,,,15.7,47.1,UNSAMPLED,0
5635,231.77924528301887,0,,,,,,,,,,,15.7,47.1,UNSAMPLED,0
5636,231.82037735849056,0,,,,,,,,,,,15.7,47.1,UNSAMPLED,0
5637,231.86150943396225,0,,,,,,,,,,,15.7,47.1,UNSAMPLED,0
5638,231.90264150943395,0,,,,,,,,,,,15.7,47.1,UNSAMPLED,0
5639,231.94377358490564,0,,,,,,,,,,,15.7,47.1,UNSAMPLED,0
5640,231.98490566037734,1,15.7,47.2,15.7,472,15.7,47.2,15.7,472,green_difference/PSM7,green_difference/PSM7,15.7,47.2,ACCEPT_PRIMARY,0
5641,232.02603773584906,0,,,,,,,,,,,15.7,47.2,UNSAMPLED,0
5642,232.06716981132075,0,,,,,,,,,,,15.7,47.2,UNSAMPLED,0
5643,232.10830188679245,0,,,,,,,,,,,15.7,47.2,UNSAMPLED,0
5644,232.14943396226414,0,,,,,,,,,,,15.7,47.2,UNSAMPLED,0
5645,232.19056603773583,0,,,,,,,,,,,15.7,47.2,UNSAMPLED,0
5646,232.23169811320753,0,,,,,,,,,,,15.7,47.2,UNSAMPLED,0
5647,232.27283018867922,0,,,,,,,,,,,15.7,47.2,UNSAMPLED,0
5648,232.31396226415094,1,15.8,47.17,15.8,47.170,15.8,47.17,15.8,47.170,green_difference/PSM7,green_difference/PSM7,15.8,47.17,ACCEPT_PRIMARY,0
5649,232.35509433962264,0,,,,,,,,,,,15.8,47.17,UNSAMPLED,0
5650,232.39622641509433,0,,,,,,,,,,,15.8,47.17,UNSAMPLED,0
5651,232.43735849056603,0,,,,,,,,,,,15.8,47.17,UNSAMPLED,0
5652,232.47849056603772,0,,,,,,,,,,,15.8,47.17,UNSAMPLED,0
5653,232.51962264150941,0,,,,,,,,,,,15.8,47.17,UNSAMPLED,0
5654,232.5607547169811,0,,,,,,,,,,,15.8,47.17,UNSAMPLED,0
5655,232.60188679245283,0,,,,,,,,,,,15.8,47.17,UNSAMPLED,0
5656,232.64301886792452,1,18.9,46.9,18.9,46.9,15.9,46.9,15.9,46.9,green_channel_otsu/PSM7,green_difference/PSM7,15.9,46.9,ACCEPT_RETRY,1
5657,232.68415094339622,0,,,,,,,,,,,15.9,46.9,UNSAMPLED,0
5658,232.7252830188679,0,,,,,,,,,,,15.9,46.9,UNSAMPLED,0
5659,232.7664150943396,0,,,,,,,,,,,15.9,46.9,UNSAMPLED,0
5660,232.8075471698113,0,,,,,,,,,,,15.9,46.9,UNSAMPLED,0
5661,232.848679245283,0,,,,,,,,,,,15.9,46.9,UNSAMPLED,0
5662,232.88981132075472,0,,,,,,,,,,,15.9,46.9,UNSAMPLED,0
5663,232.9309433962264,0,,,,,,,,,,,15.9,46.9,UNSAMPLED,0
5664,232.9720754716981,1,,470.0,14,4700,15.9,47.0,15.9,470,green_channel_otsu/PSM7,hsv_green/PSM7,15.9,47.0,ACCEPT_RETRY,1
5665,233.0132075471698,0,,,,,,,,,,,15.9,47.0,UNSAMPLED,0
5666,233.0543396226415,0,,,,,,,,,,,15.9,47.0,UNSAMPLED,0
5667,233.0954716981132,0,,,,,,,,,,,15.9,47.0,UNSAMPLED,0
5668,233.13660377358488,0,,,,,,,,,,,15.9,47.0,UNSAMPLED,0
5669,233.1777358490566,0,,,,,,,,,,,15.9,47.0,UNSAMPLED,0
5670,233.2188679245283,0,,,,,,,,,,,15.9,47.0,UNSAMPLED,0
5671,233.26,0,,,,,,,,,,,15.9,47.0,UNSAMPLED,0
5672,233.30113207547168,1,15.8,46.9,158,469,15.8,46.9,158,469,green_difference/PSM7,green_difference/PSM7,15.8,46.9,ACCEPT_PRIMARY,0
5673,233.34226415094338,0,,,,,,,,,,,15.8,46.9,UNSAMPLED,0
5674,233.38339622641507,0,,,,,,,,,,,15.8,46.9,UNSAMPLED,0
5675,233.42452830188677,0,,,,,,,,,,,15.8,46.9,UNSAMPLED,0
5676,233.4656603773585,0,,,,,,,,,,,15.8,46.9,UNSAMPLED,0
5677,233.50679245283018,0,,,,,,,,,,,15.8,46.9,UNSAMPLED,0
5678,233.54792452830188,0,,,,,,,,,,,15.8,46.9,UNSAMPLED,0
5679,233.58905660377357,0,,,,,,,,,,,15.8,46.9,UNSAMPLED,0
5680,233.63018867924526,1,15.8,46.9,15.8,469,15.8,46.9,15.8,469,green_difference/PSM7,green_difference/PSM7,15.8,46.9,ACCEPT_PRIMARY,0
5681,233.67132075471696,0,,,,,,,,,,,15.8,46.9,UNSAMPLED,0
5682,233.71245283018868,0,,,,,,,,,,,15.8,46.9,UNSAMPLED,0
5683,233.75358490566038,0,,,,,,,,,,,15.8,46.9,UNSAMPLED,0
5684,233.79471698113207,0,,,,,,,,,,,15.8,46.9,UNSAMPLED,0
5685,233.83584905660376,0,,,,,,,,,,,15.8,46.9,UNSAMPLED,0
5686,233.87698113207546,0,,,,,,,,,,,15.8,46.9,UNSAMPLED,0
5687,233.91811320754715,0,,,,,,,,,,,15.8,46.9,UNSAMPLED,0
5688,233.95924528301884,1,15.8,473.0,15.8,4730,15.8,47.3,15.8,473,green_difference/PSM7,hsv_green/PSM7,15.8,47.3,ACCEPT_RETRY,1
5689,234.00037735849057,0,,,,,,,,,,,15.8,47.3,UNSAMPLED,0
5690,234.04150943396226,0,,,,,,,,,,,15.8,47.3,UNSAMPLED,0
5691,234.08264150943396,0,,,,,,,,,,,15.8,47.3,UNSAMPLED,0
5692,234.12377358490565,0,,,,,,,,,,,15.8,47.3,UNSAMPLED,0
5693,234.16490566037734,0,,,,,,,,,,,15.8,47.3,UNSAMPLED,0
5694,234.20603773584904,0,,,,,,,,,,,15.8,47.3,UNSAMPLED,0
5695,234.24716981132073,0,,,,,,,,,,,15.8,47.3,UNSAMPLED,0
5696,234.28830188679245,1,,473.0,7,4730,15.7,47.3,15.7,47.30,green_channel_otsu/PSM7,gray_otsu/PSM7,15.7,47.3,ACCEPT_RETRY,1
5697,234.32943396226415,0,,,,,,,,,,,15.7,47.3,UNSAMPLED,0
5698,234.37056603773584,0,,,,,,,,,,,15.7,47.3,UNSAMPLED,0
5699,234.41169811320754,0,,,,,,,,,,,15.7,47.3,UNSAMPLED,0
5700,234.45283018867923,0,,,,,,,,,,,15.7,47.3,UNSAMPLED,0
5701,234.49396226415092,0,,,,,,,,,,,15.7,47.3,UNSAMPLED,0
5702,234.53509433962262,0,,,,,,,,,,,15.7,47.3,UNSAMPLED,0
5703,234.57622641509434,0,,,,,,,,,,,15.7,47.3,UNSAMPLED,0
5704,234.61735849056603,1,18.2,47.9,182,479,15.7,47.0,15.7,470,green_channel_otsu/PSM7,green_channel_otsu/PSM7,15.7,47.0,ACCEPT_RETRY,1
5705,234.65849056603773,0,,,,,,,,,,,15.7,47.0,UNSAMPLED,0
5706,234.69962264150942,0,,,,,,,,,,,15.7,47.0,UNSAMPLED,0
5707,234.74075471698112,0,,,,,,,,,,,15.7,47.0,UNSAMPLED,0
5708,234.7818867924528,0,,,,,,,,,,,15.7,47.0,UNSAMPLED,0
5709,234.8230188679245,0,,,,,,,,,,,15.7,47.0,UNSAMPLED,0
5710,234.86415094339623,0,,,,,,,,,,,15.7,47.0,UNSAMPLED,0
5711,234.90528301886792,0,,,,,,,,,,,15.7,47.0,UNSAMPLED,0
5712,234.9464150943396,1,,46.9,57,469,15.7,46.9,15.7,46.9,green_channel_otsu/PSM7,hsv_green/PSM7,15.7,46.9,ACCEPT_RETRY,1
5713,234.9875471698113,0,,,,,,,,,,,15.7,46.9,UNSAMPLED,0
5714,235.028679245283,0,,,,,,,,,,,15.7,46.9,UNSAMPLED,0
5715,235.0698113207547,0,,,,,,,,,,,15.7,46.9,UNSAMPLED,0
5716,235.1109433962264,0,,,,,,,,,,,15.7,46.9,UNSAMPLED,0
5717,235.1520754716981,0,,,,,,,,,,,15.7,46.9,UNSAMPLED,0
5718,235.1932075471698,0,,,,,,,,,,,15.7,46.9,UNSAMPLED,0
5719,235.2343396226415,0,,,,,,,,,,,15.7,46.9,UNSAMPLED,0
5720,235.2754716981132,1,,472.0,7,4720,,,,,,,15.7,46.9,HOLD_PREVIOUS,1
5721,235.3166037735849,0,,,,,,,,,,,15.7,46.9,UNSAMPLED,0
5722,235.35773584905658,0,,,,,,,,,,,15.7,46.9,UNSAMPLED,0
5723,235.3988679245283,0,,,,,,,,,,,15.7,46.9,UNSAMPLED,0
5724,235.44,0,,,,,,,,,,,15.7,46.9,UNSAMPLED,0
5725,235.4811320754717,0,,,,,,,,,,,15.7,46.9,UNSAMPLED,0
5726,235.52226415094339,0,,,,,,,,,,,15.7,46.9,UNSAMPLED,0
5727,235.56339622641508,0,,,,,,,,,,,15.7,46.9,UNSAMPLED,0
5728,235.60452830188677,1,15.6,47.1,15.6,471,15.6,47.1,15.6,471,green_difference/PSM7,green_difference/PSM7,15.6,47.1,ACCEPT_PRIMARY,0
5729,235.64566037735847,0,,,,,,,,,,,15.6,47.1,UNSAMPLED,0
5730,235.6867924528302,0,,,,,,,,,,,15.6,47.1,UNSAMPLED,0
5731,235.72792452830188,0,,,,,,,,,,,15.6,47.1,UNSAMPLED,0
5732,235.76905660377358,0,,,,,,,,,,,15.6,47.1,UNSAMPLED,0
5733,235.81018867924527,0,,,,,,,,,,,15.6,47.1,UNSAMPLED,0
5734,235.85132075471697,0,,,,,,,,,,,15.6,47.1,UNSAMPLED,0
5735,235.89245283018866,0,,,,,,,,,,,15.6,47.1,UNSAMPLED,0
5736,235.93358490566035,1,15.8,47.7,15.8,477,15.8,47.7,15.8,477,green_difference/PSM7,green_difference/PSM7,15.8,47.7,ACCEPT_PRIMARY,0
5737,235.97471698113208,0,,,,,,,,,,,15.8,47.7,UNSAMPLED,0
5738,236.01584905660377,0,,,,,,,,,,,15.8,47.7,UNSAMPLED,0
5739,236.05698113207546,0,,,,,,,,,,,15.8,47.7,UNSAMPLED,0
5740,236.09811320754716,0,,,,,,,,,,,15.8,47.7,UNSAMPLED,0
5741,236.13924528301885,0,,,,,,,,,,,15.8,47.7,UNSAMPLED,0
5742,236.18037735849055,0,,,,,,,,,,,15.8,47.7,UNSAMPLED,0
5743,236.22150943396224,0,,,,,,,,,,,15.8,47.7,UNSAMPLED,0
5744,236.26264150943396,1,15.6,471.0,15.6,4710,,,,,,,15.8,47.7,HOLD_PREVIOUS,1
5745,236.30377358490566,0,,,,,,,,,,,15.8,47.7,UNSAMPLED,0
5746,236.34490566037735,0,,,,,,,,,,,15.8,47.7,UNSAMPLED,0
5747,236.38603773584904,0,,,,,,,,,,,15.8,47.7,UNSAMPLED,0
5748,236.42716981132074,0,,,,,,,,,,,15.8,47.7,UNSAMPLED,0
5749,236.46830188679243,0,,,,,,,,,,,15.8,47.7,UNSAMPLED,0
5750,236.50943396226413,0,,,,,,,,,,,15.8,47.7,UNSAMPLED,0
5751,236.55056603773585,0,,,,,,,,,,,15.8,47.7,UNSAMPLED,0
5752,236.59169811320754,1,14.7,47.0,14.7,470,14.7,47.0,14.7,470,green_difference/PSM7,green_difference/PSM7,14.7,47.0,ACCEPT_PRIMARY,0
5753,236.63283018867924,0,,,,,,,,,,,14.7,47.0,UNSAMPLED,0
5754,236.67396226415093,0,,,,,,,,,,,14.7,47.0,UNSAMPLED,0
5755,236.71509433962262,0,,,,,,,,,,,14.7,47.0,UNSAMPLED,0
5756,236.75622641509432,0,,,,,,,,,,,14.7,47.0,UNSAMPLED,0
5757,236.797358490566,0,,,,,,,,,,,14.7,47.0,UNSAMPLED,0
5758,236.83849056603773,0,,,,,,,,,,,14.7,47.0,UNSAMPLED,0
5759,236.87962264150943,0,,,,,,,,,,,14.7,47.0,UNSAMPLED,0
5760,236.92075471698112,1,14.7,47.0,14.7,470,14.7,47.0,14.7,470,green_difference/PSM7,green_difference/PSM7,14.7,47.0,ACCEPT_PRIMARY,0
5761,236.96188679245282,0,,,,,,,,,,,14.7,47.0,UNSAMPLED,0
5762,237.0030188679245,0,,,,,,,,,,,14.7,47.0,UNSAMPLED,0
5763,237.0441509433962,0,,,,,,,,,,,14.7,47.0,UNSAMPLED,0
5764,237.08528301886793,0,,,,,,,,,,,14.7,47.0,UNSAMPLED,0
5765,237.12641509433962,0,,,,,,,,,,,14.7,47.0,UNSAMPLED,0
5766,237.16754716981131,0,,,,,,,,,,,14.7,47.0,UNSAMPLED,0
5767,237.208679245283,0,,,,,,,,,,,14.7,47.0,UNSAMPLED,0
5768,237.2498113207547,1,14.4,470.0,14.4,4700,14.8,47.0,14.80,470,green_channel_otsu/PSM7,hsv_green/PSM7,14.8,47.0,ACCEPT_RETRY,1
5769,237.2909433962264,0,,,,,,,,,,,14.8,47.0,UNSAMPLED,0
5770,237.3320754716981,0,,,,,,,,,,,14.8,47.0,UNSAMPLED,0
5771,237.3732075471698,0,,,,,,,,,,,14.8,47.0,UNSAMPLED,0
5772,237.4143396226415,0,,,,,,,,,,,14.8,47.0,UNSAMPLED,0
5773,237.4554716981132,0,,,,,,,,,,,14.8,47.0,UNSAMPLED,0
5774,237.4966037735849,0,,,,,,,,,,,14.8,47.0,UNSAMPLED,0
5775,237.5377358490566,0,,,,,,,,,,,14.8,47.0,UNSAMPLED,0
5776,237.57886792452828,1,14.4,470.0,14.4,4700,14.8,47.0,14.80,470,gray_otsu/PSM7,hsv_green/PSM7,14.8,47.0,ACCEPT_RETRY,1
5777,237.61999999999998,0,,,,,,,,,,,14.8,47.0,UNSAMPLED,0
5778,237.6611320754717,0,,,,,,,,,,,14.8,47.0,UNSAMPLED,0
5779,237.7022641509434,0,,,,,,,,,,,14.8,47.0,UNSAMPLED,0
5780,237.7433962264151,0,,,,,,,,,,,14.8,47.0,UNSAMPLED,0
5781,237.78452830188678,0,,,,,,,,,,,14.8,47.0,UNSAMPLED,0
5782,237.82566037735847,0,,,,,,,,,,,14.8,47.0,UNSAMPLED,0
5783,237.86679245283017,0,,,,,,,,,,,14.8,47.0,UNSAMPLED,0
5784,237.90792452830186,1,14.8,45.6,14.8,45.6,14.8,45.6,14.8,45.6,green_difference/PSM7,green_difference/PSM7,14.8,45.6,ACCEPT_PRIMARY,0
5785,237.94905660377358,0,,,,,,,,,,,14.8,45.6,UNSAMPLED,0
5786,237.99018867924528,0,,,,,,,,,,,14.8,45.6,UNSAMPLED,0
5787,238.03132075471697,0,,,,,,,,,,,14.8,45.6,UNSAMPLED,0
5788,238.07245283018867,0,,,,,,,,,,,14.8,45.6,UNSAMPLED,0
5789,238.11358490566036,0,,,,,,,,,,,14.8,45.6,UNSAMPLED,0
5790,238.15471698113205,0,,,,,,,,,,,14.8,45.6,UNSAMPLED,0
5791,238.19584905660375,0,,,,,,,,,,,14.8,45.6,UNSAMPLED,0
5792,238.23698113207547,1,4.8,46.6,4.80,466,14.8,46.6,14.80,46.6,green_channel_otsu/PSM7,hsv_green/PSM7,14.8,46.6,ACCEPT_RETRY,1
5793,238.27811320754716,0,,,,,,,,,,,14.8,46.6,UNSAMPLED,0
5794,238.31924528301886,0,,,,,,,,,,,14.8,46.6,UNSAMPLED,0
5795,238.36037735849055,0,,,,,,,,,,,14.8,46.6,UNSAMPLED,0
5796,238.40150943396225,0,,,,,,,,,,,14.8,46.6,UNSAMPLED,0
5797,238.44264150943394,0,,,,,,,,,,,14.8,46.6,UNSAMPLED,0
5798,238.48377358490563,0,,,,,,,,,,,14.8,46.6,UNSAMPLED,0
5799,238.52490566037736,0,,,,,,,,,,,14.8,46.6,UNSAMPLED,0
5800,238.56603773584905,1,15.0,45.0,15.0,45.0,15.0,45.0,15.0,45.0,green_difference/PSM7,green_difference/PSM7,15.0,45.0,ACCEPT_PRIMARY,0
5801,238.60716981132074,0,,,,,,,,,,,15.0,45.0,UNSAMPLED,0
5802,238.64830188679244,0,,,,,,,,,,,15.0,45.0,UNSAMPLED,0
5803,238.68943396226413,0,,,,,,,,,,,15.0,45.0,UNSAMPLED,0
5804,238.73056603773583,0,,,,,,,,,,,15.0,45.0,UNSAMPLED,0
5805,238.77169811320755,0,,,,,,,,,,,15.0,45.0,UNSAMPLED,0
5806,238.81283018867924,0,,,,,,,,,,,15.0,45.0,UNSAMPLED,0
5807,238.85396226415094,0,,,,,,,,,,,15.0,45.0,UNSAMPLED,0
5808,238.89509433962263,1,15.0,465.8,15.0,465.8,15.0,46.8,15.0,46.8,green_difference/PSM7,hsv_green/PSM7,15.0,46.8,ACCEPT_RETRY,1
5809,238.93622641509432,0,,,,,,,,,,,15.0,46.8,UNSAMPLED,0
5810,238.97735849056602,0,,,,,,,,,,,15.0,46.8,UNSAMPLED,0
5811,239.0184905660377,0,,,,,,,,,,,15.0,46.8,UNSAMPLED,0
5812,239.05962264150943,0,,,,,,,,,,,15.0,46.8,UNSAMPLED,0
5813,239.10075471698113,0,,,,,,,,,,,15.0,46.8,UNSAMPLED,0
5814,239.14188679245282,0,,,,,,,,,,,15.0,46.8,UNSAMPLED,0
5815,239.18301886792452,0,,,,,,,,,,,15.0,46.8,UNSAMPLED,0
5816,239.2241509433962,1,149.8,47.0,1498,470,14.9,47.0,14.9,470,green_channel_otsu/PSM7,green_difference/PSM7,14.9,47.0,ACCEPT_RETRY,1
5817,239.2652830188679,0,,,,,,,,,,,14.9,47.0,UNSAMPLED,0
5818,239.3064150943396,0,,,,,,,,,,,14.9,47.0,UNSAMPLED,0
5819,239.34754716981132,0,,,,,,,,,,,14.9,47.0,UNSAMPLED,0
5820,239.38867924528302,0,,,,,,,,,,,14.9,47.0,UNSAMPLED,0
5821,239.4298113207547,0,,,,,,,,,,,14.9,47.0,UNSAMPLED,0
5822,239.4709433962264,0,,,,,,,,,,,14.9,47.0,UNSAMPLED,0
5823,239.5120754716981,0,,,,,,,,,,,14.9,47.0,UNSAMPLED,0
5824,239.5532075471698,1,14.8,46.9,148,469,14.8,46.9,148,469,green_difference/PSM7,green_difference/PSM7,14.8,46.9,ACCEPT_PRIMARY,0
5825,239.59433962264148,0,,,,,,,,,,,14.8,46.9,UNSAMPLED,0
5826,239.6354716981132,0,,,,,,,,,,,14.8,46.9,UNSAMPLED,0
5827,239.6766037735849,0,,,,,,,,,,,14.8,46.9,UNSAMPLED,0
5828,239.7177358490566,0,,,,,,,,,,,14.8,46.9,UNSAMPLED,0
5829,239.7588679245283,0,,,,,,,,,,,14.8,46.9,UNSAMPLED,0
5830,239.79999999999998,0,,,,,,,,,,,14.8,46.9,UNSAMPLED,0
5831,239.84113207547168,0,,,,,,,,,,,14.8,46.9,UNSAMPLED,0
5832,239.88226415094337,1,15.0,46.9,15.0,469,15.0,46.9,15.0,469,green_difference/PSM7,green_difference/PSM7,15.0,46.9,ACCEPT_PRIMARY,0
5833,239.9233962264151,0,,,,,,,,,,,15.0,46.9,UNSAMPLED,0
5834,239.9645283018868,0,,,,,,,,,,,15.0,46.9,UNSAMPLED,0
5835,240.00566037735848,0,,,,,,,,,,,15.0,46.9,UNSAMPLED,0
5836,240.04679245283018,0,,,,,,,,,,,15.0,46.9,UNSAMPLED,0
5837,240.08792452830187,0,,,,,,,,,,,15.0,46.9,UNSAMPLED,0
5838,240.12905660377356,0,,,,,,,,,,,15.0,46.9,UNSAMPLED,0
5839,240.17018867924526,0,,,,,,,,,,,15.0,46.9,UNSAMPLED,0
5840,240.21132075471698,1,15.0,45.7,15.0,457,15.0,45.7,15.0,457,green_difference/PSM7,green_difference/PSM7,15.0,45.7,ACCEPT_PRIMARY,0
5841,240.25245283018867,0,,,,,,,,,,,15.0,45.7,UNSAMPLED,0
5842,240.29358490566037,0,,,,,,,,,,,15.0,45.7,UNSAMPLED,0
5843,240.33471698113206,0,,,,,,,,,,,15.0,45.7,UNSAMPLED,0
5844,240.37584905660376,0,,,,,,,,,,,15.0,45.7,UNSAMPLED,0
5845,240.41698113207545,0,,,,,,,,,,,15.0,45.7,UNSAMPLED,0
5846,240.45811320754717,0,,,,,,,,,,,15.0,45.7,UNSAMPLED,0
5847,240.49924528301887,0,,,,,,,,,,,15.0,45.7,UNSAMPLED,0
5848,240.54037735849056,1,19.0,462.0,19.0,4620,15.0,46.2,150.,46.2,green_difference/PSM8,green_channel_otsu/PSM7,15.0,46.2,ACCEPT_RETRY,1
5849,240.58150943396225,0,,,,,,,,,,,15.0,46.2,UNSAMPLED,0
5850,240.62264150943395,0,,,,,,,,,,,15.0,46.2,UNSAMPLED,0
5851,240.66377358490564,0,,,,,,,,,,,15.0,46.2,UNSAMPLED,0
5852,240.70490566037734,0,,,,,,,,,,,15.0,46.2,UNSAMPLED,0
5853,240.74603773584906,0,,,,,,,,,,,15.0,46.2,UNSAMPLED,0
5854,240.78716981132075,0,,,,,,,,,,,15.0,46.2,UNSAMPLED,0
5855,240.82830188679245,0,,,,,,,,,,,15.0,46.2,UNSAMPLED,0
5856,240.86943396226414,1,19.0,462.0,19.0,4620,15.0,46.2,150.,46.20,green_difference/PSM8,gray_otsu/PSM7,15.0,46.2,ACCEPT_RETRY,1
5857,240.91056603773583,0,,,,,,,,,,,15.0,46.2,UNSAMPLED,0
5858,240.95169811320753,0,,,,,,,,,,,15.0,46.2,UNSAMPLED,0
5859,240.99283018867922,0,,,,,,,,,,,15.0,46.2,UNSAMPLED,0
5860,241.03396226415094,0,,,,,,,,,,,15.0,46.2,UNSAMPLED,0
5861,241.07509433962264,0,,,,,,,,,,,15.0,46.2,UNSAMPLED,0
5862,241.11622641509433,0,,,,,,,,,,,15.0,46.2,UNSAMPLED,0
5863,241.15735849056603,0,,,,,,,,,,,15.0,46.2,UNSAMPLED,0
5864,241.19849056603772,1,,455.0,1,4550,15.1,46.5,15.1,46.50,green_channel_otsu/PSM7,hsv_green/PSM7,15.1,46.5,ACCEPT_RETRY,1
5865,241.2396226415094,0,,,,,,,,,,,15.1,46.5,UNSAMPLED,0
5866,241.2807547169811,0,,,,,,,,,,,15.1,46.5,UNSAMPLED,0
5867,241.32188679245283,0,,,,,,,,,,,15.1,46.5,UNSAMPLED,0
5868,241.36301886792452,0,,,,,,,,,,,15.1,46.5,UNSAMPLED,0
5869,241.40415094339622,0,,,,,,,,,,,15.1,46.5,UNSAMPLED,0
5870,241.4452830188679,0,,,,,,,,,,,15.1,46.5,UNSAMPLED,0
5871,241.4864150943396,0,,,,,,,,,,,15.1,46.5,UNSAMPLED,0
5872,241.5275471698113,1,,465.0,1,4650,15.1,46.5,15.1,46.5,green_channel_otsu/PSM7,green_channel_otsu/PSM7,15.1,46.5,ACCEPT_RETRY,1
5873,241.568679245283,0,,,,,,,,,,,15.1,46.5,UNSAMPLED,0
5874,241.60981132075472,0,,,,,,,,,,,15.1,46.5,UNSAMPLED,0
5875,241.6509433962264,0,,,,,,,,,,,15.1,46.5,UNSAMPLED,0
5876,241.6920754716981,0,,,,,,,,,,,15.1,46.5,UNSAMPLED,0
5877,241.7332075471698,0,,,,,,,,,,,15.1,46.5,UNSAMPLED,0
5878,241.7743396226415,0,,,,,,,,,,,15.1,46.5,UNSAMPLED,0
5879,241.81547169811319,0,,,,,,,,,,,15.1,46.5,UNSAMPLED,0
5880,241.85660377358488,1,15.8,464.0,15.8,4640,15.8,46.4,15.8,46.4,green_difference/PSM7,hsv_green/PSM7,15.8,46.4,ACCEPT_RETRY,1
5881,241.8977358490566,0,,,,,,,,,,,15.8,46.4,UNSAMPLED,0
5882,241.9388679245283,0,,,,,,,,,,,15.8,46.4,UNSAMPLED,0
5883,241.98,0,,,,,,,,,,,15.8,46.4,UNSAMPLED,0
5884,242.02113207547168,0,,,,,,,,,,,15.8,46.4,UNSAMPLED,0
5885,242.06226415094338,0,,,,,,,,,,,15.8,46.4,UNSAMPLED,0
5886,242.10339622641507,0,,,,,,,,,,,15.8,46.4,UNSAMPLED,0
5887,242.1445283018868,0,,,,,,,,,,,15.8,46.4,UNSAMPLED,0
5888,242.1856603773585,1,15.48,45.5,15.48,455,15.48,45.5,15.48,455,green_difference/PSM7,green_difference/PSM7,15.48,45.5,ACCEPT_PRIMARY,0
5889,242.22679245283018,0,,,,,,,,,,,15.48,45.5,UNSAMPLED,0
5890,242.26792452830188,0,,,,,,,,,,,15.48,45.5,UNSAMPLED,0
5891,242.30905660377357,0,,,,,,,,,,,15.48,45.5,UNSAMPLED,0
5892,242.35018867924526,0,,,,,,,,,,,15.48,45.5,UNSAMPLED,0
5893,242.39132075471696,0,,,,,,,,,,,15.48,45.5,UNSAMPLED,0
5894,242.43245283018868,0,,,,,,,,,,,15.48,45.5,UNSAMPLED,0
5895,242.47358490566037,0,,,,,,,,,,,15.48,45.5,UNSAMPLED,0
5896,242.51471698113207,1,,47.7,7,477,,,,,,,15.48,45.5,HOLD_PREVIOUS,1
5897,242.55584905660376,0,,,,,,,,,,,15.48,45.5,UNSAMPLED,0
5898,242.59698113207546,0,,,,,,,,,,,15.48,45.5,UNSAMPLED,0
5899,242.63811320754715,0,,,,,,,,,,,15.48,45.5,UNSAMPLED,0
5900,242.67924528301884,0,,,,,,,,,,,15.48,45.5,UNSAMPLED,0
5901,242.72037735849057,0,,,,,,,,,,,15.48,45.5,UNSAMPLED,0
5902,242.76150943396226,0,,,,,,,,,,,15.48,45.5,UNSAMPLED,0
5903,242.80264150943395,0,,,,,,,,,,,15.48,45.5,UNSAMPLED,0
5904,242.84377358490565,1,15.7,481.0,157,4810,,,,,,,15.48,45.5,HOLD_PREVIOUS,1
5905,242.88490566037734,0,,,,,,,,,,,15.48,45.5,UNSAMPLED,0
5906,242.92603773584904,0,,,,,,,,,,,15.48,45.5,UNSAMPLED,0
5907,242.96716981132073,0,,,,,,,,,,,15.48,45.5,UNSAMPLED,0
5908,243.00830188679245,0,,,,,,,,,,,15.48,45.5,UNSAMPLED,0
5909,243.04943396226415,0,,,,,,,,,,,15.48,45.5,UNSAMPLED,0
5910,243.09056603773584,0,,,,,,,,,,,15.48,45.5,UNSAMPLED,0
5911,243.13169811320753,0,,,,,,,,,,,15.48,45.5,UNSAMPLED,0
5912,243.17283018867923,1,15.7,471.7,157,4717,,,,,,,15.48,45.5,HOLD_PREVIOUS,1
5913,243.21396226415092,0,,,,,,,,,,,15.48,45.5,UNSAMPLED,0
5914,243.25509433962262,0,,,,,,,,,,,15.48,45.5,UNSAMPLED,0
5915,243.29622641509434,0,,,,,,,,,,,15.48,45.5,UNSAMPLED,0
5916,243.33735849056603,0,,,,,,,,,,,15.48,45.5,UNSAMPLED,0
5917,243.37849056603773,0,,,,,,,,,,,15.48,45.5,UNSAMPLED,0
5918,243.41962264150942,0,,,,,,,,,,,15.48,45.5,UNSAMPLED,0
5919,243.4607547169811,0,,,,,,,,,,,15.48,45.5,UNSAMPLED,0
5920,243.5018867924528,1,15.7,47.1,157,471,15.7,47.1,157,471,green_difference/PSM7,green_difference/PSM7,15.7,47.1,ACCEPT_PRIMARY,0
5921,243.5430188679245,0,,,,,,,,,,,15.7,47.1,UNSAMPLED,0
5922,243.58415094339622,0,,,,,,,,,,,15.7,47.1,UNSAMPLED,0
5923,243.62528301886792,0,,,,,,,,,,,15.7,47.1,UNSAMPLED,0
5924,243.6664150943396,0,,,,,,,,,,,15.7,47.1,UNSAMPLED,0
5925,243.7075471698113,0,,,,,,,,,,,15.7,47.1,UNSAMPLED,0
5926,243.748679245283,0,,,,,,,,,,,15.7,47.1,UNSAMPLED,0
5927,243.7898113207547,0,,,,,,,,,,,15.7,47.1,UNSAMPLED,0
5928,243.83094339622642,1,,473.0,57,4730,15.7,47.3,15.7,47.30,green_channel_otsu/PSM7,green_channel_otsu/PSM7,15.7,47.3,ACCEPT_RETRY,1
5929,243.8720754716981,0,,,,,,,,,,,15.7,47.3,UNSAMPLED,0
5930,243.9132075471698,0,,,,,,,,,,,15.7,47.3,UNSAMPLED,0
5931,243.9543396226415,0,,,,,,,,,,,15.7,47.3,UNSAMPLED,0
5932,243.9954716981132,0,,,,,,,,,,,15.7,47.3,UNSAMPLED,0
5933,244.0366037735849,0,,,,,,,,,,,15.7,47.3,UNSAMPLED,0
5934,244.07773584905658,0,,,,,,,,,,,15.7,47.3,UNSAMPLED,0
5935,244.1188679245283,0,,,,,,,,,,,15.7,47.3,UNSAMPLED,0
5936,244.16,1,15.7,473.0,15.7,4730,15.7,47.3,15.7,47.30,green_difference/PSM7,gray_otsu/PSM7,15.7,47.3,ACCEPT_RETRY,1
5937,244.2011320754717,0,,,,,,,,,,,15.7,47.3,UNSAMPLED,0
5938,244.24226415094338,0,,,,,,,,,,,15.7,47.3,UNSAMPLED,0
5939,244.28339622641508,0,,,,,,,,,,,15.7,47.3,UNSAMPLED,0
5940,244.32452830188677,0,,,,,,,,,,,15.7,47.3,UNSAMPLED,0
5941,244.36566037735847,0,,,,,,,,,,,15.7,47.3,UNSAMPLED,0
5942,244.4067924528302,0,,,,,,,,,,,15.7,47.3,UNSAMPLED,0
5943,244.44792452830188,0,,,,,,,,,,,15.7,47.3,UNSAMPLED,0
5944,244.48905660377358,1,15.7,45.9,15.7,459,15.7,45.9,15.7,459,green_difference/PSM7,green_difference/PSM7,15.7,45.9,ACCEPT_PRIMARY,0
5945,244.53018867924527,0,,,,,,,,,,,15.7,45.9,UNSAMPLED,0
5946,244.57132075471696,0,,,,,,,,,,,15.7,45.9,UNSAMPLED,0
5947,244.61245283018866,0,,,,,,,,,,,15.7,45.9,UNSAMPLED,0
5948,244.65358490566035,0,,,,,,,,,,,15.7,45.9,UNSAMPLED,0
5949,244.69471698113207,0,,,,,,,,,,,15.7,45.9,UNSAMPLED,0
5950,244.73584905660377,0,,,,,,,,,,,15.7,45.9,UNSAMPLED,0
5951,244.77698113207546,0,,,,,,,,,,,15.7,45.9,UNSAMPLED,0
5952,244.81811320754716,1,15.7,48.2,15.7,48.2,15.7,46.2,15.7,46.2,green_difference/PSM7,hsv_green/PSM7,15.7,46.2,ACCEPT_RETRY,1
5953,244.85924528301885,0,,,,,,,,,,,15.7,46.2,UNSAMPLED,0
5954,244.90037735849054,0,,,,,,,,,,,15.7,46.2,UNSAMPLED,0
5955,244.94150943396224,0,,,,,,,,,,,15.7,46.2,UNSAMPLED,0
5956,244.98264150943396,0,,,,,,,,,,,15.7,46.2,UNSAMPLED,0
5957,245.02377358490565,0,,,,,,,,,,,15.7,46.2,UNSAMPLED,0
5958,245.06490566037735,0,,,,,,,,,,,15.7,46.2,UNSAMPLED,0
5959,245.10603773584904,0,,,,,,,,,,,15.7,46.2,UNSAMPLED,0
5960,245.14716981132074,1,15.4,48.5,15.4,485,15.6,46.5,156,46.5,green_difference/PSM8,green_channel_otsu/PSM7,15.6,46.5,ACCEPT_RETRY,1
5961,245.18830188679243,0,,,,,,,,,,,15.6,46.5,UNSAMPLED,0
5962,245.22943396226412,0,,,,,,,,,,,15.6,46.5,UNSAMPLED,0
5963,245.27056603773585,0,,,,,,,,,,,15.6,46.5,UNSAMPLED,0
5964,245.31169811320754,0,,,,,,,,,,,15.6,46.5,UNSAMPLED,0
5965,245.35283018867923,0,,,,,,,,,,,15.6,46.5,UNSAMPLED,0
5966,245.39396226415093,0,,,,,,,,,,,15.6,46.5,UNSAMPLED,0
5967,245.43509433962262,0,,,,,,,,,,,15.6,46.5,UNSAMPLED,0
5968,245.47622641509432,1,15.8,48.5,158,485,15.8,48.5,158,485,green_difference/PSM7,green_difference/PSM7,15.8,48.5,ACCEPT_PRIMARY,0
5969,245.51735849056604,0,,,,,,,,,,,15.8,48.5,UNSAMPLED,0
5970,245.55849056603773,0,,,,,,,,,,,15.8,48.5,UNSAMPLED,0
5971,245.59962264150943,0,,,,,,,,,,,15.8,48.5,UNSAMPLED,0
5972,245.64075471698112,0,,,,,,,,,,,15.8,48.5,UNSAMPLED,0
5973,245.68188679245281,0,,,,,,,,,,,15.8,48.5,UNSAMPLED,0
5974,245.7230188679245,0,,,,,,,,,,,15.8,48.5,UNSAMPLED,0
5975,245.7641509433962,0,,,,,,,,,,,15.8,48.5,UNSAMPLED,0
5976,245.80528301886793,1,15.47,46.5,15.47,465,15.47,46.5,15.47,465,green_difference/PSM7,green_difference/PSM7,15.47,46.5,ACCEPT_PRIMARY,0
5977,245.84641509433962,0,,,,,,,,,,,15.47,46.5,UNSAMPLED,0
5978,245.8875471698113,0,,,,,,,,,,,15.47,46.5,UNSAMPLED,0
5979,245.928679245283,0,,,,,,,,,,,15.47,46.5,UNSAMPLED,0
5980,245.9698113207547,0,,,,,,,,,,,15.47,46.5,UNSAMPLED,0
5981,246.0109433962264,0,,,,,,,,,,,15.47,46.5,UNSAMPLED,0
5982,246.0520754716981,0,,,,,,,,,,,15.47,46.5,UNSAMPLED,0
5983,246.0932075471698,0,,,,,,,,,,,15.47,46.5,UNSAMPLED,0
5984,246.1343396226415,1,154.2,46.4,1542,46.4,15.8,46.4,158,46.4,green_difference/PSM8,green_difference/PSM7,15.8,46.4,ACCEPT_RETRY,1
5985,246.1754716981132,0,,,,,,,,,,,15.8,46.4,UNSAMPLED,0
5986,246.2166037735849,0,,,,,,,,,,,15.8,46.4,UNSAMPLED,0
5987,246.2577358490566,0,,,,,,,,,,,15.8,46.4,UNSAMPLED,0
5988,246.29886792452828,0,,,,,,,,,,,15.8,46.4,UNSAMPLED,0
5989,246.33999999999997,0,,,,,,,,,,,15.8,46.4,UNSAMPLED,0
5990,246.3811320754717,0,,,,,,,,,,,15.8,46.4,UNSAMPLED,0
5991,246.4222641509434,0,,,,,,,,,,,15.8,46.4,UNSAMPLED,0
5992,246.46339622641509,1,19.8,46.5,19.8,465,15.9,46.5,159.,46.5,green_difference/PSM8,green_channel_otsu/PSM7,15.9,46.5,ACCEPT_RETRY,1
5993,246.50452830188678,0,,,,,,,,,,,15.9,46.5,UNSAMPLED,0
5994,246.54566037735847,0,,,,,,,,,,,15.9,46.5,UNSAMPLED,0
5995,246.58679245283017,0,,,,,,,,,,,15.9,46.5,UNSAMPLED,0
5996,246.62792452830186,0,,,,,,,,,,,15.9,46.5,UNSAMPLED,0
5997,246.66905660377358,0,,,,,,,,,,,15.9,46.5,UNSAMPLED,0
5998,246.71018867924528,0,,,,,,,,,,,15.9,46.5,UNSAMPLED,0
5999,246.75132075471697,0,,,,,,,,,,,15.9,46.5,UNSAMPLED,0
6000,246.79245283018867,1,19.8,45.7,19.8,457,15.9,46.7,159.,46.7,green_difference/PSM8,green_channel_otsu/PSM7,15.9,46.7,ACCEPT_RETRY,1
6001,246.83358490566036,0,,,,,,,,,,,15.9,46.7,UNSAMPLED,0
6002,246.87471698113205,0,,,,,,,,,,,15.9,46.7,UNSAMPLED,0
6003,246.91584905660375,0,,,,,,,,,,,15.9,46.7,UNSAMPLED,0
6004,246.95698113207547,0,,,,,,,,,,,15.9,46.7,UNSAMPLED,0
6005,246.99811320754716,0,,,,,,,,,,,15.9,46.7,UNSAMPLED,0
6006,247.03924528301886,0,,,,,,,,,,,15.9,46.7,UNSAMPLED,0
6007,247.08037735849055,0,,,,,,,,,,,15.9,46.7,UNSAMPLED,0
6008,247.12150943396225,1,16.0,474.0,16.0,4740,16.0,47.4,16.0,474,green_difference/PSM7,hsv_green/PSM7,16.0,47.4,ACCEPT_RETRY,1
6009,247.16264150943394,0,,,,,,,,,,,16.0,47.4,UNSAMPLED,0
6010,247.20377358490566,0,,,,,,,,,,,16.0,47.4,UNSAMPLED,0
6011,247.24490566037736,0,,,,,,,,,,,16.0,47.4,UNSAMPLED,0
6012,247.28603773584905,0,,,,,,,,,,,16.0,47.4,UNSAMPLED,0
6013,247.32716981132074,0,,,,,,,,,,,16.0,47.4,UNSAMPLED,0
6014,247.36830188679244,0,,,,,,,,,,,16.0,47.4,UNSAMPLED,0
6015,247.40943396226413,0,,,,,,,,,,,16.0,47.4,UNSAMPLED,0
6016,247.45056603773583,1,16.0,473.0,16.0,4730,16.0,47.3,16.0,47.30,green_difference/PSM7,gray_otsu/PSM7,16.0,47.3,ACCEPT_RETRY,1
6017,247.49169811320755,0,,,,,,,,,,,16.0,47.3,UNSAMPLED,0
6018,247.53283018867924,0,,,,,,,,,,,16.0,47.3,UNSAMPLED,0
6019,247.57396226415094,0,,,,,,,,,,,16.0,47.3,UNSAMPLED,0
6020,247.61509433962263,0,,,,,,,,,,,16.0,47.3,UNSAMPLED,0
6021,247.65622641509432,0,,,,,,,,,,,16.0,47.3,UNSAMPLED,0
6022,247.69735849056602,0,,,,,,,,,,,16.0,47.3,UNSAMPLED,0
6023,247.7384905660377,0,,,,,,,,,,,16.0,47.3,UNSAMPLED,0
6024,247.77962264150943,1,16.8,47.1,16.8,471,16.8,47.1,16.8,471,green_difference/PSM7,green_difference/PSM7,16.8,47.1,ACCEPT_PRIMARY,0
6025,247.82075471698113,0,,,,,,,,,,,16.8,47.1,UNSAMPLED,0
6026,247.86188679245282,0,,,,,,,,,,,16.8,47.1,UNSAMPLED,0
6027,247.90301886792452,0,,,,,,,,,,,16.8,47.1,UNSAMPLED,0
6028,247.9441509433962,0,,,,,,,,,,,16.8,47.1,UNSAMPLED,0
6029,247.9852830188679,0,,,,,,,,,,,16.8,47.1,UNSAMPLED,0
6030,248.0264150943396,0,,,,,,,,,,,16.8,47.1,UNSAMPLED,0
6031,248.06754716981132,0,,,,,,,,,,,16.8,47.1,UNSAMPLED,0
6032,248.108679245283,1,16.8,46.5,16.8,465,16.8,46.5,16.8,465,green_difference/PSM7,green_difference/PSM7,16.8,46.5,ACCEPT_PRIMARY,0
6033,248.1498113207547,0,,,,,,,,,,,16.8,46.5,UNSAMPLED,0
6034,248.1909433962264,0,,,,,,,,,,,16.8,46.5,UNSAMPLED,0
6035,248.2320754716981,0,,,,,,,,,,,16.8,46.5,UNSAMPLED,0
6036,248.2732075471698,0,,,,,,,,,,,16.8,46.5,UNSAMPLED,0
6037,248.31433962264148,0,,,,,,,,,,,16.8,46.5,UNSAMPLED,0
6038,248.3554716981132,0,,,,,,,,,,,16.8,46.5,UNSAMPLED,0
6039,248.3966037735849,0,,,,,,,,,,,16.8,46.5,UNSAMPLED,0
6040,248.4377358490566,1,15.9,474.0,15.9,4740,15.9,47.4,15.9,474,green_difference/PSM7,green_channel_otsu/PSM7,15.9,47.4,ACCEPT_RETRY,1
6041,248.4788679245283,0,,,,,,,,,,,15.9,47.4,UNSAMPLED,0
6042,248.51999999999998,0,,,,,,,,,,,15.9,47.4,UNSAMPLED,0
6043,248.56113207547168,0,,,,,,,,,,,15.9,47.4,UNSAMPLED,0
6044,248.60226415094337,0,,,,,,,,,,,15.9,47.4,UNSAMPLED,0
6045,248.6433962264151,0,,,,,,,,,,,15.9,47.4,UNSAMPLED,0
6046,248.6845283018868,0,,,,,,,,,,,15.9,47.4,UNSAMPLED,0
6047,248.72566037735848,0,,,,,,,,,,,15.9,47.4,UNSAMPLED,0
6048,248.76679245283017,1,15.9,470.0,15.9,4700,15.9,47.0,15.9,47.0,green_difference/PSM7,gray_adaptive/PSM7,15.9,47.0,ACCEPT_RETRY,1
6049,248.80792452830187,0,,,,,,,,,,,15.9,47.0,UNSAMPLED,0
6050,248.84905660377356,0,,,,,,,,,,,15.9,47.0,UNSAMPLED,0
6051,248.89018867924528,0,,,,,,,,,,,15.9,47.0,UNSAMPLED,0
6052,248.93132075471698,0,,,,,,,,,,,15.9,47.0,UNSAMPLED,0
6053,248.97245283018867,0,,,,,,,,,,,15.9,47.0,UNSAMPLED,0
6054,249.01358490566037,0,,,,,,,,,,,15.9,47.0,UNSAMPLED,0
6055,249.05471698113206,0,,,,,,,,,,,15.9,47.0,UNSAMPLED,0
6056,249.09584905660375,1,15.9,47.6,15.9,476,15.9,47.6,15.9,476,green_difference/PSM7,green_difference/PSM7,15.9,47.6,ACCEPT_PRIMARY,0
6057,249.13698113207545,0,,,,,,,,,,,15.9,47.6,UNSAMPLED,0
6058,249.17811320754717,0,,,,,,,,,,,15.9,47.6,UNSAMPLED,0
6059,249.21924528301886,0,,,,,,,,,,,15.9,47.6,UNSAMPLED,0
6060,249.26037735849056,0,,,,,,,,,,,15.9,47.6,UNSAMPLED,0
6061,249.30150943396225,0,,,,,,,,,,,15.9,47.6,UNSAMPLED,0
6062,249.34264150943395,0,,,,,,,,,,,15.9,47.6,UNSAMPLED,0
6063,249.38377358490564,0,,,,,,,,,,,15.9,47.6,UNSAMPLED,0
6064,249.42490566037733,1,15.9,473.0,15.9,4730,15.9,47.9,15.9,479,green_difference/PSM7,hsv_green/PSM7,15.9,47.9,ACCEPT_RETRY,1
6065,249.46603773584906,0,,,,,,,,,,,15.9,47.9,UNSAMPLED,0
6066,249.50716981132075,0,,,,,,,,,,,15.9,47.9,UNSAMPLED,0
6067,249.54830188679244,0,,,,,,,,,,,15.9,47.9,UNSAMPLED,0
6068,249.58943396226414,0,,,,,,,,,,,15.9,47.9,UNSAMPLED,0
6069,249.63056603773583,0,,,,,,,,,,,15.9,47.9,UNSAMPLED,0
6070,249.67169811320753,0,,,,,,,,,,,15.9,47.9,UNSAMPLED,0
6071,249.71283018867922,0,,,,,,,,,,,15.9,47.9,UNSAMPLED,0
6072,249.75396226415094,1,15.93,476.0,15.93,4760,15.9,47.6,15.9,476,green_channel_otsu/PSM7,green_difference/PSM8,15.9,47.6,ACCEPT_RETRY,1
6073,249.79509433962264,0,,,,,,,,,,,15.9,47.6,UNSAMPLED,0
6074,249.83622641509433,0,,,,,,,,,,,15.9,47.6,UNSAMPLED,0
6075,249.87735849056602,0,,,,,,,,,,,15.9,47.6,UNSAMPLED,0
6076,249.91849056603772,0,,,,,,,,,,,15.9,47.6,UNSAMPLED,0
6077,249.9596226415094,0,,,,,,,,,,,15.9,47.6,UNSAMPLED,0
6078,250.0007547169811,0,,,,,,,,,,,15.9,47.6,UNSAMPLED,0
6079,250.04188679245283,0,,,,,,,,,,,15.9,47.6,UNSAMPLED,0
6080,250.08301886792452,1,15.9,47.1,15.9,471,15.9,47.1,15.9,471,green_difference/PSM7,green_difference/PSM7,15.9,47.1,ACCEPT_PRIMARY,0
6081,250.12415094339622,0,,,,,,,,,,,15.9,47.1,UNSAMPLED,0
6082,250.1652830188679,0,,,,,,,,,,,15.9,47.1,UNSAMPLED,0
6083,250.2064150943396,0,,,,,,,,,,,15.9,47.1,UNSAMPLED,0
6084,250.2475471698113,0,,,,,,,,,,,15.9,47.1,UNSAMPLED,0
6085,250.288679245283,0,,,,,,,,,,,15.9,47.1,UNSAMPLED,0
6086,250.32981132075471,0,,,,,,,,,,,15.9,47.1,UNSAMPLED,0
6087,250.3709433962264,0,,,,,,,,,,,15.9,47.1,UNSAMPLED,0
6088,250.4120754716981,1,,471.0,10,4710,,,,,,,15.9,47.1,HOLD_PREVIOUS,1
6089,250.4532075471698,0,,,,,,,,,,,15.9,47.1,UNSAMPLED,0
6090,250.4943396226415,0,,,,,,,,,,,15.9,47.1,UNSAMPLED,0
6091,250.53547169811318,0,,,,,,,,,,,15.9,47.1,UNSAMPLED,0
6092,250.5766037735849,0,,,,,,,,,,,15.9,47.1,UNSAMPLED,0
6093,250.6177358490566,0,,,,,,,,,,,15.9,47.1,UNSAMPLED,0
6094,250.6588679245283,0,,,,,,,,,,,15.9,47.1,UNSAMPLED,0
6095,250.7,0,,,,,,,,,,,15.9,47.1,UNSAMPLED,0
6096,250.74113207547168,1,18.2,47.4,18.2,474,15.9,47.4,15.9,474,green_channel_otsu/PSM7,green_difference/PSM7,15.9,47.4,ACCEPT_RETRY,1
6097,250.78226415094338,0,,,,,,,,,,,15.9,47.4,UNSAMPLED,0
6098,250.82339622641507,0,,,,,,,,,,,15.9,47.4,UNSAMPLED,0
6099,250.8645283018868,0,,,,,,,,,,,15.9,47.4,UNSAMPLED,0
6100,250.9056603773585,0,,,,,,,,,,,15.9,47.4,UNSAMPLED,0
6101,250.94679245283018,0,,,,,,,,,,,15.9,47.4,UNSAMPLED,0
6102,250.98792452830187,0,,,,,,,,,,,15.9,47.4,UNSAMPLED,0
6103,251.02905660377357,0,,,,,,,,,,,15.9,47.4,UNSAMPLED,0
6104,251.07018867924526,1,18.2,47.4,18.2,474,15.9,47.4,15.9,474,green_channel_otsu/PSM7,green_difference/PSM7,15.9,47.4,ACCEPT_RETRY,1
6105,251.11132075471696,0,,,,,,,,,,,15.9,47.4,UNSAMPLED,0
6106,251.15245283018868,0,,,,,,,,,,,15.9,47.4,UNSAMPLED,0
6107,251.19358490566037,0,,,,,,,,,,,15.9,47.4,UNSAMPLED,0
6108,251.23471698113207,0,,,,,,,,,,,15.9,47.4,UNSAMPLED,0
6109,251.27584905660376,0,,,,,,,,,,,15.9,47.4,UNSAMPLED,0
6110,251.31698113207545,0,,,,,,,,,,,15.9,47.4,UNSAMPLED,0
6111,251.35811320754715,0,,,,,,,,,,,15.9,47.4,UNSAMPLED,0
6112,251.39924528301884,1,18.8,47.7,18.8,477,15.8,47.7,15.8,477,green_channel_otsu/PSM7,green_difference/PSM7,15.8,47.7,ACCEPT_RETRY,1
6113,251.44037735849057,0,,,,,,,,,,,15.8,47.7,UNSAMPLED,0
6114,251.48150943396226,0,,,,,,,,,,,15.8,47.7,UNSAMPLED,0
6115,251.52264150943395,0,,,,,,,,,,,15.8,47.7,UNSAMPLED,0
6116,251.56377358490565,0,,,,,,,,,,,15.8,47.7,UNSAMPLED,0
6117,251.60490566037734,0,,,,,,,,,,,15.8,47.7,UNSAMPLED,0
6118,251.64603773584903,0,,,,,,,,,,,15.8,47.7,UNSAMPLED,0
6119,251.68716981132073,0,,,,,,,,,,,15.8,47.7,UNSAMPLED,0
6120,251.72830188679245,1,18.2,472.0,18.2,4720,,,,,,,15.8,47.7,HOLD_PREVIOUS,1
6121,251.76943396226415,0,,,,,,,,,,,15.8,47.7,UNSAMPLED,0
6122,251.81056603773584,0,,,,,,,,,,,15.8,47.7,UNSAMPLED,0
6123,251.85169811320753,0,,,,,,,,,,,15.8,47.7,UNSAMPLED,0
6124,251.89283018867923,0,,,,,,,,,,,15.8,47.7,UNSAMPLED,0
6125,251.93396226415092,0,,,,,,,,,,,15.8,47.7,UNSAMPLED,0
6126,251.97509433962261,0,,,,,,,,,,,15.8,47.7,UNSAMPLED,0
6127,252.01622641509434,0,,,,,,,,,,,15.8,47.7,UNSAMPLED,0
6128,252.05735849056603,1,1.2,47.0,1.2,470,15.2,47.0,15.2,470,green_channel_otsu/PSM7,green_difference/PSM7,15.2,47.0,ACCEPT_RETRY,1
6129,252.09849056603773,0,,,,,,,,,,,15.2,47.0,UNSAMPLED,0
6130,252.13962264150942,0,,,,,,,,,,,15.2,47.0,UNSAMPLED,0
6131,252.1807547169811,0,,,,,,,,,,,15.2,47.0,UNSAMPLED,0
6132,252.2218867924528,0,,,,,,,,,,,15.2,47.0,UNSAMPLED,0
6133,252.26301886792453,0,,,,,,,,,,,15.2,47.0,UNSAMPLED,0
6134,252.30415094339622,0,,,,,,,,,,,15.2,47.0,UNSAMPLED,0
6135,252.34528301886792,0,,,,,,,,,,,15.2,47.0,UNSAMPLED,0
6136,252.3864150943396,1,15.0,45.9,15.0,45.9,15.0,45.9,15.0,45.9,green_difference/PSM7,green_difference/PSM7,15.0,45.9,ACCEPT_PRIMARY,0
6137,252.4275471698113,0,,,,,,,,,,,15.0,45.9,UNSAMPLED,0
6138,252.468679245283,0,,,,,,,,,,,15.0,45.9,UNSAMPLED,0
6139,252.5098113207547,0,,,,,,,,,,,15.0,45.9,UNSAMPLED,0
6140,252.55094339622642,0,,,,,,,,,,,15.0,45.9,UNSAMPLED,0
6141,252.5920754716981,0,,,,,,,,,,,15.0,45.9,UNSAMPLED,0
6142,252.6332075471698,0,,,,,,,,,,,15.0,45.9,UNSAMPLED,0
6143,252.6743396226415,0,,,,,,,,,,,15.0,45.9,UNSAMPLED,0
6144,252.7154716981132,1,15.0,45.7,15.0,457,15.0,45.7,15.0,457,green_difference/PSM7,green_difference/PSM7,15.0,45.7,ACCEPT_PRIMARY,0
6145,252.75660377358489,0,,,,,,,,,,,15.0,45.7,UNSAMPLED,0
6146,252.79773584905658,0,,,,,,,,,,,15.0,45.7,UNSAMPLED,0
6147,252.8388679245283,0,,,,,,,,,,,15.0,45.7,UNSAMPLED,0
6148,252.88,0,,,,,,,,,,,15.0,45.7,UNSAMPLED,0
6149,252.9211320754717,0,,,,,,,,,,,15.0,45.7,UNSAMPLED,0
6150,252.96226415094338,0,,,,,,,,,,,15.0,45.7,UNSAMPLED,0
6151,253.00339622641508,0,,,,,,,,,,,15.0,45.7,UNSAMPLED,0
6152,253.04452830188677,1,15.0,45.7,15.0,457,15.0,45.7,15.0,457,green_difference/PSM7,green_difference/PSM7,15.0,45.7,ACCEPT_PRIMARY,0
6153,253.08566037735847,0,,,,,,,,,,,15.0,45.7,UNSAMPLED,0
6154,253.1267924528302,0,,,,,,,,,,,15.0,45.7,UNSAMPLED,0
6155,253.16792452830188,0,,,,,,,,,,,15.0,45.7,UNSAMPLED,0
6156,253.20905660377358,0,,,,,,,,,,,15.0,45.7,UNSAMPLED,0
6157,253.25018867924527,0,,,,,,,,,,,15.0,45.7,UNSAMPLED,0
6158,253.29132075471696,0,,,,,,,,,,,15.0,45.7,UNSAMPLED,0
6159,253.33245283018866,0,,,,,,,,,,,15.0,45.7,UNSAMPLED,0
6160,253.37358490566035,1,15.1,46.2,151,46.20,15.1,46.2,151,46.20,green_difference/PSM7,green_difference/PSM7,15.1,46.2,ACCEPT_PRIMARY,0
6161,253.41471698113207,0,,,,,,,,,,,15.1,46.2,UNSAMPLED,0
6162,253.45584905660377,0,,,,,,,,,,,15.1,46.2,UNSAMPLED,0
6163,253.49698113207546,0,,,,,,,,,,,15.1,46.2,UNSAMPLED,0
6164,253.53811320754716,0,,,,,,,,,,,15.1,46.2,UNSAMPLED,0
6165,253.57924528301885,0,,,,,,,,,,,15.1,46.2,UNSAMPLED,0
6166,253.62037735849054,0,,,,,,,,,,,15.1,46.2,UNSAMPLED,0
6167,253.66150943396224,0,,,,,,,,,,,15.1,46.2,UNSAMPLED,0
6168,253.70264150943396,1,15.1,46.2,151,46.20,15.1,46.2,151,46.20,green_difference/PSM7,green_difference/PSM7,15.1,46.2,ACCEPT_PRIMARY,0
6169,253.74377358490565,0,,,,,,,,,,,15.1,46.2,UNSAMPLED,0
6170,253.78490566037735,0,,,,,,,,,,,15.1,46.2,UNSAMPLED,0
6171,253.82603773584904,0,,,,,,,,,,,15.1,46.2,UNSAMPLED,0
6172,253.86716981132074,0,,,,,,,,,,,15.1,46.2,UNSAMPLED,0
6173,253.90830188679243,0,,,,,,,,,,,15.1,46.2,UNSAMPLED,0
6174,253.94943396226415,0,,,,,,,,,,,15.1,46.2,UNSAMPLED,0
6175,253.99056603773585,0,,,,,,,,,,,15.1,46.2,UNSAMPLED,0
6176,254.03169811320754,1,15.1,471.0,151,4710,15.1,47.1,15.1,47.1,green_channel_otsu/PSM7,hsv_green/PSM7,15.1,47.1,ACCEPT_RETRY,1
6177,254.07283018867923,0,,,,,,,,,,,15.1,47.1,UNSAMPLED,0
6178,254.11396226415093,0,,,,,,,,,,,15.1,47.1,UNSAMPLED,0
6179,254.15509433962262,0,,,,,,,,,,,15.1,47.1,UNSAMPLED,0
6180,254.19622641509432,0,,,,,,,,,,,15.1,47.1,UNSAMPLED,0
6181,254.23735849056604,0,,,,,,,,,,,15.1,47.1,UNSAMPLED,0
6182,254.27849056603773,0,,,,,,,,,,,15.1,47.1,UNSAMPLED,0
6183,254.31962264150943,0,,,,,,,,,,,15.1,47.1,UNSAMPLED,0
6184,254.36075471698112,1,15.1,471.0,151,4710,,,,,,,15.1,47.1,HOLD_PREVIOUS,1
6185,254.4018867924528,0,,,,,,,,,,,15.1,47.1,UNSAMPLED,0
6186,254.4430188679245,0,,,,,,,,,,,15.1,47.1,UNSAMPLED,0
6187,254.4841509433962,0,,,,,,,,,,,15.1,47.1,UNSAMPLED,0
6188,254.52528301886792,0,,,,,,,,,,,15.1,47.1,UNSAMPLED,0
6189,254.56641509433962,0,,,,,,,,,,,15.1,47.1,UNSAMPLED,0
6190,254.6075471698113,0,,,,,,,,,,,15.1,47.1,UNSAMPLED,0
6191,254.648679245283,0,,,,,,,,,,,15.1,47.1,UNSAMPLED,0
6192,254.6898113207547,1,15.3,4747.0,15.3,47470,15.3,47.4,15.3,474,green_difference/PSM7,hsv_green/PSM7,15.3,47.4,ACCEPT_RETRY,1
6193,254.7309433962264,0,,,,,,,,,,,15.3,47.4,UNSAMPLED,0
6194,254.7720754716981,0,,,,,,,,,,,15.3,47.4,UNSAMPLED,0
6195,254.8132075471698,0,,,,,,,,,,,15.3,47.4,UNSAMPLED,0
6196,254.8543396226415,0,,,,,,,,,,,15.3,47.4,UNSAMPLED,0
6197,254.8954716981132,0,,,,,,,,,,,15.3,47.4,UNSAMPLED,0
6198,254.9366037735849,0,,,,,,,,,,,15.3,47.4,UNSAMPLED,0
6199,254.9777358490566,0,,,,,,,,,,,15.3,47.4,UNSAMPLED,0
6200,255.01886792452828,1,15.3,4747.0,15.3,47470,15.3,47.4,15.3,474,green_difference/PSM7,hsv_green/PSM7,15.3,47.4,ACCEPT_RETRY,1
6201,255.05999999999997,0,,,,,,,,,,,15.3,47.4,UNSAMPLED,0
6202,255.1011320754717,0,,,,,,,,,,,15.3,47.4,UNSAMPLED,0
6203,255.1422641509434,0,,,,,,,,,,,15.3,47.4,UNSAMPLED,0
6204,255.18339622641508,0,,,,,,,,,,,15.3,47.4,UNSAMPLED,0
6205,255.22452830188678,0,,,,,,,,,,,15.3,47.4,UNSAMPLED,0
6206,255.26566037735847,0,,,,,,,,,,,15.3,47.4,UNSAMPLED,0
6207,255.30679245283017,0,,,,,,,,,,,15.3,47.4,UNSAMPLED,0
6208,255.34792452830186,1,15.5,47.6,15.5,476,15.5,47.6,15.5,476,green_difference/PSM7,green_difference/PSM7,15.5,47.6,ACCEPT_PRIMARY,0
6209,255.38905660377358,0,,,,,,,,,,,15.5,47.6,UNSAMPLED,0
6210,255.43018867924528,0,,,,,,,,,,,15.5,47.6,UNSAMPLED,0
6211,255.47132075471697,0,,,,,,,,,,,15.5,47.6,UNSAMPLED,0
6212,255.51245283018866,0,,,,,,,,,,,15.5,47.6,UNSAMPLED,0
6213,255.55358490566036,0,,,,,,,,,,,15.5,47.6,UNSAMPLED,0
6214,255.59471698113205,0,,,,,,,,,,,15.5,47.6,UNSAMPLED,0
6215,255.63584905660377,0,,,,,,,,,,,15.5,47.6,UNSAMPLED,0
6216,255.67698113207547,1,15.5,47.6,15.5,476,15.5,47.6,15.5,476,green_difference/PSM7,green_difference/PSM7,15.5,47.6,ACCEPT_PRIMARY,0
6217,255.71811320754716,0,,,,,,,,,,,15.5,47.6,UNSAMPLED,0
6218,255.75924528301886,0,,,,,,,,,,,15.5,47.6,UNSAMPLED,0
6219,255.80037735849055,0,,,,,,,,,,,15.5,47.6,UNSAMPLED,0
6220,255.84150943396224,0,,,,,,,,,,,15.5,47.6,UNSAMPLED,0
6221,255.88264150943394,0,,,,,,,,,,,15.5,47.6,UNSAMPLED,0
6222,255.92377358490566,0,,,,,,,,,,,15.5,47.6,UNSAMPLED,0
6223,255.96490566037735,0,,,,,,,,,,,15.5,47.6,UNSAMPLED,0
6224,256.006037735849,1,15.5,46.5,15.5,465,15.5,46.5,15.5,465,green_difference/PSM7,green_difference/PSM7,15.5,46.5,ACCEPT_PRIMARY,0
6225,256.0471698113207,0,,,,,,,,,,,15.5,46.5,UNSAMPLED,0
6226,256.08830188679246,0,,,,,,,,,,,15.5,46.5,UNSAMPLED,0
6227,256.12943396226416,0,,,,,,,,,,,15.5,46.5,UNSAMPLED,0
6228,256.17056603773585,0,,,,,,,,,,,15.5,46.5,UNSAMPLED,0
6229,256.21169811320755,0,,,,,,,,,,,15.5,46.5,UNSAMPLED,0
6230,256.25283018867924,0,,,,,,,,,,,15.5,46.5,UNSAMPLED,0
6231,256.29396226415093,0,,,,,,,,,,,15.5,46.5,UNSAMPLED,0
6232,256.33509433962263,1,15.8,46.5,15.8,465,15.8,46.5,15.8,465,green_difference/PSM7,green_difference/PSM7,15.8,46.5,ACCEPT_PRIMARY,0
6233,256.3762264150943,0,,,,,,,,,,,15.8,46.5,UNSAMPLED,0
6234,256.417358490566,0,,,,,,,,,,,15.8,46.5,UNSAMPLED,0
6235,256.4584905660377,0,,,,,,,,,,,15.8,46.5,UNSAMPLED,0
6236,256.4996226415094,0,,,,,,,,,,,15.8,46.5,UNSAMPLED,0
6237,256.5407547169811,0,,,,,,,,,,,15.8,46.5,UNSAMPLED,0
6238,256.5818867924528,0,,,,,,,,,,,15.8,46.5,UNSAMPLED,0
6239,256.62301886792454,0,,,,,,,,,,,15.8,46.5,UNSAMPLED,0
6240,256.66415094339624,1,15.4,471.7,154,4717,,,,,,,15.8,46.5,HOLD_PREVIOUS,1
6241,256.70528301886793,0,,,,,,,,,,,15.8,46.5,UNSAMPLED,0
6242,256.7464150943396,0,,,,,,,,,,,15.8,46.5,UNSAMPLED,0
6243,256.7875471698113,0,,,,,,,,,,,15.8,46.5,UNSAMPLED,0
6244,256.828679245283,0,,,,,,,,,,,15.8,46.5,UNSAMPLED,0
6245,256.8698113207547,0,,,,,,,,,,,15.8,46.5,UNSAMPLED,0
6246,256.9109433962264,0,,,,,,,,,,,15.8,46.5,UNSAMPLED,0
6247,256.9520754716981,0,,,,,,,,,,,15.8,46.5,UNSAMPLED,0
6248,256.9932075471698,1,15.4,471.7,154,4717,15.4,47.1,15.4,471,green_channel_otsu/PSM7,hsv_green/PSM7,15.4,47.1,ACCEPT_RETRY,1
6249,257.0343396226415,0,,,,,,,,,,,15.4,47.1,UNSAMPLED,0
6250,257.0754716981132,0,,,,,,,,,,,15.4,47.1,UNSAMPLED,0
6251,257.11660377358487,0,,,,,,,,,,,15.4,47.1,UNSAMPLED,0
6252,257.15773584905656,0,,,,,,,,,,,15.4,47.1,UNSAMPLED,0
6253,257.1988679245283,0,,,,,,,,,,,15.4,47.1,UNSAMPLED,0
6254,257.24,0,,,,,,,,,,,15.4,47.1,UNSAMPLED,0
6255,257.2811320754717,0,,,,,,,,,,,15.4,47.1,UNSAMPLED,0
6256,257.3222641509434,1,15.3,45.9,15.3,45.9,15.3,45.9,15.3,45.9,green_difference/PSM7,green_difference/PSM7,15.3,45.9,ACCEPT_PRIMARY,0
6257,257.3633962264151,0,,,,,,,,,,,15.3,45.9,UNSAMPLED,0
6258,257.4045283018868,0,,,,,,,,,,,15.3,45.9,UNSAMPLED,0
6259,257.4456603773585,0,,,,,,,,,,,15.3,45.9,UNSAMPLED,0
6260,257.4867924528302,0,,,,,,,,,,,15.3,45.9,UNSAMPLED,0
6261,257.52792452830187,0,,,,,,,,,,,15.3,45.9,UNSAMPLED,0
6262,257.56905660377356,0,,,,,,,,,,,15.3,45.9,UNSAMPLED,0
6263,257.61018867924525,0,,,,,,,,,,,15.3,45.9,UNSAMPLED,0
6264,257.65132075471695,1,15.3,46.9,15.3,46.9,15.3,46.9,15.3,46.9,green_difference/PSM7,green_difference/PSM7,15.3,46.9,ACCEPT_PRIMARY,0
6265,257.69245283018864,0,,,,,,,,,,,15.3,46.9,UNSAMPLED,0
6266,257.73358490566034,0,,,,,,,,,,,15.3,46.9,UNSAMPLED,0
6267,257.7747169811321,0,,,,,,,,,,,15.3,46.9,UNSAMPLED,0
6268,257.8158490566038,0,,,,,,,,,,,15.3,46.9,UNSAMPLED,0
6269,257.8569811320755,0,,,,,,,,,,,15.3,46.9,UNSAMPLED,0
6270,257.89811320754717,0,,,,,,,,,,,15.3,46.9,UNSAMPLED,0
6271,257.93924528301886,0,,,,,,,,,,,15.3,46.9,UNSAMPLED,0
6272,257.98037735849056,1,15.3,46.9,15.3,46.9,15.3,46.9,15.3,46.9,green_difference/PSM7,green_difference/PSM7,15.3,46.9,ACCEPT_PRIMARY,0
6273,258.02150943396225,0,,,,,,,,,,,15.3,46.9,UNSAMPLED,0
6274,258.06264150943394,0,,,,,,,,,,,15.3,46.9,UNSAMPLED,0
6275,258.10377358490564,0,,,,,,,,,,,15.3,46.9,UNSAMPLED,0
6276,258.14490566037733,0,,,,,,,,,,,15.3,46.9,UNSAMPLED,0
6277,258.186037735849,0,,,,,,,,,,,15.3,46.9,UNSAMPLED,0
6278,258.2271698113207,0,,,,,,,,,,,15.3,46.9,UNSAMPLED,0
6279,258.2683018867924,0,,,,,,,,,,,15.3,46.9,UNSAMPLED,0
6280,258.30943396226417,1,19.2,46.8,19.20,46.8,15.2,46.8,15.2,46.8,green_channel_otsu/PSM7,green_difference/PSM7,15.2,46.8,ACCEPT_RETRY,1
6281,258.35056603773586,0,,,,,,,,,,,15.2,46.8,UNSAMPLED,0
6282,258.39169811320755,0,,,,,,,,,,,15.2,46.8,UNSAMPLED,0
6283,258.43283018867925,0,,,,,,,,,,,15.2,46.8,UNSAMPLED,0
6284,258.47396226415094,0,,,,,,,,,,,15.2,46.8,UNSAMPLED,0
6285,258.51509433962264,0,,,,,,,,,,,15.2,46.8,UNSAMPLED,0
6286,258.55622641509433,0,,,,,,,,,,,15.2,46.8,UNSAMPLED,0
6287,258.597358490566,0,,,,,,,,,,,15.2,46.8,UNSAMPLED,0
6288,258.6384905660377,1,15.2,472.0,15.20,4720,15.2,47.2,15.20,47.20,green_difference/PSM7,hsv_green/PSM7,15.2,47.2,ACCEPT_RETRY,1
6289,258.6796226415094,0,,,,,,,,,,,15.2,47.2,UNSAMPLED,0
6290,258.7207547169811,0,,,,,,,,,,,15.2,47.2,UNSAMPLED,0
6291,258.7618867924528,0,,,,,,,,,,,15.2,47.2,UNSAMPLED,0
6292,258.8030188679245,0,,,,,,,,,,,15.2,47.2,UNSAMPLED,0
6293,258.8441509433962,0,,,,,,,,,,,15.2,47.2,UNSAMPLED,0
6294,258.88528301886794,0,,,,,,,,,,,15.2,47.2,UNSAMPLED,0
6295,258.92641509433963,0,,,,,,,,,,,15.2,47.2,UNSAMPLED,0
6296,258.9675471698113,1,15.2,46.9,15.2,469,15.2,46.9,15.2,469,green_difference/PSM7,green_difference/PSM7,15.2,46.9,ACCEPT_PRIMARY,0
6297,259.008679245283,0,,,,,,,,,,,15.2,46.9,UNSAMPLED,0
6298,259.0498113207547,0,,,,,,,,,,,15.2,46.9,UNSAMPLED,0
6299,259.0909433962264,0,,,,,,,,,,,15.2,46.9,UNSAMPLED,0
6300,259.1320754716981,0,,,,,,,,,,,15.2,46.9,UNSAMPLED,0
6301,259.1732075471698,0,,,,,,,,,,,15.2,46.9,UNSAMPLED,0
6302,259.2143396226415,0,,,,,,,,,,,15.2,46.9,UNSAMPLED,0
6303,259.2554716981132,0,,,,,,,,,,,15.2,46.9,UNSAMPLED,0
6304,259.2966037735849,1,19.2,47.0,19.2,470,15.2,47.0,15.2,470,green_channel_otsu/PSM7,green_difference/PSM7,15.2,47.0,ACCEPT_RETRY,1
6305,259.33773584905657,0,,,,,,,,,,,15.2,47.0,UNSAMPLED,0
6306,259.37886792452827,0,,,,,,,,,,,15.2,47.0,UNSAMPLED,0
6307,259.41999999999996,0,,,,,,,,,,,15.2,47.0,UNSAMPLED,0
6308,259.4611320754717,0,,,,,,,,,,,15.2,47.0,UNSAMPLED,0
6309,259.5022641509434,0,,,,,,,,,,,15.2,47.0,UNSAMPLED,0
6310,259.5433962264151,0,,,,,,,,,,,15.2,47.0,UNSAMPLED,0
6311,259.5845283018868,0,,,,,,,,,,,15.2,47.0,UNSAMPLED,0
6312,259.6256603773585,1,19.2,4717.0,19.2,47170,,,,,,,15.2,47.0,HOLD_PREVIOUS,1
6313,259.6667924528302,0,,,,,,,,,,,15.2,47.0,UNSAMPLED,0
6314,259.7079245283019,0,,,,,,,,,,,15.2,47.0,UNSAMPLED,0
6315,259.74905660377357,0,,,,,,,,,,,15.2,47.0,UNSAMPLED,0
6316,259.79018867924526,0,,,,,,,,,,,15.2,47.0,UNSAMPLED,0
6317,259.83132075471696,0,,,,,,,,,,,15.2,47.0,UNSAMPLED,0
6318,259.87245283018865,0,,,,,,,,,,,15.2,47.0,UNSAMPLED,0
6319,259.91358490566034,0,,,,,,,,,,,15.2,47.0,UNSAMPLED,0
6320,259.95471698113204,1,15.4,47.2,15.4,472,15.4,47.2,15.4,472,green_difference/PSM7,green_difference/PSM7,15.4,47.2,ACCEPT_PRIMARY,0
6321,259.9958490566038,0,,,,,,,,,,,15.4,47.2,UNSAMPLED,0
6322,260.0369811320755,0,,,,,,,,,,,15.4,47.2,UNSAMPLED,0
6323,260.0781132075472,0,,,,,,,,,,,15.4,47.2,UNSAMPLED,0
6324,260.11924528301887,0,,,,,,,,,,,15.4,47.2,UNSAMPLED,0
6325,260.16037735849056,0,,,,,,,,,,,15.4,47.2,UNSAMPLED,0
6326,260.20150943396226,0,,,,,,,,,,,15.4,47.2,UNSAMPLED,0
6327,260.24264150943395,0,,,,,,,,,,,15.4,47.2,UNSAMPLED,0
6328,260.28377358490565,1,15.4,473.7,15.4,4737,15.4,47.3,15.4,473,green_difference/PSM7,green_channel_otsu/PSM7,15.4,47.3,ACCEPT_RETRY,1
6329,260.32490566037734,0,,,,,,,,,,,15.4,47.3,UNSAMPLED,0
6330,260.36603773584903,0,,,,,,,,,,,15.4,47.3,UNSAMPLED,0
6331,260.4071698113207,0,,,,,,,,,,,15.4,47.3,UNSAMPLED,0
6332,260.4483018867924,0,,,,,,,,,,,15.4,47.3,UNSAMPLED,0
6333,260.4894339622641,0,,,,,,,,,,,15.4,47.3,UNSAMPLED,0
6334,260.5305660377358,0,,,,,,,,,,,15.4,47.3,UNSAMPLED,0
6335,260.57169811320756,0,,,,,,,,,,,15.4,47.3,UNSAMPLED,0
6336,260.61283018867925,1,15.3,47.3,15.3,473,15.3,47.3,15.3,473,green_difference/PSM7,green_difference/PSM7,15.3,47.3,ACCEPT_PRIMARY,0
6337,260.65396226415095,0,,,,,,,,,,,15.3,47.3,UNSAMPLED,0
6338,260.69509433962264,0,,,,,,,,,,,15.3,47.3,UNSAMPLED,0
6339,260.73622641509434,0,,,,,,,,,,,15.3,47.3,UNSAMPLED,0
6340,260.77735849056603,0,,,,,,,,,,,15.3,47.3,UNSAMPLED,0
6341,260.8184905660377,0,,,,,,,,,,,15.3,47.3,UNSAMPLED,0
6342,260.8596226415094,0,,,,,,,,,,,15.3,47.3,UNSAMPLED,0
6343,260.9007547169811,0,,,,,,,,,,,15.3,47.3,UNSAMPLED,0
6344,260.9418867924528,1,15.3,47.3,15.3,473,15.3,47.3,15.3,473,green_difference/PSM7,green_difference/PSM7,15.3,47.3,ACCEPT_PRIMARY,0
6345,260.9830188679245,0,,,,,,,,,,,15.3,47.3,UNSAMPLED,0
6346,261.0241509433962,0,,,,,,,,,,,15.3,47.3,UNSAMPLED,0
6347,261.0652830188679,0,,,,,,,,,,,15.3,47.3,UNSAMPLED,0
6348,261.1064150943396,0,,,,,,,,,,,15.3,47.3,UNSAMPLED,0
6349,261.14754716981133,0,,,,,,,,,,,15.3,47.3,UNSAMPLED,0
6350,261.188679245283,0,,,,,,,,,,,15.3,47.3,UNSAMPLED,0
6351,261.2298113207547,0,,,,,,,,,,,15.3,47.3,UNSAMPLED,0
6352,261.2709433962264,1,15.3,47.3,15.3,473,15.3,47.3,15.3,473,green_difference/PSM7,green_difference/PSM7,15.3,47.3,ACCEPT_PRIMARY,0
6353,261.3120754716981,0,,,,,,,,,,,15.3,47.3,UNSAMPLED,0
6354,261.3532075471698,0,,,,,,,,,,,15.3,47.3,UNSAMPLED,0
6355,261.3943396226415,0,,,,,,,,,,,15.3,47.3,UNSAMPLED,0
6356,261.4354716981132,0,,,,,,,,,,,15.3,47.3,UNSAMPLED,0
6357,261.4766037735849,0,,,,,,,,,,,15.3,47.3,UNSAMPLED,0
6358,261.5177358490566,0,,,,,,,,,,,15.3,47.3,UNSAMPLED,0
6359,261.5588679245283,0,,,,,,,,,,,15.3,47.3,UNSAMPLED,0
6360,261.59999999999997,1,15.3,47.3,15.3,473,15.3,47.3,15.3,473,green_difference/PSM7,green_difference/PSM7,15.3,47.3,ACCEPT_PRIMARY,0
6361,261.64113207547166,0,,,,,,,,,,,15.3,47.3,UNSAMPLED,0
6362,261.6822641509434,0,,,,,,,,,,,15.3,47.3,UNSAMPLED,0
6363,261.7233962264151,0,,,,,,,,,,,15.3,47.3,UNSAMPLED,0
6364,261.7645283018868,0,,,,,,,,,,,15.3,47.3,UNSAMPLED,0
6365,261.8056603773585,0,,,,,,,,,,,15.3,47.3,UNSAMPLED,0
6366,261.8467924528302,0,,,,,,,,,,,15.3,47.3,UNSAMPLED,0
6367,261.8879245283019,0,,,,,,,,,,,15.3,47.3,UNSAMPLED,0
6368,261.9290566037736,1,15.3,47.3,15.3,473,15.3,47.3,15.3,473,green_difference/PSM7,green_difference/PSM7,15.3,47.3,ACCEPT_PRIMARY,0
6369,261.97018867924527,0,,,,,,,,,,,15.3,47.3,UNSAMPLED,0
6370,262.01132075471696,0,,,,,,,,,,,15.3,47.3,UNSAMPLED,0
6371,262.05245283018866,0,,,,,,,,,,,15.3,47.3,UNSAMPLED,0
6372,262.09358490566035,0,,,,,,,,,,,15.3,47.3,UNSAMPLED,0
6373,262.13471698113204,0,,,,,,,,,,,15.3,47.3,UNSAMPLED,0
6374,262.17584905660374,0,,,,,,,,,,,15.3,47.3,UNSAMPLED,0
6375,262.21698113207543,0,,,,,,,,,,,15.3,47.3,UNSAMPLED,0
6376,262.2581132075472,1,15.3,47.3,153,473,15.3,47.3,153,473,green_difference/PSM7,green_difference/PSM7,15.3,47.3,ACCEPT_PRIMARY,0
6377,262.2992452830189,0,,,,,,,,,,,15.3,47.3,UNSAMPLED,0
6378,262.34037735849057,0,,,,,,,,,,,15.3,47.3,UNSAMPLED,0
6379,262.38150943396226,0,,,,,,,,,,,15.3,47.3,UNSAMPLED,0
6380,262.42264150943396,0,,,,,,,,,,,15.3,47.3,UNSAMPLED,0
6381,262.46377358490565,0,,,,,,,,,,,15.3,47.3,UNSAMPLED,0
6382,262.50490566037735,0,,,,,,,,,,,15.3,47.3,UNSAMPLED,0
6383,262.54603773584904,0,,,,,,,,,,,15.3,47.3,UNSAMPLED,0
6384,262.58716981132073,1,15.3,47.3,15.3,473,15.3,47.3,15.3,473,green_difference/PSM7,green_difference/PSM7,15.3,47.3,ACCEPT_PRIMARY,0
6385,262.6283018867924,0,,,,,,,,,,,15.3,47.3,UNSAMPLED,0
6386,262.6694339622641,0,,,,,,,,,,,15.3,47.3,UNSAMPLED,0
6387,262.7105660377358,0,,,,,,,,,,,15.3,47.3,UNSAMPLED,0
6388,262.7516981132075,0,,,,,,,,,,,15.3,47.3,UNSAMPLED,0
6389,262.7928301886792,0,,,,,,,,,,,15.3,47.3,UNSAMPLED,0
6390,262.83396226415095,0,,,,,,,,,,,15.3,47.3,UNSAMPLED,0
6391,262.87509433962265,0,,,,,,,,,,,15.3,47.3,UNSAMPLED,0
6392,262.91622641509434,1,15.3,47.3,15.3,473,15.3,47.3,15.3,473,green_difference/PSM7,green_difference/PSM7,15.3,47.3,ACCEPT_PRIMARY,0
6393,262.95735849056604,0,,,,,,,,,,,15.3,47.3,UNSAMPLED,0
6394,262.99849056603773,0,,,,,,,,,,,15.3,47.3,UNSAMPLED,0
6395,263.0396226415094,0,,,,,,,,,,,15.3,47.3,UNSAMPLED,0
6396,263.0807547169811,0,,,,,,,,,,,15.3,47.3,UNSAMPLED,0
6397,263.1218867924528,0,,,,,,,,,,,15.3,47.3,UNSAMPLED,0
6398,263.1630188679245,0,,,,,,,,,,,15.3,47.3,UNSAMPLED,0
6399,263.2041509433962,0,,,,,,,,,,,15.3,47.3,UNSAMPLED,0
6400,263.2452830188679,1,15.3,473.7,15.3.,4737,15.3,47.3,15.3.,473,green_difference/PSM7,green_channel_otsu/PSM7,15.3,47.3,ACCEPT_RETRY,1
6401,263.2864150943396,0,,,,,,,,,,,15.3,47.3,UNSAMPLED,0
6402,263.3275471698113,0,,,,,,,,,,,15.3,47.3,UNSAMPLED,0
6403,263.36867924528303,0,,,,,,,,,,,15.3,47.3,UNSAMPLED,0
6404,263.4098113207547,0,,,,,,,,,,,15.3,47.3,UNSAMPLED,0
6405,263.4509433962264,0,,,,,,,,,,,15.3,47.3,UNSAMPLED,0
6406,263.4920754716981,0,,,,,,,,,,,15.3,47.3,UNSAMPLED,0
6407,263.5332075471698,0,,,,,,,,,,,15.3,47.3,UNSAMPLED,0
6408,263.5743396226415,1,15.3,473.7,15.3.,4737,15.3,47.3,15.3.,473,green_difference/PSM7,green_channel_otsu/PSM7,15.3,47.3,ACCEPT_RETRY,1
6409,263.6154716981132,0,,,,,,,,,,,15.3,47.3,UNSAMPLED,0
6410,263.6566037735849,0,,,,,,,,,,,15.3,47.3,UNSAMPLED,0
6411,263.6977358490566,0,,,,,,,,,,,15.3,47.3,UNSAMPLED,0
6412,263.7388679245283,0,,,,,,,,,,,15.3,47.3,UNSAMPLED,0
6413,263.78,0,,,,,,,,,,,15.3,47.3,UNSAMPLED,0
6414,263.82113207547167,0,,,,,,,,,,,15.3,47.3,UNSAMPLED,0
6415,263.86226415094336,0,,,,,,,,,,,15.3,47.3,UNSAMPLED,0
6416,263.90339622641505,1,18.4,473.7,18.4,4737,15.3,47.3,15.3,473,green_channel_otsu/PSM7,green_channel_otsu/PSM7,15.3,47.3,ACCEPT_RETRY,1
6417,263.9445283018868,0,,,,,,,,,,,15.3,47.3,UNSAMPLED,0
6418,263.9856603773585,0,,,,,,,,,,,15.3,47.3,UNSAMPLED,0
6419,264.0267924528302,0,,,,,,,,,,,15.3,47.3,UNSAMPLED,0
6420,264.0679245283019,0,,,,,,,,,,,15.3,47.3,UNSAMPLED,0
6421,264.1090566037736,0,,,,,,,,,,,15.3,47.3,UNSAMPLED,0
6422,264.1501886792453,0,,,,,,,,,,,15.3,47.3,UNSAMPLED,0
6423,264.19132075471697,0,,,,,,,,,,,15.3,47.3,UNSAMPLED,0
6424,264.23245283018866,1,14.4,473.7,14.40,4737,15.3,47.3,15.3,473,green_channel_otsu/PSM7,green_channel_otsu/PSM7,15.3,47.3,ACCEPT_RETRY,1
6425,264.27358490566036,0,,,,,,,,,,,15.3,47.3,UNSAMPLED,0
6426,264.31471698113205,0,,,,,,,,,,,15.3,47.3,UNSAMPLED,0
6427,264.35584905660374,0,,,,,,,,,,,15.3,47.3,UNSAMPLED,0
6428,264.39698113207544,0,,,,,,,,,,,15.3,47.3,UNSAMPLED,0
6429,264.43811320754713,0,,,,,,,,,,,15.3,47.3,UNSAMPLED,0
6430,264.4792452830188,0,,,,,,,,,,,15.3,47.3,UNSAMPLED,0
6431,264.5203773584906,0,,,,,,,,,,,15.3,47.3,UNSAMPLED,0
6432,264.56150943396227,1,15.3,473.7,15.3,4737,15.3,47.3,15.3,473,green_difference/PSM7,green_channel_otsu/PSM7,15.3,47.3,ACCEPT_RETRY,1
6433,264.60264150943397,0,,,,,,,,,,,15.3,47.3,UNSAMPLED,0
6434,264.64377358490566,0,,,,,,,,,,,15.3,47.3,UNSAMPLED,0
6435,264.68490566037735,0,,,,,,,,,,,15.3,47.3,UNSAMPLED,0
6436,264.72603773584905,0,,,,,,,,,,,15.3,47.3,UNSAMPLED,0
6437,264.76716981132074,0,,,,,,,,,,,15.3,47.3,UNSAMPLED,0
6438,264.80830188679244,0,,,,,,,,,,,15.3,47.3,UNSAMPLED,0
6439,264.84943396226413,0,,,,,,,,,,,15.3,47.3,UNSAMPLED,0
6440,264.8905660377358,1,15.3,47.3,15.3,473,15.3,47.3,15.3,473,green_difference/PSM7,green_difference/PSM7,15.3,47.3,ACCEPT_PRIMARY,0
6441,264.9316981132075,0,,,,,,,,,,,15.3,47.3,UNSAMPLED,0
6442,264.9728301886792,0,,,,,,,,,,,15.3,47.3,UNSAMPLED,0
6443,265.0139622641509,0,,,,,,,,,,,15.3,47.3,UNSAMPLED,0
6444,265.05509433962266,0,,,,,,,,,,,15.3,47.3,UNSAMPLED,0
6445,265.09622641509435,0,,,,,,,,,,,15.3,47.3,UNSAMPLED,0
6446,265.13735849056604,0,,,,,,,,,,,15.3,47.3,UNSAMPLED,0
6447,265.17849056603774,0,,,,,,,,,,,15.3,47.3,UNSAMPLED,0
6448,265.21962264150943,1,15.3,473.0,15.3,4730,15.3,47.3,15.3,473,green_difference/PSM7,hsv_green/PSM7,15.3,47.3,ACCEPT_RETRY,1
6449,265.2607547169811,0,,,,,,,,,,,15.3,47.3,UNSAMPLED,0
6450,265.3018867924528,0,,,,,,,,,,,15.3,47.3,UNSAMPLED,0
6451,265.3430188679245,0,,,,,,,,,,,15.3,47.3,UNSAMPLED,0
6452,265.3841509433962,0,,,,,,,,,,,15.3,47.3,UNSAMPLED,0
6453,265.4252830188679,0,,,,,,,,,,,15.3,47.3,UNSAMPLED,0
6454,265.4664150943396,0,,,,,,,,,,,15.3,47.3,UNSAMPLED,0
6455,265.5075471698113,0,,,,,,,,,,,15.3,47.3,UNSAMPLED,0
6456,265.548679245283,1,15.3,,15.3,46-7,15.3,46.7,15.3,46.7,green_difference/PSM7,green_channel_otsu/PSM7,15.3,46.7,ACCEPT_RETRY,1
6457,265.5898113207547,0,,,,,,,,,,,15.3,46.7,UNSAMPLED,0
6458,265.6309433962264,0,,,,,,,,,,,15.3,46.7,UNSAMPLED,0
6459,265.6720754716981,0,,,,,,,,,,,15.3,46.7,UNSAMPLED,0
6460,265.7132075471698,0,,,,,,,,,,,15.3,46.7,UNSAMPLED,0
6461,265.7543396226415,0,,,,,,,,,,,15.3,46.7,UNSAMPLED,0
6462,265.7954716981132,0,,,,,,,,,,,15.3,46.7,UNSAMPLED,0
6463,265.8366037735849,0,,,,,,,,,,,15.3,46.7,UNSAMPLED,0
6464,265.8777358490566,1,15.3,45.7,15.3,457,15.3,45.7,15.3,457,green_difference/PSM7,green_difference/PSM7,15.3,45.7,ACCEPT_PRIMARY,0
6465,265.9188679245283,0,,,,,,,,,,,15.3,45.7,UNSAMPLED,0
6466,265.96,0,,,,,,,,,,,15.3,45.7,UNSAMPLED,0
6467,266.0011320754717,0,,,,,,,,,,,15.3,45.7,UNSAMPLED,0
6468,266.04226415094337,0,,,,,,,,,,,15.3,45.7,UNSAMPLED,0
6469,266.08339622641506,0,,,,,,,,,,,15.3,45.7,UNSAMPLED,0
6470,266.12452830188676,0,,,,,,,,,,,15.3,45.7,UNSAMPLED,0
6471,266.16566037735845,0,,,,,,,,,,,15.3,45.7,UNSAMPLED,0
6472,266.2067924528302,1,15.4,45.2,15.4,45.2,15.4,45.2,15.4,45.2,green_difference/PSM7,green_difference/PSM7,15.4,45.2,ACCEPT_PRIMARY,0
6473,266.2479245283019,0,,,,,,,,,,,15.4,45.2,UNSAMPLED,0
6474,266.2890566037736,0,,,,,,,,,,,15.4,45.2,UNSAMPLED,0
6475,266.3301886792453,0,,,,,,,,,,,15.4,45.2,UNSAMPLED,0
6476,266.371320754717,0,,,,,,,,,,,15.4,45.2,UNSAMPLED,0
6477,266.41245283018867,0,,,,,,,,,,,15.4,45.2,UNSAMPLED,0
6478,266.45358490566036,0,,,,,,,,,,,15.4,45.2,UNSAMPLED,0
6479,266.49471698113206,0,,,,,,,,,,,15.4,45.2,UNSAMPLED,0
6480,266.53584905660375,1,18.4,45.2,18.4,45.2,15.4,45.2,15.4,45.20,green_channel_otsu/PSM7,hsv_green/PSM7,15.4,45.2,ACCEPT_RETRY,1
6481,266.57698113207545,0,,,,,,,,,,,15.4,45.2,UNSAMPLED,0
6482,266.61811320754714,0,,,,,,,,,,,15.4,45.2,UNSAMPLED,0
6483,266.65924528301883,0,,,,,,,,,,,15.4,45.2,UNSAMPLED,0
6484,266.7003773584905,0,,,,,,,,,,,15.4,45.2,UNSAMPLED,0
6485,266.7415094339623,0,,,,,,,,,,,15.4,45.2,UNSAMPLED,0
6486,266.782641509434,0,,,,,,,,,,,15.4,45.2,UNSAMPLED,0
6487,266.82377358490567,0,,,,,,,,,,,15.4,45.2,UNSAMPLED,0
6488,266.86490566037736,1,15.4,45.8,15.40,45.8,15.4,45.8,15.40,45.8,green_difference/PSM7,green_difference/PSM7,15.4,45.8,ACCEPT_PRIMARY,0
6489,266.90603773584905,0,,,,,,,,,,,15.4,45.8,UNSAMPLED,0
6490,266.94716981132075,0,,,,,,,,,,,15.4,45.8,UNSAMPLED,0
6491,266.98830188679244,0,,,,,,,,,,,15.4,45.8,UNSAMPLED,0
6492,267.02943396226414,0,,,,,,,,,,,15.4,45.8,UNSAMPLED,0
6493,267.07056603773583,0,,,,,,,,,,,15.4,45.8,UNSAMPLED,0
6494,267.1116981132075,0,,,,,,,,,,,15.4,45.8,UNSAMPLED,0
6495,267.1528301886792,0,,,,,,,,,,,15.4,45.8,UNSAMPLED,0
6496,267.1939622641509,1,16.4,45.2,164,45.2,16.4,45.2,164,45.2,green_difference/PSM7,green_difference/PSM7,16.4,45.2,ACCEPT_PRIMARY,0
6497,267.2350943396226,0,,,,,,,,,,,16.4,45.2,UNSAMPLED,0
6498,267.2762264150943,0,,,,,,,,,,,16.4,45.2,UNSAMPLED,0
6499,267.31735849056605,0,,,,,,,,,,,16.4,45.2,UNSAMPLED,0
6500,267.35849056603774,0,,,,,,,,,,,16.4,45.2,UNSAMPLED,0
6501,267.39962264150944,0,,,,,,,,,,,16.4,45.2,UNSAMPLED,0
6502,267.44075471698113,0,,,,,,,,,,,16.4,45.2,UNSAMPLED,0
6503,267.4818867924528,0,,,,,,,,,,,16.4,45.2,UNSAMPLED,0
6504,267.5230188679245,1,19.4,45.7,19.4,457,15.4,45.7,15.4,457,green_channel_otsu/PSM7,green_difference/PSM7,15.4,45.7,ACCEPT_RETRY,1
6505,267.5641509433962,0,,,,,,,,,,,15.4,45.7,UNSAMPLED,0
6506,267.6052830188679,0,,,,,,,,,,,15.4,45.7,UNSAMPLED,0
6507,267.6464150943396,0,,,,,,,,,,,15.4,45.7,UNSAMPLED,0
6508,267.6875471698113,0,,,,,,,,,,,15.4,45.7,UNSAMPLED,0
6509,267.728679245283,0,,,,,,,,,,,15.4,45.7,UNSAMPLED,0
6510,267.7698113207547,0,,,,,,,,,,,15.4,45.7,UNSAMPLED,0
6511,267.8109433962264,0,,,,,,,,,,,15.4,45.7,UNSAMPLED,0
6512,267.8520754716981,1,15.4,45.5,154,455,15.4,45.5,154,455,green_difference/PSM7,green_difference/PSM7,15.4,45.5,ACCEPT_PRIMARY,0
6513,267.8932075471698,0,,,,,,,,,,,15.4,45.5,UNSAMPLED,0
6514,267.9343396226415,0,,,,,,,,,,,15.4,45.5,UNSAMPLED,0
6515,267.9754716981132,0,,,,,,,,,,,15.4,45.5,UNSAMPLED,0
6516,268.0166037735849,0,,,,,,,,,,,15.4,45.5,UNSAMPLED,0
6517,268.0577358490566,0,,,,,,,,,,,15.4,45.5,UNSAMPLED,0
6518,268.0988679245283,0,,,,,,,,,,,15.4,45.5,UNSAMPLED,0
6519,268.14,0,,,,,,,,,,,15.4,45.5,UNSAMPLED,0
6520,268.1811320754717,1,15.3,46.3,153,46.3,15.3,46.3,153,46.3,green_difference/PSM7,green_difference/PSM7,15.3,46.3,ACCEPT_PRIMARY,0
6521,268.2222641509434,0,,,,,,,,,,,15.3,46.3,UNSAMPLED,0
6522,268.26339622641507,0,,,,,,,,,,,15.3,46.3,UNSAMPLED,0
6523,268.30452830188676,0,,,,,,,,,,,15.3,46.3,UNSAMPLED,0
6524,268.34566037735846,0,,,,,,,,,,,15.3,46.3,UNSAMPLED,0
6525,268.38679245283015,0,,,,,,,,,,,15.3,46.3,UNSAMPLED,0
6526,268.4279245283019,0,,,,,,,,,,,15.3,46.3,UNSAMPLED,0
6527,268.4690566037736,0,,,,,,,,,,,15.3,46.3,UNSAMPLED,0
6528,268.5101886792453,1,15.3,46.1,15.3,461,15.3,46.1,15.3,461,green_difference/PSM7,green_difference/PSM7,15.3,46.1,ACCEPT_PRIMARY,0
6529,268.551320754717,0,,,,,,,,,,,15.3,46.1,UNSAMPLED,0
6530,268.5924528301887,0,,,,,,,,,,,15.3,46.1,UNSAMPLED,0
6531,268.63358490566037,0,,,,,,,,,,,15.3,46.1,UNSAMPLED,0
6532,268.67471698113206,0,,,,,,,,,,,15.3,46.1,UNSAMPLED,0
6533,268.71584905660376,0,,,,,,,,,,,15.3,46.1,UNSAMPLED,0
6534,268.75698113207545,0,,,,,,,,,,,15.3,46.1,UNSAMPLED,0
6535,268.79811320754715,0,,,,,,,,,,,15.3,46.1,UNSAMPLED,0
6536,268.83924528301884,1,15.3,46.6,15.3,46.6,15.3,46.6,15.3,46.6,green_difference/PSM7,green_difference/PSM7,15.3,46.6,ACCEPT_PRIMARY,0
6537,268.88037735849053,0,,,,,,,,,,,15.3,46.6,UNSAMPLED,0
6538,268.9215094339622,0,,,,,,,,,,,15.3,46.6,UNSAMPLED,0
6539,268.9626415094339,0,,,,,,,,,,,15.3,46.6,UNSAMPLED,0
6540,269.0037735849057,0,,,,,,,,,,,15.3,46.6,UNSAMPLED,0
6541,269.04490566037737,0,,,,,,,,,,,15.3,46.6,UNSAMPLED,0
6542,269.08603773584906,0,,,,,,,,,,,15.3,46.6,UNSAMPLED,0
6543,269.12716981132075,0,,,,,,,,,,,15.3,46.6,UNSAMPLED,0
6544,269.16830188679245,1,15.3,46.2,15.3,46.20,15.3,46.2,15.3,46.20,green_difference/PSM7,green_difference/PSM7,15.3,46.2,ACCEPT_PRIMARY,0
6545,269.20943396226414,0,,,,,,,,,,,15.3,46.2,UNSAMPLED,0
6546,269.25056603773584,0,,,,,,,,,,,15.3,46.2,UNSAMPLED,0
6547,269.29169811320753,0,,,,,,,,,,,15.3,46.2,UNSAMPLED,0
6548,269.3328301886792,0,,,,,,,,,,,15.3,46.2,UNSAMPLED,0
6549,269.3739622641509,0,,,,,,,,,,,15.3,46.2,UNSAMPLED,0
6550,269.4150943396226,0,,,,,,,,,,,15.3,46.2,UNSAMPLED,0
6551,269.4562264150943,0,,,,,,,,,,,15.3,46.2,UNSAMPLED,0
6552,269.497358490566,1,15.3,46.2,15.3,46.2,15.3,46.2,15.3,46.2,green_difference/PSM7,green_difference/PSM7,15.3,46.2,ACCEPT_PRIMARY,0
6553,269.5384905660377,0,,,,,,,,,,,15.3,46.2,UNSAMPLED,0
6554,269.57962264150945,0,,,,,,,,,,,15.3,46.2,UNSAMPLED,0
6555,269.62075471698114,0,,,,,,,,,,,15.3,46.2,UNSAMPLED,0
6556,269.66188679245283,0,,,,,,,,,,,15.3,46.2,UNSAMPLED,0
6557,269.7030188679245,0,,,,,,,,,,,15.3,46.2,UNSAMPLED,0
6558,269.7441509433962,0,,,,,,,,,,,15.3,46.2,UNSAMPLED,0
6559,269.7852830188679,0,,,,,,,,,,,15.3,46.2,UNSAMPLED,0
6560,269.8264150943396,1,15.3,46.5,15.3,46.5,15.3,46.5,15.3,46.5,green_difference/PSM7,green_difference/PSM7,15.3,46.5,ACCEPT_PRIMARY,0
6561,269.8675471698113,0,,,,,,,,,,,15.3,46.5,UNSAMPLED,0
6562,269.908679245283,0,,,,,,,,,,,15.3,46.5,UNSAMPLED,0
6563,269.9498113207547,0,,,,,,,,,,,15.3,46.5,UNSAMPLED,0
6564,269.9909433962264,0,,,,,,,,,,,15.3,46.5,UNSAMPLED,0
6565,270.0320754716981,0,,,,,,,,,,,15.3,46.5,UNSAMPLED,0
6566,270.0732075471698,0,,,,,,,,,,,15.3,46.5,UNSAMPLED,0
6567,270.1143396226415,0,,,,,,,,,,,15.3,46.5,UNSAMPLED,0
6568,270.1554716981132,1,15.4,46.7,15.4,467,15.4,46.7,15.4,467,green_difference/PSM7,green_difference/PSM7,15.4,46.7,ACCEPT_PRIMARY,0
6569,270.1966037735849,0,,,,,,,,,,,15.4,46.7,UNSAMPLED,0
6570,270.2377358490566,0,,,,,,,,,,,15.4,46.7,UNSAMPLED,0
6571,270.2788679245283,0,,,,,,,,,,,15.4,46.7,UNSAMPLED,0
6572,270.32,0,,,,,,,,,,,15.4,46.7,UNSAMPLED,0
6573,270.3611320754717,0,,,,,,,,,,,15.4,46.7,UNSAMPLED,0
6574,270.4022641509434,0,,,,,,,,,,,15.4,46.7,UNSAMPLED,0
6575,270.4433962264151,0,,,,,,,,,,,15.4,46.7,UNSAMPLED,0
6576,270.48452830188677,1,15.3,46.5,15.3,465,15.3,46.5,15.3,465,green_difference/PSM7,green_difference/PSM7,15.3,46.5,ACCEPT_PRIMARY,0
6577,270.52566037735846,0,,,,,,,,,,,15.3,46.5,UNSAMPLED,0
6578,270.56679245283016,0,,,,,,,,,,,15.3,46.5,UNSAMPLED,0
6579,270.60792452830185,0,,,,,,,,,,,15.3,46.5,UNSAMPLED,0
6580,270.64905660377354,0,,,,,,,,,,,15.3,46.5,UNSAMPLED,0
6581,270.6901886792453,0,,,,,,,,,,,15.3,46.5,UNSAMPLED,0
6582,270.731320754717,0,,,,,,,,,,,15.3,46.5,UNSAMPLED,0
6583,270.7724528301887,0,,,,,,,,,,,15.3,46.5,UNSAMPLED,0
6584,270.8135849056604,1,15.4,451.7,154,4517,15.4,46.1,15.4,46.10,green_channel_otsu/PSM7,gray_otsu/PSM7,15.4,46.1,ACCEPT_RETRY,1
6585,270.85471698113207,0,,,,,,,,,,,15.4,46.1,UNSAMPLED,0
6586,270.89584905660377,0,,,,,,,,,,,15.4,46.1,UNSAMPLED,0
6587,270.93698113207546,0,,,,,,,,,,,15.4,46.1,UNSAMPLED,0
6588,270.97811320754715,0,,,,,,,,,,,15.4,46.1,UNSAMPLED,0
6589,271.01924528301885,0,,,,,,,,,,,15.4,46.1,UNSAMPLED,0
6590,271.06037735849054,0,,,,,,,,,,,15.4,46.1,UNSAMPLED,0
6591,271.10150943396224,0,,,,,,,,,,,15.4,46.1,UNSAMPLED,0
6592,271.14264150943393,1,15.4,44.6,154,44.6,15.4,44.6,154,44.6,green_difference/PSM7,green_difference/PSM7,15.4,44.6,ACCEPT_PRIMARY,0
6593,271.1837735849056,0,,,,,,,,,,,15.4,44.6,UNSAMPLED,0
6594,271.2249056603773,0,,,,,,,,,,,15.4,44.6,UNSAMPLED,0
6595,271.26603773584907,0,,,,,,,,,,,15.4,44.6,UNSAMPLED,0
6596,271.30716981132076,0,,,,,,,,,,,15.4,44.6,UNSAMPLED,0
6597,271.34830188679246,0,,,,,,,,,,,15.4,44.6,UNSAMPLED,0
6598,271.38943396226415,0,,,,,,,,,,,15.4,44.6,UNSAMPLED,0
6599,271.43056603773584,0,,,,,,,,,,,15.4,44.6,UNSAMPLED,0
6600,271.47169811320754,1,,45.2,,452,15.4,45.2,15.4,45.20,gray_otsu/PSM7,green_channel_otsu/PSM7,15.4,45.2,ACCEPT_RETRY,1
6601,271.51283018867923,0,,,,,,,,,,,15.4,45.2,UNSAMPLED,0
6602,271.5539622641509,0,,,,,,,,,,,15.4,45.2,UNSAMPLED,0
6603,271.5950943396226,0,,,,,,,,,,,15.4,45.2,UNSAMPLED,0
6604,271.6362264150943,0,,,,,,,,,,,15.4,45.2,UNSAMPLED,0
6605,271.677358490566,0,,,,,,,,,,,15.4,45.2,UNSAMPLED,0
6606,271.7184905660377,0,,,,,,,,,,,15.4,45.2,UNSAMPLED,0
6607,271.7596226415094,0,,,,,,,,,,,15.4,45.2,UNSAMPLED,0
6608,271.80075471698115,1,,45.5,14,455,15.4,45.5,15.4,45.5,green_channel_otsu/PSM7,gray_otsu/PSM7,15.4,45.5,ACCEPT_RETRY,1
6609,271.84188679245284,0,,,,,,,,,,,15.4,45.5,UNSAMPLED,0
6610,271.88301886792453,0,,,,,,,,,,,15.4,45.5,UNSAMPLED,0
6611,271.9241509433962,0,,,,,,,,,,,15.4,45.5,UNSAMPLED,0
6612,271.9652830188679,0,,,,,,,,,,,15.4,45.5,UNSAMPLED,0
6613,272.0064150943396,0,,,,,,,,,,,15.4,45.5,UNSAMPLED,0
6614,272.0475471698113,0,,,,,,,,,,,15.4,45.5,UNSAMPLED,0
6615,272.088679245283,0,,,,,,,,,,,15.4,45.5,UNSAMPLED,0
6616,272.1298113207547,1,16.1,470.7,16.1,4707,15.1,47.0,15.1,470,hsv_green/PSM7,hsv_green/PSM7,15.1,47.0,ACCEPT_RETRY,1
6617,272.1709433962264,0,,,,,,,,,,,15.1,47.0,UNSAMPLED,0
6618,272.2120754716981,0,,,,,,,,,,,15.1,47.0,UNSAMPLED,0
6619,272.2532075471698,0,,,,,,,,,,,15.1,47.0,UNSAMPLED,0
6620,272.2943396226415,0,,,,,,,,,,,15.1,47.0,UNSAMPLED,0
6621,272.33547169811317,0,,,,,,,,,,,15.1,47.0,UNSAMPLED,0
6622,272.3766037735849,0,,,,,,,,,,,15.1,47.0,UNSAMPLED,0
6623,272.4177358490566,0,,,,,,,,,,,15.1,47.0,UNSAMPLED,0
6624,272.4588679245283,1,16.1,472.0,16.1,4720,,,,,,,15.1,47.0,HOLD_PREVIOUS,1
6625,272.5,0,,,,,,,,,,,15.1,47.0,UNSAMPLED,0
6626,272.5411320754717,0,,,,,,,,,,,15.1,47.0,UNSAMPLED,0
6627,272.5822641509434,0,,,,,,,,,,,15.1,47.0,UNSAMPLED,0
6628,272.6233962264151,0,,,,,,,,,,,15.1,47.0,UNSAMPLED,0
6629,272.6645283018868,0,,,,,,,,,,,15.1,47.0,UNSAMPLED,0
6630,272.70566037735847,0,,,,,,,,,,,15.1,47.0,UNSAMPLED,0
6631,272.74679245283016,0,,,,,,,,,,,15.1,47.0,UNSAMPLED,0
6632,272.78792452830186,1,16.1,46.9,16.1,46.9,16.1,46.9,16.1,46.9,green_difference/PSM7,green_difference/PSM7,16.1,46.9,ACCEPT_PRIMARY,0
6633,272.82905660377355,0,,,,,,,,,,,16.1,46.9,UNSAMPLED,0
6634,272.87018867924525,0,,,,,,,,,,,16.1,46.9,UNSAMPLED,0
6635,272.91132075471694,0,,,,,,,,,,,16.1,46.9,UNSAMPLED,0
6636,272.9524528301887,0,,,,,,,,,,,16.1,46.9,UNSAMPLED,0
6637,272.9935849056604,0,,,,,,,,,,,16.1,46.9,UNSAMPLED,0
6638,273.0347169811321,0,,,,,,,,,,,16.1,46.9,UNSAMPLED,0
6639,273.0758490566038,0,,,,,,,,,,,16.1,46.9,UNSAMPLED,0
6640,273.11698113207547,1,16.4,45.5,16.4,455,16.4,45.5,16.4,455,green_difference/PSM7,green_difference/PSM7,16.4,45.5,ACCEPT_PRIMARY,0
6641,273.15811320754716,0,,,,,,,,,,,16.4,45.5,UNSAMPLED,0
6642,273.19924528301885,0,,,,,,,,,,,16.4,45.5,UNSAMPLED,0
6643,273.24037735849055,0,,,,,,,,,,,16.4,45.5,UNSAMPLED,0
6644,273.28150943396224,0,,,,,,,,,,,16.4,45.5,UNSAMPLED,0
6645,273.32264150943394,0,,,,,,,,,,,16.4,45.5,UNSAMPLED,0
6646,273.36377358490563,0,,,,,,,,,,,16.4,45.5,UNSAMPLED,0
6647,273.4049056603773,0,,,,,,,,,,,16.4,45.5,UNSAMPLED,0
6648,273.446037735849,1,16.2,46.5,16.2,465,16.2,46.5,16.2,465,green_difference/PSM7,green_difference/PSM7,16.2,46.5,ACCEPT_PRIMARY,0
6649,273.48716981132077,0,,,,,,,,,,,16.2,46.5,UNSAMPLED,0
6650,273.52830188679246,0,,,,,,,,,,,16.2,46.5,UNSAMPLED,0
6651,273.56943396226416,0,,,,,,,,,,,16.2,46.5,UNSAMPLED,0
6652,273.61056603773585,0,,,,,,,,,,,16.2,46.5,UNSAMPLED,0
6653,273.65169811320754,0,,,,,,,,,,,16.2,46.5,UNSAMPLED,0
6654,273.69283018867924,0,,,,,,,,,,,16.2,46.5,UNSAMPLED,0
6655,273.73396226415093,0,,,,,,,,,,,16.2,46.5,UNSAMPLED,0
6656,273.7750943396226,1,16.2,46.5,16.2,465,16.2,46.5,16.2,465,green_difference/PSM7,green_difference/PSM7,16.2,46.5,ACCEPT_PRIMARY,0
6657,273.8162264150943,0,,,,,,,,,,,16.2,46.5,UNSAMPLED,0
6658,273.857358490566,0,,,,,,,,,,,16.2,46.5,UNSAMPLED,0
6659,273.8984905660377,0,,,,,,,,,,,16.2,46.5,UNSAMPLED,0
6660,273.9396226415094,0,,,,,,,,,,,16.2,46.5,UNSAMPLED,0
6661,273.9807547169811,0,,,,,,,,,,,16.2,46.5,UNSAMPLED,0
6662,274.0218867924528,0,,,,,,,,,,,16.2,46.5,UNSAMPLED,0
6663,274.06301886792454,0,,,,,,,,,,,16.2,46.5,UNSAMPLED,0
6664,274.10415094339623,1,18.2,479.0,18.2,4790,16.2,47.0,16.2,470,green_channel_otsu/PSM7,green_channel_otsu/PSM7,16.2,47.0,ACCEPT_RETRY,1
6665,274.14528301886793,0,,,,,,,,,,,16.2,47.0,UNSAMPLED,0
6666,274.1864150943396,0,,,,,,,,,,,16.2,47.0,UNSAMPLED,0
6667,274.2275471698113,0,,,,,,,,,,,16.2,47.0,UNSAMPLED,0
6668,274.268679245283,0,,,,,,,,,,,16.2,47.0,UNSAMPLED,0
6669,274.3098113207547,0,,,,,,,,,,,16.2,47.0,UNSAMPLED,0
6670,274.3509433962264,0,,,,,,,,,,,16.2,47.0,UNSAMPLED,0
6671,274.3920754716981,0,,,,,,,,,,,16.2,47.0,UNSAMPLED,0
6672,274.4332075471698,1,16.2,47.0,16.2,470,16.2,47.0,16.2,470,green_difference/PSM7,green_difference/PSM7,16.2,47.0,ACCEPT_PRIMARY,0
6673,274.4743396226415,0,,,,,,,,,,,16.2,47.0,UNSAMPLED,0
6674,274.5154716981132,0,,,,,,,,,,,16.2,47.0,UNSAMPLED,0
6675,274.55660377358487,0,,,,,,,,,,,16.2,47.0,UNSAMPLED,0
6676,274.59773584905656,0,,,,,,,,,,,16.2,47.0,UNSAMPLED,0
6677,274.6388679245283,0,,,,,,,,,,,16.2,47.0,UNSAMPLED,0
6678,274.68,0,,,,,,,,,,,16.2,47.0,UNSAMPLED,0
6679,274.7211320754717,0,,,,,,,,,,,16.2,47.0,UNSAMPLED,0
6680,274.7622641509434,1,18.2,469.0,18.20,4690,16.2,46.9,16.2,46.9,green_channel_otsu/PSM7,hsv_green/PSM7,16.2,46.9,ACCEPT_RETRY,1
6681,274.8033962264151,0,,,,,,,,,,,16.2,46.9,UNSAMPLED,0
6682,274.8445283018868,0,,,,,,,,,,,16.2,46.9,UNSAMPLED,0
6683,274.8856603773585,0,,,,,,,,,,,16.2,46.9,UNSAMPLED,0
6684,274.92679245283017,0,,,,,,,,,,,16.2,46.9,UNSAMPLED,0
6685,274.96792452830186,0,,,,,,,,,,,16.2,46.9,UNSAMPLED,0
6686,275.00905660377356,0,,,,,,,,,,,16.2,46.9,UNSAMPLED,0
6687,275.05018867924525,0,,,,,,,,,,,16.2,46.9,UNSAMPLED,0
6688,275.09132075471695,1,18.2,46.7,18.2,467,18.2,46.7,18.2,467,green_difference/PSM7,green_difference/PSM7,18.2,46.7,ACCEPT_PRIMARY,0
6689,275.13245283018864,0,,,,,,,,,,,18.2,46.7,UNSAMPLED,0
6690,275.1735849056604,0,,,,,,,,,,,18.2,46.7,UNSAMPLED,0
6691,275.2147169811321,0,,,,,,,,,,,18.2,46.7,UNSAMPLED,0
6692,275.2558490566038,0,,,,,,,,,,,18.2,46.7,UNSAMPLED,0
6693,275.2969811320755,0,,,,,,,,,,,18.2,46.7,UNSAMPLED,0
6694,275.33811320754717,0,,,,,,,,,,,18.2,46.7,UNSAMPLED,0
6695,275.37924528301886,0,,,,,,,,,,,18.2,46.7,UNSAMPLED,0
6696,275.42037735849055,1,16.2,472.0,16.2,4720,,,,,,,18.2,46.7,HOLD_PREVIOUS,1
6697,275.46150943396225,0,,,,,,,,,,,18.2,46.7,UNSAMPLED,0
6698,275.50264150943394,0,,,,,,,,,,,18.2,46.7,UNSAMPLED,0
6699,275.54377358490564,0,,,,,,,,,,,18.2,46.7,UNSAMPLED,0
6700,275.58490566037733,0,,,,,,,,,,,18.2,46.7,UNSAMPLED,0
6701,275.626037735849,0,,,,,,,,,,,18.2,46.7,UNSAMPLED,0
6702,275.6671698113207,0,,,,,,,,,,,18.2,46.7,UNSAMPLED,0
6703,275.7083018867924,0,,,,,,,,,,,18.2,46.7,UNSAMPLED,0
6704,275.74943396226416,1,16.2,463.0,16.2,4630,16.2,46.3,16.2,46.3,green_difference/PSM7,green_channel_otsu/PSM7,16.2,46.3,ACCEPT_RETRY,1
6705,275.79056603773586,0,,,,,,,,,,,16.2,46.3,UNSAMPLED,0
6706,275.83169811320755,0,,,,,,,,,,,16.2,46.3,UNSAMPLED,0
6707,275.87283018867925,0,,,,,,,,,,,16.2,46.3,UNSAMPLED,0
6708,275.91396226415094,0,,,,,,,,,,,16.2,46.3,UNSAMPLED,0
6709,275.95509433962263,0,,,,,,,,,,,16.2,46.3,UNSAMPLED,0
6710,275.9962264150943,0,,,,,,,,,,,16.2,46.3,UNSAMPLED,0
6711,276.037358490566,0,,,,,,,,,,,16.2,46.3,UNSAMPLED,0
6712,276.0784905660377,1,16.2,453.0,16.2,4530,16.2,46.3,16.2,46.3,green_difference/PSM7,green_channel_otsu/PSM7,16.2,46.3,ACCEPT_RETRY,1
6713,276.1196226415094,0,,,,,,,,,,,16.2,46.3,UNSAMPLED,0
6714,276.1607547169811,0,,,,,,,,,,,16.2,46.3,UNSAMPLED,0
6715,276.2018867924528,0,,,,,,,,,,,16.2,46.3,UNSAMPLED,0
6716,276.2430188679245,0,,,,,,,,,,,16.2,46.3,UNSAMPLED,0
6717,276.2841509433962,0,,,,,,,,,,,16.2,46.3,UNSAMPLED,0
6718,276.32528301886794,0,,,,,,,,,,,16.2,46.3,UNSAMPLED,0
6719,276.36641509433963,0,,,,,,,,,,,16.2,46.3,UNSAMPLED,0
6720,276.4075471698113,1,16.2,471.7,16.2,4717,16.2,47.1,16.2,47.10,green_difference/PSM7,gray_otsu/PSM7,16.2,47.1,ACCEPT_RETRY,1
6721,276.448679245283,0,,,,,,,,,,,16.2,47.1,UNSAMPLED,0
6722,276.4898113207547,0,,,,,,,,,,,16.2,47.1,UNSAMPLED,0
6723,276.5309433962264,0,,,,,,,,,,,16.2,47.1,UNSAMPLED,0
6724,276.5720754716981,0,,,,,,,,,,,16.2,47.1,UNSAMPLED,0
6725,276.6132075471698,0,,,,,,,,,,,16.2,47.1,UNSAMPLED,0
6726,276.6543396226415,0,,,,,,,,,,,16.2,47.1,UNSAMPLED,0
6727,276.6954716981132,0,,,,,,,,,,,16.2,47.1,UNSAMPLED,0
6728,276.7366037735849,1,16.2,471.0,16.2,4710,,,,,,,16.2,47.1,HOLD_PREVIOUS,1
6729,276.77773584905657,0,,,,,,,,,,,16.2,47.1,UNSAMPLED,0
6730,276.81886792452826,0,,,,,,,,,,,16.2,47.1,UNSAMPLED,0
6731,276.86,0,,,,,,,,,,,16.2,47.1,UNSAMPLED,0
6732,276.9011320754717,0,,,,,,,,,,,16.2,47.1,UNSAMPLED,0
6733,276.9422641509434,0,,,,,,,,,,,16.2,47.1,UNSAMPLED,0
6734,276.9833962264151,0,,,,,,,,,,,16.2,47.1,UNSAMPLED,0
6735,277.0245283018868,0,,,,,,,,,,,16.2,47.1,UNSAMPLED,0
6736,277.0656603773585,1,16.2,47.0,16.2,470,16.2,47.0,16.2,470,green_difference/PSM7,green_difference/PSM7,16.2,47.0,ACCEPT_PRIMARY,0
6737,277.1067924528302,0,,,,,,,,,,,16.2,47.0,UNSAMPLED,0
6738,277.14792452830187,0,,,,,,,,,,,16.2,47.0,UNSAMPLED,0
6739,277.18905660377357,0,,,,,,,,,,,16.2,47.0,UNSAMPLED,0
6740,277.23018867924526,0,,,,,,,,,,,16.2,47.0,UNSAMPLED,0
6741,277.27132075471695,0,,,,,,,,,,,16.2,47.0,UNSAMPLED,0
6742,277.31245283018865,0,,,,,,,,,,,16.2,47.0,UNSAMPLED,0
6743,277.35358490566034,0,,,,,,,,,,,16.2,47.0,UNSAMPLED,0
6744,277.39471698113204,1,16.2,47.3,16.2,473,16.2,47.3,16.2,473,green_difference/PSM7,green_difference/PSM7,16.2,47.3,ACCEPT_PRIMARY,0
6745,277.4358490566038,0,,,,,,,,,,,16.2,47.3,UNSAMPLED,0
6746,277.4769811320755,0,,,,,,,,,,,16.2,47.3,UNSAMPLED,0
6747,277.5181132075472,0,,,,,,,,,,,16.2,47.3,UNSAMPLED,0
6748,277.55924528301887,0,,,,,,,,,,,16.2,47.3,UNSAMPLED,0
6749,277.60037735849056,0,,,,,,,,,,,16.2,47.3,UNSAMPLED,0
6750,277.64150943396226,0,,,,,,,,,,,16.2,47.3,UNSAMPLED,0
6751,277.68264150943395,0,,,,,,,,,,,16.2,47.3,UNSAMPLED,0
6752,277.72377358490564,1,16.2,470.7,16.2,4707,16.2,47.0,16.2,47.0,green_difference/PSM7,gray_adaptive/PSM7,16.2,47.0,ACCEPT_RETRY,1
6753,277.76490566037734,0,,,,,,,,,,,16.2,47.0,UNSAMPLED,0
6754,277.80603773584903,0,,,,,,,,,,,16.2,47.0,UNSAMPLED,0
6755,277.8471698113207,0,,,,,,,,,,,16.2,47.0,UNSAMPLED,0
6756,277.8883018867924,0,,,,,,,,,,,16.2,47.0,UNSAMPLED,0
6757,277.9294339622641,0,,,,,,,,,,,16.2,47.0,UNSAMPLED,0
6758,277.9705660377358,0,,,,,,,,,,,16.2,47.0,UNSAMPLED,0
6759,278.01169811320756,0,,,,,,,,,,,16.2,47.0,UNSAMPLED,0
6760,278.05283018867925,1,16.2,472.7,16.2,4727,16.2,47.2,16.2,47.20,green_difference/PSM7,hsv_green/PSM7,16.2,47.2,ACCEPT_RETRY,1
6761,278.09396226415095,0,,,,,,,,,,,16.2,47.2,UNSAMPLED,0
6762,278.13509433962264,0,,,,,,,,,,,16.2,47.2,UNSAMPLED,0
6763,278.17622641509433,0,,,,,,,,,,,16.2,47.2,UNSAMPLED,0
6764,278.217358490566,0,,,,,,,,,,,16.2,47.2,UNSAMPLED,0
6765,278.2584905660377,0,,,,,,,,,,,16.2,47.2,UNSAMPLED,0
6766,278.2996226415094,0,,,,,,,,,,,16.2,47.2,UNSAMPLED,0
6767,278.3407547169811,0,,,,,,,,,,,16.2,47.2,UNSAMPLED,0
6768,278.3818867924528,1,16.2,471.7,16.2,4717,,,,,,,16.2,47.2,HOLD_PREVIOUS,1
6769,278.4230188679245,0,,,,,,,,,,,16.2,47.2,UNSAMPLED,0
6770,278.4641509433962,0,,,,,,,,,,,16.2,47.2,UNSAMPLED,0
6771,278.5052830188679,0,,,,,,,,,,,16.2,47.2,UNSAMPLED,0
6772,278.54641509433964,0,,,,,,,,,,,16.2,47.2,UNSAMPLED,0
6773,278.58754716981133,0,,,,,,,,,,,16.2,47.2,UNSAMPLED,0
6774,278.628679245283,0,,,,,,,,,,,16.2,47.2,UNSAMPLED,0
6775,278.6698113207547,0,,,,,,,,,,,16.2,47.2,UNSAMPLED,0
6776,278.7109433962264,1,16.1,47.0,161,470,16.1,47.0,161,470,green_difference/PSM7,green_difference/PSM7,16.1,47.0,ACCEPT_PRIMARY,0
6777,278.7520754716981,0,,,,,,,,,,,16.1,47.0,UNSAMPLED,0
6778,278.7932075471698,0,,,,,,,,,,,16.1,47.0,UNSAMPLED,0
6779,278.8343396226415,0,,,,,,,,,,,16.1,47.0,UNSAMPLED,0
6780,278.8754716981132,0,,,,,,,,,,,16.1,47.0,UNSAMPLED,0
6781,278.9166037735849,0,,,,,,,,,,,16.1,47.0,UNSAMPLED,0
6782,278.9577358490566,0,,,,,,,,,,,16.1,47.0,UNSAMPLED,0
6783,278.99886792452827,0,,,,,,,,,,,16.1,47.0,UNSAMPLED,0
6784,279.03999999999996,1,16.1,47.0,161,470,16.1,47.0,161,470,green_difference/PSM7,green_difference/PSM7,16.1,47.0,ACCEPT_PRIMARY,0
6785,279.08113207547166,0,,,,,,,,,,,16.1,47.0,UNSAMPLED,0
6786,279.1222641509434,0,,,,,,,,,,,16.1,47.0,UNSAMPLED,0
6787,279.1633962264151,0,,,,,,,,,,,16.1,47.0,UNSAMPLED,0
6788,279.2045283018868,0,,,,,,,,,,,16.1,47.0,UNSAMPLED,0
6789,279.2456603773585,0,,,,,,,,,,,16.1,47.0,UNSAMPLED,0
6790,279.2867924528302,0,,,,,,,,,,,16.1,47.0,UNSAMPLED,0
6791,279.3279245283019,0,,,,,,,,,,,16.1,47.0,UNSAMPLED,0
6792,279.3690566037736,1,16.1,46.5,161,46.5,16.1,46.5,161,46.5,green_difference/PSM7,green_difference/PSM7,16.1,46.5,ACCEPT_PRIMARY,0
6793,279.41018867924527,0,,,,,,,,,,,16.1,46.5,UNSAMPLED,0
6794,279.45132075471696,0,,,,,,,,,,,16.1,46.5,UNSAMPLED,0
6795,279.49245283018865,0,,,,,,,,,,,16.1,46.5,UNSAMPLED,0
6796,279.53358490566035,0,,,,,,,,,,,16.1,46.5,UNSAMPLED,0
6797,279.57471698113204,0,,,,,,,,,,,16.1,46.5,UNSAMPLED,0
6798,279.61584905660374,0,,,,,,,,,,,16.1,46.5,UNSAMPLED,0
6799,279.65698113207543,0,,,,,,,,,,,16.1,46.5,UNSAMPLED,0
6800,279.6981132075472,1,16.2,46.8,16.2,46.8,16.2,46.8,16.2,46.8,green_difference/PSM7,green_difference/PSM7,16.2,46.8,ACCEPT_PRIMARY,0
6801,279.7392452830189,0,,,,,,,,,,,16.2,46.8,UNSAMPLED,0
6802,279.78037735849057,0,,,,,,,,,,,16.2,46.8,UNSAMPLED,0
6803,279.82150943396226,0,,,,,,,,,,,16.2,46.8,UNSAMPLED,0
6804,279.86264150943396,0,,,,,,,,,,,16.2,46.8,UNSAMPLED,0
6805,279.90377358490565,0,,,,,,,,,,,16.2,46.8,UNSAMPLED,0
6806,279.94490566037734,0,,,,,,,,,,,16.2,46.8,UNSAMPLED,0
6807,279.98603773584904,0,,,,,,,,,,,16.2,46.8,UNSAMPLED,0
6808,280.02716981132073,1,16.1,46.8,161,46.8,16.1,46.8,161,46.8,green_difference/PSM7,green_difference/PSM7,16.1,46.8,ACCEPT_PRIMARY,0
6809,280.0683018867924,0,,,,,,,,,,,16.1,46.8,UNSAMPLED,0
6810,280.1094339622641,0,,,,,,,,,,,16.1,46.8,UNSAMPLED,0
6811,280.1505660377358,0,,,,,,,,,,,16.1,46.8,UNSAMPLED,0
6812,280.1916981132075,0,,,,,,,,,,,16.1,46.8,UNSAMPLED,0
6813,280.23283018867926,0,,,,,,,,,,,16.1,46.8,UNSAMPLED,0
6814,280.27396226415095,0,,,,,,,,,,,16.1,46.8,UNSAMPLED,0
6815,280.31509433962265,0,,,,,,,,,,,16.1,46.8,UNSAMPLED,0
6816,280.35622641509434,1,16.2,46.8,16.2,46.8,16.2,46.8,16.2,46.8,green_difference/PSM7,green_difference/PSM7,16.2,46.8,ACCEPT_PRIMARY,0
6817,280.39735849056603,0,,,,,,,,,,,16.2,46.8,UNSAMPLED,0
6818,280.43849056603773,0,,,,,,,,,,,16.2,46.8,UNSAMPLED,0
6819,280.4796226415094,0,,,,,,,,,,,16.2,46.8,UNSAMPLED,0
6820,280.5207547169811,0,,,,,,,,,,,16.2,46.8,UNSAMPLED,0
6821,280.5618867924528,0,,,,,,,,,,,16.2,46.8,UNSAMPLED,0
6822,280.6030188679245,0,,,,,,,,,,,16.2,46.8,UNSAMPLED,0
6823,280.6441509433962,0,,,,,,,,,,,16.2,46.8,UNSAMPLED,0
6824,280.6852830188679,1,16.2,46.5,16.2.,465,16.2,46.5,16.2.,465,green_difference/PSM7,green_difference/PSM7,16.2,46.5,ACCEPT_PRIMARY,0
6825,280.7264150943396,0,,,,,,,,,,,16.2,46.5,UNSAMPLED,0
6826,280.7675471698113,0,,,,,,,,,,,16.2,46.5,UNSAMPLED,0
6827,280.80867924528303,0,,,,,,,,,,,16.2,46.5,UNSAMPLED,0
6828,280.8498113207547,0,,,,,,,,,,,16.2,46.5,UNSAMPLED,0
6829,280.8909433962264,0,,,,,,,,,,,16.2,46.5,UNSAMPLED,0
6830,280.9320754716981,0,,,,,,,,,,,16.2,46.5,UNSAMPLED,0
6831,280.9732075471698,0,,,,,,,,,,,16.2,46.5,UNSAMPLED,0
6832,281.0143396226415,1,16.1,46.5,161,465,16.1,46.5,161,465,green_difference/PSM7,green_difference/PSM7,16.1,46.5,ACCEPT_PRIMARY,0
6833,281.0554716981132,0,,,,,,,,,,,16.1,46.5,UNSAMPLED,0
6834,281.0966037735849,0,,,,,,,,,,,16.1,46.5,UNSAMPLED,0
6835,281.1377358490566,0,,,,,,,,,,,16.1,46.5,UNSAMPLED,0
6836,281.1788679245283,0,,,,,,,,,,,16.1,46.5,UNSAMPLED,0
6837,281.21999999999997,0,,,,,,,,,,,16.1,46.5,UNSAMPLED,0
6838,281.26113207547166,0,,,,,,,,,,,16.1,46.5,UNSAMPLED,0
6839,281.30226415094336,0,,,,,,,,,,,16.1,46.5,UNSAMPLED,0
6840,281.34339622641505,1,16.1,46.8,161,46.8,16.1,46.8,161,46.8,green_difference/PSM7,green_difference/PSM7,16.1,46.8,ACCEPT_PRIMARY,0
6841,281.3845283018868,0,,,,,,,,,,,16.1,46.8,UNSAMPLED,0
6842,281.4256603773585,0,,,,,,,,,,,16.1,46.8,UNSAMPLED,0
6843,281.4667924528302,0,,,,,,,,,,,16.1,46.8,UNSAMPLED,0
6844,281.5079245283019,0,,,,,,,,,,,16.1,46.8,UNSAMPLED,0
6845,281.5490566037736,0,,,,,,,,,,,16.1,46.8,UNSAMPLED,0
6846,281.5901886792453,0,,,,,,,,,,,16.1,46.8,UNSAMPLED,0
6847,281.63132075471697,0,,,,,,,,,,,16.1,46.8,UNSAMPLED,0
6848,281.67245283018866,1,16.2,46.0,16.2,460,16.2,46.0,16.2,460,green_difference/PSM7,green_difference/PSM7,16.2,46.0,ACCEPT_PRIMARY,0
6849,281.71358490566035,0,,,,,,,,,,,16.2,46.0,UNSAMPLED,0
6850,281.75471698113205,0,,,,,,,,,,,16.2,46.0,UNSAMPLED,0
6851,281.79584905660374,0,,,,,,,,,,,16.2,46.0,UNSAMPLED,0
6852,281.83698113207544,0,,,,,,,,,,,16.2,46.0,UNSAMPLED,0
6853,281.87811320754713,0,,,,,,,,,,,16.2,46.0,UNSAMPLED,0
6854,281.9192452830189,0,,,,,,,,,,,16.2,46.0,UNSAMPLED,0
6855,281.9603773584906,0,,,,,,,,,,,16.2,46.0,UNSAMPLED,0
6856,282.00150943396227,1,16.1,46.9,161,469,16.1,46.9,161,469,green_difference/PSM7,green_difference/PSM7,16.1,46.9,ACCEPT_PRIMARY,0
6857,282.04264150943396,0,,,,,,,,,,,16.1,46.9,UNSAMPLED,0
6858,282.08377358490566,0,,,,,,,,,,,16.1,46.9,UNSAMPLED,0
6859,282.12490566037735,0,,,,,,,,,,,16.1,46.9,UNSAMPLED,0
6860,282.16603773584905,0,,,,,,,,,,,16.1,46.9,UNSAMPLED,0
6861,282.20716981132074,0,,,,,,,,,,,16.1,46.9,UNSAMPLED,0
6862,282.24830188679243,0,,,,,,,,,,,16.1,46.9,UNSAMPLED,0
6863,282.2894339622641,0,,,,,,,,,,,16.1,46.9,UNSAMPLED,0
6864,282.3305660377358,1,16.0,46.6,16.0,466,16.0,46.6,16.0,466,green_difference/PSM7,green_difference/PSM7,16.0,46.6,ACCEPT_PRIMARY,0
6865,282.3716981132075,0,,,,,,,,,,,16.0,46.6,UNSAMPLED,0
6866,282.4128301886792,0,,,,,,,,,,,16.0,46.6,UNSAMPLED,0
6867,282.4539622641509,0,,,,,,,,,,,16.0,46.6,UNSAMPLED,0
6868,282.49509433962265,0,,,,,,,,,,,16.0,46.6,UNSAMPLED,0
6869,282.53622641509435,0,,,,,,,,,,,16.0,46.6,UNSAMPLED,0
6870,282.57735849056604,0,,,,,,,,,,,16.0,46.6,UNSAMPLED,0
6871,282.61849056603774,0,,,,,,,,,,,16.0,46.6,UNSAMPLED,0
6872,282.65962264150943,1,16.0,46.1,16.0,46.1,16.0,46.1,16.0,46.1,green_difference/PSM7,green_difference/PSM7,16.0,46.1,ACCEPT_PRIMARY,0
6873,282.7007547169811,0,,,,,,,,,,,16.0,46.1,UNSAMPLED,0
6874,282.7418867924528,0,,,,,,,,,,,16.0,46.1,UNSAMPLED,0
6875,282.7830188679245,0,,,,,,,,,,,16.0,46.1,UNSAMPLED,0
6876,282.8241509433962,0,,,,,,,,,,,16.0,46.1,UNSAMPLED,0
6877,282.8652830188679,0,,,,,,,,,,,16.0,46.1,UNSAMPLED,0
6878,282.9064150943396,0,,,,,,,,,,,16.0,46.1,UNSAMPLED,0
6879,282.9475471698113,0,,,,,,,,,,,16.0,46.1,UNSAMPLED,0
6880,282.988679245283,1,15.0,47.17,15.0,47.170,15.0,47.17,15.0,47.170,green_difference/PSM7,green_difference/PSM7,15.0,47.17,ACCEPT_PRIMARY,0
6881,283.0298113207547,0,,,,,,,,,,,15.0,47.17,UNSAMPLED,0
6882,283.0709433962264,0,,,,,,,,,,,15.0,47.17,UNSAMPLED,0
6883,283.1120754716981,0,,,,,,,,,,,15.0,47.17,UNSAMPLED,0
6884,283.1532075471698,0,,,,,,,,,,,15.0,47.17,UNSAMPLED,0
6885,283.1943396226415,0,,,,,,,,,,,15.0,47.17,UNSAMPLED,0
6886,283.2354716981132,0,,,,,,,,,,,15.0,47.17,UNSAMPLED,0
6887,283.2766037735849,0,,,,,,,,,,,15.0,47.17,UNSAMPLED,0
6888,283.3177358490566,1,16.0,47.17,16.0,47.170,16.0,47.17,16.0,47.170,green_difference/PSM7,green_difference/PSM7,16.0,47.17,ACCEPT_PRIMARY,0
6889,283.3588679245283,0,,,,,,,,,,,16.0,47.17,UNSAMPLED,0
6890,283.4,0,,,,,,,,,,,16.0,47.17,UNSAMPLED,0
6891,283.44113207547167,0,,,,,,,,,,,16.0,47.17,UNSAMPLED,0
6892,283.48226415094337,0,,,,,,,,,,,16.0,47.17,UNSAMPLED,0
6893,283.52339622641506,0,,,,,,,,,,,16.0,47.17,UNSAMPLED,0
6894,283.56452830188675,0,,,,,,,,,,,16.0,47.17,UNSAMPLED,0
6895,283.6056603773585,0,,,,,,,,,,,16.0,47.17,UNSAMPLED,0
6896,283.6467924528302,1,16.9,470.7,16.9,4707,15.9,47.0,15.9,470,green_channel_otsu/PSM7,hsv_green/PSM7,15.9,47.0,ACCEPT_RETRY,1
6897,283.6879245283019,0,,,,,,,,,,,15.9,47.0,UNSAMPLED,0
6898,283.7290566037736,0,,,,,,,,,,,15.9,47.0,UNSAMPLED,0
6899,283.7701886792453,0,,,,,,,,,,,15.9,47.0,UNSAMPLED,0
6900,283.811320754717,0,,,,,,,,,,,15.9,47.0,UNSAMPLED,0
6901,283.85245283018867,0,,,,,,,,,,,15.9,47.0,UNSAMPLED,0
6902,283.89358490566036,0,,,,,,,,,,,15.9,47.0,UNSAMPLED,0
6903,283.93471698113206,0,,,,,,,,,,,15.9,47.0,UNSAMPLED,0
6904,283.97584905660375,1,16.9,46.2,16.9,46.2,16.9,46.2,16.9,46.2,green_difference/PSM7,green_difference/PSM7,16.9,46.2,ACCEPT_PRIMARY,0
6905,284.01698113207544,0,,,,,,,,,,,16.9,46.2,UNSAMPLED,0
6906,284.05811320754714,0,,,,,,,,,,,16.9,46.2,UNSAMPLED,0
6907,284.09924528301883,0,,,,,,,,,,,16.9,46.2,UNSAMPLED,0
6908,284.1403773584905,0,,,,,,,,,,,16.9,46.2,UNSAMPLED,0
6909,284.1815094339623,0,,,,,,,,,,,16.9,46.2,UNSAMPLED,0
6910,284.22264150943397,0,,,,,,,,,,,16.9,46.2,UNSAMPLED,0
6911,284.26377358490566,0,,,,,,,,,,,16.9,46.2,UNSAMPLED,0
6912,284.30490566037736,1,16.9,46.4,16.9,46.4,16.9,46.4,16.9,46.4,green_difference/PSM7,green_difference/PSM7,16.9,46.4,ACCEPT_PRIMARY,0
6913,284.34603773584905,0,,,,,,,,,,,16.9,46.4,UNSAMPLED,0
6914,284.38716981132075,0,,,,,,,,,,,16.9,46.4,UNSAMPLED,0
6915,284.42830188679244,0,,,,,,,,,,,16.9,46.4,UNSAMPLED,0
6916,284.46943396226413,0,,,,,,,,,,,16.9,46.4,UNSAMPLED,0
6917,284.5105660377358,0,,,,,,,,,,,16.9,46.4,UNSAMPLED,0
6918,284.5516981132075,0,,,,,,,,,,,16.9,46.4,UNSAMPLED,0
6919,284.5928301886792,0,,,,,,,,,,,16.9,46.4,UNSAMPLED,0
6920,284.6339622641509,1,12.3,467.7,123,4677,16.8,46.7,168,46.7,green_difference/PSM8,green_channel_otsu/PSM7,16.8,46.7,ACCEPT_RETRY,1
6921,284.6750943396226,0,,,,,,,,,,,16.8,46.7,UNSAMPLED,0
6922,284.7162264150943,0,,,,,,,,,,,16.8,46.7,UNSAMPLED,0
6923,284.75735849056605,0,,,,,,,,,,,16.8,46.7,UNSAMPLED,0
6924,284.79849056603774,0,,,,,,,,,,,16.8,46.7,UNSAMPLED,0
6925,284.83962264150944,0,,,,,,,,,,,16.8,46.7,UNSAMPLED,0
6926,284.88075471698113,0,,,,,,,,,,,16.8,46.7,UNSAMPLED,0
6927,284.9218867924528,0,,,,,,,,,,,16.8,46.7,UNSAMPLED,0
6928,284.9630188679245,1,15.8,465.2,15.8,465.2,15.8,46.8,15.8,46.8,green_difference/PSM7,hsv_green/PSM7,15.8,46.8,ACCEPT_RETRY,1
6929,285.0041509433962,0,,,,,,,,,,,15.8,46.8,UNSAMPLED,0
6930,285.0452830188679,0,,,,,,,,,,,15.8,46.8,UNSAMPLED,0
6931,285.0864150943396,0,,,,,,,,,,,15.8,46.8,UNSAMPLED,0
6932,285.1275471698113,0,,,,,,,,,,,15.8,46.8,UNSAMPLED,0
6933,285.168679245283,0,,,,,,,,,,,15.8,46.8,UNSAMPLED,0
6934,285.2098113207547,0,,,,,,,,,,,15.8,46.8,UNSAMPLED,0
6935,285.2509433962264,0,,,,,,,,,,,15.8,46.8,UNSAMPLED,0
6936,285.2920754716981,1,16.8,47.0,16.8,470,16.8,47.0,16.8,470,green_difference/PSM7,green_difference/PSM7,16.8,47.0,ACCEPT_PRIMARY,0
6937,285.3332075471698,0,,,,,,,,,,,16.8,47.0,UNSAMPLED,0
6938,285.3743396226415,0,,,,,,,,,,,16.8,47.0,UNSAMPLED,0
6939,285.4154716981132,0,,,,,,,,,,,16.8,47.0,UNSAMPLED,0
6940,285.4566037735849,0,,,,,,,,,,,16.8,47.0,UNSAMPLED,0
6941,285.4977358490566,0,,,,,,,,,,,16.8,47.0,UNSAMPLED,0
6942,285.5388679245283,0,,,,,,,,,,,16.8,47.0,UNSAMPLED,0
6943,285.58,0,,,,,,,,,,,16.8,47.0,UNSAMPLED,0
6944,285.6211320754717,1,,472.0,,4720,,,,,,,16.8,47.0,HOLD_PREVIOUS,1
6945,285.6622641509434,0,,,,,,,,,,,16.8,47.0,UNSAMPLED,0
6946,285.70339622641507,0,,,,,,,,,,,16.8,47.0,UNSAMPLED,0
6947,285.74452830188676,0,,,,,,,,,,,16.8,47.0,UNSAMPLED,0
6948,285.78566037735845,0,,,,,,,,,,,16.8,47.0,UNSAMPLED,0
6949,285.82679245283015,0,,,,,,,,,,,16.8,47.0,UNSAMPLED,0
6950,285.8679245283019,0,,,,,,,,,,,16.8,47.0,UNSAMPLED,0
6951,285.9090566037736,0,,,,,,,,,,,16.8,47.0,UNSAMPLED,0
6952,285.9501886792453,1,18.4,46.9,184,469,18.4,46.9,184,469,green_difference/PSM7,green_difference/PSM7,18.4,46.9,ACCEPT_PRIMARY,0
6953,285.991320754717,0,,,,,,,,,,,18.4,46.9,UNSAMPLED,0
6954,286.0324528301887,0,,,,,,,,,,,18.4,46.9,UNSAMPLED,0
6955,286.07358490566037,0,,,,,,,,,,,18.4,46.9,UNSAMPLED,0
6956,286.11471698113206,0,,,,,,,,,,,18.4,46.9,UNSAMPLED,0
6957,286.15584905660376,0,,,,,,,,,,,18.4,46.9,UNSAMPLED,0
6958,286.19698113207545,0,,,,,,,,,,,18.4,46.9,UNSAMPLED,0
6959,286.23811320754714,0,,,,,,,,,,,18.4,46.9,UNSAMPLED,0
6960,286.27924528301884,1,18.8,45.9,18.8,459,18.8,45.9,18.8,459,green_difference/PSM7,green_difference/PSM7,18.8,45.9,ACCEPT_PRIMARY,0
6961,286.32037735849053,0,,,,,,,,,,,18.8,45.9,UNSAMPLED,0
6962,286.3615094339622,0,,,,,,,,,,,18.8,45.9,UNSAMPLED,0
6963,286.4026415094339,0,,,,,,,,,,,18.8,45.9,UNSAMPLED,0
6964,286.44377358490567,0,,,,,,,,,,,18.8,45.9,UNSAMPLED,0
6965,286.48490566037736,0,,,,,,,,,,,18.8,45.9,UNSAMPLED,0
6966,286.52603773584906,0,,,,,,,,,,,18.8,45.9,UNSAMPLED,0
6967,286.56716981132075,0,,,,,,,,,,,18.8,45.9,UNSAMPLED,0
6968,286.60830188679245,1,18.8,45.9,18.8,459,18.8,45.9,18.8,459,green_difference/PSM7,green_difference/PSM7,18.8,45.9,ACCEPT_PRIMARY,0
6969,286.64943396226414,0,,,,,,,,,,,18.8,45.9,UNSAMPLED,0
6970,286.69056603773583,0,,,,,,,,,,,18.8,45.9,UNSAMPLED,0
6971,286.73169811320753,0,,,,,,,,,,,18.8,45.9,UNSAMPLED,0
6972,286.7728301886792,0,,,,,,,,,,,18.8,45.9,UNSAMPLED,0
6973,286.8139622641509,0,,,,,,,,,,,18.8,45.9,UNSAMPLED,0
6974,286.8550943396226,0,,,,,,,,,,,18.8,45.9,UNSAMPLED,0
6975,286.8962264150943,0,,,,,,,,,,,18.8,45.9,UNSAMPLED,0
6976,286.937358490566,1,182.8,4747.0,1828,47470,16.8,47.4,168,474,green_difference/PSM8,green_difference/PSM8,16.8,47.4,ACCEPT_RETRY,1
6977,286.97849056603775,0,,,,,,,,,,,16.8,47.4,UNSAMPLED,0
6978,287.01962264150944,0,,,,,,,,,,,16.8,47.4,UNSAMPLED,0
6979,287.06075471698114,0,,,,,,,,,,,16.8,47.4,UNSAMPLED,0
6980,287.10188679245283,0,,,,,,,,,,,16.8,47.4,UNSAMPLED,0
6981,287.1430188679245,0,,,,,,,,,,,16.8,47.4,UNSAMPLED,0
6982,287.1841509433962,0,,,,,,,,,,,16.8,47.4,UNSAMPLED,0
6983,287.2252830188679,0,,,,,,,,,,,16.8,47.4,UNSAMPLED,0
6984,287.2664150943396,1,142.0,46.6,1420,466,15.2,46.6,15.2,46.6,green_channel_otsu/PSM7,hsv_green/PSM7,15.2,46.6,ACCEPT_RETRY,1
6985,287.3075471698113,0,,,,,,,,,,,15.2,46.6,UNSAMPLED,0
6986,287.348679245283,0,,,,,,,,,,,15.2,46.6,UNSAMPLED,0
6987,287.3898113207547,0,,,,,,,,,,,15.2,46.6,UNSAMPLED,0
6988,287.4309433962264,0,,,,,,,,,,,15.2,46.6,UNSAMPLED,0
6989,287.4720754716981,0,,,,,,,,,,,15.2,46.6,UNSAMPLED,0
6990,287.51320754716977,0,,,,,,,,,,,15.2,46.6,UNSAMPLED,0
6991,287.5543396226415,0,,,,,,,,,,,15.2,46.6,UNSAMPLED,0
6992,287.5954716981132,1,,46.7,11,467,15.1,46.7,15.1,46.7,green_channel_otsu/PSM7,green_channel_otsu/PSM7,15.1,46.7,ACCEPT_RETRY,1
6993,287.6366037735849,0,,,,,,,,,,,15.1,46.7,UNSAMPLED,0
6994,287.6777358490566,0,,,,,,,,,,,15.1,46.7,UNSAMPLED,0
6995,287.7188679245283,0,,,,,,,,,,,15.1,46.7,UNSAMPLED,0
6996,287.76,0,,,,,,,,,,,15.1,46.7,UNSAMPLED,0
6997,287.8011320754717,0,,,,,,,,,,,15.1,46.7,UNSAMPLED,0
6998,287.8422641509434,0,,,,,,,,,,,15.1,46.7,UNSAMPLED,0
6999,287.8833962264151,0,,,,,,,,,,,15.1,46.7,UNSAMPLED,0
7000,287.92452830188677,1,,46.6,11,46.6,15.1,46.6,15.1,46.6,green_channel_otsu/PSM7,green_difference/PSM7,15.1,46.6,ACCEPT_RETRY,1
7001,287.96566037735846,0,,,,,,,,,,,15.1,46.6,UNSAMPLED,0
7002,288.00679245283015,0,,,,,,,,,,,15.1,46.6,UNSAMPLED,0
7003,288.04792452830185,0,,,,,,,,,,,15.1,46.6,UNSAMPLED,0
7004,288.08905660377354,0,,,,,,,,,,,15.1,46.6,UNSAMPLED,0
7005,288.1301886792453,0,,,,,,,,,,,15.1,46.6,UNSAMPLED,0
7006,288.171320754717,0,,,,,,,,,,,15.1,46.6,UNSAMPLED,0
7007,288.2124528301887,0,,,,,,,,,,,15.1,46.6,UNSAMPLED,0
7008,288.2535849056604,1,,46.5,11,465,15.1,46.5,15.1,46.50,green_channel_otsu/PSM7,hsv_green/PSM7,15.1,46.5,ACCEPT_RETRY,1
7009,288.29471698113207,0,,,,,,,,,,,15.1,46.5,UNSAMPLED,0
7010,288.33584905660376,0,,,,,,,,,,,15.1,46.5,UNSAMPLED,0
7011,288.37698113207546,0,,,,,,,,,,,15.1,46.5,UNSAMPLED,0
7012,288.41811320754715,0,,,,,,,,,,,15.1,46.5,UNSAMPLED,0
7013,288.45924528301884,0,,,,,,,,,,,15.1,46.5,UNSAMPLED,0
7014,288.50037735849054,0,,,,,,,,,,,15.1,46.5,UNSAMPLED,0
7015,288.54150943396223,0,,,,,,,,,,,15.1,46.5,UNSAMPLED,0
7016,288.5826415094339,1,,46.3,11,463,15.1,46.3,15.1,46.30,green_channel_otsu/PSM7,hsv_green/PSM7,15.1,46.3,ACCEPT_RETRY,1
7017,288.6237735849056,0,,,,,,,,,,,15.1,46.3,UNSAMPLED,0
7018,288.66490566037737,0,,,,,,,,,,,15.1,46.3,UNSAMPLED,0
7019,288.70603773584907,0,,,,,,,,,,,15.1,46.3,UNSAMPLED,0
7020,288.74716981132076,0,,,,,,,,,,,15.1,46.3,UNSAMPLED,0
7021,288.78830188679245,0,,,,,,,,,,,15.1,46.3,UNSAMPLED,0
7022,288.82943396226415,0,,,,,,,,,,,15.1,46.3,UNSAMPLED,0
7023,288.87056603773584,0,,,,,,,,,,,15.1,46.3,UNSAMPLED,0
7024,288.91169811320754,1,15.2,46.0,15.2,460,15.2,46.0,15.2,460,green_difference/PSM7,green_difference/PSM7,15.2,46.0,ACCEPT_PRIMARY,0
7025,288.95283018867923,0,,,,,,,,,,,15.2,46.0,UNSAMPLED,0
7026,288.9939622641509,0,,,,,,,,,,,15.2,46.0,UNSAMPLED,0
7027,289.0350943396226,0,,,,,,,,,,,15.2,46.0,UNSAMPLED,0
7028,289.0762264150943,0,,,,,,,,,,,15.2,46.0,UNSAMPLED,0
7029,289.117358490566,0,,,,,,,,,,,15.2,46.0,UNSAMPLED,0
7030,289.1584905660377,0,,,,,,,,,,,15.2,46.0,UNSAMPLED,0
7031,289.1996226415094,0,,,,,,,,,,,15.2,46.0,UNSAMPLED,0
7032,289.24075471698114,1,15.1,45.9,151,459,15.1,45.9,151,459,green_difference/PSM7,green_difference/PSM7,15.1,45.9,ACCEPT_PRIMARY,0
7033,289.28188679245284,0,,,,,,,,,,,15.1,45.9,UNSAMPLED,0
7034,289.32301886792453,0,,,,,,,,,,,15.1,45.9,UNSAMPLED,0
7035,289.3641509433962,0,,,,,,,,,,,15.1,45.9,UNSAMPLED,0
7036,289.4052830188679,0,,,,,,,,,,,15.1,45.9,UNSAMPLED,0
7037,289.4464150943396,0,,,,,,,,,,,15.1,45.9,UNSAMPLED,0
7038,289.4875471698113,0,,,,,,,,,,,15.1,45.9,UNSAMPLED,0
7039,289.528679245283,0,,,,,,,,,,,15.1,45.9,UNSAMPLED,0
7040,289.5698113207547,1,15.1,45.9,151,459,15.1,45.9,151,459,green_difference/PSM7,green_difference/PSM7,15.1,45.9,ACCEPT_PRIMARY,0
7041,289.6109433962264,0,,,,,,,,,,,15.1,45.9,UNSAMPLED,0
7042,289.6520754716981,0,,,,,,,,,,,15.1,45.9,UNSAMPLED,0
7043,289.6932075471698,0,,,,,,,,,,,15.1,45.9,UNSAMPLED,0
7044,289.73433962264147,0,,,,,,,,,,,15.1,45.9,UNSAMPLED,0
7045,289.77547169811317,0,,,,,,,,,,,15.1,45.9,UNSAMPLED,0
7046,289.8166037735849,0,,,,,,,,,,,15.1,45.9,UNSAMPLED,0
7047,289.8577358490566,0,,,,,,,,,,,15.1,45.9,UNSAMPLED,0
7048,289.8988679245283,1,15.1,46.4,151,464,15.1,46.4,151,464,green_difference/PSM7,green_difference/PSM7,15.1,46.4,ACCEPT_PRIMARY,0
7049,289.94,0,,,,,,,,,,,15.1,46.4,UNSAMPLED,0
7050,289.9811320754717,0,,,,,,,,,,,15.1,46.4,UNSAMPLED,0
7051,290.0222641509434,0,,,,,,,,,,,15.1,46.4,UNSAMPLED,0
7052,290.0633962264151,0,,,,,,,,,,,15.1,46.4,UNSAMPLED,0
7053,290.1045283018868,0,,,,,,,,,,,15.1,46.4,UNSAMPLED,0
7054,290.14566037735847,0,,,,,,,,,,,15.1,46.4,UNSAMPLED,0
7055,290.18679245283016,0,,,,,,,,,,,15.1,46.4,UNSAMPLED,0
7056,290.22792452830186,1,15.1,46.4,151,464,15.1,46.4,151,464,green_difference/PSM7,green_difference/PSM7,15.1,46.4,ACCEPT_PRIMARY,0
7057,290.26905660377355,0,,,,,,,,,,,15.1,46.4,UNSAMPLED,0
7058,290.31018867924524,0,,,,,,,,,,,15.1,46.4,UNSAMPLED,0
7059,290.351320754717,0,,,,,,,,,,,15.1,46.4,UNSAMPLED,0
7060,290.3924528301887,0,,,,,,,,,,,15.1,46.4,UNSAMPLED,0
7061,290.4335849056604,0,,,,,,,,,,,15.1,46.4,UNSAMPLED,0
7062,290.4747169811321,0,,,,,,,,,,,15.1,46.4,UNSAMPLED,0
7063,290.51584905660377,0,,,,,,,,,,,15.1,46.4,UNSAMPLED,0
7064,290.55698113207546,1,15.1,46.2,151,462,15.1,46.2,151,462,green_difference/PSM7,green_difference/PSM7,15.1,46.2,ACCEPT_PRIMARY,0
7065,290.59811320754716,0,,,,,,,,,,,15.1,46.2,UNSAMPLED,0
7066,290.63924528301885,0,,,,,,,,,,,15.1,46.2,UNSAMPLED,0
7067,290.68037735849055,0,,,,,,,,,,,15.1,46.2,UNSAMPLED,0
7068,290.72150943396224,0,,,,,,,,,,,15.1,46.2,UNSAMPLED,0
7069,290.76264150943393,0,,,,,,,,,,,15.1,46.2,UNSAMPLED,0
7070,290.8037735849056,0,,,,,,,,,,,15.1,46.2,UNSAMPLED,0
7071,290.8449056603773,0,,,,,,,,,,,15.1,46.2,UNSAMPLED,0
7072,290.886037735849,1,19.1,46.2,19.1,46.20,15.1,46.2,15.1,46.20,green_channel_otsu/PSM7,green_difference/PSM7,15.1,46.2,ACCEPT_RETRY,1
7073,290.92716981132077,0,,,,,,,,,,,15.1,46.2,UNSAMPLED,0
7074,290.96830188679246,0,,,,,,,,,,,15.1,46.2,UNSAMPLED,0
7075,291.00943396226415,0,,,,,,,,,,,15.1,46.2,UNSAMPLED,0
7076,291.05056603773585,0,,,,,,,,,,,15.1,46.2,UNSAMPLED,0
7077,291.09169811320754,0,,,,,,,,,,,15.1,46.2,UNSAMPLED,0
7078,291.13283018867924,0,,,,,,,,,,,15.1,46.2,UNSAMPLED,0
7079,291.17396226415093,0,,,,,,,,,,,15.1,46.2,UNSAMPLED,0
7080,291.2150943396226,1,,459.0,1,4590,,,,,,,15.1,46.2,HOLD_PREVIOUS,1
7081,291.2562264150943,0,,,,,,,,,,,15.1,46.2,UNSAMPLED,0
7082,291.297358490566,0,,,,,,,,,,,15.1,46.2,UNSAMPLED,0
7083,291.3384905660377,0,,,,,,,,,,,15.1,46.2,UNSAMPLED,0
7084,291.3796226415094,0,,,,,,,,,,,15.1,46.2,UNSAMPLED,0
7085,291.4207547169811,0,,,,,,,,,,,15.1,46.2,UNSAMPLED,0
7086,291.4618867924528,0,,,,,,,,,,,15.1,46.2,UNSAMPLED,0
7087,291.50301886792454,0,,,,,,,,,,,15.1,46.2,UNSAMPLED,0
7088,291.54415094339623,1,,459.0,1,4590,15.1,45.9,15.1,45.9,green_channel_otsu/PSM7,gray_adaptive/PSM7,15.1,45.9,ACCEPT_RETRY,1
7089,291.5852830188679,0,,,,,,,,,,,15.1,45.9,UNSAMPLED,0
7090,291.6264150943396,0,,,,,,,,,,,15.1,45.9,UNSAMPLED,0
7091,291.6675471698113,0,,,,,,,,,,,15.1,45.9,UNSAMPLED,0
7092,291.708679245283,0,,,,,,,,,,,15.1,45.9,UNSAMPLED,0
7093,291.7498113207547,0,,,,,,,,,,,15.1,45.9,UNSAMPLED,0
7094,291.7909433962264,0,,,,,,,,,,,15.1,45.9,UNSAMPLED,0
7095,291.8320754716981,0,,,,,,,,,,,15.1,45.9,UNSAMPLED,0
7096,291.8732075471698,1,,45.5,1,45.5,15.1,45.5,15.1,45.5,green_channel_otsu/PSM7,green_difference/PSM7,15.1,45.5,ACCEPT_RETRY,1
7097,291.9143396226415,0,,,,,,,,,,,15.1,45.5,UNSAMPLED,0
7098,291.9554716981132,0,,,,,,,,,,,15.1,45.5,UNSAMPLED,0
7099,291.99660377358487,0,,,,,,,,,,,15.1,45.5,UNSAMPLED,0
7100,292.0377358490566,0,,,,,,,,,,,15.1,45.5,UNSAMPLED,0
7101,292.0788679245283,0,,,,,,,,,,,15.1,45.5,UNSAMPLED,0
7102,292.12,0,,,,,,,,,,,15.1,45.5,UNSAMPLED,0
7103,292.1611320754717,0,,,,,,,,,,,15.1,45.5,UNSAMPLED,0
7104,292.2022641509434,1,,45.5,1,45.5,15.1,45.5,15.1,45.5,green_channel_otsu/PSM7,green_difference/PSM7,15.1,45.5,ACCEPT_RETRY,1
7105,292.2433962264151,0,,,,,,,,,,,15.1,45.5,UNSAMPLED,0
7106,292.2845283018868,0,,,,,,,,,,,15.1,45.5,UNSAMPLED,0
7107,292.3256603773585,0,,,,,,,,,,,15.1,45.5,UNSAMPLED,0
7108,292.36679245283017,0,,,,,,,,,,,15.1,45.5,UNSAMPLED,0
7109,292.40792452830186,0,,,,,,,,,,,15.1,45.5,UNSAMPLED,0
7110,292.44905660377356,0,,,,,,,,,,,15.1,45.5,UNSAMPLED,0
7111,292.49018867924525,0,,,,,,,,,,,15.1,45.5,UNSAMPLED,0
7112,292.53132075471694,1,,45.5,1,45.5,15.1,45.5,15.1,45.5,green_channel_otsu/PSM7,green_difference/PSM7,15.1,45.5,ACCEPT_RETRY,1
7113,292.57245283018864,0,,,,,,,,,,,15.1,45.5,UNSAMPLED,0
7114,292.6135849056604,0,,,,,,,,,,,15.1,45.5,UNSAMPLED,0
7115,292.6547169811321,0,,,,,,,,,,,15.1,45.5,UNSAMPLED,0
7116,292.6958490566038,0,,,,,,,,,,,15.1,45.5,UNSAMPLED,0
7117,292.73698113207547,0,,,,,,,,,,,15.1,45.5,UNSAMPLED,0
7118,292.77811320754716,0,,,,,,,,,,,15.1,45.5,UNSAMPLED,0
7119,292.81924528301886,0,,,,,,,,,,,15.1,45.5,UNSAMPLED,0
7120,292.86037735849055,1,,45.5,1,45.5,15.1,45.5,15.1,45.5,green_channel_otsu/PSM7,green_difference/PSM7,15.1,45.5,ACCEPT_RETRY,1
7121,292.90150943396225,0,,,,,,,,,,,15.1,45.5,UNSAMPLED,0
7122,292.94264150943394,0,,,,,,,,,,,15.1,45.5,UNSAMPLED,0
7123,292.98377358490563,0,,,,,,,,,,,15.1,45.5,UNSAMPLED,0
7124,293.0249056603773,0,,,,,,,,,,,15.1,45.5,UNSAMPLED,0
7125,293.066037735849,0,,,,,,,,,,,15.1,45.5,UNSAMPLED,0
7126,293.1071698113207,0,,,,,,,,,,,15.1,45.5,UNSAMPLED,0
7127,293.1483018867924,0,,,,,,,,,,,15.1,45.5,UNSAMPLED,0
7128,293.18943396226416,1,,46.5,11,465,15.1,45.6,15.1,45.6,green_channel_otsu/PSM7,hsv_green/PSM7,15.1,45.6,ACCEPT_RETRY,1
7129,293.23056603773585,0,,,,,,,,,,,15.1,45.6,UNSAMPLED,0
7130,293.27169811320755,0,,,,,,,,,,,15.1,45.6,UNSAMPLED,0
7131,293.31283018867924,0,,,,,,,,,,,15.1,45.6,UNSAMPLED,0
7132,293.35396226415094,0,,,,,,,,,,,15.1,45.6,UNSAMPLED,0
7133,293.39509433962263,0,,,,,,,,,,,15.1,45.6,UNSAMPLED,0
7134,293.4362264150943,0,,,,,,,,,,,15.1,45.6,UNSAMPLED,0
7135,293.477358490566,0,,,,,,,,,,,15.1,45.6,UNSAMPLED,0
7136,293.5184905660377,1,14.1,46.5,14.1,465,14.1,46.5,14.1,465,green_difference/PSM7,green_difference/PSM7,14.1,46.5,ACCEPT_PRIMARY,0
7137,293.5596226415094,0,,,,,,,,,,,14.1,46.5,UNSAMPLED,0
7138,293.6007547169811,0,,,,,,,,,,,14.1,46.5,UNSAMPLED,0
7139,293.6418867924528,0,,,,,,,,,,,14.1,46.5,UNSAMPLED,0
7140,293.6830188679245,0,,,,,,,,,,,14.1,46.5,UNSAMPLED,0
7141,293.72415094339624,0,,,,,,,,,,,14.1,46.5,UNSAMPLED,0
7142,293.76528301886793,0,,,,,,,,,,,14.1,46.5,UNSAMPLED,0
7143,293.8064150943396,0,,,,,,,,,,,14.1,46.5,UNSAMPLED,0
7144,293.8475471698113,1,1.1,46.7,1.1,467,15.1,46.7,15.1,46.7,green_channel_otsu/PSM7,green_channel_otsu/PSM7,15.1,46.7,ACCEPT_RETRY,1
7145,293.888679245283,0,,,,,,,,,,,15.1,46.7,UNSAMPLED,0
7146,293.9298113207547,0,,,,,,,,,,,15.1,46.7,UNSAMPLED,0
7147,293.9709433962264,0,,,,,,,,,,,15.1,46.7,UNSAMPLED,0
7148,294.0120754716981,0,,,,,,,,,,,15.1,46.7,UNSAMPLED,0
7149,294.0532075471698,0,,,,,,,,,,,15.1,46.7,UNSAMPLED,0
7150,294.0943396226415,0,,,,,,,,,,,15.1,46.7,UNSAMPLED,0
7151,294.1354716981132,0,,,,,,,,,,,15.1,46.7,UNSAMPLED,0
7152,294.1766037735849,1,18.1,46.4,18.1,464,15.1,46.4,15.1,46.4,green_channel_otsu/PSM7,green_channel_otsu/PSM7,15.1,46.4,ACCEPT_RETRY,1
7153,294.21773584905657,0,,,,,,,,,,,15.1,46.4,UNSAMPLED,0
7154,294.25886792452826,0,,,,,,,,,,,15.1,46.4,UNSAMPLED,0
7155,294.3,0,,,,,,,,,,,15.1,46.4,UNSAMPLED,0
7156,294.3411320754717,0,,,,,,,,,,,15.1,46.4,UNSAMPLED,0
7157,294.3822641509434,0,,,,,,,,,,,15.1,46.4,UNSAMPLED,0
7158,294.4233962264151,0,,,,,,,,,,,15.1,46.4,UNSAMPLED,0
7159,294.4645283018868,0,,,,,,,,,,,15.1,46.4,UNSAMPLED,0
7160,294.5056603773585,1,19.0,46.8,19.00,46.8,15.0,46.8,15.0,46.8,green_channel_otsu/PSM7,green_difference/PSM7,15.0,46.8,ACCEPT_RETRY,1
7161,294.5467924528302,0,,,,,,,,,,,15.0,46.8,UNSAMPLED,0
7162,294.58792452830187,0,,,,,,,,,,,15.0,46.8,UNSAMPLED,0
7163,294.62905660377356,0,,,,,,,,,,,15.0,46.8,UNSAMPLED,0
7164,294.67018867924526,0,,,,,,,,,,,15.0,46.8,UNSAMPLED,0
7165,294.71132075471695,0,,,,,,,,,,,15.0,46.8,UNSAMPLED,0
7166,294.75245283018864,0,,,,,,,,,,,15.0,46.8,UNSAMPLED,0
7167,294.79358490566034,0,,,,,,,,,,,15.0,46.8,UNSAMPLED,0
7168,294.83471698113203,1,159.1,46.5,1591,465,15.1,46.5,15.1,46.5,green_channel_otsu/PSM7,green_channel_otsu/PSM7,15.1,46.5,ACCEPT_RETRY,1
7169,294.8758490566038,0,,,,,,,,,,,15.1,46.5,UNSAMPLED,0
7170,294.9169811320755,0,,,,,,,,,,,15.1,46.5,UNSAMPLED,0
7171,294.95811320754717,0,,,,,,,,,,,15.1,46.5,UNSAMPLED,0
7172,294.99924528301887,0,,,,,,,,,,,15.1,46.5,UNSAMPLED,0
7173,295.04037735849056,0,,,,,,,,,,,15.1,46.5,UNSAMPLED,0
7174,295.08150943396225,0,,,,,,,,,,,15.1,46.5,UNSAMPLED,0
7175,295.12264150943395,0,,,,,,,,,,,15.1,46.5,UNSAMPLED,0
7176,295.16377358490564,1,12.1,46.6,12.10,46.6,15.1,46.6,15.1,46.6,green_channel_otsu/PSM7,green_difference/PSM7,15.1,46.6,ACCEPT_RETRY,1
7177,295.20490566037734,0,,,,,,,,,,,15.1,46.6,UNSAMPLED,0
7178,295.24603773584903,0,,,,,,,,,,,15.1,46.6,UNSAMPLED,0
7179,295.2871698113207,0,,,,,,,,,,,15.1,46.6,UNSAMPLED,0
7180,295.3283018867924,0,,,,,,,,,,,15.1,46.6,UNSAMPLED,0
7181,295.3694339622641,0,,,,,,,,,,,15.1,46.6,UNSAMPLED,0
7182,295.41056603773586,0,,,,,,,,,,,15.1,46.6,UNSAMPLED,0
7183,295.45169811320756,0,,,,,,,,,,,15.1,46.6,UNSAMPLED,0
7184,295.49283018867925,1,4.2,46.3,4.20,46.3,15.2,46.3,15.2,46.3,green_channel_otsu/PSM7,green_difference/PSM7,15.2,46.3,ACCEPT_RETRY,1
7185,295.53396226415094,0,,,,,,,,,,,15.2,46.3,UNSAMPLED,0
7186,295.57509433962264,0,,,,,,,,,,,15.2,46.3,UNSAMPLED,0
7187,295.61622641509433,0,,,,,,,,,,,15.2,46.3,UNSAMPLED,0
7188,295.657358490566,0,,,,,,,,,,,15.2,46.3,UNSAMPLED,0
7189,295.6984905660377,0,,,,,,,,,,,15.2,46.3,UNSAMPLED,0
7190,295.7396226415094,0,,,,,,,,,,,15.2,46.3,UNSAMPLED,0
7191,295.7807547169811,0,,,,,,,,,,,15.2,46.3,UNSAMPLED,0
7192,295.8218867924528,1,4.4,454.0,4.4,4540,15.3,46.4,15.3-,46.4,green_channel_otsu/PSM7,green_channel_otsu/PSM7,15.3,46.4,ACCEPT_RETRY,1
7193,295.8630188679245,0,,,,,,,,,,,15.3,46.4,UNSAMPLED,0
7194,295.9041509433962,0,,,,,,,,,,,15.3,46.4,UNSAMPLED,0
7195,295.9452830188679,0,,,,,,,,,,,15.3,46.4,UNSAMPLED,0
7196,295.98641509433963,0,,,,,,,,,,,15.3,46.4,UNSAMPLED,0
7197,296.0275471698113,0,,,,,,,,,,,15.3,46.4,UNSAMPLED,0
7198,296.068679245283,0,,,,,,,,,,,15.3,46.4,UNSAMPLED,0
7199,296.1098113207547,0,,,,,,,,,,,15.3,46.4,UNSAMPLED,0
7200,296.1509433962264,1,,454.0,-6,4540,15.3,46.4,15.3-,46.4,green_channel_otsu/PSM7,green_channel_otsu/PSM7,15.3,46.4,ACCEPT_RETRY,1
7201,296.1920754716981,0,,,,,,,,,,,15.3,46.4,UNSAMPLED,0
7202,296.2332075471698,0,,,,,,,,,,,15.3,46.4,UNSAMPLED,0
7203,296.2743396226415,0,,,,,,,,,,,15.3,46.4,UNSAMPLED,0
7204,296.3154716981132,0,,,,,,,,,,,15.3,46.4,UNSAMPLED,0
7205,296.3566037735849,0,,,,,,,,,,,15.3,46.4,UNSAMPLED,0
7206,296.3977358490566,0,,,,,,,,,,,15.3,46.4,UNSAMPLED,0
7207,296.43886792452827,0,,,,,,,,,,,15.3,46.4,UNSAMPLED,0
7208,296.47999999999996,1,1.4,46.5,1.4,46.5,15.3,46.5,15.3,46.5,green_channel_otsu/PSM7,green_difference/PSM7,15.3,46.5,ACCEPT_RETRY,1
7209,296.52113207547166,0,,,,,,,,,,,15.3,46.5,UNSAMPLED,0
7210,296.5622641509434,0,,,,,,,,,,,15.3,46.5,UNSAMPLED,0
7211,296.6033962264151,0,,,,,,,,,,,15.3,46.5,UNSAMPLED,0
7212,296.6445283018868,0,,,,,,,,,,,15.3,46.5,UNSAMPLED,0
7213,296.6856603773585,0,,,,,,,,,,,15.3,46.5,UNSAMPLED,0
7214,296.7267924528302,0,,,,,,,,,,,15.3,46.5,UNSAMPLED,0
7215,296.7679245283019,0,,,,,,,,,,,15.3,46.5,UNSAMPLED,0
7216,296.80905660377357,1,,45.5,44,455,15.3,46.5,15.3,46.5,green_channel_otsu/PSM7,green_channel_otsu/PSM7,15.3,46.5,ACCEPT_RETRY,1
7217,296.85018867924526,0,,,,,,,,,,,15.3,46.5,UNSAMPLED,0
7218,296.89132075471696,0,,,,,,,,,,,15.3,46.5,UNSAMPLED,0
7219,296.93245283018865,0,,,,,,,,,,,15.3,46.5,UNSAMPLED,0
7220,296.97358490566035,0,,,,,,,,,,,15.3,46.5,UNSAMPLED,0
7221,297.01471698113204,0,,,,,,,,,,,15.3,46.5,UNSAMPLED,0
7222,297.05584905660373,0,,,,,,,,,,,15.3,46.5,UNSAMPLED,0
7223,297.0969811320755,0,,,,,,,,,,,15.3,46.5,UNSAMPLED,0
7224,297.1381132075472,1,15.3,46.3,153,46.3,15.3,46.3,153,46.3,green_difference/PSM7,green_difference/PSM7,15.3,46.3,ACCEPT_PRIMARY,0
7225,297.1792452830189,0,,,,,,,,,,,15.3,46.3,UNSAMPLED,0
7226,297.22037735849057,0,,,,,,,,,,,15.3,46.3,UNSAMPLED,0
7227,297.26150943396226,0,,,,,,,,,,,15.3,46.3,UNSAMPLED,0
7228,297.30264150943395,0,,,,,,,,,,,15.3,46.3,UNSAMPLED,0
7229,297.34377358490565,0,,,,,,,,,,,15.3,46.3,UNSAMPLED,0
7230,297.38490566037734,0,,,,,,,,,,,15.3,46.3,UNSAMPLED,0
7231,297.42603773584904,0,,,,,,,,,,,15.3,46.3,UNSAMPLED,0
7232,297.46716981132073,1,152.9,46.3,1529,463,15.3,46.3,15.3,46.30,green_channel_otsu/PSM7,hsv_green/PSM7,15.3,46.3,ACCEPT_RETRY,1
7233,297.5083018867924,0,,,,,,,,,,,15.3,46.3,UNSAMPLED,0
7234,297.5494339622641,0,,,,,,,,,,,15.3,46.3,UNSAMPLED,0
7235,297.5905660377358,0,,,,,,,,,,,15.3,46.3,UNSAMPLED,0
7236,297.6316981132075,0,,,,,,,,,,,15.3,46.3,UNSAMPLED,0
7237,297.67283018867926,0,,,,,,,,,,,15.3,46.3,UNSAMPLED,0
7238,297.71396226415095,0,,,,,,,,,,,15.3,46.3,UNSAMPLED,0
7239,297.75509433962264,0,,,,,,,,,,,15.3,46.3,UNSAMPLED,0
7240,297.79622641509434,1,15.3,46.3,15.3,463,15.3,46.3,15.3,463,green_difference/PSM7,green_difference/PSM7,15.3,46.3,ACCEPT_PRIMARY,0
7241,297.83735849056603,0,,,,,,,,,,,15.3,46.3,UNSAMPLED,0
7242,297.8784905660377,0,,,,,,,,,,,15.3,46.3,UNSAMPLED,0
7243,297.9196226415094,0,,,,,,,,,,,15.3,46.3,UNSAMPLED,0
7244,297.9607547169811,0,,,,,,,,,,,15.3,46.3,UNSAMPLED,0
7245,298.0018867924528,0,,,,,,,,,,,15.3,46.3,UNSAMPLED,0
7246,298.0430188679245,0,,,,,,,,,,,15.3,46.3,UNSAMPLED,0
7247,298.0841509433962,0,,,,,,,,,,,15.3,46.3,UNSAMPLED,0
7248,298.1252830188679,1,15.2,46.5,152.,46.5,15.2,46.5,152.,46.5,green_difference/PSM7,green_difference/PSM7,15.2,46.5,ACCEPT_PRIMARY,0
7249,298.1664150943396,0,,,,,,,,,,,15.2,46.5,UNSAMPLED,0
7250,298.2075471698113,0,,,,,,,,,,,15.2,46.5,UNSAMPLED,0
7251,298.24867924528303,0,,,,,,,,,,,15.2,46.5,UNSAMPLED,0
7252,298.2898113207547,0,,,,,,,,,,,15.2,46.5,UNSAMPLED,0
7253,298.3309433962264,0,,,,,,,,,,,15.2,46.5,UNSAMPLED,0
7254,298.3720754716981,0,,,,,,,,,,,15.2,46.5,UNSAMPLED,0
7255,298.4132075471698,0,,,,,,,,,,,15.2,46.5,UNSAMPLED,0
7256,298.4543396226415,1,15.2,46.5,152.,46.5,15.2,46.5,152.,46.5,green_difference/PSM7,green_difference/PSM7,15.2,46.5,ACCEPT_PRIMARY,0
7257,298.4954716981132,0,,,,,,,,,,,15.2,46.5,UNSAMPLED,0
7258,298.5366037735849,0,,,,,,,,,,,15.2,46.5,UNSAMPLED,0
7259,298.5777358490566,0,,,,,,,,,,,15.2,46.5,UNSAMPLED,0
7260,298.6188679245283,0,,,,,,,,,,,15.2,46.5,UNSAMPLED,0
7261,298.65999999999997,0,,,,,,,,,,,15.2,46.5,UNSAMPLED,0
7262,298.70113207547166,0,,,,,,,,,,,15.2,46.5,UNSAMPLED,0
7263,298.74226415094336,0,,,,,,,,,,,15.2,46.5,UNSAMPLED,0
7264,298.7833962264151,1,15.2,465.7,152.,4657,15.2,46.7,152.,46.7,green_difference/PSM7,green_channel_otsu/PSM7,15.2,46.7,ACCEPT_RETRY,1
7265,298.8245283018868,0,,,,,,,,,,,15.2,46.7,UNSAMPLED,0
7266,298.8656603773585,0,,,,,,,,,,,15.2,46.7,UNSAMPLED,0
7267,298.9067924528302,0,,,,,,,,,,,15.2,46.7,UNSAMPLED,0
7268,298.9479245283019,0,,,,,,,,,,,15.2,46.7,UNSAMPLED,0
7269,298.9890566037736,0,,,,,,,,,,,15.2,46.7,UNSAMPLED,0
7270,299.03018867924527,0,,,,,,,,,,,15.2,46.7,UNSAMPLED,0
7271,299.07132075471696,0,,,,,,,,,,,15.2,46.7,UNSAMPLED,0
7272,299.11245283018866,1,15.46,46.7,15.46,46.7,15.46,46.7,15.46,46.7,green_difference/PSM7,green_difference/PSM7,15.46,46.7,ACCEPT_PRIMARY,0
7273,299.15358490566035,0,,,,,,,,,,,15.46,46.7,UNSAMPLED,0
7274,299.19471698113205,0,,,,,,,,,,,15.46,46.7,UNSAMPLED,0
7275,299.23584905660374,0,,,,,,,,,,,15.46,46.7,UNSAMPLED,0
7276,299.27698113207543,0,,,,,,,,,,,15.46,46.7,UNSAMPLED,0
7277,299.3181132075471,0,,,,,,,,,,,15.46,46.7,UNSAMPLED,0
7278,299.3592452830189,0,,,,,,,,,,,15.46,46.7,UNSAMPLED,0
7279,299.4003773584906,0,,,,,,,,,,,15.46,46.7,UNSAMPLED,0
7280,299.44150943396227,1,15.8,46.8,15.8,46.8,15.8,46.8,15.8,46.8,green_difference/PSM7,green_difference/PSM7,15.8,46.8,ACCEPT_PRIMARY,0
7281,299.48264150943396,0,,,,,,,,,,,15.8,46.8,UNSAMPLED,0
7282,299.52377358490565,0,,,,,,,,,,,15.8,46.8,UNSAMPLED,0
7283,299.56490566037735,0,,,,,,,,,,,15.8,46.8,UNSAMPLED,0
7284,299.60603773584904,0,,,,,,,,,,,15.8,46.8,UNSAMPLED,0
7285,299.64716981132074,0,,,,,,,,,,,15.8,46.8,UNSAMPLED,0
7286,299.68830188679243,0,,,,,,,,,,,15.8,46.8,UNSAMPLED,0
7287,299.7294339622641,0,,,,,,,,,,,15.8,46.8,UNSAMPLED,0
7288,299.7705660377358,1,15.3,46.8,15.3,46.8,15.3,46.8,15.3,46.8,green_difference/PSM7,green_difference/PSM7,15.3,46.8,ACCEPT_PRIMARY,0
7289,299.8116981132075,0,,,,,,,,,,,15.3,46.8,UNSAMPLED,0
7290,299.8528301886792,0,,,,,,,,,,,15.3,46.8,UNSAMPLED,0
7291,299.8939622641509,0,,,,,,,,,,,15.3,46.8,UNSAMPLED,0
7292,299.93509433962265,0,,,,,,,,,,,15.3,46.8,UNSAMPLED,0
7293,299.97622641509435,0,,,,,,,,,,,15.3,46.8,UNSAMPLED,0
7294,300.01735849056604,0,,,,,,,,,,,15.3,46.8,UNSAMPLED,0
7295,300.05849056603773,0,,,,,,,,,,,15.3,46.8,UNSAMPLED,0
7296,300.0996226415094,1,15.2,46.7,15.20,467,15.2,46.7,15.20,467,green_difference/PSM7,green_difference/PSM7,15.2,46.7,ACCEPT_PRIMARY,0
7297,300.1407547169811,0,,,,,,,,,,,15.2,46.7,UNSAMPLED,0
7298,300.1818867924528,0,,,,,,,,,,,15.2,46.7,UNSAMPLED,0
7299,300.2230188679245,0,,,,,,,,,,,15.2,46.7,UNSAMPLED,0
7300,300.2641509433962,0,,,,,,,,,,,15.2,46.7,UNSAMPLED,0
7301,300.3052830188679,0,,,,,,,,,,,15.2,46.7,UNSAMPLED,0
7302,300.3464150943396,0,,,,,,,,,,,15.2,46.7,UNSAMPLED,0
7303,300.3875471698113,0,,,,,,,,,,,15.2,46.7,UNSAMPLED,0
7304,300.428679245283,1,15.2,46.7,15.20,467,15.2,46.7,15.20,467,green_difference/PSM7,green_difference/PSM7,15.2,46.7,ACCEPT_PRIMARY,0
7305,300.46981132075473,0,,,,,,,,,,,15.2,46.7,UNSAMPLED,0
7306,300.5109433962264,0,,,,,,,,,,,15.2,46.7,UNSAMPLED,0
7307,300.5520754716981,0,,,,,,,,,,,15.2,46.7,UNSAMPLED,0
7308,300.5932075471698,0,,,,,,,,,,,15.2,46.7,UNSAMPLED,0
7309,300.6343396226415,0,,,,,,,,,,,15.2,46.7,UNSAMPLED,0
7310,300.6754716981132,0,,,,,,,,,,,15.2,46.7,UNSAMPLED,0
7311,300.7166037735849,0,,,,,,,,,,,15.2,46.7,UNSAMPLED,0
7312,300.7577358490566,1,153.9,465.7,1539,4657,15.1,46.7,15.1,46.7,green_channel_otsu/PSM7,green_channel_otsu/PSM7,15.1,46.7,ACCEPT_RETRY,1
7313,300.7988679245283,0,,,,,,,,,,,15.1,46.7,UNSAMPLED,0
7314,300.84,0,,,,,,,,,,,15.1,46.7,UNSAMPLED,0
7315,300.88113207547167,0,,,,,,,,,,,15.1,46.7,UNSAMPLED,0
7316,300.92226415094336,0,,,,,,,,,,,15.1,46.7,UNSAMPLED,0
7317,300.96339622641506,0,,,,,,,,,,,15.1,46.7,UNSAMPLED,0
7318,301.00452830188675,0,,,,,,,,,,,15.1,46.7,UNSAMPLED,0
7319,301.0456603773585,0,,,,,,,,,,,15.1,46.7,UNSAMPLED,0
7320,301.0867924528302,1,11.2,46.5,112,465,15.1,46.5,15.1,46.5,green_channel_otsu/PSM7,green_channel_otsu/PSM7,15.1,46.5,ACCEPT_RETRY,1
7321,301.1279245283019,0,,,,,,,,,,,15.1,46.5,UNSAMPLED,0
7322,301.1690566037736,0,,,,,,,,,,,15.1,46.5,UNSAMPLED,0
7323,301.2101886792453,0,,,,,,,,,,,15.1,46.5,UNSAMPLED,0
7324,301.25132075471697,0,,,,,,,,,,,15.1,46.5,UNSAMPLED,0
7325,301.29245283018867,0,,,,,,,,,,,15.1,46.5,UNSAMPLED,0
7326,301.33358490566036,0,,,,,,,,,,,15.1,46.5,UNSAMPLED,0
7327,301.37471698113205,0,,,,,,,,,,,15.1,46.5,UNSAMPLED,0
7328,301.41584905660375,1,,46.8,1,46.8,15.1,46.8,15.1,46.8,green_channel_otsu/PSM7,green_difference/PSM7,15.1,46.8,ACCEPT_RETRY,1
7329,301.45698113207544,0,,,,,,,,,,,15.1,46.8,UNSAMPLED,0
7330,301.49811320754714,0,,,,,,,,,,,15.1,46.8,UNSAMPLED,0
7331,301.53924528301883,0,,,,,,,,,,,15.1,46.8,UNSAMPLED,0
7332,301.5803773584905,0,,,,,,,,,,,15.1,46.8,UNSAMPLED,0
7333,301.6215094339623,0,,,,,,,,,,,15.1,46.8,UNSAMPLED,0
7334,301.66264150943397,0,,,,,,,,,,,15.1,46.8,UNSAMPLED,0
7335,301.70377358490566,0,,,,,,,,,,,15.1,46.8,UNSAMPLED,0
7336,301.74490566037736,1,15.1,46.6,151,46.6,15.1,46.6,151,46.6,green_difference/PSM7,green_difference/PSM7,15.1,46.6,ACCEPT_PRIMARY,0
7337,301.78603773584905,0,,,,,,,,,,,15.1,46.6,UNSAMPLED,0
7338,301.82716981132074,0,,,,,,,,,,,15.1,46.6,UNSAMPLED,0
7339,301.86830188679244,0,,,,,,,,,,,15.1,46.6,UNSAMPLED,0
7340,301.90943396226413,0,,,,,,,,,,,15.1,46.6,UNSAMPLED,0
7341,301.9505660377358,0,,,,,,,,,,,15.1,46.6,UNSAMPLED,0
7342,301.9916981132075,0,,,,,,,,,,,15.1,46.6,UNSAMPLED,0
7343,302.0328301886792,0,,,,,,,,,,,15.1,46.6,UNSAMPLED,0
7344,302.0739622641509,1,,45.6,1,45.6,15.1,46.8,15.1,468,green_channel_otsu/PSM7,green_difference/PSM8,15.1,46.8,ACCEPT_RETRY,1
7345,302.1150943396226,0,,,,,,,,,,,15.1,46.8,UNSAMPLED,0
7346,302.15622641509435,0,,,,,,,,,,,15.1,46.8,UNSAMPLED,0
7347,302.19735849056605,0,,,,,,,,,,,15.1,46.8,UNSAMPLED,0
7348,302.23849056603774,0,,,,,,,,,,,15.1,46.8,UNSAMPLED,0
7349,302.27962264150943,0,,,,,,,,,,,15.1,46.8,UNSAMPLED,0
7350,302.3207547169811,0,,,,,,,,,,,15.1,46.8,UNSAMPLED,0
7351,302.3618867924528,0,,,,,,,,,,,15.1,46.8,UNSAMPLED,0
7352,302.4030188679245,1,,465.9,,4659,15.1,46.9,15.1,46.9,green_channel_otsu/PSM7,green_channel_otsu/PSM7,15.1,46.9,ACCEPT_RETRY,1
7353,302.4441509433962,0,,,,,,,,,,,15.1,46.9,UNSAMPLED,0
7354,302.4852830188679,0,,,,,,,,,,,15.1,46.9,UNSAMPLED,0
7355,302.5264150943396,0,,,,,,,,,,,15.1,46.9,UNSAMPLED,0
7356,302.5675471698113,0,,,,,,,,,,,15.1,46.9,UNSAMPLED,0
7357,302.608679245283,0,,,,,,,,,,,15.1,46.9,UNSAMPLED,0
7358,302.6498113207547,0,,,,,,,,,,,15.1,46.9,UNSAMPLED,0
7359,302.6909433962264,0,,,,,,,,,,,15.1,46.9,UNSAMPLED,0
7360,302.7320754716981,1,,456.4,2,4564,15.2,46.4,15.2,46.4,green_channel_otsu/PSM7,green_channel_otsu/PSM7,15.2,46.4,ACCEPT_RETRY,1
7361,302.7732075471698,0,,,,,,,,,,,15.2,46.4,UNSAMPLED,0
7362,302.8143396226415,0,,,,,,,,,,,15.2,46.4,UNSAMPLED,0
7363,302.8554716981132,0,,,,,,,,,,,15.2,46.4,UNSAMPLED,0
7364,302.8966037735849,0,,,,,,,,,,,15.2,46.4,UNSAMPLED,0
7365,302.9377358490566,0,,,,,,,,,,,15.2,46.4,UNSAMPLED,0
7366,302.9788679245283,0,,,,,,,,,,,15.2,46.4,UNSAMPLED,0
7367,303.02,0,,,,,,,,,,,15.2,46.4,UNSAMPLED,0
7368,303.0611320754717,1,15.4,46.4,15.4,464,15.4,46.4,15.4,464,green_difference/PSM7,green_difference/PSM7,15.4,46.4,ACCEPT_PRIMARY,0
7369,303.10226415094337,0,,,,,,,,,,,15.4,46.4,UNSAMPLED,0
7370,303.14339622641506,0,,,,,,,,,,,15.4,46.4,UNSAMPLED,0
7371,303.18452830188676,0,,,,,,,,,,,15.4,46.4,UNSAMPLED,0
7372,303.22566037735845,0,,,,,,,,,,,15.4,46.4,UNSAMPLED,0
7373,303.26679245283015,0,,,,,,,,,,,15.4,46.4,UNSAMPLED,0
7374,303.3079245283019,0,,,,,,,,,,,15.4,46.4,UNSAMPLED,0
7375,303.3490566037736,0,,,,,,,,,,,15.4,46.4,UNSAMPLED,0
7376,303.3901886792453,1,18.7,45.3,187,453,15.1,46.3,15.1,46.3,green_channel_otsu/PSM7,green_channel_otsu/PSM7,15.1,46.3,ACCEPT_RETRY,1
7377,303.431320754717,0,,,,,,,,,,,15.1,46.3,UNSAMPLED,0
7378,303.4724528301887,0,,,,,,,,,,,15.1,46.3,UNSAMPLED,0
7379,303.51358490566037,0,,,,,,,,,,,15.1,46.3,UNSAMPLED,0
7380,303.55471698113206,0,,,,,,,,,,,15.1,46.3,UNSAMPLED,0
7381,303.59584905660375,0,,,,,,,,,,,15.1,46.3,UNSAMPLED,0
7382,303.63698113207545,0,,,,,,,,,,,15.1,46.3,UNSAMPLED,0
7383,303.67811320754714,0,,,,,,,,,,,15.1,46.3,UNSAMPLED,0
7384,303.71924528301884,1,,46.3,18-1,463,15.1,46.3,15.1,46.3,green_channel_otsu/PSM7,green_channel_otsu/PSM7,15.1,46.3,ACCEPT_RETRY,1
7385,303.76037735849053,0,,,,,,,,,,,15.1,46.3,UNSAMPLED,0
7386,303.8015094339622,0,,,,,,,,,,,15.1,46.3,UNSAMPLED,0
7387,303.842641509434,0,,,,,,,,,,,15.1,46.3,UNSAMPLED,0
7388,303.88377358490567,0,,,,,,,,,,,15.1,46.3,UNSAMPLED,0
7389,303.92490566037736,0,,,,,,,,,,,15.1,46.3,UNSAMPLED,0
7390,303.96603773584906,0,,,,,,,,,,,15.1,46.3,UNSAMPLED,0
7391,304.00716981132075,0,,,,,,,,,,,15.1,46.3,UNSAMPLED,0
7392,304.04830188679244,1,,463.9,18-1,4639,15.1,46.9,15.1,46.9,green_channel_otsu/PSM7,hsv_green/PSM7,15.1,46.9,ACCEPT_RETRY,1
7393,304.08943396226414,0,,,,,,,,,,,15.1,46.9,UNSAMPLED,0
7394,304.13056603773583,0,,,,,,,,,,,15.1,46.9,UNSAMPLED,0
7395,304.1716981132075,0,,,,,,,,,,,15.1,46.9,UNSAMPLED,0
7396,304.2128301886792,0,,,,,,,,,,,15.1,46.9,UNSAMPLED,0
7397,304.2539622641509,0,,,,,,,,,,,15.1,46.9,UNSAMPLED,0
7398,304.2950943396226,0,,,,,,,,,,,15.1,46.9,UNSAMPLED,0
7399,304.3362264150943,0,,,,,,,,,,,15.1,46.9,UNSAMPLED,0
7400,304.377358490566,1,18.4,46.3,184,463,15.0,46.3,15.0,46.3,green_channel_otsu/PSM7,green_channel_otsu/PSM7,15.0,46.3,ACCEPT_RETRY,1
7401,304.41849056603775,0,,,,,,,,,,,15.0,46.3,UNSAMPLED,0
7402,304.45962264150944,0,,,,,,,,,,,15.0,46.3,UNSAMPLED,0
7403,304.50075471698113,0,,,,,,,,,,,15.0,46.3,UNSAMPLED,0
7404,304.54188679245283,0,,,,,,,,,,,15.0,46.3,UNSAMPLED,0
7405,304.5830188679245,0,,,,,,,,,,,15.0,46.3,UNSAMPLED,0
7406,304.6241509433962,0,,,,,,,,,,,15.0,46.3,UNSAMPLED,0
7407,304.6652830188679,0,,,,,,,,,,,15.0,46.3,UNSAMPLED,0
7408,304.7064150943396,1,12.1,46.2,121,46.2,15.1,46.2,15.1,46.20,gray_otsu/PSM7,hsv_green/PSM7,15.1,46.2,ACCEPT_RETRY,1
7409,304.7475471698113,0,,,,,,,,,,,15.1,46.2,UNSAMPLED,0
7410,304.788679245283,0,,,,,,,,,,,15.1,46.2,UNSAMPLED,0
7411,304.8298113207547,0,,,,,,,,,,,15.1,46.2,UNSAMPLED,0
7412,304.8709433962264,0,,,,,,,,,,,15.1,46.2,UNSAMPLED,0
7413,304.9120754716981,0,,,,,,,,,,,15.1,46.2,UNSAMPLED,0
7414,304.95320754716977,0,,,,,,,,,,,15.1,46.2,UNSAMPLED,0
7415,304.9943396226415,0,,,,,,,,,,,15.1,46.2,UNSAMPLED,0
7416,305.0354716981132,1,12.1,45.7,121,457,15.1,46.7,15.1,46.7,gray_otsu/PSM7,green_channel_otsu/PSM7,15.1,46.7,ACCEPT_RETRY,1
7417,305.0766037735849,0,,,,,,,,,,,15.1,46.7,UNSAMPLED,0
7418,305.1177358490566,0,,,,,,,,,,,15.1,46.7,UNSAMPLED,0
7419,305.1588679245283,1,12.1,46.4,121,464,15.1,46.4,15.1,46.4,gray_otsu/PSM7,green_channel_otsu/PSM7,15.1,46.4,ACCEPT_RETRY,1
